sender,receiver,ligand,receptor,score,sender_ligand_expression,receiver_receptor_expression,receiver_target_program_score,lr_weight,n_targets_available,target_genes,notes
Tumor/Malignant,Myeloid,MIF,CD74,466.1601029453168,7.95241416070008,10.869072857142855,7.704519719887954,0.7,2,CD74;TNF,"score=sender_ligand_expression*receiver_receptor_expression*receiver_target_program_score*lr_weight; curated prior baseline, not nichenetr package output"
Tumor/Malignant,B/Plasma,MIF,CD74,444.9944317816758,7.95241416070008,10.819937890625,7.388100234375,0.7,2,CD74;TNF,"score=sender_ligand_expression*receiver_receptor_expression*receiver_target_program_score*lr_weight; curated prior baseline, not nichenetr package output"
Endothelial,Myeloid,MIF,CD74,338.7121236667052,5.778227419354838,10.869072857142855,7.704519719887954,0.7,2,CD74;TNF,"score=sender_ligand_expression*receiver_receptor_expression*receiver_target_program_score*lr_weight; curated prior baseline, not nichenetr package output"
Endothelial,B/Plasma,MIF,CD74,323.33313824222984,5.778227419354838,10.819937890625,7.388100234375,0.7,2,CD74;TNF,"score=sender_ligand_expression*receiver_receptor_expression*receiver_target_program_score*lr_weight; curated prior baseline, not nichenetr package output"
Unknown,Myeloid,MIF,CD74,315.28145807525124,5.378514197080292,10.869072857142855,7.704519719887954,0.7,2,CD74;TNF,"score=sender_ligand_expression*receiver_receptor_expression*receiver_target_program_score*lr_weight; curated prior baseline, not nichenetr package output"
Myeloid,B/Plasma,MIF,CD74,307.8905810712872,5.502256302521008,10.819937890625,7.388100234375,0.7,2,CD74;TNF,"score=sender_ligand_expression*receiver_receptor_expression*receiver_target_program_score*lr_weight; curated prior baseline, not nichenetr package output"
CAF/Fibroblast,Myeloid,MIF,CD74,304.6180954451052,5.196603571428571,10.869072857142855,7.704519719887954,0.7,2,CD74;TNF,"score=sender_ligand_expression*receiver_receptor_expression*receiver_target_program_score*lr_weight; curated prior baseline, not nichenetr package output"
Unknown,B/Plasma,MIF,CD74,300.9663255200381,5.378514197080292,10.819937890625,7.388100234375,0.7,2,CD74;TNF,"score=sender_ligand_expression*receiver_receptor_expression*receiver_target_program_score*lr_weight; curated prior baseline, not nichenetr package output"
CAF/Fibroblast,B/Plasma,MIF,CD74,290.78712536004406,5.196603571428571,10.819937890625,7.388100234375,0.7,2,CD74;TNF,"score=sender_ligand_expression*receiver_receptor_expression*receiver_target_program_score*lr_weight; curated prior baseline, not nichenetr package output"
T/NK,Myeloid,MIF,CD74,247.51383993933115,4.222438928742228,10.869072857142855,7.704519719887954,0.7,2,CD74;TNF,"score=sender_ligand_expression*receiver_receptor_expression*receiver_target_program_score*lr_weight; curated prior baseline, not nichenetr package output"
T/NK,B/Plasma,MIF,CD74,236.2756483577138,4.222438928742228,10.819937890625,7.388100234375,0.7,2,CD74;TNF,"score=sender_ligand_expression*receiver_receptor_expression*receiver_target_program_score*lr_weight; curated prior baseline, not nichenetr package output"
B/Plasma,Myeloid,MIF,CD74,229.7662172515307,3.9196750390625,10.869072857142855,7.704519719887954,0.7,2,CD74;TNF,"score=sender_ligand_expression*receiver_receptor_expression*receiver_target_program_score*lr_weight; curated prior baseline, not nichenetr package output"
CAF/Fibroblast,B/Plasma,CXCL12,CXCR4,189.26679480014727,5.452458214285714,7.74676640625,4.97873615234375,0.9,3,CXCR4;CCL5;CCL2,"score=sender_ligand_expression*receiver_receptor_expression*receiver_target_program_score*lr_weight; curated prior baseline, not nichenetr package output"
Tumor/Malignant,Endothelial,MIF,CD74,181.67504657695798,7.95241416070008,6.996724193548387,4.664482795698924,0.7,2,CD74;TNF,"score=sender_ligand_expression*receiver_receptor_expression*receiver_target_program_score*lr_weight; curated prior baseline, not nichenetr package output"
CAF/Fibroblast,T/NK,CXCL12,CXCR4,165.35934310686164,5.452458214285714,6.6376330320420855,5.0766899988044,0.9,3,CXCR4;CCL5;CCL2,"score=sender_ligand_expression*receiver_receptor_expression*receiver_target_program_score*lr_weight; curated prior baseline, not nichenetr package output"
Tumor/Malignant,T/NK,MIF,CD74,157.6362832593548,7.95241416070008,6.399235356288857,4.4251813486370155,0.7,2,CD74;TNF,"score=sender_ligand_expression*receiver_receptor_expression*receiver_target_program_score*lr_weight; curated prior baseline, not nichenetr package output"
Tumor/Malignant,Unknown,MIF,CD74,151.9579671136813,7.95241416070008,6.2993843613138685,4.333395590024331,0.7,2,CD74;TNF,"score=sender_ligand_expression*receiver_receptor_expression*receiver_target_program_score*lr_weight; curated prior baseline, not nichenetr package output"
Myeloid,Endothelial,MIF,CD74,125.70052940387406,5.502256302521008,6.996724193548387,4.664482795698924,0.7,2,CD74;TNF,"score=sender_ligand_expression*receiver_receptor_expression*receiver_target_program_score*lr_weight; curated prior baseline, not nichenetr package output"
Unknown,Endothelial,MIF,CD74,122.87360762701654,5.378514197080292,6.996724193548387,4.664482795698924,0.7,2,CD74;TNF,"score=sender_ligand_expression*receiver_receptor_expression*receiver_target_program_score*lr_weight; curated prior baseline, not nichenetr package output"
CAF/Fibroblast,Endothelial,MIF,CD74,118.71781031562368,5.196603571428571,6.996724193548387,4.664482795698924,0.7,2,CD74;TNF,"score=sender_ligand_expression*receiver_receptor_expression*receiver_target_program_score*lr_weight; curated prior baseline, not nichenetr package output"
Endothelial,T/NK,MIF,CD74,114.53858863585693,5.778227419354838,6.399235356288857,4.4251813486370155,0.7,2,CD74;TNF,"score=sender_ligand_expression*receiver_receptor_expression*receiver_target_program_score*lr_weight; curated prior baseline, not nichenetr package output"
Endothelial,Unknown,MIF,CD74,110.41272177509379,5.778227419354838,6.2993843613138685,4.333395590024331,0.7,2,CD74;TNF,"score=sender_ligand_expression*receiver_receptor_expression*receiver_target_program_score*lr_weight; curated prior baseline, not nichenetr package output"
Myeloid,T/NK,MIF,CD74,109.06816666517976,5.502256302521008,6.399235356288857,4.4251813486370155,0.7,2,CD74;TNF,"score=sender_ligand_expression*receiver_receptor_expression*receiver_target_program_score*lr_weight; curated prior baseline, not nichenetr package output"
Unknown,T/NK,MIF,CD74,106.61529572684768,5.378514197080292,6.399235356288857,4.4251813486370155,0.7,2,CD74;TNF,"score=sender_ligand_expression*receiver_receptor_expression*receiver_target_program_score*lr_weight; curated prior baseline, not nichenetr package output"
Myeloid,Unknown,MIF,CD74,105.13935333014989,5.502256302521008,6.2993843613138685,4.333395590024331,0.7,2,CD74;TNF,"score=sender_ligand_expression*receiver_receptor_expression*receiver_target_program_score*lr_weight; curated prior baseline, not nichenetr package output"
CAF/Fibroblast,T/NK,MIF,CD74,103.00938256215949,5.196603571428571,6.399235356288857,4.4251813486370155,0.7,2,CD74;TNF,"score=sender_ligand_expression*receiver_receptor_expression*receiver_target_program_score*lr_weight; curated prior baseline, not nichenetr package output"
CAF/Fibroblast,Unknown,MIF,CD74,99.29881651692853,5.196603571428571,6.2993843613138685,4.333395590024331,0.7,2,CD74;TNF,"score=sender_ligand_expression*receiver_receptor_expression*receiver_target_program_score*lr_weight; curated prior baseline, not nichenetr package output"
T/NK,Endothelial,MIF,CD74,96.46275628331627,4.222438928742228,6.996724193548387,4.664482795698924,0.7,2,CD74;TNF,"score=sender_ligand_expression*receiver_receptor_expression*receiver_target_program_score*lr_weight; curated prior baseline, not nichenetr package output"
CAF/Fibroblast,Unknown,CXCL12,CXCR4,89.57997836841696,5.452458214285714,4.880187572992701,3.740585474908759,0.9,3,CXCR4;CCL5;CCL2,"score=sender_ligand_expression*receiver_receptor_expression*receiver_target_program_score*lr_weight; curated prior baseline, not nichenetr package output"
B/Plasma,Endothelial,MIF,CD74,89.54603355637227,3.9196750390625,6.996724193548387,4.664482795698924,0.7,2,CD74;TNF,"score=sender_ligand_expression*receiver_receptor_expression*receiver_target_program_score*lr_weight; curated prior baseline, not nichenetr package output"
CAF/Fibroblast,Myeloid,CXCL12,CXCR4,81.9413886025617,5.452458214285714,4.715860672268907,3.5408497478991596,0.9,3,CXCR4;CCL5;CCL2,"score=sender_ligand_expression*receiver_receptor_expression*receiver_target_program_score*lr_weight; curated prior baseline, not nichenetr package output"
T/NK,Unknown,MIF,CD74,80.68408195390741,4.222438928742228,6.2993843613138685,4.333395590024331,0.7,2,CD74;TNF,"score=sender_ligand_expression*receiver_receptor_expression*receiver_target_program_score*lr_weight; curated prior baseline, not nichenetr package output"
B/Plasma,T/NK,MIF,CD74,77.69753841491128,3.9196750390625,6.399235356288857,4.4251813486370155,0.7,2,CD74;TNF,"score=sender_ligand_expression*receiver_receptor_expression*receiver_target_program_score*lr_weight; curated prior baseline, not nichenetr package output"
B/Plasma,Unknown,MIF,CD74,74.89874629841232,3.9196750390625,6.2993843613138685,4.333395590024331,0.7,2,CD74;TNF,"score=sender_ligand_expression*receiver_receptor_expression*receiver_target_program_score*lr_weight; curated prior baseline, not nichenetr package output"
Myeloid,CAF/Fibroblast,SPP1,CD44,57.80574042870421,4.162664369747899,3.8465282142857142,5.1574213095238095,0.7,3,CD44;MMP2;COL1A1,"score=sender_ligand_expression*receiver_receptor_expression*receiver_target_program_score*lr_weight; curated prior baseline, not nichenetr package output"
Myeloid,B/Plasma,CXCL12,CXCR4,51.726065817766326,1.4901410084033613,7.74676640625,4.97873615234375,0.9,3,CXCR4;CCL5;CCL2,"score=sender_ligand_expression*receiver_receptor_expression*receiver_target_program_score*lr_weight; curated prior baseline, not nichenetr package output"
Myeloid,T/NK,CXCL12,CXCR4,45.19222864295833,1.4901410084033613,6.6376330320420855,5.0766899988044,0.9,3,CXCR4;CCL5;CCL2,"score=sender_ligand_expression*receiver_receptor_expression*receiver_target_program_score*lr_weight; curated prior baseline, not nichenetr package output"
Tumor/Malignant,CAF/Fibroblast,SPP1,CD44,44.61150690013813,3.2125309506762134,3.8465282142857142,5.1574213095238095,0.7,3,CD44;MMP2;COL1A1,"score=sender_ligand_expression*receiver_receptor_expression*receiver_target_program_score*lr_weight; curated prior baseline, not nichenetr package output"
Endothelial,B/Plasma,CXCL12,CXCR4,37.893288142425135,1.091641935483871,7.74676640625,4.97873615234375,0.9,3,CXCR4;CCL5;CCL2,"score=sender_ligand_expression*receiver_receptor_expression*receiver_target_program_score*lr_weight; curated prior baseline, not nichenetr package output"
Myeloid,Tumor/Malignant,SPP1,CD44,33.34420747382271,4.162664369747899,4.801065915672235,2.383489786320415,0.7,3,CD44;MMP2;COL1A1,"score=sender_ligand_expression*receiver_receptor_expression*receiver_target_program_score*lr_weight; curated prior baseline, not nichenetr package output"
Endothelial,T/NK,CXCL12,CXCR4,33.10675410341749,1.091641935483871,6.6376330320420855,5.0766899988044,0.9,3,CXCR4;CCL5;CCL2,"score=sender_ligand_expression*receiver_receptor_expression*receiver_target_program_score*lr_weight; curated prior baseline, not nichenetr package output"
Tumor/Malignant,CAF/Fibroblast,MIF,CD74,27.846034824966125,7.95241416070008,2.728575,1.833286904761905,0.7,2,CD74;TNF,"score=sender_ligand_expression*receiver_receptor_expression*receiver_target_program_score*lr_weight; curated prior baseline, not nichenetr package output"
Myeloid,Unknown,CXCL12,CXCR4,24.481948151188398,1.4901410084033613,4.880187572992701,3.740585474908759,0.9,3,CXCR4;CCL5;CCL2,"score=sender_ligand_expression*receiver_receptor_expression*receiver_target_program_score*lr_weight; curated prior baseline, not nichenetr package output"
CAF/Fibroblast,Myeloid,CSF1,CSF1R,22.563846864548744,1.5998285714285714,4.845564705882353,3.6383570028011203,0.8,2,CSF1R;CCR2,"score=sender_ligand_expression*receiver_receptor_expression*receiver_target_program_score*lr_weight; curated prior baseline, not nichenetr package output"
Endothelial,CAF/Fibroblast,MIF,CD74,20.232940424692906,5.778227419354838,2.728575,1.833286904761905,0.7,2,CD74;TNF,"score=sender_ligand_expression*receiver_receptor_expression*receiver_target_program_score*lr_weight; curated prior baseline, not nichenetr package output"
Myeloid,CAF/Fibroblast,MIF,CD74,19.266604771801923,5.502256302521008,2.728575,1.833286904761905,0.7,2,CD74;TNF,"score=sender_ligand_expression*receiver_receptor_expression*receiver_target_program_score*lr_weight; curated prior baseline, not nichenetr package output"
Myeloid,T/NK,SPP1,CD44,18.862221364396603,4.162664369747899,3.676164682926829,1.760874657785065,0.7,3,CD44;MMP2;COL1A1,"score=sender_ligand_expression*receiver_receptor_expression*receiver_target_program_score*lr_weight; curated prior baseline, not nichenetr package output"
Unknown,CAF/Fibroblast,MIF,CD74,18.833311572053198,5.378514197080292,2.728575,1.833286904761905,0.7,2,CD74;TNF,"score=sender_ligand_expression*receiver_receptor_expression*receiver_target_program_score*lr_weight; curated prior baseline, not nichenetr package output"
Endothelial,Unknown,CXCL12,CXCR4,17.934894156637313,1.091641935483871,4.880187572992701,3.740585474908759,0.9,3,CXCR4;CCL5;CCL2,"score=sender_ligand_expression*receiver_receptor_expression*receiver_target_program_score*lr_weight; curated prior baseline, not nichenetr package output"
T/NK,Myeloid,IFNG,IFNGR1,17.81812512423071,1.6504739933046388,4.60890693277311,3.346241956782713,0.7,3,IFNGR1;TNF;CCL5,"score=sender_ligand_expression*receiver_receptor_expression*receiver_target_program_score*lr_weight; curated prior baseline, not nichenetr package output"
Myeloid,Unknown,SPP1,CD44,17.470154097344068,4.162664369747899,3.391470967153285,1.7678246953423706,0.7,3,CD44;MMP2;COL1A1,"score=sender_ligand_expression*receiver_receptor_expression*receiver_target_program_score*lr_weight; curated prior baseline, not nichenetr package output"
T/NK,Myeloid,CCL5,CCR5,17.162219289386638,6.994370081300813,1.2825935294117643,2.3913646638655464,0.8,2,CCR5;IFNGR1,"score=sender_ligand_expression*receiver_receptor_expression*receiver_target_program_score*lr_weight; curated prior baseline, not nichenetr package output"
Endothelial,Myeloid,CXCL12,CXCR4,16.405564707670983,1.091641935483871,4.715860672268907,3.5408497478991596,0.9,3,CXCR4;CCL5;CCL2,"score=sender_ligand_expression*receiver_receptor_expression*receiver_target_program_score*lr_weight; curated prior baseline, not nichenetr package output"
Unknown,CAF/Fibroblast,SPP1,CD44,16.2267347851848,1.1685076642335768,3.8465282142857142,5.1574213095238095,0.7,3,CD44;MMP2;COL1A1,"score=sender_ligand_expression*receiver_receptor_expression*receiver_target_program_score*lr_weight; curated prior baseline, not nichenetr package output"
Endothelial,Myeloid,CSF1,CSF1R,16.060899659164598,1.1387546774193549,4.845564705882353,3.6383570028011203,0.8,2,CSF1R;CCR2,"score=sender_ligand_expression*receiver_receptor_expression*receiver_target_program_score*lr_weight; curated prior baseline, not nichenetr package output"
Tumor/Malignant,Myeloid,SPP1,CD44,15.945251226789892,3.2125309506762134,3.7623098319327735,1.8846532084833936,0.7,3,CD44;MMP2;COL1A1,"score=sender_ligand_expression*receiver_receptor_expression*receiver_target_program_score*lr_weight; curated prior baseline, not nichenetr package output"
T/NK,CAF/Fibroblast,MIF,CD74,14.785218561315212,4.222438928742228,2.728575,1.833286904761905,0.7,2,CD74;TNF,"score=sender_ligand_expression*receiver_receptor_expression*receiver_target_program_score*lr_weight; curated prior baseline, not nichenetr package output"
Tumor/Malignant,T/NK,SPP1,CD44,14.556895427843491,3.2125309506762134,3.676164682926829,1.760874657785065,0.7,3,CD44;MMP2;COL1A1,"score=sender_ligand_expression*receiver_receptor_expression*receiver_target_program_score*lr_weight; curated prior baseline, not nichenetr package output"
B/Plasma,CAF/Fibroblast,MIF,CD74,13.725065801989896,3.9196750390625,2.728575,1.833286904761905,0.7,2,CD74;TNF,"score=sender_ligand_expression*receiver_receptor_expression*receiver_target_program_score*lr_weight; curated prior baseline, not nichenetr package output"
Tumor/Malignant,Unknown,SPP1,CD44,13.482569279108045,3.2125309506762134,3.391470967153285,1.7678246953423706,0.7,3,CD44;MMP2;COL1A1,"score=sender_ligand_expression*receiver_receptor_expression*receiver_target_program_score*lr_weight; curated prior baseline, not nichenetr package output"
Unknown,Myeloid,CCL5,CCR5,11.777280136756227,4.799767118613138,1.2825935294117643,2.3913646638655464,0.8,2,CCR5;IFNGR1,"score=sender_ligand_expression*receiver_receptor_expression*receiver_target_program_score*lr_weight; curated prior baseline, not nichenetr package output"
Myeloid,B/Plasma,SPP1,CD44,11.279366175063993,4.162664369747899,2.844350447265625,1.3609186202566963,0.7,3,CD44;MMP2;COL1A1,"score=sender_ligand_expression*receiver_receptor_expression*receiver_target_program_score*lr_weight; curated prior baseline, not nichenetr package output"
Unknown,B/Plasma,CXCL12,CXCR4,11.135849637401979,0.3208051094890511,7.74676640625,4.97873615234375,0.9,3,CXCR4;CCL5;CCL2,"score=sender_ligand_expression*receiver_receptor_expression*receiver_target_program_score*lr_weight; curated prior baseline, not nichenetr package output"
B/Plasma,Myeloid,CCL5,CCR5,10.806375489290893,4.40408015625,1.2825935294117643,2.3913646638655464,0.8,2,CCR5;IFNGR1,"score=sender_ligand_expression*receiver_receptor_expression*receiver_target_program_score*lr_weight; curated prior baseline, not nichenetr package output"
CAF/Fibroblast,Endothelial,COL1A1,ITGA1,10.20461386634411,7.986839285714287,1.5291369354838709,1.671110806451613,0.5,2,ITGA1;MMP2,"score=sender_ligand_expression*receiver_receptor_expression*receiver_target_program_score*lr_weight; curated prior baseline, not nichenetr package output"
Unknown,T/NK,CXCL12,CXCR4,9.729212051812812,0.3208051094890511,6.6376330320420855,5.0766899988044,0.9,3,CXCR4;CCL5;CCL2,"score=sender_ligand_expression*receiver_receptor_expression*receiver_target_program_score*lr_weight; curated prior baseline, not nichenetr package output"
Unknown,Tumor/Malignant,SPP1,CD44,9.360101735349861,1.1685076642335768,4.801065915672235,2.383489786320415,0.7,3,CD44;MMP2;COL1A1,"score=sender_ligand_expression*receiver_receptor_expression*receiver_target_program_score*lr_weight; curated prior baseline, not nichenetr package output"
T/NK,Myeloid,CSF1,CSF1R,9.0890663008463,0.6444356781444285,4.845564705882353,3.6383570028011203,0.8,2,CSF1R;CCR2,"score=sender_ligand_expression*receiver_receptor_expression*receiver_target_program_score*lr_weight; curated prior baseline, not nichenetr package output"
Tumor/Malignant,B/Plasma,SPP1,CD44,8.704836547655162,3.2125309506762134,2.844350447265625,1.3609186202566963,0.7,3,CD44;MMP2;COL1A1,"score=sender_ligand_expression*receiver_receptor_expression*receiver_target_program_score*lr_weight; curated prior baseline, not nichenetr package output"
Endothelial,Myeloid,CCL5,CCR5,7.741052303464918,3.154824193548387,1.2825935294117643,2.3913646638655464,0.8,2,CCR5;IFNGR1,"score=sender_ligand_expression*receiver_receptor_expression*receiver_target_program_score*lr_weight; curated prior baseline, not nichenetr package output"
Myeloid,Endothelial,TNF,TNFRSF1A,7.344445828880076,1.3754134453781517,3.2775261290322577,2.327456451612903,0.7,4,TNFRSF1A;CCL5;CCL2;MMP9,"score=sender_ligand_expression*receiver_receptor_expression*receiver_target_program_score*lr_weight; curated prior baseline, not nichenetr package output"
Endothelial,Tumor/Malignant,MIF,CD74,7.297706266943338,5.778227419354838,1.6167263802704852,1.1159819835587377,0.7,2,CD74;TNF,"score=sender_ligand_expression*receiver_receptor_expression*receiver_target_program_score*lr_weight; curated prior baseline, not nichenetr package output"
T/NK,Endothelial,IFNG,IFNGR1,7.020232274896818,1.6504739933046388,2.869497096774193,2.1175758064516126,0.7,3,IFNGR1;TNF;CCL5,"score=sender_ligand_expression*receiver_receptor_expression*receiver_target_program_score*lr_weight; curated prior baseline, not nichenetr package output"
Myeloid,Tumor/Malignant,MIF,CD74,6.949164057949,5.502256302521008,1.6167263802704852,1.1159819835587377,0.7,2,CD74;TNF,"score=sender_ligand_expression*receiver_receptor_expression*receiver_target_program_score*lr_weight; curated prior baseline, not nichenetr package output"
Unknown,Tumor/Malignant,MIF,CD74,6.792881953971115,5.378514197080292,1.6167263802704852,1.1159819835587377,0.7,2,CD74;TNF,"score=sender_ligand_expression*receiver_receptor_expression*receiver_target_program_score*lr_weight; curated prior baseline, not nichenetr package output"
Tumor/Malignant,Myeloid,CCL5,CCR5,6.767587395153784,2.7580938106603026,1.2825935294117643,2.3913646638655464,0.8,2,CCR5;IFNGR1,"score=sender_ligand_expression*receiver_receptor_expression*receiver_target_program_score*lr_weight; curated prior baseline, not nichenetr package output"
CAF/Fibroblast,Tumor/Malignant,MIF,CD74,6.56313497163611,5.196603571428571,1.6167263802704852,1.1159819835587377,0.7,2,CD74;TNF,"score=sender_ligand_expression*receiver_receptor_expression*receiver_target_program_score*lr_weight; curated prior baseline, not nichenetr package output"
Myeloid,CAF/Fibroblast,TNF,TNFRSF1A,6.12163650923982,1.3754134453781517,3.016339464285714,2.1079291845238095,0.7,4,TNFRSF1A;CCL5;CCL2;MMP9,"score=sender_ligand_expression*receiver_receptor_expression*receiver_target_program_score*lr_weight; curated prior baseline, not nichenetr package output"
CAF/Fibroblast,Myeloid,CCL5,CCR5,5.8276831438256105,2.375040892857143,1.2825935294117643,2.3913646638655464,0.8,2,CCR5;IFNGR1,"score=sender_ligand_expression*receiver_receptor_expression*receiver_target_program_score*lr_weight; curated prior baseline, not nichenetr package output"
Unknown,Myeloid,SPP1,CD44,5.799834632787555,1.1685076642335768,3.7623098319327735,1.8846532084833936,0.7,3,CD44;MMP2;COL1A1,"score=sender_ligand_expression*receiver_receptor_expression*receiver_target_program_score*lr_weight; curated prior baseline, not nichenetr package output"
CAF/Fibroblast,Myeloid,CCL2,CCR2,5.799459083720136,2.2938875,1.223941596638655,2.5820502626050414,0.8,2,CCR2;CSF1R,"score=sender_ligand_expression*receiver_receptor_expression*receiver_target_program_score*lr_weight; curated prior baseline, not nichenetr package output"
Unknown,T/NK,CCL5,CCR5,5.4119016594635925,4.799767118613138,1.3119003663318989,1.0743329351187632,0.8,2,CCR5;IFNGR1,"score=sender_ligand_expression*receiver_receptor_expression*receiver_target_program_score*lr_weight; curated prior baseline, not nichenetr package output"
Endothelial,Myeloid,CCL2,CCR2,5.339472360318549,2.1119467741935485,1.223941596638655,2.5820502626050414,0.8,2,CCR2;CSF1R,"score=sender_ligand_expression*receiver_receptor_expression*receiver_target_program_score*lr_weight; curated prior baseline, not nichenetr package output"
T/NK,Tumor/Malignant,MIF,CD74,5.3327978973019015,4.222438928742228,1.6167263802704852,1.1159819835587377,0.7,2,CD74;TNF,"score=sender_ligand_expression*receiver_receptor_expression*receiver_target_program_score*lr_weight; curated prior baseline, not nichenetr package output"
Unknown,T/NK,SPP1,CD44,5.294842022082741,1.1685076642335768,3.676164682926829,1.760874657785065,0.7,3,CD44;MMP2;COL1A1,"score=sender_ligand_expression*receiver_receptor_expression*receiver_target_program_score*lr_weight; curated prior baseline, not nichenetr package output"
B/Plasma,T/NK,CCL5,CCR5,4.965751070211686,4.40408015625,1.3119003663318989,1.0743329351187632,0.8,2,CCR5;IFNGR1,"score=sender_ligand_expression*receiver_receptor_expression*receiver_target_program_score*lr_weight; curated prior baseline, not nichenetr package output"
B/Plasma,Tumor/Malignant,MIF,CD74,4.950417320220602,3.9196750390625,1.6167263802704852,1.1159819835587377,0.7,2,CD74;TNF,"score=sender_ligand_expression*receiver_receptor_expression*receiver_target_program_score*lr_weight; curated prior baseline, not nichenetr package output"
Unknown,Myeloid,CXCL12,CXCR4,4.821167830952995,0.3208051094890511,4.715860672268907,3.5408497478991596,0.9,3,CXCR4;CCL5;CCL2,"score=sender_ligand_expression*receiver_receptor_expression*receiver_target_program_score*lr_weight; curated prior baseline, not nichenetr package output"
T/NK,CAF/Fibroblast,IFNG,IFNGR1,4.412139630199814,1.6504739933046388,2.289579107142857,1.6679647534013604,0.7,3,IFNGR1;TNF;CCL5,"score=sender_ligand_expression*receiver_receptor_expression*receiver_target_program_score*lr_weight; curated prior baseline, not nichenetr package output"
T/NK,B/Plasma,IFNG,IFNGR1,3.952469089621111,1.6504739933046388,1.7026796875,2.009226056547619,0.7,3,IFNGR1;TNF;CCL5,"score=sender_ligand_expression*receiver_receptor_expression*receiver_target_program_score*lr_weight; curated prior baseline, not nichenetr package output"
Endothelial,CAF/Fibroblast,MMP2,ITGAV,3.949515220720416,1.9550585483870968,1.1730387142857144,3.444305571428572,0.5,2,ITGAV;COL1A1,"score=sender_ligand_expression*receiver_receptor_expression*receiver_target_program_score*lr_weight; curated prior baseline, not nichenetr package output"
Myeloid,T/NK,CCL5,CCR5,3.59221827322931,3.185906218487395,1.3119003663318989,1.0743329351187632,0.8,2,CCR5;IFNGR1,"score=sender_ligand_expression*receiver_receptor_expression*receiver_target_program_score*lr_weight; curated prior baseline, not nichenetr package output"
Endothelial,T/NK,CCL5,CCR5,3.5571722265795493,3.154824193548387,1.3119003663318989,1.0743329351187632,0.8,2,CCR5;IFNGR1,"score=sender_ligand_expression*receiver_receptor_expression*receiver_target_program_score*lr_weight; curated prior baseline, not nichenetr package output"
Unknown,Myeloid,CSF1,CSF1R,3.5398008733097615,0.2509800127737226,4.845564705882353,3.6383570028011203,0.8,2,CSF1R;CCR2,"score=sender_ligand_expression*receiver_receptor_expression*receiver_target_program_score*lr_weight; curated prior baseline, not nichenetr package output"
Tumor/Malignant,Myeloid,CSF1,CSF1R,3.5103955442312493,0.248895107398568,4.845564705882353,3.6383570028011203,0.8,2,CSF1R;CCR2,"score=sender_ligand_expression*receiver_receptor_expression*receiver_target_program_score*lr_weight; curated prior baseline, not nichenetr package output"
T/NK,Unknown,IFNG,IFNGR1,3.5072043390733936,1.6504739933046388,1.528891197080292,1.9855359927876257,0.7,3,IFNGR1;TNF;CCL5,"score=sender_ligand_expression*receiver_receptor_expression*receiver_target_program_score*lr_weight; curated prior baseline, not nichenetr package output"
Myeloid,Endothelial,VEGFA,KDR,3.3637049942166333,0.4358437899159664,2.570668870967742,3.0022088378825473,1.0,5,KDR;FLT1;TEK;VWF;PECAM1,"score=sender_ligand_expression*receiver_receptor_expression*receiver_target_program_score*lr_weight; curated prior baseline, not nichenetr package output"
Unknown,B/Plasma,SPP1,CD44,3.166247540648455,1.1685076642335768,2.844350447265625,1.3609186202566963,0.7,3,CD44;MMP2;COL1A1,"score=sender_ligand_expression*receiver_receptor_expression*receiver_target_program_score*lr_weight; curated prior baseline, not nichenetr package output"
Unknown,Myeloid,IFNG,IFNGR1,3.160978159409898,0.2927980474452554,4.60890693277311,3.346241956782713,0.7,3,IFNGR1;TNF;CCL5,"score=sender_ligand_expression*receiver_receptor_expression*receiver_target_program_score*lr_weight; curated prior baseline, not nichenetr package output"
Tumor/Malignant,T/NK,CCL5,CCR5,3.109845144983134,2.7580938106603026,1.3119003663318989,1.0743329351187632,0.8,2,CCR5;IFNGR1,"score=sender_ligand_expression*receiver_receptor_expression*receiver_target_program_score*lr_weight; curated prior baseline, not nichenetr package output"
CAF/Fibroblast,Endothelial,VEGFA,KDR,3.027140586342915,0.3922342857142857,2.570668870967742,3.0022088378825473,1.0,5,KDR;FLT1;TEK;VWF;PECAM1,"score=sender_ligand_expression*receiver_receptor_expression*receiver_target_program_score*lr_weight; curated prior baseline, not nichenetr package output"
B/Plasma,Endothelial,TNF,TNFRSF1A,2.8003291977174576,0.524424921875,3.2775261290322577,2.327456451612903,0.7,4,TNFRSF1A;CCL5;CCL2;MMP9,"score=sender_ligand_expression*receiver_receptor_expression*receiver_target_program_score*lr_weight; curated prior baseline, not nichenetr package output"
CAF/Fibroblast,T/NK,CCL5,CCR5,2.6779398732706428,2.375040892857143,1.3119003663318989,1.0743329351187632,0.8,2,CCR5;IFNGR1,"score=sender_ligand_expression*receiver_receptor_expression*receiver_target_program_score*lr_weight; curated prior baseline, not nichenetr package output"
T/NK,Endothelial,TNF,TNFRSF1A,2.5474807337706227,0.4770733333333333,3.2775261290322577,2.327456451612903,0.7,4,TNFRSF1A;CCL5;CCL2;MMP9,"score=sender_ligand_expression*receiver_receptor_expression*receiver_target_program_score*lr_weight; curated prior baseline, not nichenetr package output"
Tumor/Malignant,Endothelial,VEGFA,KDR,2.4781167312231016,0.3210958719172633,2.570668870967742,3.0022088378825473,1.0,5,KDR;FLT1;TEK;VWF;PECAM1,"score=sender_ligand_expression*receiver_receptor_expression*receiver_target_program_score*lr_weight; curated prior baseline, not nichenetr package output"
B/Plasma,CAF/Fibroblast,TNF,TNFRSF1A,2.334089985009998,0.524424921875,3.016339464285714,2.1079291845238095,0.7,4,TNFRSF1A;CCL5;CCL2;MMP9,"score=sender_ligand_expression*receiver_receptor_expression*receiver_target_program_score*lr_weight; curated prior baseline, not nichenetr package output"
T/NK,Tumor/Malignant,IFNG,IFNGR1,2.323086240998695,1.6504739933046388,1.454791016706444,1.3821589695798766,0.7,3,IFNGR1;TNF;CCL5,"score=sender_ligand_expression*receiver_receptor_expression*receiver_target_program_score*lr_weight; curated prior baseline, not nichenetr package output"
Endothelial,CAF/Fibroblast,SPP1,CD44,2.2546652264989073,0.1623612903225806,3.8465282142857142,5.1574213095238095,0.7,3,CD44;MMP2;COL1A1,"score=sender_ligand_expression*receiver_receptor_expression*receiver_target_program_score*lr_weight; curated prior baseline, not nichenetr package output"
Unknown,Endothelial,TNF,TNFRSF1A,2.143495916884777,0.4014180474452555,3.2775261290322577,2.327456451612903,0.7,4,TNFRSF1A;CCL5;CCL2;MMP9,"score=sender_ligand_expression*receiver_receptor_expression*receiver_target_program_score*lr_weight; curated prior baseline, not nichenetr package output"
T/NK,CAF/Fibroblast,TNF,TNFRSF1A,2.123339381865012,0.4770733333333333,3.016339464285714,2.1079291845238095,0.7,4,TNFRSF1A;CCL5;CCL2;MMP9,"score=sender_ligand_expression*receiver_receptor_expression*receiver_target_program_score*lr_weight; curated prior baseline, not nichenetr package output"
CAF/Fibroblast,Endothelial,MMP2,ITGAV,2.1033052769183116,4.984394821428571,1.117726935483871,0.7550646774193548,0.5,2,ITGAV;COL1A1,"score=sender_ligand_expression*receiver_receptor_expression*receiver_target_program_score*lr_weight; curated prior baseline, not nichenetr package output"
Myeloid,Tumor/Malignant,TNF,TNFRSF1A,1.9452832105197717,1.3754134453781517,1.6611161654733493,1.2163303076107133,0.7,4,TNFRSF1A;CCL5;CCL2;MMP9,"score=sender_ligand_expression*receiver_receptor_expression*receiver_target_program_score*lr_weight; curated prior baseline, not nichenetr package output"
Unknown,CAF/Fibroblast,TNF,TNFRSF1A,1.7866157866684411,0.4014180474452555,3.016339464285714,2.1079291845238095,0.7,4,TNFRSF1A;CCL5;CCL2;MMP9,"score=sender_ligand_expression*receiver_receptor_expression*receiver_target_program_score*lr_weight; curated prior baseline, not nichenetr package output"
B/Plasma,Myeloid,TNF,TNFRSF1A,1.6408697725281098,0.524424921875,2.3039317647058826,1.9400956414565824,0.7,4,TNFRSF1A;CCL5;CCL2;MMP9,"score=sender_ligand_expression*receiver_receptor_expression*receiver_target_program_score*lr_weight; curated prior baseline, not nichenetr package output"
T/NK,CAF/Fibroblast,SPP1,CD44,1.5842566003110525,0.1140843185078909,3.8465282142857142,5.1574213095238095,0.7,3,CD44;MMP2;COL1A1,"score=sender_ligand_expression*receiver_receptor_expression*receiver_target_program_score*lr_weight; curated prior baseline, not nichenetr package output"
Myeloid,Endothelial,VEGFA,FLT1,1.5438091450402578,0.4358437899159664,1.474795693548387,3.0022088378825473,0.8,5,KDR;FLT1;TEK;VWF;PECAM1,"score=sender_ligand_expression*receiver_receptor_expression*receiver_target_program_score*lr_weight; curated prior baseline, not nichenetr package output"
T/NK,Myeloid,TNF,TNFRSF1A,1.492711691021585,0.4770733333333333,2.3039317647058826,1.9400956414565824,0.7,4,TNFRSF1A;CCL5;CCL2;MMP9,"score=sender_ligand_expression*receiver_receptor_expression*receiver_target_program_score*lr_weight; curated prior baseline, not nichenetr package output"
T/NK,Unknown,CCL5,CCR5,1.4362161857863316,6.994370081300813,0.3465464963503649,0.740661396593674,0.8,2,CCR5;IFNGR1,"score=sender_ligand_expression*receiver_receptor_expression*receiver_target_program_score*lr_weight; curated prior baseline, not nichenetr package output"
CAF/Fibroblast,Endothelial,VEGFA,FLT1,1.3893392341343187,0.3922342857142857,1.474795693548387,3.0022088378825473,0.8,5,KDR;FLT1;TEK;VWF;PECAM1,"score=sender_ligand_expression*receiver_receptor_expression*receiver_target_program_score*lr_weight; curated prior baseline, not nichenetr package output"
Endothelial,Tumor/Malignant,SPP1,CD44,1.300563309782663,0.1623612903225806,4.801065915672235,2.383489786320415,0.7,3,CD44;MMP2;COL1A1,"score=sender_ligand_expression*receiver_receptor_expression*receiver_target_program_score*lr_weight; curated prior baseline, not nichenetr package output"
Unknown,Myeloid,TNF,TNFRSF1A,1.2559943525284516,0.4014180474452555,2.3039317647058826,1.9400956414565824,0.7,4,TNFRSF1A;CCL5;CCL2;MMP9,"score=sender_ligand_expression*receiver_receptor_expression*receiver_target_program_score*lr_weight; curated prior baseline, not nichenetr package output"
Unknown,Endothelial,IFNG,IFNGR1,1.2454060536793645,0.2927980474452554,2.869497096774193,2.1175758064516126,0.7,3,IFNGR1;TNF;CCL5,"score=sender_ligand_expression*receiver_receptor_expression*receiver_target_program_score*lr_weight; curated prior baseline, not nichenetr package output"
CAF/Fibroblast,Tumor/Malignant,SPP1,CD44,1.209098187651344,0.1509428571428571,4.801065915672235,2.383489786320415,0.7,3,CD44;MMP2;COL1A1,"score=sender_ligand_expression*receiver_receptor_expression*receiver_target_program_score*lr_weight; curated prior baseline, not nichenetr package output"
Myeloid,Unknown,TNF,TNFRSF1A,1.182315439676785,1.3754134453781517,0.8139762408759125,1.5086563568734792,0.7,4,TNFRSF1A;CCL5;CCL2;MMP9,"score=sender_ligand_expression*receiver_receptor_expression*receiver_target_program_score*lr_weight; curated prior baseline, not nichenetr package output"
CAF/Fibroblast,Tumor/Malignant,CXCL12,CXCR4,1.142496465044427,5.452458214285714,0.2754565552903739,0.8452144192521878,0.9,3,CXCR4;CCL5;CCL2,"score=sender_ligand_expression*receiver_receptor_expression*receiver_target_program_score*lr_weight; curated prior baseline, not nichenetr package output"
Tumor/Malignant,Endothelial,VEGFA,FLT1,1.1373587394605822,0.3210958719172633,1.474795693548387,3.0022088378825473,0.8,5,KDR;FLT1;TEK;VWF;PECAM1,"score=sender_ligand_expression*receiver_receptor_expression*receiver_target_program_score*lr_weight; curated prior baseline, not nichenetr package output"
CAF/Fibroblast,Myeloid,IL6,IL6R,1.0611671227141635,0.7908589285714286,1.5694427731092435,1.2213531012404963,0.7,3,IL6R;TNF;MMP9,"score=sender_ligand_expression*receiver_receptor_expression*receiver_target_program_score*lr_weight; curated prior baseline, not nichenetr package output"
Myeloid,CAF/Fibroblast,TGFB1,TGFBR1,1.0534786073920257,0.2646196386554622,0.7869236071428573,5.6211938888888895,0.9,4,COL1A2;COL1A1;MMP2;MMP9,"score=sender_ligand_expression*receiver_receptor_expression*receiver_target_program_score*lr_weight; curated prior baseline, not nichenetr package output"
Unknown,Myeloid,CCL2,CCR2,1.0168503585643724,0.4021996350364963,1.223941596638655,2.5820502626050414,0.8,2,CCR2;CSF1R,"score=sender_ligand_expression*receiver_receptor_expression*receiver_target_program_score*lr_weight; curated prior baseline, not nichenetr package output"
CAF/Fibroblast,Tumor/Malignant,MMP2,ITGAV,0.9837390827489682,4.984394821428571,0.7555958130469372,0.5224057428533546,0.5,2,ITGAV;COL1A1,"score=sender_ligand_expression*receiver_receptor_expression*receiver_target_program_score*lr_weight; curated prior baseline, not nichenetr package output"
CAF/Fibroblast,Unknown,IL6,IL6R,0.9642562500269194,0.7908589285714286,1.7685386459854016,0.9848743934654153,0.7,3,IL6R;TNF;MMP9,"score=sender_ligand_expression*receiver_receptor_expression*receiver_target_program_score*lr_weight; curated prior baseline, not nichenetr package output"
Myeloid,T/NK,TNF,TNFRSF1A,0.9527901429294804,1.3754134453781517,0.5419432137733142,1.8260479086561452,0.7,4,TNFRSF1A;CCL5;CCL2;MMP9,"score=sender_ligand_expression*receiver_receptor_expression*receiver_target_program_score*lr_weight; curated prior baseline, not nichenetr package output"
CAF/Fibroblast,T/NK,IL6,IL6R,0.9353787067529965,0.7908589285714286,1.740535724677188,0.9707501706406139,0.7,3,IL6R;TNF;MMP9,"score=sender_ligand_expression*receiver_receptor_expression*receiver_target_program_score*lr_weight; curated prior baseline, not nichenetr package output"
T/NK,Tumor/Malignant,SPP1,CD44,0.9138500844513604,0.1140843185078909,4.801065915672235,2.383489786320415,0.7,3,CD44;MMP2;COL1A1,"score=sender_ligand_expression*receiver_receptor_expression*receiver_target_program_score*lr_weight; curated prior baseline, not nichenetr package output"
B/Plasma,Myeloid,IFNG,IFNGR1,0.9067301823402527,0.083989453125,4.60890693277311,3.346241956782713,0.7,3,IFNGR1;TNF;CCL5,"score=sender_ligand_expression*receiver_receptor_expression*receiver_target_program_score*lr_weight; curated prior baseline, not nichenetr package output"
B/Plasma,Unknown,CCL5,CCR5,0.9043289288933769,4.40408015625,0.3465464963503649,0.740661396593674,0.8,2,CCR5;IFNGR1,"score=sender_ligand_expression*receiver_receptor_expression*receiver_target_program_score*lr_weight; curated prior baseline, not nichenetr package output"
T/NK,B/Plasma,CXCL12,CXCR4,0.8654495680871709,0.0249321472979435,7.74676640625,4.97873615234375,0.9,3,CXCR4;CCL5;CCL2,"score=sender_ligand_expression*receiver_receptor_expression*receiver_target_program_score*lr_weight; curated prior baseline, not nichenetr package output"
Endothelial,CAF/Fibroblast,TGFB1,TGFBR1,0.8463142496440301,0.2125827419354838,0.7869236071428573,5.6211938888888895,0.9,4,COL1A2;COL1A1;MMP2;MMP9,"score=sender_ligand_expression*receiver_receptor_expression*receiver_target_program_score*lr_weight; curated prior baseline, not nichenetr package output"
B/Plasma,CAF/Fibroblast,SPP1,CD44,0.8419868870649326,0.0606325390625,3.8465282142857142,5.1574213095238095,0.7,3,CD44;MMP2;COL1A1,"score=sender_ligand_expression*receiver_receptor_expression*receiver_target_program_score*lr_weight; curated prior baseline, not nichenetr package output"
Endothelial,Myeloid,SPP1,CD44,0.8058728782533212,0.1623612903225806,3.7623098319327735,1.8846532084833936,0.7,3,CD44;MMP2;COL1A1,"score=sender_ligand_expression*receiver_receptor_expression*receiver_target_program_score*lr_weight; curated prior baseline, not nichenetr package output"
Unknown,CAF/Fibroblast,IFNG,IFNGR1,0.7827241592530132,0.2927980474452554,2.289579107142857,1.6679647534013604,0.7,3,IFNGR1;TNF;CCL5,"score=sender_ligand_expression*receiver_receptor_expression*receiver_target_program_score*lr_weight; curated prior baseline, not nichenetr package output"
Unknown,Endothelial,VEGFA,KDR,0.7588199797724706,0.0983222299270073,2.570668870967742,3.0022088378825473,1.0,5,KDR;FLT1;TEK;VWF;PECAM1,"score=sender_ligand_expression*receiver_receptor_expression*receiver_target_program_score*lr_weight; curated prior baseline, not nichenetr package output"
CAF/Fibroblast,Myeloid,SPP1,CD44,0.7491980046217753,0.1509428571428571,3.7623098319327735,1.8846532084833936,0.7,3,CD44;MMP2;COL1A1,"score=sender_ligand_expression*receiver_receptor_expression*receiver_target_program_score*lr_weight; curated prior baseline, not nichenetr package output"
CAF/Fibroblast,B/Plasma,IL6,IL6R,0.7477654949993405,0.7908589285714286,1.527360546875,0.8843553162202381,0.7,3,IL6R;TNF;MMP9,"score=sender_ligand_expression*receiver_receptor_expression*receiver_target_program_score*lr_weight; curated prior baseline, not nichenetr package output"
B/Plasma,Tumor/Malignant,TNF,TNFRSF1A,0.7417078836401096,0.524424921875,1.6611161654733493,1.2163303076107133,0.7,4,TNFRSF1A;CCL5;CCL2;MMP9,"score=sender_ligand_expression*receiver_receptor_expression*receiver_target_program_score*lr_weight; curated prior baseline, not nichenetr package output"
Endothelial,T/NK,SPP1,CD44,0.7357053865140346,0.1623612903225806,3.676164682926829,1.760874657785065,0.7,3,CD44;MMP2;COL1A1,"score=sender_ligand_expression*receiver_receptor_expression*receiver_target_program_score*lr_weight; curated prior baseline, not nichenetr package output"
Unknown,CAF/Fibroblast,TGFB1,TGFBR1,0.7285563369384631,0.1830035401459853,0.7869236071428573,5.6211938888888895,0.9,4,COL1A2;COL1A1;MMP2;MMP9,"score=sender_ligand_expression*receiver_receptor_expression*receiver_target_program_score*lr_weight; curated prior baseline, not nichenetr package output"
T/NK,CAF/Fibroblast,TGFB1,TGFBR1,0.7226651534202679,0.1815237541846006,0.7869236071428573,5.6211938888888895,0.9,4,COL1A2;COL1A1;MMP2;MMP9,"score=sender_ligand_expression*receiver_receptor_expression*receiver_target_program_score*lr_weight; curated prior baseline, not nichenetr package output"
Unknown,B/Plasma,IFNG,IFNGR1,0.7011775021741778,0.2927980474452554,1.7026796875,2.009226056547619,0.7,3,IFNGR1;TNF;CCL5,"score=sender_ligand_expression*receiver_receptor_expression*receiver_target_program_score*lr_weight; curated prior baseline, not nichenetr package output"
CAF/Fibroblast,T/NK,SPP1,CD44,0.6839652039915703,0.1509428571428571,3.676164682926829,1.760874657785065,0.7,3,CD44;MMP2;COL1A1,"score=sender_ligand_expression*receiver_receptor_expression*receiver_target_program_score*lr_weight; curated prior baseline, not nichenetr package output"
Endothelial,Unknown,SPP1,CD44,0.6814089509577455,0.1623612903225806,3.391470967153285,1.7678246953423706,0.7,3,CD44;MMP2;COL1A1,"score=sender_ligand_expression*receiver_receptor_expression*receiver_target_program_score*lr_weight; curated prior baseline, not nichenetr package output"
T/NK,Tumor/Malignant,TNF,TNFRSF1A,0.6747372934578829,0.4770733333333333,1.6611161654733493,1.2163303076107133,0.7,4,TNFRSF1A;CCL5;CCL2;MMP9,"score=sender_ligand_expression*receiver_receptor_expression*receiver_target_program_score*lr_weight; curated prior baseline, not nichenetr package output"
B/Plasma,CAF/Fibroblast,TGFB1,TGFBR1,0.672472809235815,0.16891611328125,0.7869236071428573,5.6211938888888895,0.9,4,COL1A2;COL1A1;MMP2;MMP9,"score=sender_ligand_expression*receiver_receptor_expression*receiver_target_program_score*lr_weight; curated prior baseline, not nichenetr package output"
B/Plasma,T/NK,CXCL12,CXCR4,0.6719699880453894,0.02215712890625,6.6376330320420855,5.0766899988044,0.9,3,CXCR4;CCL5;CCL2,"score=sender_ligand_expression*receiver_receptor_expression*receiver_target_program_score*lr_weight; curated prior baseline, not nichenetr package output"
Myeloid,Unknown,CCL5,CCR5,0.654190445201313,3.185906218487395,0.3465464963503649,0.740661396593674,0.8,2,CCR5;IFNGR1,"score=sender_ligand_expression*receiver_receptor_expression*receiver_target_program_score*lr_weight; curated prior baseline, not nichenetr package output"
Endothelial,Unknown,CCL5,CCR5,0.647808096714526,3.154824193548387,0.3465464963503649,0.740661396593674,0.8,2,CCR5;IFNGR1,"score=sender_ligand_expression*receiver_receptor_expression*receiver_target_program_score*lr_weight; curated prior baseline, not nichenetr package output"
CAF/Fibroblast,Unknown,SPP1,CD44,0.6334872908186946,0.1509428571428571,3.391470967153285,1.7678246953423706,0.7,3,CD44;MMP2;COL1A1,"score=sender_ligand_expression*receiver_receptor_expression*receiver_target_program_score*lr_weight; curated prior baseline, not nichenetr package output"
Tumor/Malignant,Endothelial,TNF,TNFRSF1A,0.611371828267074,0.1144931901352426,3.2775261290322577,2.327456451612903,0.7,4,TNFRSF1A;CCL5;CCL2;MMP9,"score=sender_ligand_expression*receiver_receptor_expression*receiver_target_program_score*lr_weight; curated prior baseline, not nichenetr package output"
CAF/Fibroblast,Myeloid,MMP2,ITGAV,0.6039317912177329,4.984394821428571,0.5767611344537815,0.42015492997198883,0.5,2,ITGAV;COL1A1,"score=sender_ligand_expression*receiver_receptor_expression*receiver_target_program_score*lr_weight; curated prior baseline, not nichenetr package output"
Tumor/Malignant,CAF/Fibroblast,MMP2,ITGAV,0.5934190598864117,0.2937497239459029,1.1730387142857144,3.444305571428572,0.5,2,ITGAV;COL1A1,"score=sender_ligand_expression*receiver_receptor_expression*receiver_target_program_score*lr_weight; curated prior baseline, not nichenetr package output"
B/Plasma,Myeloid,IL6,IL6R,0.5803417564120779,0.432512890625,1.5694427731092435,1.2213531012404963,0.7,3,IL6R;TNF;MMP9,"score=sender_ligand_expression*receiver_receptor_expression*receiver_target_program_score*lr_weight; curated prior baseline, not nichenetr package output"
Unknown,Tumor/Malignant,TNF,TNFRSF1A,0.5677360438193145,0.4014180474452555,1.6611161654733493,1.2163303076107133,0.7,4,TNFRSF1A;CCL5;CCL2;MMP9,"score=sender_ligand_expression*receiver_receptor_expression*receiver_target_program_score*lr_weight; curated prior baseline, not nichenetr package output"
Tumor/Malignant,Unknown,CCL5,CCR5,0.5663439204307474,2.7580938106603026,0.3465464963503649,0.740661396593674,0.8,2,CCR5;IFNGR1,"score=sender_ligand_expression*receiver_receptor_expression*receiver_target_program_score*lr_weight; curated prior baseline, not nichenetr package output"
T/NK,Myeloid,SPP1,CD44,0.5662523249036804,0.1140843185078909,3.7623098319327735,1.8846532084833936,0.7,3,CD44;MMP2;COL1A1,"score=sender_ligand_expression*receiver_receptor_expression*receiver_target_program_score*lr_weight; curated prior baseline, not nichenetr package output"
Tumor/Malignant,B/Plasma,CXCL12,CXCR4,0.5363978622025435,0.0154527207637231,7.74676640625,4.97873615234375,0.9,3,CXCR4;CCL5;CCL2,"score=sender_ligand_expression*receiver_receptor_expression*receiver_target_program_score*lr_weight; curated prior baseline, not nichenetr package output"
B/Plasma,Unknown,IL6,IL6R,0.5273421629767924,0.432512890625,1.7685386459854016,0.9848743934654153,0.7,3,IL6R;TNF;MMP9,"score=sender_ligand_expression*receiver_receptor_expression*receiver_target_program_score*lr_weight; curated prior baseline, not nichenetr package output"
B/Plasma,T/NK,IL6,IL6R,0.5115493214669744,0.432512890625,1.740535724677188,0.9707501706406139,0.7,3,IL6R;TNF;MMP9,"score=sender_ligand_expression*receiver_receptor_expression*receiver_target_program_score*lr_weight; curated prior baseline, not nichenetr package output"
Tumor/Malignant,CAF/Fibroblast,TNF,TNFRSF1A,0.5095818243935649,0.1144931901352426,3.016339464285714,2.1079291845238095,0.7,4,TNFRSF1A;CCL5;CCL2;MMP9,"score=sender_ligand_expression*receiver_receptor_expression*receiver_target_program_score*lr_weight; curated prior baseline, not nichenetr package output"
Unknown,CAF/Fibroblast,MMP2,ITGAV,0.4903743017669819,0.242741302919708,1.1730387142857144,3.444305571428572,0.5,2,ITGAV;COL1A1,"score=sender_ligand_expression*receiver_receptor_expression*receiver_target_program_score*lr_weight; curated prior baseline, not nichenetr package output"
CAF/Fibroblast,Unknown,CCL5,CCR5,0.4876882596397385,2.375040892857143,0.3465464963503649,0.740661396593674,0.8,2,CCR5;IFNGR1,"score=sender_ligand_expression*receiver_receptor_expression*receiver_target_program_score*lr_weight; curated prior baseline, not nichenetr package output"
CAF/Fibroblast,Endothelial,CXCL12,CXCR4,0.48692540188142475,5.452458214285714,0.0733190322580645,1.353352258064516,0.9,3,CXCR4;CCL5;CCL2,"score=sender_ligand_expression*receiver_receptor_expression*receiver_target_program_score*lr_weight; curated prior baseline, not nichenetr package output"
B/Plasma,Tumor/Malignant,SPP1,CD44,0.4856850763317969,0.0606325390625,4.801065915672235,2.383489786320415,0.7,3,CD44;MMP2;COL1A1,"score=sender_ligand_expression*receiver_receptor_expression*receiver_target_program_score*lr_weight; curated prior baseline, not nichenetr package output"
Myeloid,CAF/Fibroblast,CXCL12,CXCR4,0.48203927958757686,1.4901410084033613,0.2754348214285714,1.3049495089285714,0.9,3,CXCR4;CCL5;CCL2,"score=sender_ligand_expression*receiver_receptor_expression*receiver_target_program_score*lr_weight; curated prior baseline, not nichenetr package output"
T/NK,Unknown,SPP1,CD44,0.4787968587878347,0.1140843185078909,3.391470967153285,1.7678246953423706,0.7,3,CD44;MMP2;COL1A1,"score=sender_ligand_expression*receiver_receptor_expression*receiver_target_program_score*lr_weight; curated prior baseline, not nichenetr package output"
Myeloid,CAF/Fibroblast,MMP2,ITGAV,0.4780711176003508,0.2366510756302521,1.1730387142857144,3.444305571428572,0.5,2,ITGAV;COL1A1,"score=sender_ligand_expression*receiver_receptor_expression*receiver_target_program_score*lr_weight; curated prior baseline, not nichenetr package output"
Tumor/Malignant,T/NK,CXCL12,CXCR4,0.4686421526364247,0.0154527207637231,6.6376330320420855,5.0766899988044,0.9,3,CXCR4;CCL5;CCL2,"score=sender_ligand_expression*receiver_receptor_expression*receiver_target_program_score*lr_weight; curated prior baseline, not nichenetr package output"
Myeloid,Endothelial,SPP1,CD44,0.452146216347333,4.162664369747899,0.2298422580645161,0.675117841781874,0.7,3,CD44;MMP2;COL1A1,"score=sender_ligand_expression*receiver_receptor_expression*receiver_target_program_score*lr_weight; curated prior baseline, not nichenetr package output"
B/Plasma,Unknown,TNF,TNFRSF1A,0.45079949172202083,0.524424921875,0.8139762408759125,1.5086563568734792,0.7,4,TNFRSF1A;CCL5;CCL2;MMP9,"score=sender_ligand_expression*receiver_receptor_expression*receiver_target_program_score*lr_weight; curated prior baseline, not nichenetr package output"
Unknown,Endothelial,COL1A1,ITGA1,0.4479952973905452,0.3506322226277372,1.5291369354838709,1.671110806451613,0.5,2,ITGA1;MMP2,"score=sender_ligand_expression*receiver_receptor_expression*receiver_target_program_score*lr_weight; curated prior baseline, not nichenetr package output"
Endothelial,B/Plasma,SPP1,CD44,0.4399423742911971,0.1623612903225806,2.844350447265625,1.3609186202566963,0.7,3,CD44;MMP2;COL1A1,"score=sender_ligand_expression*receiver_receptor_expression*receiver_target_program_score*lr_weight; curated prior baseline, not nichenetr package output"
Unknown,Tumor/Malignant,IFNG,IFNGR1,0.4121210744129598,0.2927980474452554,1.454791016706444,1.3821589695798766,0.7,3,IFNGR1;TNF;CCL5,"score=sender_ligand_expression*receiver_receptor_expression*receiver_target_program_score*lr_weight; curated prior baseline, not nichenetr package output"
T/NK,Unknown,TNF,TNFRSF1A,0.4100957204929686,0.4770733333333333,0.8139762408759125,1.5086563568734792,0.7,4,TNFRSF1A;CCL5;CCL2;MMP9,"score=sender_ligand_expression*receiver_receptor_expression*receiver_target_program_score*lr_weight; curated prior baseline, not nichenetr package output"
T/NK,Unknown,CXCL12,CXCR4,0.4096173006473096,0.0249321472979435,4.880187572992701,3.740585474908759,0.9,3,CXCR4;CCL5;CCL2,"score=sender_ligand_expression*receiver_receptor_expression*receiver_target_program_score*lr_weight; curated prior baseline, not nichenetr package output"
CAF/Fibroblast,B/Plasma,SPP1,CD44,0.40900240951392597,0.1509428571428571,2.844350447265625,1.3609186202566963,0.7,3,CD44;MMP2;COL1A1,"score=sender_ligand_expression*receiver_receptor_expression*receiver_target_program_score*lr_weight; curated prior baseline, not nichenetr package output"
CAF/Fibroblast,Endothelial,IL6,IL6R,0.4025639655308839,0.7908589285714286,1.2282240322580644,0.5920525345622119,0.7,3,IL6R;TNF;MMP9,"score=sender_ligand_expression*receiver_receptor_expression*receiver_target_program_score*lr_weight; curated prior baseline, not nichenetr package output"
Endothelial,Tumor/Malignant,MMP2,ITGAV,0.3858577765233346,1.9550585483870968,0.7555958130469372,0.5224057428533546,0.5,2,ITGAV;COL1A1,"score=sender_ligand_expression*receiver_receptor_expression*receiver_target_program_score*lr_weight; curated prior baseline, not nichenetr package output"
CAF/Fibroblast,T/NK,COL1A1,ITGA1,0.3756147286744547,7.986839285714287,0.3727537154471544,0.252333948031245,0.5,2,ITGA1;MMP2,"score=sender_ligand_expression*receiver_receptor_expression*receiver_target_program_score*lr_weight; curated prior baseline, not nichenetr package output"
T/NK,Myeloid,CXCL12,CXCR4,0.3746887532460865,0.0249321472979435,4.715860672268907,3.5408497478991596,0.9,3,CXCR4;CCL5;CCL2,"score=sender_ligand_expression*receiver_receptor_expression*receiver_target_program_score*lr_weight; curated prior baseline, not nichenetr package output"
CAF/Fibroblast,Tumor/Malignant,IL6,IL6R,0.3640451144731818,0.7908589285714286,1.1384985433571997,0.5775979800734932,0.7,3,IL6R;TNF;MMP9,"score=sender_ligand_expression*receiver_receptor_expression*receiver_target_program_score*lr_weight; curated prior baseline, not nichenetr package output"
B/Plasma,Unknown,CXCL12,CXCR4,0.3640257385059336,0.02215712890625,4.880187572992701,3.740585474908759,0.9,3,CXCR4;CCL5;CCL2,"score=sender_ligand_expression*receiver_receptor_expression*receiver_target_program_score*lr_weight; curated prior baseline, not nichenetr package output"
B/Plasma,T/NK,TNF,TNFRSF1A,0.3632848711404636,0.524424921875,0.5419432137733142,1.8260479086561452,0.7,4,TNFRSF1A;CCL5;CCL2;MMP9,"score=sender_ligand_expression*receiver_receptor_expression*receiver_target_program_score*lr_weight; curated prior baseline, not nichenetr package output"
Tumor/Malignant,Myeloid,TNF,TNFRSF1A,0.35823700784764156,0.1144931901352426,2.3039317647058826,1.9400956414565824,0.7,4,TNFRSF1A;CCL5;CCL2;MMP9,"score=sender_ligand_expression*receiver_receptor_expression*receiver_target_program_score*lr_weight; curated prior baseline, not nichenetr package output"
B/Plasma,Endothelial,IFNG,IFNGR1,0.3572461438174431,0.083989453125,2.869497096774193,2.1175758064516126,0.7,3,IFNGR1;TNF;CCL5,"score=sender_ligand_expression*receiver_receptor_expression*receiver_target_program_score*lr_weight; curated prior baseline, not nichenetr package output"
Endothelial,CAF/Fibroblast,CXCL12,CXCR4,0.3531305354196346,1.091641935483871,0.2754348214285714,1.3049495089285714,0.9,3,CXCR4;CCL5;CCL2,"score=sender_ligand_expression*receiver_receptor_expression*receiver_target_program_score*lr_weight; curated prior baseline, not nichenetr package output"
Tumor/Malignant,Endothelial,SPP1,CD44,0.3489432693164545,3.2125309506762134,0.2298422580645161,0.675117841781874,0.7,3,CD44;MMP2;COL1A1,"score=sender_ligand_expression*receiver_receptor_expression*receiver_target_program_score*lr_weight; curated prior baseline, not nichenetr package output"
Unknown,Endothelial,VEGFA,FLT1,0.34826871744881593,0.0983222299270073,1.474795693548387,3.0022088378825473,0.8,5,KDR;FLT1;TEK;VWF;PECAM1,"score=sender_ligand_expression*receiver_receptor_expression*receiver_target_program_score*lr_weight; curated prior baseline, not nichenetr package output"
B/Plasma,Myeloid,CXCL12,CXCR4,0.3329848370533419,0.02215712890625,4.715860672268907,3.5408497478991596,0.9,3,CXCR4;CCL5;CCL2,"score=sender_ligand_expression*receiver_receptor_expression*receiver_target_program_score*lr_weight; curated prior baseline, not nichenetr package output"
Unknown,CAF/Fibroblast,COL1A1,ITGA1,0.3242755375832412,0.3506322226277372,0.8341067857142858,2.217536130952381,0.5,2,ITGA1;MMP2,"score=sender_ligand_expression*receiver_receptor_expression*receiver_target_program_score*lr_weight; curated prior baseline, not nichenetr package output"
Myeloid,Tumor/Malignant,CXCL12,CXCR4,0.3122409686805105,1.4901410084033613,0.2754565552903739,0.8452144192521878,0.9,3,CXCR4;CCL5;CCL2,"score=sender_ligand_expression*receiver_receptor_expression*receiver_target_program_score*lr_weight; curated prior baseline, not nichenetr package output"
T/NK,B/Plasma,SPP1,CD44,0.30912864669919643,0.1140843185078909,2.844350447265625,1.3609186202566963,0.7,3,CD44;MMP2;COL1A1,"score=sender_ligand_expression*receiver_receptor_expression*receiver_target_program_score*lr_weight; curated prior baseline, not nichenetr package output"
B/Plasma,Myeloid,SPP1,CD44,0.3009468492953227,0.0606325390625,3.7623098319327735,1.8846532084833936,0.7,3,CD44;MMP2;COL1A1,"score=sender_ligand_expression*receiver_receptor_expression*receiver_target_program_score*lr_weight; curated prior baseline, not nichenetr package output"
B/Plasma,Myeloid,CSF1,CSF1R,0.29715544916459175,0.02106900390625,4.845564705882353,3.6383570028011203,0.8,2,CSF1R;CCR2,"score=sender_ligand_expression*receiver_receptor_expression*receiver_target_program_score*lr_weight; curated prior baseline, not nichenetr package output"
Unknown,T/NK,TNF,TNFRSF1A,0.27807432018718103,0.4014180474452555,0.5419432137733142,1.8260479086561452,0.7,4,TNFRSF1A;CCL5;CCL2;MMP9,"score=sender_ligand_expression*receiver_receptor_expression*receiver_target_program_score*lr_weight; curated prior baseline, not nichenetr package output"
B/Plasma,T/NK,SPP1,CD44,0.2747433547594811,0.0606325390625,3.676164682926829,1.760874657785065,0.7,3,CD44;MMP2;COL1A1,"score=sender_ligand_expression*receiver_receptor_expression*receiver_target_program_score*lr_weight; curated prior baseline, not nichenetr package output"
CAF/Fibroblast,Unknown,COL1A1,ITGA1,0.2629618452177856,7.986839285714287,0.2594019927007299,0.25384842944038927,0.5,2,ITGA1;MMP2,"score=sender_ligand_expression*receiver_receptor_expression*receiver_target_program_score*lr_weight; curated prior baseline, not nichenetr package output"
Myeloid,Unknown,IL6,IL6R,0.2572909413004023,0.2110236134453781,1.7685386459854016,0.9848743934654153,0.7,3,IL6R;TNF;MMP9,"score=sender_ligand_expression*receiver_receptor_expression*receiver_target_program_score*lr_weight; curated prior baseline, not nichenetr package output"
Unknown,T/NK,IFNG,IFNGR1,0.2563019146609209,0.2927980474452554,0.5991980726924916,2.0869652920680464,0.7,3,IFNGR1;TNF;CCL5,"score=sender_ligand_expression*receiver_receptor_expression*receiver_target_program_score*lr_weight; curated prior baseline, not nichenetr package output"
B/Plasma,Unknown,SPP1,CD44,0.2544667805632525,0.0606325390625,3.391470967153285,1.7678246953423706,0.7,3,CD44;MMP2;COL1A1,"score=sender_ligand_expression*receiver_receptor_expression*receiver_target_program_score*lr_weight; curated prior baseline, not nichenetr package output"
Tumor/Malignant,Unknown,CXCL12,CXCR4,0.25387712062069306,0.0154527207637231,4.880187572992701,3.740585474908759,0.9,3,CXCR4;CCL5;CCL2,"score=sender_ligand_expression*receiver_receptor_expression*receiver_target_program_score*lr_weight; curated prior baseline, not nichenetr package output"
Myeloid,T/NK,IL6,IL6R,0.2495855929646427,0.2110236134453781,1.740535724677188,0.9707501706406139,0.7,3,IL6R;TNF;MMP9,"score=sender_ligand_expression*receiver_receptor_expression*receiver_target_program_score*lr_weight; curated prior baseline, not nichenetr package output"
Endothelial,Myeloid,MMP2,ITGAV,0.23688372477775643,1.9550585483870968,0.5767611344537815,0.42015492997198883,0.5,2,ITGAV;COL1A1,"score=sender_ligand_expression*receiver_receptor_expression*receiver_target_program_score*lr_weight; curated prior baseline, not nichenetr package output"
Tumor/Malignant,Myeloid,CXCL12,CXCR4,0.23222872093720143,0.0154527207637231,4.715860672268907,3.5408497478991596,0.9,3,CXCR4;CCL5;CCL2,"score=sender_ligand_expression*receiver_receptor_expression*receiver_target_program_score*lr_weight; curated prior baseline, not nichenetr package output"
Endothelial,Tumor/Malignant,CXCL12,CXCR4,0.22874032287250912,1.091641935483871,0.2754565552903739,0.8452144192521878,0.9,3,CXCR4;CCL5;CCL2,"score=sender_ligand_expression*receiver_receptor_expression*receiver_target_program_score*lr_weight; curated prior baseline, not nichenetr package output"
CAF/Fibroblast,Endothelial,TNF,TNFRSF1A,0.2280670793486088,0.0427107142857142,3.2775261290322577,2.327456451612903,0.7,4,TNFRSF1A;CCL5;CCL2;MMP9,"score=sender_ligand_expression*receiver_receptor_expression*receiver_target_program_score*lr_weight; curated prior baseline, not nichenetr package output"
B/Plasma,CAF/Fibroblast,IFNG,IFNGR1,0.2245253158516282,0.083989453125,2.289579107142857,1.6679647534013604,0.7,3,IFNGR1;TNF;CCL5,"score=sender_ligand_expression*receiver_receptor_expression*receiver_target_program_score*lr_weight; curated prior baseline, not nichenetr package output"
B/Plasma,Endothelial,IL6,IL6R,0.22015823316016322,0.432512890625,1.2282240322580644,0.5920525345622119,0.7,3,IL6R;TNF;MMP9,"score=sender_ligand_expression*receiver_receptor_expression*receiver_target_program_score*lr_weight; curated prior baseline, not nichenetr package output"
Unknown,Myeloid,IL6,IL6R,0.21461677145564012,0.1599480291970803,1.5694427731092435,1.2213531012404963,0.7,3,IL6R;TNF;MMP9,"score=sender_ligand_expression*receiver_receptor_expression*receiver_target_program_score*lr_weight; curated prior baseline, not nichenetr package output"
Endothelial,Myeloid,IL6,IL6R,0.21325814759554226,0.1589354838709677,1.5694427731092435,1.2213531012404963,0.7,3,IL6R;TNF;MMP9,"score=sender_ligand_expression*receiver_receptor_expression*receiver_target_program_score*lr_weight; curated prior baseline, not nichenetr package output"
Tumor/Malignant,Myeloid,IFNG,IFNGR1,0.20828753137540973,0.0192934526650755,4.60890693277311,3.346241956782713,0.7,3,IFNGR1;TNF;CCL5,"score=sender_ligand_expression*receiver_receptor_expression*receiver_target_program_score*lr_weight; curated prior baseline, not nichenetr package output"
Myeloid,B/Plasma,IL6,IL6R,0.1995250620101975,0.2110236134453781,1.527360546875,0.8843553162202381,0.7,3,IL6R;TNF;MMP9,"score=sender_ligand_expression*receiver_receptor_expression*receiver_target_program_score*lr_weight; curated prior baseline, not nichenetr package output"
B/Plasma,Tumor/Malignant,IL6,IL6R,0.19909265621255987,0.432512890625,1.1384985433571997,0.5775979800734932,0.7,3,IL6R;TNF;MMP9,"score=sender_ligand_expression*receiver_receptor_expression*receiver_target_program_score*lr_weight; curated prior baseline, not nichenetr package output"
CAF/Fibroblast,Unknown,MMP2,ITGAV,0.19860253680474765,4.984394821428571,0.2690190091240876,0.29622341362530413,0.5,2,ITGAV;COL1A1,"score=sender_ligand_expression*receiver_receptor_expression*receiver_target_program_score*lr_weight; curated prior baseline, not nichenetr package output"
Endothelial,Unknown,IL6,IL6R,0.1937823904327226,0.1589354838709677,1.7685386459854016,0.9848743934654153,0.7,3,IL6R;TNF;MMP9,"score=sender_ligand_expression*receiver_receptor_expression*receiver_target_program_score*lr_weight; curated prior baseline, not nichenetr package output"
Unknown,T/NK,IL6,IL6R,0.18917657156416978,0.1599480291970803,1.740535724677188,0.9707501706406139,0.7,3,IL6R;TNF;MMP9,"score=sender_ligand_expression*receiver_receptor_expression*receiver_target_program_score*lr_weight; curated prior baseline, not nichenetr package output"
Endothelial,T/NK,IL6,IL6R,0.1879789959872223,0.1589354838709677,1.740535724677188,0.9707501706406139,0.7,3,IL6R;TNF;MMP9,"score=sender_ligand_expression*receiver_receptor_expression*receiver_target_program_score*lr_weight; curated prior baseline, not nichenetr package output"
CAF/Fibroblast,Tumor/Malignant,COL1A1,ITGA1,0.18711019980455018,7.986839285714287,0.2016534653937947,0.2323522182444974,0.5,2,ITGA1;MMP2,"score=sender_ligand_expression*receiver_receptor_expression*receiver_target_program_score*lr_weight; curated prior baseline, not nichenetr package output"
Tumor/Malignant,Myeloid,CCL2,CCR2,0.1816547316331552,0.0718507557677008,1.223941596638655,2.5820502626050414,0.8,2,CCR2;CSF1R,"score=sender_ligand_expression*receiver_receptor_expression*receiver_target_program_score*lr_weight; curated prior baseline, not nichenetr package output"
B/Plasma,Unknown,IFNG,IFNGR1,0.17847489607915987,0.083989453125,1.528891197080292,1.9855359927876257,0.7,3,IFNGR1;TNF;CCL5,"score=sender_ligand_expression*receiver_receptor_expression*receiver_target_program_score*lr_weight; curated prior baseline, not nichenetr package output"
T/NK,Endothelial,VEGFA,KDR,0.1766882366778187,0.0228939430894308,2.570668870967742,3.0022088378825473,1.0,5,KDR;FLT1;TEK;VWF;PECAM1,"score=sender_ligand_expression*receiver_receptor_expression*receiver_target_program_score*lr_weight; curated prior baseline, not nichenetr package output"
CAF/Fibroblast,Unknown,CSF1,CSF1R,0.1570645931925934,1.5998285714285714,0.3666127664233576,0.3347397396593674,0.8,2,CSF1R;CCR2,"score=sender_ligand_expression*receiver_receptor_expression*receiver_target_program_score*lr_weight; curated prior baseline, not nichenetr package output"
CAF/Fibroblast,Unknown,CCL2,CCR2,0.15259791243876245,2.2938875,0.2709936861313868,0.30685084124087586,0.8,2,CCR2;CSF1R,"score=sender_ligand_expression*receiver_receptor_expression*receiver_target_program_score*lr_weight; curated prior baseline, not nichenetr package output"
Unknown,B/Plasma,IL6,IL6R,0.15123255602964517,0.1599480291970803,1.527360546875,0.8843553162202381,0.7,3,IL6R;TNF;MMP9,"score=sender_ligand_expression*receiver_receptor_expression*receiver_target_program_score*lr_weight; curated prior baseline, not nichenetr package output"
Endothelial,B/Plasma,IL6,IL6R,0.1502751836973159,0.1589354838709677,1.527360546875,0.8843553162202381,0.7,3,IL6R;TNF;MMP9,"score=sender_ligand_expression*receiver_receptor_expression*receiver_target_program_score*lr_weight; curated prior baseline, not nichenetr package output"
Endothelial,Unknown,CCL2,CCR2,0.14049453991257807,2.1119467741935485,0.2709936861313868,0.30685084124087586,0.8,2,CCR2;CSF1R,"score=sender_ligand_expression*receiver_receptor_expression*receiver_target_program_score*lr_weight; curated prior baseline, not nichenetr package output"
Myeloid,Endothelial,COL1A1,ITGA1,0.13663817359341665,0.1069425210084033,1.5291369354838709,1.671110806451613,0.5,2,ITGA1;MMP2,"score=sender_ligand_expression*receiver_receptor_expression*receiver_target_program_score*lr_weight; curated prior baseline, not nichenetr package output"
CAF/Fibroblast,Myeloid,TNF,TNFRSF1A,0.13363727983014814,0.0427107142857142,2.3039317647058826,1.9400956414565824,0.7,4,TNFRSF1A;CCL5;CCL2;MMP9,"score=sender_ligand_expression*receiver_receptor_expression*receiver_target_program_score*lr_weight; curated prior baseline, not nichenetr package output"
Myeloid,Endothelial,CXCL12,CXCR4,0.133075299408205,1.4901410084033613,0.0733190322580645,1.353352258064516,0.9,3,CXCR4;CCL5;CCL2,"score=sender_ligand_expression*receiver_receptor_expression*receiver_target_program_score*lr_weight; curated prior baseline, not nichenetr package output"
T/NK,B/Plasma,CCL5,CCR5,0.13280557252606706,6.994370081300813,0.03994412109375,0.5941893098958334,0.8,2,CCR5;IFNGR1,"score=sender_ligand_expression*receiver_receptor_expression*receiver_target_program_score*lr_weight; curated prior baseline, not nichenetr package output"
Unknown,Endothelial,SPP1,CD44,0.12692263229189163,1.1685076642335768,0.2298422580645161,0.675117841781874,0.7,3,CD44;MMP2;COL1A1,"score=sender_ligand_expression*receiver_receptor_expression*receiver_target_program_score*lr_weight; curated prior baseline, not nichenetr package output"
Tumor/Malignant,Endothelial,MMP2,ITGAV,0.12395593980888434,0.2937497239459029,1.117726935483871,0.7550646774193548,0.5,2,ITGAV;COL1A1,"score=sender_ligand_expression*receiver_receptor_expression*receiver_target_program_score*lr_weight; curated prior baseline, not nichenetr package output"
B/Plasma,Tumor/Malignant,IFNG,IFNGR1,0.11821739920483484,0.083989453125,1.454791016706444,1.3821589695798766,0.7,3,IFNGR1;TNF;CCL5,"score=sender_ligand_expression*receiver_receptor_expression*receiver_target_program_score*lr_weight; curated prior baseline, not nichenetr package output"
Endothelial,Unknown,CSF1,CSF1R,0.11179825348119775,1.1387546774193549,0.3666127664233576,0.3347397396593674,0.8,2,CSF1R;CCR2,"score=sender_ligand_expression*receiver_receptor_expression*receiver_target_program_score*lr_weight; curated prior baseline, not nichenetr package output"
Myeloid,Endothelial,IL6,IL6R,0.10741549419272343,0.2110236134453781,1.2282240322580644,0.5920525345622119,0.7,3,IL6R;TNF;MMP9,"score=sender_ligand_expression*receiver_receptor_expression*receiver_target_program_score*lr_weight; curated prior baseline, not nichenetr package output"
Unknown,CAF/Fibroblast,CXCL12,CXCR4,0.10377585946165488,0.3208051094890511,0.2754348214285714,1.3049495089285714,0.9,3,CXCR4;CCL5;CCL2,"score=sender_ligand_expression*receiver_receptor_expression*receiver_target_program_score*lr_weight; curated prior baseline, not nichenetr package output"
Myeloid,Unknown,CCL2,CCR2,0.10283045402509217,1.5457714285714286,0.2709936861313868,0.30685084124087586,0.8,2,CCR2;CSF1R,"score=sender_ligand_expression*receiver_receptor_expression*receiver_target_program_score*lr_weight; curated prior baseline, not nichenetr package output"
Unknown,Endothelial,MMP2,ITGAV,0.10243150505696044,0.242741302919708,1.117726935483871,0.7550646774193548,0.5,2,ITGAV;COL1A1,"score=sender_ligand_expression*receiver_receptor_expression*receiver_target_program_score*lr_weight; curated prior baseline, not nichenetr package output"
Myeloid,Endothelial,MMP2,ITGAV,0.09986156273608442,0.2366510756302521,1.117726935483871,0.7550646774193548,0.5,2,ITGAV;COL1A1,"score=sender_ligand_expression*receiver_receptor_expression*receiver_target_program_score*lr_weight; curated prior baseline, not nichenetr package output"
Myeloid,CAF/Fibroblast,COL1A1,ITGA1,0.09890375513868625,0.1069425210084033,0.8341067857142858,2.217536130952381,0.5,2,ITGA1;MMP2,"score=sender_ligand_expression*receiver_receptor_expression*receiver_target_program_score*lr_weight; curated prior baseline, not nichenetr package output"
Tumor/Malignant,Unknown,TNF,TNFRSF1A,0.09841918216637016,0.1144931901352426,0.8139762408759125,1.5086563568734792,0.7,4,TNFRSF1A;CCL5;CCL2;MMP9,"score=sender_ligand_expression*receiver_receptor_expression*receiver_target_program_score*lr_weight; curated prior baseline, not nichenetr package output"
Myeloid,Tumor/Malignant,IL6,IL6R,0.09713757123793886,0.2110236134453781,1.1384985433571997,0.5775979800734932,0.7,3,IL6R;TNF;MMP9,"score=sender_ligand_expression*receiver_receptor_expression*receiver_target_program_score*lr_weight; curated prior baseline, not nichenetr package output"
B/Plasma,CAF/Fibroblast,IL6,IL6R,0.09510580072651552,0.432512890625,0.7835799999999999,0.40089124149659855,0.7,3,IL6R;TNF;MMP9,"score=sender_ligand_expression*receiver_receptor_expression*receiver_target_program_score*lr_weight; curated prior baseline, not nichenetr package output"
T/NK,Myeloid,CCL2,CCR2,0.09385737013451032,0.0371238498326159,1.223941596638655,2.5820502626050414,0.8,2,CCR2;CSF1R,"score=sender_ligand_expression*receiver_receptor_expression*receiver_target_program_score*lr_weight; curated prior baseline, not nichenetr package output"
CAF/Fibroblast,T/NK,CCL2,CCR2,0.09255781682391079,2.2938875,0.2744502859875657,0.18377537296747962,0.8,2,CCR2;CSF1R,"score=sender_ligand_expression*receiver_receptor_expression*receiver_target_program_score*lr_weight; curated prior baseline, not nichenetr package output"
Unknown,B/Plasma,CCL5,CCR5,0.09113555799447473,4.799767118613138,0.03994412109375,0.5941893098958334,0.8,2,CCR5;IFNGR1,"score=sender_ligand_expression*receiver_receptor_expression*receiver_target_program_score*lr_weight; curated prior baseline, not nichenetr package output"
Endothelial,T/NK,CCL2,CCR2,0.08521655166945014,2.1119467741935485,0.2744502859875657,0.18377537296747962,0.8,2,CCR2;CSF1R,"score=sender_ligand_expression*receiver_receptor_expression*receiver_target_program_score*lr_weight; curated prior baseline, not nichenetr package output"
Tumor/Malignant,Endothelial,IFNG,IFNGR1,0.08206401290962796,0.0192934526650755,2.869497096774193,2.1175758064516126,0.7,3,IFNGR1;TNF;CCL5,"score=sender_ligand_expression*receiver_receptor_expression*receiver_target_program_score*lr_weight; curated prior baseline, not nichenetr package output"
Unknown,Endothelial,IL6,IL6R,0.08141693870578935,0.1599480291970803,1.2282240322580644,0.5920525345622119,0.7,3,IL6R;TNF;MMP9,"score=sender_ligand_expression*receiver_receptor_expression*receiver_target_program_score*lr_weight; curated prior baseline, not nichenetr package output"
T/NK,Endothelial,VEGFA,FLT1,0.08109299598901942,0.0228939430894308,1.474795693548387,3.0022088378825473,0.8,5,KDR;FLT1;TEK;VWF;PECAM1,"score=sender_ligand_expression*receiver_receptor_expression*receiver_target_program_score*lr_weight; curated prior baseline, not nichenetr package output"
Tumor/Malignant,T/NK,TNF,TNFRSF1A,0.07931286651296163,0.1144931901352426,0.5419432137733142,1.8260479086561452,0.7,4,TNFRSF1A;CCL5;CCL2;MMP9,"score=sender_ligand_expression*receiver_receptor_expression*receiver_target_program_score*lr_weight; curated prior baseline, not nichenetr package output"
Endothelial,Unknown,MMP2,ITGAV,0.0778990431581021,1.9550585483870968,0.2690190091240876,0.29622341362530413,0.5,2,ITGAV;COL1A1,"score=sender_ligand_expression*receiver_receptor_expression*receiver_target_program_score*lr_weight; curated prior baseline, not nichenetr package output"
CAF/Fibroblast,Tumor/Malignant,TGFB1,TGFBR1,0.0756379289055814,0.2911633928571429,0.8906474590294352,0.32408170460974095,0.9,4,COL1A2;COL1A1;MMP2;MMP9,"score=sender_ligand_expression*receiver_receptor_expression*receiver_target_program_score*lr_weight; curated prior baseline, not nichenetr package output"
Unknown,Tumor/Malignant,IL6,IL6R,0.07362665640507068,0.1599480291970803,1.1384985433571997,0.5775979800734932,0.7,3,IL6R;TNF;MMP9,"score=sender_ligand_expression*receiver_receptor_expression*receiver_target_program_score*lr_weight; curated prior baseline, not nichenetr package output"
B/Plasma,T/NK,IFNG,IFNGR1,0.07352049590182469,0.083989453125,0.5991980726924916,2.0869652920680464,0.7,3,IFNGR1;TNF;CCL5,"score=sender_ligand_expression*receiver_receptor_expression*receiver_target_program_score*lr_weight; curated prior baseline, not nichenetr package output"
Endothelial,Tumor/Malignant,IL6,IL6R,0.07316056546794264,0.1589354838709677,1.1384985433571997,0.5775979800734932,0.7,3,IL6R;TNF;MMP9,"score=sender_ligand_expression*receiver_receptor_expression*receiver_target_program_score*lr_weight; curated prior baseline, not nichenetr package output"
Tumor/Malignant,Endothelial,COL1A1,ITGA1,0.07158271493197167,0.0560256024661893,1.5291369354838709,1.671110806451613,0.5,2,ITGA1;MMP2,"score=sender_ligand_expression*receiver_receptor_expression*receiver_target_program_score*lr_weight; curated prior baseline, not nichenetr package output"
Myeloid,Tumor/Malignant,TGFB1,TGFBR1,0.06874243777432155,0.2646196386554622,0.8906474590294352,0.32408170460974095,0.9,4,COL1A2;COL1A1;MMP2;MMP9,"score=sender_ligand_expression*receiver_receptor_expression*receiver_target_program_score*lr_weight; curated prior baseline, not nichenetr package output"
Unknown,Tumor/Malignant,CXCL12,CXCR4,0.06722081841895346,0.3208051094890511,0.2754565552903739,0.8452144192521878,0.9,3,CXCR4;CCL5;CCL2,"score=sender_ligand_expression*receiver_receptor_expression*receiver_target_program_score*lr_weight; curated prior baseline, not nichenetr package output"
CAF/Fibroblast,Myeloid,VEGFA,FLT1,0.06645959728763039,0.3922342857142857,0.4821888571428571,0.4392431475975004,0.8,5,FLT1;KDR;TEK;PECAM1;VWF,"score=sender_ligand_expression*receiver_receptor_expression*receiver_target_program_score*lr_weight; curated prior baseline, not nichenetr package output"
T/NK,Unknown,CSF1,CSF1R,0.06326804598580509,0.6444356781444285,0.3666127664233576,0.3347397396593674,0.8,2,CSF1R;CCR2,"score=sender_ligand_expression*receiver_receptor_expression*receiver_target_program_score*lr_weight; curated prior baseline, not nichenetr package output"
Myeloid,Unknown,VEGFA,FLT1,0.06257114146339841,0.4358437899159664,0.5508592463503649,0.32577112287104615,0.8,5,FLT1;KDR;TEK;PECAM1;VWF,"score=sender_ligand_expression*receiver_receptor_expression*receiver_target_program_score*lr_weight; curated prior baseline, not nichenetr package output"
Myeloid,T/NK,CCL2,CCR2,0.06237151069411609,1.5457714285714286,0.2744502859875657,0.18377537296747962,0.8,2,CCR2;CSF1R,"score=sender_ligand_expression*receiver_receptor_expression*receiver_target_program_score*lr_weight; curated prior baseline, not nichenetr package output"
Myeloid,B/Plasma,CCL5,CCR5,0.060492380935308836,3.185906218487395,0.03994412109375,0.5941893098958334,0.8,2,CCR5;IFNGR1,"score=sender_ligand_expression*receiver_receptor_expression*receiver_target_program_score*lr_weight; curated prior baseline, not nichenetr package output"
CAF/Fibroblast,Tumor/Malignant,TNF,TNFRSF1A,0.06040688033732564,0.0427107142857142,1.6611161654733493,1.2163303076107133,0.7,4,TNFRSF1A;CCL5;CCL2;MMP9,"score=sender_ligand_expression*receiver_receptor_expression*receiver_target_program_score*lr_weight; curated prior baseline, not nichenetr package output"
Myeloid,B/Plasma,VEGFA,FLT1,0.060040920406282,0.4358437899159664,0.6115306875,0.2815841701722756,0.8,5,FLT1;KDR;TEK;PECAM1;VWF,"score=sender_ligand_expression*receiver_receptor_expression*receiver_target_program_score*lr_weight; curated prior baseline, not nichenetr package output"
Endothelial,B/Plasma,CCL5,CCR5,0.05990221111739627,3.154824193548387,0.03994412109375,0.5941893098958334,0.8,2,CCR5;IFNGR1,"score=sender_ligand_expression*receiver_receptor_expression*receiver_target_program_score*lr_weight; curated prior baseline, not nichenetr package output"
B/Plasma,Endothelial,VEGFA,KDR,0.0585506981184861,0.0075865625,2.570668870967742,3.0022088378825473,1.0,5,KDR;FLT1;TEK;VWF;PECAM1,"score=sender_ligand_expression*receiver_receptor_expression*receiver_target_program_score*lr_weight; curated prior baseline, not nichenetr package output"
Tumor/Malignant,CAF/Fibroblast,TGFB1,TGFBR1,0.05817658322586773,0.0146131742243436,0.7869236071428573,5.6211938888888895,0.9,4,COL1A2;COL1A1;MMP2;MMP9,"score=sender_ligand_expression*receiver_receptor_expression*receiver_target_program_score*lr_weight; curated prior baseline, not nichenetr package output"
T/NK,Tumor/Malignant,CCL5,CCR5,0.057896103613106736,6.994370081300813,0.0207452505966587,0.4987605059665871,0.8,2,CCR5;IFNGR1,"score=sender_ligand_expression*receiver_receptor_expression*receiver_target_program_score*lr_weight; curated prior baseline, not nichenetr package output"
Myeloid,T/NK,VEGFA,FLT1,0.0575285897667304,0.4358437899159664,0.5704567709230034,0.2892278701026376,0.8,5,FLT1;KDR;TEK;PECAM1;VWF,"score=sender_ligand_expression*receiver_receptor_expression*receiver_target_program_score*lr_weight; curated prior baseline, not nichenetr package output"
CAF/Fibroblast,Unknown,VEGFA,FLT1,0.05631042026079017,0.3922342857142857,0.5508592463503649,0.32577112287104615,0.8,5,FLT1;KDR;TEK;PECAM1;VWF,"score=sender_ligand_expression*receiver_receptor_expression*receiver_target_program_score*lr_weight; curated prior baseline, not nichenetr package output"
Endothelial,Tumor/Malignant,TGFB1,TGFBR1,0.05522438162052493,0.2125827419354838,0.8906474590294352,0.32408170460974095,0.9,4,COL1A2;COL1A1;MMP2;MMP9,"score=sender_ligand_expression*receiver_receptor_expression*receiver_target_program_score*lr_weight; curated prior baseline, not nichenetr package output"
Tumor/Malignant,Myeloid,VEGFA,FLT1,0.05440600966200705,0.3210958719172633,0.4821888571428571,0.4392431475975004,0.8,5,FLT1;KDR;TEK;PECAM1;VWF,"score=sender_ligand_expression*receiver_receptor_expression*receiver_target_program_score*lr_weight; curated prior baseline, not nichenetr package output"
CAF/Fibroblast,B/Plasma,VEGFA,FLT1,0.05403336716975346,0.3922342857142857,0.6115306875,0.2815841701722756,0.8,5,FLT1;KDR;TEK;PECAM1;VWF,"score=sender_ligand_expression*receiver_receptor_expression*receiver_target_program_score*lr_weight; curated prior baseline, not nichenetr package output"
Tumor/Malignant,B/Plasma,CCL5,CCR5,0.052369294639499665,2.7580938106603026,0.03994412109375,0.5941893098958334,0.8,2,CCR5;IFNGR1,"score=sender_ligand_expression*receiver_receptor_expression*receiver_target_program_score*lr_weight; curated prior baseline, not nichenetr package output"
Tumor/Malignant,CAF/Fibroblast,COL1A1,ITGA1,0.051814212116600034,0.0560256024661893,0.8341067857142858,2.217536130952381,0.5,2,ITGA1;MMP2,"score=sender_ligand_expression*receiver_receptor_expression*receiver_target_program_score*lr_weight; curated prior baseline, not nichenetr package output"
CAF/Fibroblast,T/NK,VEGFA,FLT1,0.05177241442319113,0.3922342857142857,0.5704567709230034,0.2892278701026376,0.8,5,FLT1;KDR;TEK;PECAM1;VWF,"score=sender_ligand_expression*receiver_receptor_expression*receiver_target_program_score*lr_weight; curated prior baseline, not nichenetr package output"
Tumor/Malignant,CAF/Fibroblast,IFNG,IFNGR1,0.05157633955596153,0.0192934526650755,2.289579107142857,1.6679647534013604,0.7,3,IFNGR1;TNF;CCL5,"score=sender_ligand_expression*receiver_receptor_expression*receiver_target_program_score*lr_weight; curated prior baseline, not nichenetr package output"
Unknown,Tumor/Malignant,MMP2,ITGAV,0.047908344991635814,0.242741302919708,0.7555958130469372,0.5224057428533546,0.5,2,ITGAV;COL1A1,"score=sender_ligand_expression*receiver_receptor_expression*receiver_target_program_score*lr_weight; curated prior baseline, not nichenetr package output"
Unknown,Tumor/Malignant,TGFB1,TGFBR1,0.04754034709927709,0.1830035401459853,0.8906474590294352,0.32408170460974095,0.9,4,COL1A2;COL1A1;MMP2;MMP9,"score=sender_ligand_expression*receiver_receptor_expression*receiver_target_program_score*lr_weight; curated prior baseline, not nichenetr package output"
T/NK,Tumor/Malignant,TGFB1,TGFBR1,0.04715593082962052,0.1815237541846006,0.8906474590294352,0.32408170460974095,0.9,4,COL1A2;COL1A1;MMP2;MMP9,"score=sender_ligand_expression*receiver_receptor_expression*receiver_target_program_score*lr_weight; curated prior baseline, not nichenetr package output"
Myeloid,Tumor/Malignant,MMP2,ITGAV,0.04670635461525047,0.2366510756302521,0.7555958130469372,0.5224057428533546,0.5,2,ITGAV;COL1A1,"score=sender_ligand_expression*receiver_receptor_expression*receiver_target_program_score*lr_weight; curated prior baseline, not nichenetr package output"
Myeloid,CAF/Fibroblast,IL6,IL6R,0.04640224641611021,0.2110236134453781,0.7835799999999999,0.40089124149659855,0.7,3,IL6R;TNF;MMP9,"score=sender_ligand_expression*receiver_receptor_expression*receiver_target_program_score*lr_weight; curated prior baseline, not nichenetr package output"
Tumor/Malignant,B/Plasma,IFNG,IFNGR1,0.046202954787609156,0.0192934526650755,1.7026796875,2.009226056547619,0.7,3,IFNGR1;TNF;CCL5,"score=sender_ligand_expression*receiver_receptor_expression*receiver_target_program_score*lr_weight; curated prior baseline, not nichenetr package output"
Tumor/Malignant,Unknown,VEGFA,FLT1,0.04609755992834517,0.3210958719172633,0.5508592463503649,0.32577112287104615,0.8,5,FLT1;KDR;TEK;PECAM1;VWF,"score=sender_ligand_expression*receiver_receptor_expression*receiver_target_program_score*lr_weight; curated prior baseline, not nichenetr package output"
CAF/Fibroblast,B/Plasma,CCL5,CCR5,0.0450960789724259,2.375040892857143,0.03994412109375,0.5941893098958334,0.8,2,CCR5;IFNGR1,"score=sender_ligand_expression*receiver_receptor_expression*receiver_target_program_score*lr_weight; curated prior baseline, not nichenetr package output"
Myeloid,Endothelial,IFNG,IFNGR1,0.04468460878035001,0.0105054621848739,2.869497096774193,2.1175758064516126,0.7,3,IFNGR1;TNF;CCL5,"score=sender_ligand_expression*receiver_receptor_expression*receiver_target_program_score*lr_weight; curated prior baseline, not nichenetr package output"
Tumor/Malignant,B/Plasma,VEGFA,FLT1,0.04423348946256003,0.3210958719172633,0.6115306875,0.2815841701722756,0.8,5,FLT1;KDR;TEK;PECAM1;VWF,"score=sender_ligand_expression*receiver_receptor_expression*receiver_target_program_score*lr_weight; curated prior baseline, not nichenetr package output"
Myeloid,B/Plasma,TNF,TNFRSF1A,0.044043221078736955,1.3754134453781517,0.043475703125,1.0522069192708332,0.7,4,TNFRSF1A;CCL5;CCL2;MMP9,"score=sender_ligand_expression*receiver_receptor_expression*receiver_target_program_score*lr_weight; curated prior baseline, not nichenetr package output"
B/Plasma,Tumor/Malignant,TGFB1,TGFBR1,0.043880739408896086,0.16891611328125,0.8906474590294352,0.32408170460974095,0.9,4,COL1A2;COL1A1;MMP2;MMP9,"score=sender_ligand_expression*receiver_receptor_expression*receiver_target_program_score*lr_weight; curated prior baseline, not nichenetr package output"
B/Plasma,Myeloid,CCL2,CCR2,0.04381825205396044,0.017331640625,1.223941596638655,2.5820502626050414,0.8,2,CCR2;CSF1R,"score=sender_ligand_expression*receiver_receptor_expression*receiver_target_program_score*lr_weight; curated prior baseline, not nichenetr package output"
CAF/Fibroblast,Myeloid,TGFB1,TGFBR1,0.04295786900447242,0.2911633928571429,0.879284680672269,0.1864377880485527,0.9,4,COL1A1;COL1A2;MMP9;MMP2,"score=sender_ligand_expression*receiver_receptor_expression*receiver_target_program_score*lr_weight; curated prior baseline, not nichenetr package output"
Tumor/Malignant,T/NK,VEGFA,FLT1,0.042382599267688115,0.3210958719172633,0.5704567709230034,0.2892278701026376,0.8,5,FLT1;KDR;TEK;PECAM1;VWF,"score=sender_ligand_expression*receiver_receptor_expression*receiver_target_program_score*lr_weight; curated prior baseline, not nichenetr package output"
Tumor/Malignant,Unknown,IFNG,IFNGR1,0.040997968569729745,0.0192934526650755,1.528891197080292,1.9855359927876257,0.7,3,IFNGR1;TNF;CCL5,"score=sender_ligand_expression*receiver_receptor_expression*receiver_target_program_score*lr_weight; curated prior baseline, not nichenetr package output"
Unknown,Tumor/Malignant,CCL5,CCR5,0.03973021318401948,4.799767118613138,0.0207452505966587,0.4987605059665871,0.8,2,CCR5;IFNGR1,"score=sender_ligand_expression*receiver_receptor_expression*receiver_target_program_score*lr_weight; curated prior baseline, not nichenetr package output"
T/NK,Endothelial,COL1A1,ITGA1,0.037756554672492657,0.0295509010043041,1.5291369354838709,1.671110806451613,0.5,2,ITGA1;MMP2,"score=sender_ligand_expression*receiver_receptor_expression*receiver_target_program_score*lr_weight; curated prior baseline, not nichenetr package output"
CAF/Fibroblast,Unknown,TNF,TNFRSF1A,0.03671444183515314,0.0427107142857142,0.8139762408759125,1.5086563568734792,0.7,4,TNFRSF1A;CCL5;CCL2;MMP9,"score=sender_ligand_expression*receiver_receptor_expression*receiver_target_program_score*lr_weight; curated prior baseline, not nichenetr package output"
B/Plasma,Tumor/Malignant,CCL5,CCR5,0.036454902740756356,4.40408015625,0.0207452505966587,0.4987605059665871,0.8,2,CCR5;IFNGR1,"score=sender_ligand_expression*receiver_receptor_expression*receiver_target_program_score*lr_weight; curated prior baseline, not nichenetr package output"
Tumor/Malignant,Myeloid,MMP2,ITGAV,0.03559204342915955,0.2937497239459029,0.5767611344537815,0.42015492997198883,0.5,2,ITGAV;COL1A1,"score=sender_ligand_expression*receiver_receptor_expression*receiver_target_program_score*lr_weight; curated prior baseline, not nichenetr package output"
Unknown,CAF/Fibroblast,IL6,IL6R,0.035171172284447806,0.1599480291970803,0.7835799999999999,0.40089124149659855,0.7,3,IL6R;TNF;MMP9,"score=sender_ligand_expression*receiver_receptor_expression*receiver_target_program_score*lr_weight; curated prior baseline, not nichenetr package output"
Endothelial,CAF/Fibroblast,IL6,IL6R,0.034948522425682506,0.1589354838709677,0.7835799999999999,0.40089124149659855,0.7,3,IL6R;TNF;MMP9,"score=sender_ligand_expression*receiver_receptor_expression*receiver_target_program_score*lr_weight; curated prior baseline, not nichenetr package output"
CAF/Fibroblast,Unknown,TGFB1,TGFBR1,0.03370229925543206,0.2911633928571429,0.4108483576642336,0.31303917791970803,0.9,4,COL1A2;COL1A1;MMP2;MMP9,"score=sender_ligand_expression*receiver_receptor_expression*receiver_target_program_score*lr_weight; curated prior baseline, not nichenetr package output"
Tumor/Malignant,Myeloid,IL6,IL6R,0.03342290583003049,0.0249091805887032,1.5694427731092435,1.2213531012404963,0.7,3,IL6R;TNF;MMP9,"score=sender_ligand_expression*receiver_receptor_expression*receiver_target_program_score*lr_weight; curated prior baseline, not nichenetr package output"
Endothelial,Myeloid,TGFB1,TGFBR1,0.03136418177801863,0.2125827419354838,0.879284680672269,0.1864377880485527,0.9,4,COL1A1;COL1A2;MMP9;MMP2,"score=sender_ligand_expression*receiver_receptor_expression*receiver_target_program_score*lr_weight; curated prior baseline, not nichenetr package output"
Myeloid,Unknown,TGFB1,TGFBR1,0.030629847259701283,0.2646196386554622,0.4108483576642336,0.31303917791970803,0.9,4,COL1A2;COL1A1;MMP2;MMP9,"score=sender_ligand_expression*receiver_receptor_expression*receiver_target_program_score*lr_weight; curated prior baseline, not nichenetr package output"
Tumor/Malignant,Unknown,IL6,IL6R,0.03037056572035268,0.0249091805887032,1.7685386459854016,0.9848743934654153,0.7,3,IL6R;TNF;MMP9,"score=sender_ligand_expression*receiver_receptor_expression*receiver_target_program_score*lr_weight; curated prior baseline, not nichenetr package output"
CAF/Fibroblast,T/NK,TNF,TNFRSF1A,0.02958699270074204,0.0427107142857142,0.5419432137733142,1.8260479086561452,0.7,4,TNFRSF1A;CCL5;CCL2;MMP9,"score=sender_ligand_expression*receiver_receptor_expression*receiver_target_program_score*lr_weight; curated prior baseline, not nichenetr package output"
Tumor/Malignant,T/NK,IL6,IL6R,0.029461028109558335,0.0249091805887032,1.740535724677188,0.9707501706406139,0.7,3,IL6R;TNF;MMP9,"score=sender_ligand_expression*receiver_receptor_expression*receiver_target_program_score*lr_weight; curated prior baseline, not nichenetr package output"
Unknown,Myeloid,MMP2,ITGAV,0.029411632731134438,0.242741302919708,0.5767611344537815,0.42015492997198883,0.5,2,ITGAV;COL1A1,"score=sender_ligand_expression*receiver_receptor_expression*receiver_target_program_score*lr_weight; curated prior baseline, not nichenetr package output"
Unknown,Endothelial,CXCL12,CXCR4,0.028649124986285537,0.3208051094890511,0.0733190322580645,1.353352258064516,0.9,3,CXCR4;CCL5;CCL2,"score=sender_ligand_expression*receiver_receptor_expression*receiver_target_program_score*lr_weight; curated prior baseline, not nichenetr package output"
Myeloid,CAF/Fibroblast,IFNG,IFNGR1,0.02808379061256268,0.0105054621848739,2.289579107142857,1.6679647534013604,0.7,3,IFNGR1;TNF;CCL5,"score=sender_ligand_expression*receiver_receptor_expression*receiver_target_program_score*lr_weight; curated prior baseline, not nichenetr package output"
Endothelial,CAF/Fibroblast,COL1A1,ITGA1,0.027504622130723497,0.0297401612903225,0.8341067857142858,2.217536130952381,0.5,2,ITGA1;MMP2,"score=sender_ligand_expression*receiver_receptor_expression*receiver_target_program_score*lr_weight; curated prior baseline, not nichenetr package output"
T/NK,CAF/Fibroblast,COL1A1,ITGA1,0.02732958835735312,0.0295509010043041,0.8341067857142858,2.217536130952381,0.5,2,ITGA1;MMP2,"score=sender_ligand_expression*receiver_receptor_expression*receiver_target_program_score*lr_weight; curated prior baseline, not nichenetr package output"
Unknown,Myeloid,TGFB1,TGFBR1,0.02700010474463424,0.1830035401459853,0.879284680672269,0.1864377880485527,0.9,4,COL1A1;COL1A2;MMP9;MMP2,"score=sender_ligand_expression*receiver_receptor_expression*receiver_target_program_score*lr_weight; curated prior baseline, not nichenetr package output"
B/Plasma,Endothelial,VEGFA,FLT1,0.026872482384520547,0.0075865625,1.474795693548387,3.0022088378825473,0.8,5,KDR;FLT1;TEK;VWF;PECAM1,"score=sender_ligand_expression*receiver_receptor_expression*receiver_target_program_score*lr_weight; curated prior baseline, not nichenetr package output"
B/Plasma,Endothelial,COL1A1,ITGA1,0.026837507336471476,0.021004896484375,1.5291369354838709,1.671110806451613,0.5,2,ITGA1;MMP2,"score=sender_ligand_expression*receiver_receptor_expression*receiver_target_program_score*lr_weight; curated prior baseline, not nichenetr package output"
T/NK,Myeloid,TGFB1,TGFBR1,0.026781779044895565,0.1815237541846006,0.879284680672269,0.1864377880485527,0.9,4,COL1A1;COL1A2;MMP9;MMP2,"score=sender_ligand_expression*receiver_receptor_expression*receiver_target_program_score*lr_weight; curated prior baseline, not nichenetr package output"
Myeloid,Tumor/Malignant,CCL5,CCR5,0.026371432220938896,3.185906218487395,0.0207452505966587,0.4987605059665871,0.8,2,CCR5;IFNGR1,"score=sender_ligand_expression*receiver_receptor_expression*receiver_target_program_score*lr_weight; curated prior baseline, not nichenetr package output"
Endothelial,Tumor/Malignant,CCL5,CCR5,0.026114149847336027,3.154824193548387,0.0207452505966587,0.4987605059665871,0.8,2,CCR5;IFNGR1,"score=sender_ligand_expression*receiver_receptor_expression*receiver_target_program_score*lr_weight; curated prior baseline, not nichenetr package output"
Myeloid,B/Plasma,IFNG,IFNGR1,0.025157933252107578,0.0105054621848739,1.7026796875,2.009226056547619,0.7,3,IFNGR1;TNF;CCL5,"score=sender_ligand_expression*receiver_receptor_expression*receiver_target_program_score*lr_weight; curated prior baseline, not nichenetr package output"
CAF/Fibroblast,T/NK,MMP2,ITGAV,0.025034688957323272,4.984394821428571,0.1155855203252032,0.08690731388490348,0.5,2,ITGAV;COL1A1,"score=sender_ligand_expression*receiver_receptor_expression*receiver_target_program_score*lr_weight; curated prior baseline, not nichenetr package output"
B/Plasma,Myeloid,TGFB1,TGFBR1,0.024921664072793653,0.16891611328125,0.879284680672269,0.1864377880485527,0.9,4,COL1A1;COL1A2;MMP9;MMP2,"score=sender_ligand_expression*receiver_receptor_expression*receiver_target_program_score*lr_weight; curated prior baseline, not nichenetr package output"
Endothelial,Unknown,TGFB1,TGFBR1,0.024606552063243692,0.2125827419354838,0.4108483576642336,0.31303917791970803,0.9,4,COL1A2;COL1A1;MMP2;MMP9,"score=sender_ligand_expression*receiver_receptor_expression*receiver_target_program_score*lr_weight; curated prior baseline, not nichenetr package output"
Tumor/Malignant,Unknown,CSF1,CSF1R,0.024435498583623285,0.248895107398568,0.3666127664233576,0.3347397396593674,0.8,2,CSF1R;CCR2,"score=sender_ligand_expression*receiver_receptor_expression*receiver_target_program_score*lr_weight; curated prior baseline, not nichenetr package output"
T/NK,Myeloid,IL6,IL6R,0.023809327660551983,0.0177444428503108,1.5694427731092435,1.2213531012404963,0.7,3,IL6R;TNF;MMP9,"score=sender_ligand_expression*receiver_receptor_expression*receiver_target_program_score*lr_weight; curated prior baseline, not nichenetr package output"
Tumor/Malignant,B/Plasma,IL6,IL6R,0.023551894124259527,0.0249091805887032,1.527360546875,0.8843553162202381,0.7,3,IL6R;TNF;MMP9,"score=sender_ligand_expression*receiver_receptor_expression*receiver_target_program_score*lr_weight; curated prior baseline, not nichenetr package output"
T/NK,CAF/Fibroblast,MMP2,ITGAV,0.023220460544179297,0.0114944131994261,1.1730387142857144,3.444305571428572,0.5,2,ITGAV;COL1A1,"score=sender_ligand_expression*receiver_receptor_expression*receiver_target_program_score*lr_weight; curated prior baseline, not nichenetr package output"
Myeloid,Unknown,IFNG,IFNGR1,0.022323770449111522,0.0105054621848739,1.528891197080292,1.9855359927876257,0.7,3,IFNGR1;TNF;CCL5,"score=sender_ligand_expression*receiver_receptor_expression*receiver_target_program_score*lr_weight; curated prior baseline, not nichenetr package output"
T/NK,Unknown,IL6,IL6R,0.021634945631283112,0.0177444428503108,1.7685386459854016,0.9848743934654153,0.7,3,IL6R;TNF;MMP9,"score=sender_ligand_expression*receiver_receptor_expression*receiver_target_program_score*lr_weight; curated prior baseline, not nichenetr package output"
CAF/Fibroblast,B/Plasma,CCL2,CCR2,0.021370510351082846,2.2938875,0.12792671875,0.09103146484374999,0.8,2,CCR2;CSF1R,"score=sender_ligand_expression*receiver_receptor_expression*receiver_target_program_score*lr_weight; curated prior baseline, not nichenetr package output"
T/NK,Unknown,TGFB1,TGFBR1,0.02101145966691127,0.1815237541846006,0.4108483576642336,0.31303917791970803,0.9,4,COL1A2;COL1A1;MMP2;MMP9,"score=sender_ligand_expression*receiver_receptor_expression*receiver_target_program_score*lr_weight; curated prior baseline, not nichenetr package output"
Endothelial,B/Plasma,CCL2,CCR2,0.019675498645351727,2.1119467741935485,0.12792671875,0.09103146484374999,0.8,2,CCR2;CSF1R,"score=sender_ligand_expression*receiver_receptor_expression*receiver_target_program_score*lr_weight; curated prior baseline, not nichenetr package output"
CAF/Fibroblast,Tumor/Malignant,CCL5,CCR5,0.01965947069141205,2.375040892857143,0.0207452505966587,0.4987605059665871,0.8,2,CCR5;IFNGR1,"score=sender_ligand_expression*receiver_receptor_expression*receiver_target_program_score*lr_weight; curated prior baseline, not nichenetr package output"
B/Plasma,Unknown,TGFB1,TGFBR1,0.019552119320378678,0.16891611328125,0.4108483576642336,0.31303917791970803,0.9,4,COL1A2;COL1A1;MMP2;MMP9,"score=sender_ligand_expression*receiver_receptor_expression*receiver_target_program_score*lr_weight; curated prior baseline, not nichenetr package output"
Myeloid,Unknown,CSF1,CSF1R,0.019547413622887606,0.199106050420168,0.3666127664233576,0.3347397396593674,0.8,2,CSF1R;CCR2,"score=sender_ligand_expression*receiver_receptor_expression*receiver_target_program_score*lr_weight; curated prior baseline, not nichenetr package output"
B/Plasma,CAF/Fibroblast,COL1A1,ITGA1,0.01942597873151723,0.021004896484375,0.8341067857142858,2.217536130952381,0.5,2,ITGA1;MMP2,"score=sender_ligand_expression*receiver_receptor_expression*receiver_target_program_score*lr_weight; curated prior baseline, not nichenetr package output"
Tumor/Malignant,T/NK,IFNG,IFNGR1,0.01688859916117869,0.0192934526650755,0.5991980726924916,2.0869652920680464,0.7,3,IFNGR1;TNF;CCL5,"score=sender_ligand_expression*receiver_receptor_expression*receiver_target_program_score*lr_weight; curated prior baseline, not nichenetr package output"
T/NK,B/Plasma,IL6,IL6R,0.016777558692317104,0.0177444428503108,1.527360546875,0.8843553162202381,0.7,3,IL6R;TNF;MMP9,"score=sender_ligand_expression*receiver_receptor_expression*receiver_target_program_score*lr_weight; curated prior baseline, not nichenetr package output"
Unknown,Myeloid,VEGFA,FLT1,0.016659573227952293,0.0983222299270073,0.4821888571428571,0.4392431475975004,0.8,5,FLT1;KDR;TEK;PECAM1;VWF,"score=sender_ligand_expression*receiver_receptor_expression*receiver_target_program_score*lr_weight; curated prior baseline, not nichenetr package output"
Unknown,T/NK,COL1A1,ITGA1,0.01648995584553821,0.3506322226277372,0.3727537154471544,0.252333948031245,0.5,2,ITGA1;MMP2,"score=sender_ligand_expression*receiver_receptor_expression*receiver_target_program_score*lr_weight; curated prior baseline, not nichenetr package output"
CAF/Fibroblast,Endothelial,SPP1,CD44,0.01639532656963456,0.1509428571428571,0.2298422580645161,0.675117841781874,0.7,3,CD44;MMP2;COL1A1,"score=sender_ligand_expression*receiver_receptor_expression*receiver_target_program_score*lr_weight; curated prior baseline, not nichenetr package output"
Unknown,T/NK,CCL2,CCR2,0.016228659926152352,0.4021996350364963,0.2744502859875657,0.18377537296747962,0.8,2,CCR2;CSF1R,"score=sender_ligand_expression*receiver_receptor_expression*receiver_target_program_score*lr_weight; curated prior baseline, not nichenetr package output"
Myeloid,CAF/Fibroblast,VEGFA,FLT1,0.01570604238708685,0.4358437899159664,0.3100158928571428,0.1452987765567765,0.8,5,FLT1;KDR;TEK;PECAM1;VWF,"score=sender_ligand_expression*receiver_receptor_expression*receiver_target_program_score*lr_weight; curated prior baseline, not nichenetr package output"
CAF/Fibroblast,Endothelial,TGFB1,TGFBR1,0.015362857826034242,0.2911633928571429,0.1273487096774193,0.4603606362007169,0.9,4,COL1A2;COL1A1;MMP2;MMP9,"score=sender_ligand_expression*receiver_receptor_expression*receiver_target_program_score*lr_weight; curated prior baseline, not nichenetr package output"
T/NK,B/Plasma,TNF,TNFRSF1A,0.015276749228660501,0.4770733333333333,0.043475703125,1.0522069192708332,0.7,4,TNFRSF1A;CCL5;CCL2;MMP9,"score=sender_ligand_expression*receiver_receptor_expression*receiver_target_program_score*lr_weight; curated prior baseline, not nichenetr package output"
Myeloid,Tumor/Malignant,IFNG,IFNGR1,0.014786718697789284,0.0105054621848739,1.454791016706444,1.3821589695798766,0.7,3,IFNGR1;TNF;CCL5,"score=sender_ligand_expression*receiver_receptor_expression*receiver_target_program_score*lr_weight; curated prior baseline, not nichenetr package output"
Myeloid,B/Plasma,CCL2,CCR2,0.01440084760682197,1.5457714285714286,0.12792671875,0.09103146484374999,0.8,2,CCR2;CSF1R,"score=sender_ligand_expression*receiver_receptor_expression*receiver_target_program_score*lr_weight; curated prior baseline, not nichenetr package output"
Myeloid,Endothelial,TGFB1,TGFBR1,0.01396231115027237,0.2646196386554622,0.1273487096774193,0.4603606362007169,0.9,4,COL1A2;COL1A1;MMP2;MMP9,"score=sender_ligand_expression*receiver_receptor_expression*receiver_target_program_score*lr_weight; curated prior baseline, not nichenetr package output"
Unknown,B/Plasma,VEGFA,FLT1,0.01354466283058389,0.0983222299270073,0.6115306875,0.2815841701722756,0.8,5,FLT1;KDR;TEK;PECAM1;VWF,"score=sender_ligand_expression*receiver_receptor_expression*receiver_target_program_score*lr_weight; curated prior baseline, not nichenetr package output"
Unknown,T/NK,VEGFA,FLT1,0.012977904839510335,0.0983222299270073,0.5704567709230034,0.2892278701026376,0.8,5,FLT1;KDR;TEK;PECAM1;VWF,"score=sender_ligand_expression*receiver_receptor_expression*receiver_target_program_score*lr_weight; curated prior baseline, not nichenetr package output"
Unknown,B/Plasma,TNF,TNFRSF1A,0.012854130420228293,0.4014180474452555,0.043475703125,1.0522069192708332,0.7,4,TNFRSF1A;CCL5;CCL2;MMP9,"score=sender_ligand_expression*receiver_receptor_expression*receiver_target_program_score*lr_weight; curated prior baseline, not nichenetr package output"
Tumor/Malignant,Endothelial,IL6,IL6R,0.01267930114164174,0.0249091805887032,1.2282240322580644,0.5920525345622119,0.7,3,IL6R;TNF;MMP9,"score=sender_ligand_expression*receiver_receptor_expression*receiver_target_program_score*lr_weight; curated prior baseline, not nichenetr package output"
T/NK,Endothelial,SPP1,CD44,0.012391773243306389,0.1140843185078909,0.2298422580645161,0.675117841781874,0.7,3,CD44;MMP2;COL1A1,"score=sender_ligand_expression*receiver_receptor_expression*receiver_target_program_score*lr_weight; curated prior baseline, not nichenetr package output"
Tumor/Malignant,Unknown,MMP2,ITGAV,0.01170441797879688,0.2937497239459029,0.2690190091240876,0.29622341362530413,0.5,2,ITGAV;COL1A1,"score=sender_ligand_expression*receiver_receptor_expression*receiver_target_program_score*lr_weight; curated prior baseline, not nichenetr package output"
Tumor/Malignant,CAF/Fibroblast,VEGFA,FLT1,0.011570992844990406,0.3210958719172633,0.3100158928571428,0.1452987765567765,0.8,5,FLT1;KDR;TEK;PECAM1;VWF,"score=sender_ligand_expression*receiver_receptor_expression*receiver_target_program_score*lr_weight; curated prior baseline, not nichenetr package output"
Myeloid,Tumor/Malignant,VEGFA,FLT1,0.010691381836382446,0.4358437899159664,0.2569819474940334,0.11931921157823874,0.8,5,FLT1;KDR;TEK;PECAM1;VWF,"score=sender_ligand_expression*receiver_receptor_expression*receiver_target_program_score*lr_weight; curated prior baseline, not nichenetr package output"
B/Plasma,CAF/Fibroblast,MMP2,ITGAV,0.010357342411417836,0.0051270117187499,1.1730387142857144,3.444305571428572,0.5,2,ITGAV;COL1A1,"score=sender_ligand_expression*receiver_receptor_expression*receiver_target_program_score*lr_weight; curated prior baseline, not nichenetr package output"
Myeloid,Unknown,VEGFA,KDR,0.010279098035579201,0.4358437899159664,0.0723954981751824,0.32577112287104615,1.0,5,FLT1;KDR;TEK;PECAM1;VWF,"score=sender_ligand_expression*receiver_receptor_expression*receiver_target_program_score*lr_weight; curated prior baseline, not nichenetr package output"
Endothelial,T/NK,MMP2,ITGAV,0.009819503551726878,1.9550585483870968,0.1155855203252032,0.08690731388490348,0.5,2,ITGAV;COL1A1,"score=sender_ligand_expression*receiver_receptor_expression*receiver_target_program_score*lr_weight; curated prior baseline, not nichenetr package output"
Unknown,Endothelial,TGFB1,TGFBR1,0.00965594383735988,0.1830035401459853,0.1273487096774193,0.4603606362007169,0.9,4,COL1A2;COL1A1;MMP2;MMP9,"score=sender_ligand_expression*receiver_receptor_expression*receiver_target_program_score*lr_weight; curated prior baseline, not nichenetr package output"
CAF/Fibroblast,Tumor/Malignant,VEGFA,FLT1,0.00962162732363514,0.3922342857142857,0.2569819474940334,0.11931921157823874,0.8,5,FLT1;KDR;TEK;PECAM1;VWF,"score=sender_ligand_expression*receiver_receptor_expression*receiver_target_program_score*lr_weight; curated prior baseline, not nichenetr package output"
T/NK,Endothelial,TGFB1,TGFBR1,0.009577864855264528,0.1815237541846006,0.1273487096774193,0.4603606362007169,0.9,4,COL1A2;COL1A1;MMP2;MMP9,"score=sender_ligand_expression*receiver_receptor_expression*receiver_target_program_score*lr_weight; curated prior baseline, not nichenetr package output"
Myeloid,Unknown,MMP2,ITGAV,0.009429330067450352,0.2366510756302521,0.2690190091240876,0.29622341362530413,0.5,2,ITGAV;COL1A1,"score=sender_ligand_expression*receiver_receptor_expression*receiver_target_program_score*lr_weight; curated prior baseline, not nichenetr package output"
CAF/Fibroblast,Unknown,VEGFA,KDR,0.009250595669952958,0.3922342857142857,0.0723954981751824,0.32577112287104615,1.0,5,FLT1;KDR;TEK;PECAM1;VWF,"score=sender_ligand_expression*receiver_receptor_expression*receiver_target_program_score*lr_weight; curated prior baseline, not nichenetr package output"
Myeloid,T/NK,IFNG,IFNGR1,0.009195997363624883,0.0105054621848739,0.5991980726924916,2.0869652920680464,0.7,3,IFNGR1;TNF;CCL5,"score=sender_ligand_expression*receiver_receptor_expression*receiver_target_program_score*lr_weight; curated prior baseline, not nichenetr package output"
T/NK,Endothelial,IL6,IL6R,0.009032297697973188,0.0177444428503108,1.2282240322580644,0.5920525345622119,0.7,3,IL6R;TNF;MMP9,"score=sender_ligand_expression*receiver_receptor_expression*receiver_target_program_score*lr_weight; curated prior baseline, not nichenetr package output"
B/Plasma,Endothelial,TGFB1,TGFBR1,0.00891263907664166,0.16891611328125,0.1273487096774193,0.4603606362007169,0.9,4,COL1A2;COL1A1;MMP2;MMP9,"score=sender_ligand_expression*receiver_receptor_expression*receiver_target_program_score*lr_weight; curated prior baseline, not nichenetr package output"
Unknown,Tumor/Malignant,COL1A1,ITGA1,0.008214371528814607,0.3506322226277372,0.2016534653937947,0.2323522182444974,0.5,2,ITGA1;MMP2,"score=sender_ligand_expression*receiver_receptor_expression*receiver_target_program_score*lr_weight; curated prior baseline, not nichenetr package output"
T/NK,Tumor/Malignant,IL6,IL6R,0.00816805310698442,0.0177444428503108,1.1384985433571997,0.5775979800734932,0.7,3,IL6R;TNF;MMP9,"score=sender_ligand_expression*receiver_receptor_expression*receiver_target_program_score*lr_weight; curated prior baseline, not nichenetr package output"
T/NK,CAF/Fibroblast,CXCL12,CXCR4,0.008065192659149241,0.0249321472979435,0.2754348214285714,1.3049495089285714,0.9,3,CXCR4;CCL5;CCL2,"score=sender_ligand_expression*receiver_receptor_expression*receiver_target_program_score*lr_weight; curated prior baseline, not nichenetr package output"
Tumor/Malignant,Unknown,VEGFA,KDR,0.007572841514831966,0.3210958719172633,0.0723954981751824,0.32577112287104615,1.0,5,FLT1;KDR;TEK;PECAM1;VWF,"score=sender_ligand_expression*receiver_receptor_expression*receiver_target_program_score*lr_weight; curated prior baseline, not nichenetr package output"
B/Plasma,CAF/Fibroblast,CXCL12,CXCR4,0.007167513943624539,0.02215712890625,0.2754348214285714,1.3049495089285714,0.9,3,CXCR4;CCL5;CCL2,"score=sender_ligand_expression*receiver_receptor_expression*receiver_target_program_score*lr_weight; curated prior baseline, not nichenetr package output"
B/Plasma,Endothelial,SPP1,CD44,0.006585871617197315,0.0606325390625,0.2298422580645161,0.675117841781874,0.7,3,CD44;MMP2;COL1A1,"score=sender_ligand_expression*receiver_receptor_expression*receiver_target_program_score*lr_weight; curated prior baseline, not nichenetr package output"
Tumor/Malignant,CAF/Fibroblast,IL6,IL6R,0.005477310888715192,0.0249091805887032,0.7835799999999999,0.40089124149659855,0.7,3,IL6R;TNF;MMP9,"score=sender_ligand_expression*receiver_receptor_expression*receiver_target_program_score*lr_weight; curated prior baseline, not nichenetr package output"
T/NK,Tumor/Malignant,CXCL12,CXCR4,0.005224228968731126,0.0249321472979435,0.2754565552903739,0.8452144192521878,0.9,3,CXCR4;CCL5;CCL2,"score=sender_ligand_expression*receiver_receptor_expression*receiver_target_program_score*lr_weight; curated prior baseline, not nichenetr package output"
Endothelial,Myeloid,VEGFA,FLT1,0.0051818125776864,0.0305822580645161,0.4821888571428571,0.4392431475975004,0.8,5,FLT1;KDR;TEK;PECAM1;VWF,"score=sender_ligand_expression*receiver_receptor_expression*receiver_target_program_score*lr_weight; curated prior baseline, not nichenetr package output"
Myeloid,T/NK,COL1A1,ITGA1,0.005029422099951663,0.1069425210084033,0.3727537154471544,0.252333948031245,0.5,2,ITGA1;MMP2,"score=sender_ligand_expression*receiver_receptor_expression*receiver_target_program_score*lr_weight; curated prior baseline, not nichenetr package output"
Tumor/Malignant,CAF/Fibroblast,CXCL12,CXCR4,0.004998733906796005,0.0154527207637231,0.2754348214285714,1.3049495089285714,0.9,3,CXCR4;CCL5;CCL2,"score=sender_ligand_expression*receiver_receptor_expression*receiver_target_program_score*lr_weight; curated prior baseline, not nichenetr package output"
T/NK,Endothelial,MMP2,ITGAV,0.004850390228618221,0.0114944131994261,1.117726935483871,0.7550646774193548,0.5,2,ITGAV;COL1A1,"score=sender_ligand_expression*receiver_receptor_expression*receiver_target_program_score*lr_weight; curated prior baseline, not nichenetr package output"
Tumor/Malignant,Unknown,CCL2,CCR2,0.004779779015883959,0.0718507557677008,0.2709936861313868,0.30685084124087586,0.8,2,CCR2;CSF1R,"score=sender_ligand_expression*receiver_receptor_expression*receiver_target_program_score*lr_weight; curated prior baseline, not nichenetr package output"
CAF/Fibroblast,T/NK,CSF1,CSF1R,0.004732530383174395,1.5998285714285714,0.0326505179340028,0.11325044061852378,0.8,2,CSF1R;CCR2,"score=sender_ligand_expression*receiver_receptor_expression*receiver_target_program_score*lr_weight; curated prior baseline, not nichenetr package output"
B/Plasma,Tumor/Malignant,CXCL12,CXCR4,0.004642757533583514,0.02215712890625,0.2754565552903739,0.8452144192521878,0.9,3,CXCR4;CCL5;CCL2,"score=sender_ligand_expression*receiver_receptor_expression*receiver_target_program_score*lr_weight; curated prior baseline, not nichenetr package output"
Endothelial,Unknown,VEGFA,FLT1,0.004390487692835873,0.0305822580645161,0.5508592463503649,0.32577112287104615,0.8,5,FLT1;KDR;TEK;PECAM1;VWF,"score=sender_ligand_expression*receiver_receptor_expression*receiver_target_program_score*lr_weight; curated prior baseline, not nichenetr package output"
Endothelial,B/Plasma,VEGFA,FLT1,0.004212947309975476,0.0305822580645161,0.6115306875,0.2815841701722756,0.8,5,FLT1;KDR;TEK;PECAM1;VWF,"score=sender_ligand_expression*receiver_receptor_expression*receiver_target_program_score*lr_weight; curated prior baseline, not nichenetr package output"
Endothelial,T/NK,VEGFA,FLT1,0.004036662260744944,0.0305822580645161,0.5704567709230034,0.2892278701026376,0.8,5,FLT1;KDR;TEK;PECAM1;VWF,"score=sender_ligand_expression*receiver_receptor_expression*receiver_target_program_score*lr_weight; curated prior baseline, not nichenetr package output"
T/NK,CAF/Fibroblast,IL6,IL6R,0.0039018477421240497,0.0177444428503108,0.7835799999999999,0.40089124149659855,0.7,3,IL6R;TNF;MMP9,"score=sender_ligand_expression*receiver_receptor_expression*receiver_target_program_score*lr_weight; curated prior baseline, not nichenetr package output"
T/NK,Myeloid,VEGFA,FLT1,0.0038791158587238293,0.0228939430894308,0.4821888571428571,0.4392431475975004,0.8,5,FLT1;KDR;TEK;PECAM1;VWF,"score=sender_ligand_expression*receiver_receptor_expression*receiver_target_program_score*lr_weight; curated prior baseline, not nichenetr package output"
CAF/Fibroblast,B/Plasma,MMP2,ITGAV,0.0038707174929668298,4.984394821428571,0.043300572265625,0.03586868033854166,0.5,2,ITGAV;COL1A1,"score=sender_ligand_expression*receiver_receptor_expression*receiver_target_program_score*lr_weight; curated prior baseline, not nichenetr package output"
Unknown,B/Plasma,CCL2,CCR2,0.0037470065396621186,0.4021996350364963,0.12792671875,0.09103146484374999,0.8,2,CCR2;CSF1R,"score=sender_ligand_expression*receiver_receptor_expression*receiver_target_program_score*lr_weight; curated prior baseline, not nichenetr package output"
Tumor/Malignant,B/Plasma,TNF,TNFRSF1A,0.0036662786030493867,0.1144931901352426,0.043475703125,1.0522069192708332,0.7,4,TNFRSF1A;CCL5;CCL2;MMP9,"score=sender_ligand_expression*receiver_receptor_expression*receiver_target_program_score*lr_weight; curated prior baseline, not nichenetr package output"
Unknown,CAF/Fibroblast,VEGFA,FLT1,0.0035431343673021434,0.0983222299270073,0.3100158928571428,0.1452987765567765,0.8,5,FLT1;KDR;TEK;PECAM1;VWF,"score=sender_ligand_expression*receiver_receptor_expression*receiver_target_program_score*lr_weight; curated prior baseline, not nichenetr package output"
Myeloid,Unknown,COL1A1,ITGA1,0.0035210177206034163,0.1069425210084033,0.2594019927007299,0.25384842944038927,0.5,2,ITGA1;MMP2,"score=sender_ligand_expression*receiver_receptor_expression*receiver_target_program_score*lr_weight; curated prior baseline, not nichenetr package output"
Endothelial,T/NK,CSF1,CSF1R,0.003368605365671624,1.1387546774193549,0.0326505179340028,0.11325044061852378,0.8,2,CSF1R;CCR2,"score=sender_ligand_expression*receiver_receptor_expression*receiver_target_program_score*lr_weight; curated prior baseline, not nichenetr package output"
T/NK,Unknown,VEGFA,FLT1,0.003286728375732881,0.0228939430894308,0.5508592463503649,0.32577112287104615,0.8,5,FLT1;KDR;TEK;PECAM1;VWF,"score=sender_ligand_expression*receiver_receptor_expression*receiver_target_program_score*lr_weight; curated prior baseline, not nichenetr package output"
T/NK,B/Plasma,VEGFA,FLT1,0.0031538212695045886,0.0228939430894308,0.6115306875,0.2815841701722756,0.8,5,FLT1;KDR;TEK;PECAM1;VWF,"score=sender_ligand_expression*receiver_receptor_expression*receiver_target_program_score*lr_weight; curated prior baseline, not nichenetr package output"
Tumor/Malignant,T/NK,CCL2,CCR2,0.0028991609619069825,0.0718507557677008,0.2744502859875657,0.18377537296747962,0.8,2,CCR2;CSF1R,"score=sender_ligand_expression*receiver_receptor_expression*receiver_target_program_score*lr_weight; curated prior baseline, not nichenetr package output"
Tumor/Malignant,T/NK,COL1A1,ITGA1,0.002634839730254886,0.0560256024661893,0.3727537154471544,0.252333948031245,0.5,2,ITGA1;MMP2,"score=sender_ligand_expression*receiver_receptor_expression*receiver_target_program_score*lr_weight; curated prior baseline, not nichenetr package output"
Myeloid,Tumor/Malignant,VEGFA,KDR,0.002520233175371292,0.4358437899159664,0.0484617939538583,0.11931921157823874,1.0,5,FLT1;KDR;TEK;PECAM1;VWF,"score=sender_ligand_expression*receiver_receptor_expression*receiver_target_program_score*lr_weight; curated prior baseline, not nichenetr package output"
Myeloid,Tumor/Malignant,COL1A1,ITGA1,0.002505376126608148,0.1069425210084033,0.2016534653937947,0.2323522182444974,0.5,2,ITGA1;MMP2,"score=sender_ligand_expression*receiver_receptor_expression*receiver_target_program_score*lr_weight; curated prior baseline, not nichenetr package output"
T/NK,Unknown,CCL2,CCR2,0.0024696163112390155,0.0371238498326159,0.2709936861313868,0.30685084124087586,0.8,2,CCR2;CSF1R,"score=sender_ligand_expression*receiver_receptor_expression*receiver_target_program_score*lr_weight; curated prior baseline, not nichenetr package output"
Unknown,Tumor/Malignant,VEGFA,FLT1,0.0024118744547373333,0.0983222299270073,0.2569819474940334,0.11931921157823874,0.8,5,FLT1;KDR;TEK;PECAM1;VWF,"score=sender_ligand_expression*receiver_receptor_expression*receiver_target_program_score*lr_weight; curated prior baseline, not nichenetr package output"
Myeloid,T/NK,VEGFA,KDR,0.00239767801833875,0.4358437899159664,0.0190204093735055,0.2892278701026376,1.0,5,FLT1;KDR;TEK;PECAM1;VWF,"score=sender_ligand_expression*receiver_receptor_expression*receiver_target_program_score*lr_weight; curated prior baseline, not nichenetr package output"
CAF/Fibroblast,Myeloid,COL1A1,ITGA1,0.002380009801177059,7.986839285714287,0.007126050420168,0.08363439215686269,0.5,2,ITGA1;MMP2,"score=sender_ligand_expression*receiver_receptor_expression*receiver_target_program_score*lr_weight; curated prior baseline, not nichenetr package output"
CAF/Fibroblast,B/Plasma,CSF1,CSF1R,0.0023566646650330135,1.5998285714285714,0.029539375,0.06233515625,0.8,2,CSF1R;CCR2,"score=sender_ligand_expression*receiver_receptor_expression*receiver_target_program_score*lr_weight; curated prior baseline, not nichenetr package output"
T/NK,Tumor/Malignant,MMP2,ITGAV,0.0022685810218983087,0.0114944131994261,0.7555958130469372,0.5224057428533546,0.5,2,ITGAV;COL1A1,"score=sender_ligand_expression*receiver_receptor_expression*receiver_target_program_score*lr_weight; curated prior baseline, not nichenetr package output"
CAF/Fibroblast,Tumor/Malignant,VEGFA,KDR,0.0022680645732403313,0.3922342857142857,0.0484617939538583,0.11931921157823874,1.0,5,FLT1;KDR;TEK;PECAM1;VWF,"score=sender_ligand_expression*receiver_receptor_expression*receiver_target_program_score*lr_weight; curated prior baseline, not nichenetr package output"
CAF/Fibroblast,T/NK,TGFB1,TGFBR1,0.002268053317446489,0.2911633928571429,0.3204084122429459,0.027012828976034818,0.9,4,COL1A2;COL1A1;MMP9;MMP2,"score=sender_ligand_expression*receiver_receptor_expression*receiver_target_program_score*lr_weight; curated prior baseline, not nichenetr package output"
T/NK,Endothelial,CXCL12,CXCR4,0.002226536245800171,0.0249321472979435,0.0733190322580645,1.353352258064516,0.9,3,CXCR4;CCL5;CCL2,"score=sender_ligand_expression*receiver_receptor_expression*receiver_target_program_score*lr_weight; curated prior baseline, not nichenetr package output"
B/Plasma,Endothelial,MMP2,ITGAV,0.002163486479142515,0.0051270117187499,1.117726935483871,0.7550646774193548,0.5,2,ITGAV;COL1A1,"score=sender_ligand_expression*receiver_receptor_expression*receiver_target_program_score*lr_weight; curated prior baseline, not nichenetr package output"
CAF/Fibroblast,T/NK,VEGFA,KDR,0.002157771996882803,0.3922342857142857,0.0190204093735055,0.2892278701026376,1.0,5,FLT1;KDR;TEK;PECAM1;VWF,"score=sender_ligand_expression*receiver_receptor_expression*receiver_target_program_score*lr_weight; curated prior baseline, not nichenetr package output"
Tumor/Malignant,Myeloid,TGFB1,TGFBR1,0.0021560087547711966,0.0146131742243436,0.879284680672269,0.1864377880485527,0.9,4,COL1A1;COL1A2;MMP9;MMP2,"score=sender_ligand_expression*receiver_receptor_expression*receiver_target_program_score*lr_weight; curated prior baseline, not nichenetr package output"
B/Plasma,Unknown,CSF1,CSF1R,0.0020684682012856934,0.02106900390625,0.3666127664233576,0.3347397396593674,0.8,2,CSF1R;CCR2,"score=sender_ligand_expression*receiver_receptor_expression*receiver_target_program_score*lr_weight; curated prior baseline, not nichenetr package output"
Myeloid,T/NK,TGFB1,TGFBR1,0.0020612874559010302,0.2646196386554622,0.3204084122429459,0.027012828976034818,0.9,4,COL1A2;COL1A1;MMP9;MMP2,"score=sender_ligand_expression*receiver_receptor_expression*receiver_target_program_score*lr_weight; curated prior baseline, not nichenetr package output"
B/Plasma,Endothelial,CXCL12,CXCR4,0.0019787164748822717,0.02215712890625,0.0733190322580645,1.353352258064516,0.9,3,CXCR4;CCL5;CCL2,"score=sender_ligand_expression*receiver_receptor_expression*receiver_target_program_score*lr_weight; curated prior baseline, not nichenetr package output"
Tumor/Malignant,Unknown,COL1A1,ITGA1,0.0018446090220318838,0.0560256024661893,0.2594019927007299,0.25384842944038927,0.5,2,ITGA1;MMP2,"score=sender_ligand_expression*receiver_receptor_expression*receiver_target_program_score*lr_weight; curated prior baseline, not nichenetr package output"
Tumor/Malignant,T/NK,VEGFA,KDR,0.0017664230435032147,0.3210958719172633,0.0190204093735055,0.2892278701026376,1.0,5,FLT1;KDR;TEK;PECAM1;VWF,"score=sender_ligand_expression*receiver_receptor_expression*receiver_target_program_score*lr_weight; curated prior baseline, not nichenetr package output"
Tumor/Malignant,Unknown,TGFB1,TGFBR1,0.0016914817688713862,0.0146131742243436,0.4108483576642336,0.31303917791970803,0.9,4,COL1A2;COL1A1;MMP2;MMP9,"score=sender_ligand_expression*receiver_receptor_expression*receiver_target_program_score*lr_weight; curated prior baseline, not nichenetr package output"
Endothelial,B/Plasma,CSF1,CSF1R,0.0016774690478360923,1.1387546774193549,0.029539375,0.06233515625,0.8,2,CSF1R;CCR2,"score=sender_ligand_expression*receiver_receptor_expression*receiver_target_program_score*lr_weight; curated prior baseline, not nichenetr package output"
Endothelial,T/NK,TGFB1,TGFBR1,0.001655939602665668,0.2125827419354838,0.3204084122429459,0.027012828976034818,0.9,4,COL1A2;COL1A1;MMP9;MMP2,"score=sender_ligand_expression*receiver_receptor_expression*receiver_target_program_score*lr_weight; curated prior baseline, not nichenetr package output"
Endothelial,B/Plasma,MMP2,ITGAV,0.0015182343281641092,1.9550585483870968,0.043300572265625,0.03586868033854166,0.5,2,ITGAV;COL1A1,"score=sender_ligand_expression*receiver_receptor_expression*receiver_target_program_score*lr_weight; curated prior baseline, not nichenetr package output"
CAF/Fibroblast,Endothelial,CCL2,CCR2,0.0014901708563368817,2.2938875,0.0360451612903225,0.02252822580645156,0.8,2,CCR2;CSF1R,"score=sender_ligand_expression*receiver_receptor_expression*receiver_target_program_score*lr_weight; curated prior baseline, not nichenetr package output"
Tumor/Malignant,T/NK,MMP2,ITGAV,0.001475391343131512,0.2937497239459029,0.1155855203252032,0.08690731388490348,0.5,2,ITGAV;COL1A1,"score=sender_ligand_expression*receiver_receptor_expression*receiver_target_program_score*lr_weight; curated prior baseline, not nichenetr package output"
Unknown,T/NK,TGFB1,TGFBR1,0.0014255287461092362,0.1830035401459853,0.3204084122429459,0.027012828976034818,0.9,4,COL1A2;COL1A1;MMP9;MMP2,"score=sender_ligand_expression*receiver_receptor_expression*receiver_target_program_score*lr_weight; curated prior baseline, not nichenetr package output"
Endothelial,CAF/Fibroblast,CSF1,CSF1R,0.0014001347892659023,1.1387546774193549,0.0480142857142857,0.0320095238095238,0.8,2,CSF1R;CCR2,"score=sender_ligand_expression*receiver_receptor_expression*receiver_target_program_score*lr_weight; curated prior baseline, not nichenetr package output"
Endothelial,T/NK,COL1A1,ITGA1,0.0013986562411215423,0.0297401612903225,0.3727537154471544,0.252333948031245,0.5,2,ITGA1;MMP2,"score=sender_ligand_expression*receiver_receptor_expression*receiver_target_program_score*lr_weight; curated prior baseline, not nichenetr package output"
T/NK,Myeloid,MMP2,ITGAV,0.001392715023834441,0.0114944131994261,0.5767611344537815,0.42015492997198883,0.5,2,ITGAV;COL1A1,"score=sender_ligand_expression*receiver_receptor_expression*receiver_target_program_score*lr_weight; curated prior baseline, not nichenetr package output"
Tumor/Malignant,Endothelial,CXCL12,CXCR4,0.0013799871493417788,0.0154527207637231,0.0733190322580645,1.353352258064516,0.9,3,CXCR4;CCL5;CCL2,"score=sender_ligand_expression*receiver_receptor_expression*receiver_target_program_score*lr_weight; curated prior baseline, not nichenetr package output"
CAF/Fibroblast,B/Plasma,TNF,TNFRSF1A,0.001367674162294735,0.0427107142857142,0.043475703125,1.0522069192708332,0.7,4,TNFRSF1A;CCL5;CCL2;MMP9,"score=sender_ligand_expression*receiver_receptor_expression*receiver_target_program_score*lr_weight; curated prior baseline, not nichenetr package output"
B/Plasma,T/NK,TGFB1,TGFBR1,0.0013157929894218414,0.16891611328125,0.3204084122429459,0.027012828976034818,0.9,4,COL1A2;COL1A1;MMP9;MMP2,"score=sender_ligand_expression*receiver_receptor_expression*receiver_target_program_score*lr_weight; curated prior baseline, not nichenetr package output"
B/Plasma,Myeloid,VEGFA,FLT1,0.0012854559300680603,0.0075865625,0.4821888571428571,0.4392431475975004,0.8,5,FLT1;KDR;TEK;PECAM1;VWF,"score=sender_ligand_expression*receiver_receptor_expression*receiver_target_program_score*lr_weight; curated prior baseline, not nichenetr package output"
Unknown,T/NK,MMP2,ITGAV,0.0012191957566372257,0.242741302919708,0.1155855203252032,0.08690731388490348,0.5,2,ITGAV;COL1A1,"score=sender_ligand_expression*receiver_receptor_expression*receiver_target_program_score*lr_weight; curated prior baseline, not nichenetr package output"
Myeloid,T/NK,MMP2,ITGAV,0.0011886068985444728,0.2366510756302521,0.1155855203252032,0.08690731388490348,0.5,2,ITGAV;COL1A1,"score=sender_ligand_expression*receiver_receptor_expression*receiver_target_program_score*lr_weight; curated prior baseline, not nichenetr package output"
B/Plasma,Unknown,CCL2,CCR2,0.0011529650771948702,0.017331640625,0.2709936861313868,0.30685084124087586,0.8,2,CCR2;CSF1R,"score=sender_ligand_expression*receiver_receptor_expression*receiver_target_program_score*lr_weight; curated prior baseline, not nichenetr package output"
Endothelial,CAF/Fibroblast,VEGFA,FLT1,0.0011020605376681602,0.0305822580645161,0.3100158928571428,0.1452987765567765,0.8,5,FLT1;KDR;TEK;PECAM1;VWF,"score=sender_ligand_expression*receiver_receptor_expression*receiver_target_program_score*lr_weight; curated prior baseline, not nichenetr package output"
B/Plasma,Unknown,VEGFA,FLT1,0.001089151403304241,0.0075865625,0.5508592463503649,0.32577112287104615,0.8,5,FLT1;KDR;TEK;PECAM1;VWF,"score=sender_ligand_expression*receiver_receptor_expression*receiver_target_program_score*lr_weight; curated prior baseline, not nichenetr package output"
CAF/Fibroblast,B/Plasma,TGFB1,TGFBR1,0.0010529781210623023,0.2911633928571429,0.237489005859375,0.016919851888020813,0.9,4,COL1A1;COL1A2;MMP9;MMP2,"score=sender_ligand_expression*receiver_receptor_expression*receiver_target_program_score*lr_weight; curated prior baseline, not nichenetr package output"
Myeloid,CAF/Fibroblast,VEGFA,KDR,0.0010307692776572554,0.4358437899159664,0.0162767857142857,0.1452987765567765,1.0,5,FLT1;KDR;TEK;PECAM1;VWF,"score=sender_ligand_expression*receiver_receptor_expression*receiver_target_program_score*lr_weight; curated prior baseline, not nichenetr package output"
B/Plasma,Tumor/Malignant,MMP2,ITGAV,0.00101188649497888,0.0051270117187499,0.7555958130469372,0.5224057428533546,0.5,2,ITGAV;COL1A1,"score=sender_ligand_expression*receiver_receptor_expression*receiver_target_program_score*lr_weight; curated prior baseline, not nichenetr package output"
CAF/Fibroblast,Myeloid,VEGFA,KDR,0.0010050657004211294,0.3922342857142857,0.0058336974789915,0.4392431475975004,1.0,5,FLT1;KDR;TEK;PECAM1;VWF,"score=sender_ligand_expression*receiver_receptor_expression*receiver_target_program_score*lr_weight; curated prior baseline, not nichenetr package output"
Myeloid,Endothelial,CCL2,CCR2,0.001004174587208558,1.5457714285714286,0.0360451612903225,0.02252822580645156,0.8,2,CCR2;CSF1R,"score=sender_ligand_expression*receiver_receptor_expression*receiver_target_program_score*lr_weight; curated prior baseline, not nichenetr package output"
B/Plasma,T/NK,VEGFA,FLT1,0.0010013776768192798,0.0075865625,0.5704567709230034,0.2892278701026376,0.8,5,FLT1;KDR;TEK;PECAM1;VWF,"score=sender_ligand_expression*receiver_receptor_expression*receiver_target_program_score*lr_weight; curated prior baseline, not nichenetr package output"
B/Plasma,T/NK,COL1A1,ITGA1,0.0009878436527357669,0.021004896484375,0.3727537154471544,0.252333948031245,0.5,2,ITGA1;MMP2,"score=sender_ligand_expression*receiver_receptor_expression*receiver_target_program_score*lr_weight; curated prior baseline, not nichenetr package output"
Endothelial,Unknown,COL1A1,ITGA1,0.0009791767945006736,0.0297401612903225,0.2594019927007299,0.25384842944038927,0.5,2,ITGA1;MMP2,"score=sender_ligand_expression*receiver_receptor_expression*receiver_target_program_score*lr_weight; curated prior baseline, not nichenetr package output"
T/NK,Unknown,COL1A1,ITGA1,0.0009729455142335393,0.0295509010043041,0.2594019927007299,0.25384842944038927,0.5,2,ITGA1;MMP2,"score=sender_ligand_expression*receiver_receptor_expression*receiver_target_program_score*lr_weight; curated prior baseline, not nichenetr package output"
Myeloid,B/Plasma,TGFB1,TGFBR1,0.0009569839366596676,0.2646196386554622,0.237489005859375,0.016919851888020813,0.9,4,COL1A1;COL1A2;MMP9;MMP2,"score=sender_ligand_expression*receiver_receptor_expression*receiver_target_program_score*lr_weight; curated prior baseline, not nichenetr package output"
T/NK,B/Plasma,CSF1,CSF1R,0.0009493009555476425,0.6444356781444285,0.029539375,0.06233515625,0.8,2,CSF1R;CCR2,"score=sender_ligand_expression*receiver_receptor_expression*receiver_target_program_score*lr_weight; curated prior baseline, not nichenetr package output"
Myeloid,B/Plasma,VEGFA,KDR,0.0008996030979287294,0.4358437899159664,0.0073301328125,0.2815841701722756,1.0,5,FLT1;KDR;TEK;PECAM1;VWF,"score=sender_ligand_expression*receiver_receptor_expression*receiver_target_program_score*lr_weight; curated prior baseline, not nichenetr package output"
T/NK,CAF/Fibroblast,VEGFA,FLT1,0.0008250048501080684,0.0228939430894308,0.3100158928571428,0.1452987765567765,0.8,5,FLT1;KDR;TEK;PECAM1;VWF,"score=sender_ligand_expression*receiver_receptor_expression*receiver_target_program_score*lr_weight; curated prior baseline, not nichenetr package output"
Tumor/Malignant,Myeloid,VEGFA,KDR,0.0008227798006570427,0.3210958719172633,0.0058336974789915,0.4392431475975004,1.0,5,FLT1;KDR;TEK;PECAM1;VWF,"score=sender_ligand_expression*receiver_receptor_expression*receiver_target_program_score*lr_weight; curated prior baseline, not nichenetr package output"
CAF/Fibroblast,B/Plasma,VEGFA,KDR,0.0008095909284619305,0.3922342857142857,0.0073301328125,0.2815841701722756,1.0,5,FLT1;KDR;TEK;PECAM1;VWF,"score=sender_ligand_expression*receiver_receptor_expression*receiver_target_program_score*lr_weight; curated prior baseline, not nichenetr package output"
T/NK,CAF/Fibroblast,CSF1,CSF1R,0.0007923539901139748,0.6444356781444285,0.0480142857142857,0.0320095238095238,0.8,2,CSF1R;CCR2,"score=sender_ligand_expression*receiver_receptor_expression*receiver_target_program_score*lr_weight; curated prior baseline, not nichenetr package output"
Tumor/Malignant,Endothelial,TGFB1,TGFBR1,0.0007710451365217064,0.0146131742243436,0.1273487096774193,0.4603606362007169,0.9,4,COL1A2;COL1A1;MMP2;MMP9,"score=sender_ligand_expression*receiver_receptor_expression*receiver_target_program_score*lr_weight; curated prior baseline, not nichenetr package output"
Endothelial,B/Plasma,TGFB1,TGFBR1,0.0007687950534472784,0.2125827419354838,0.237489005859375,0.016919851888020813,0.9,4,COL1A1;COL1A2;MMP9;MMP2,"score=sender_ligand_expression*receiver_receptor_expression*receiver_target_program_score*lr_weight; curated prior baseline, not nichenetr package output"
Tumor/Malignant,CAF/Fibroblast,VEGFA,KDR,0.0007593907900321314,0.3210958719172633,0.0162767857142857,0.1452987765567765,1.0,5,FLT1;KDR;TEK;PECAM1;VWF,"score=sender_ligand_expression*receiver_receptor_expression*receiver_target_program_score*lr_weight; curated prior baseline, not nichenetr package output"
Endothelial,Tumor/Malignant,VEGFA,FLT1,0.0007501921696522722,0.0305822580645161,0.2569819474940334,0.11931921157823874,0.8,5,FLT1;KDR;TEK;PECAM1;VWF,"score=sender_ligand_expression*receiver_receptor_expression*receiver_target_program_score*lr_weight; curated prior baseline, not nichenetr package output"
Unknown,T/NK,CSF1,CSF1R,0.0007424361317416135,0.2509800127737226,0.0326505179340028,0.11325044061852378,0.8,2,CSF1R;CCR2,"score=sender_ligand_expression*receiver_receptor_expression*receiver_target_program_score*lr_weight; curated prior baseline, not nichenetr package output"
Tumor/Malignant,T/NK,CSF1,CSF1R,0.000736268672171147,0.248895107398568,0.0326505179340028,0.11325044061852378,0.8,2,CSF1R;CCR2,"score=sender_ligand_expression*receiver_receptor_expression*receiver_target_program_score*lr_weight; curated prior baseline, not nichenetr package output"
Endothelial,Unknown,VEGFA,KDR,0.0007212630673369327,0.0305822580645161,0.0723954981751824,0.32577112287104615,1.0,5,FLT1;KDR;TEK;PECAM1;VWF,"score=sender_ligand_expression*receiver_receptor_expression*receiver_target_program_score*lr_weight; curated prior baseline, not nichenetr package output"
B/Plasma,T/NK,CCL2,CCR2,0.0006993275904884615,0.017331640625,0.2744502859875657,0.18377537296747962,0.8,2,CCR2;CSF1R,"score=sender_ligand_expression*receiver_receptor_expression*receiver_target_program_score*lr_weight; curated prior baseline, not nichenetr package output"
Endothelial,Tumor/Malignant,COL1A1,ITGA1,0.0006967321267131426,0.0297401612903225,0.2016534653937947,0.2323522182444974,0.5,2,ITGA1;MMP2,"score=sender_ligand_expression*receiver_receptor_expression*receiver_target_program_score*lr_weight; curated prior baseline, not nichenetr package output"
T/NK,Tumor/Malignant,COL1A1,ITGA1,0.0006922982663755107,0.0295509010043041,0.2016534653937947,0.2323522182444974,0.5,2,ITGA1;MMP2,"score=sender_ligand_expression*receiver_receptor_expression*receiver_target_program_score*lr_weight; curated prior baseline, not nichenetr package output"
B/Plasma,Unknown,COL1A1,ITGA1,0.0006915734924101264,0.021004896484375,0.2594019927007299,0.25384842944038927,0.5,2,ITGA1;MMP2,"score=sender_ligand_expression*receiver_receptor_expression*receiver_target_program_score*lr_weight; curated prior baseline, not nichenetr package output"
Tumor/Malignant,B/Plasma,CCL2,CCR2,0.0006693821383423448,0.0718507557677008,0.12792671875,0.09103146484374999,0.8,2,CCR2;CSF1R,"score=sender_ligand_expression*receiver_receptor_expression*receiver_target_program_score*lr_weight; curated prior baseline, not nichenetr package output"
Tumor/Malignant,B/Plasma,VEGFA,KDR,0.000662757730618556,0.3210958719172633,0.0073301328125,0.2815841701722756,1.0,5,FLT1;KDR;TEK;PECAM1;VWF,"score=sender_ligand_expression*receiver_receptor_expression*receiver_target_program_score*lr_weight; curated prior baseline, not nichenetr package output"
Unknown,B/Plasma,TGFB1,TGFBR1,0.0006618233218116653,0.1830035401459853,0.237489005859375,0.016919851888020813,0.9,4,COL1A1;COL1A2;MMP9;MMP2,"score=sender_ligand_expression*receiver_receptor_expression*receiver_target_program_score*lr_weight; curated prior baseline, not nichenetr package output"
T/NK,B/Plasma,TGFB1,TGFBR1,0.0006564717485046537,0.1815237541846006,0.237489005859375,0.016919851888020813,0.9,4,COL1A1;COL1A2;MMP9;MMP2,"score=sender_ligand_expression*receiver_receptor_expression*receiver_target_program_score*lr_weight; curated prior baseline, not nichenetr package output"
B/Plasma,Myeloid,MMP2,ITGAV,0.0006212118987017744,0.0051270117187499,0.5767611344537815,0.42015492997198883,0.5,2,ITGAV;COL1A1,"score=sender_ligand_expression*receiver_receptor_expression*receiver_target_program_score*lr_weight; curated prior baseline, not nichenetr package output"
Myeloid,T/NK,CSF1,CSF1R,0.0005889852512421945,0.199106050420168,0.0326505179340028,0.11325044061852378,0.8,2,CSF1R;CCR2,"score=sender_ligand_expression*receiver_receptor_expression*receiver_target_program_score*lr_weight; curated prior baseline, not nichenetr package output"
Unknown,Tumor/Malignant,VEGFA,KDR,0.0005685407282877759,0.0983222299270073,0.0484617939538583,0.11931921157823874,1.0,5,FLT1;KDR;TEK;PECAM1;VWF,"score=sender_ligand_expression*receiver_receptor_expression*receiver_target_program_score*lr_weight; curated prior baseline, not nichenetr package output"
T/NK,Tumor/Malignant,VEGFA,FLT1,0.0005615954453697889,0.0228939430894308,0.2569819474940334,0.11931921157823874,0.8,5,FLT1;KDR;TEK;PECAM1;VWF,"score=sender_ligand_expression*receiver_receptor_expression*receiver_target_program_score*lr_weight; curated prior baseline, not nichenetr package output"
Unknown,T/NK,VEGFA,KDR,0.0005408934459189773,0.0983222299270073,0.0190204093735055,0.2892278701026376,1.0,5,FLT1;KDR;TEK;PECAM1;VWF,"score=sender_ligand_expression*receiver_receptor_expression*receiver_target_program_score*lr_weight; curated prior baseline, not nichenetr package output"
T/NK,Unknown,VEGFA,KDR,0.0005399390581717436,0.0228939430894308,0.0723954981751824,0.32577112287104615,1.0,5,FLT1;KDR;TEK;PECAM1;VWF,"score=sender_ligand_expression*receiver_receptor_expression*receiver_target_program_score*lr_weight; curated prior baseline, not nichenetr package output"
CAF/Fibroblast,Tumor/Malignant,CSF1,CSF1R,0.000526339092798954,1.5998285714285714,0.0228331980906921,0.018010901352426365,0.8,2,CSF1R;CCR2,"score=sender_ligand_expression*receiver_receptor_expression*receiver_target_program_score*lr_weight; curated prior baseline, not nichenetr package output"
B/Plasma,Tumor/Malignant,COL1A1,ITGA1,0.000492088326491699,0.021004896484375,0.2016534653937947,0.2323522182444974,0.5,2,ITGA1;MMP2,"score=sender_ligand_expression*receiver_receptor_expression*receiver_target_program_score*lr_weight; curated prior baseline, not nichenetr package output"
T/NK,Unknown,MMP2,ITGAV,0.00045799333766134584,0.0114944131994261,0.2690190091240876,0.29622341362530413,0.5,2,ITGAV;COL1A1,"score=sender_ligand_expression*receiver_receptor_expression*receiver_target_program_score*lr_weight; curated prior baseline, not nichenetr package output"
Endothelial,Tumor/Malignant,CSF1,CSF1R,0.0003746470806545595,1.1387546774193549,0.0228331980906921,0.018010901352426365,0.8,2,CSF1R;CCR2,"score=sender_ligand_expression*receiver_receptor_expression*receiver_target_program_score*lr_weight; curated prior baseline, not nichenetr package output"
Unknown,B/Plasma,CSF1,CSF1R,0.0003697119418271213,0.2509800127737226,0.029539375,0.06233515625,0.8,2,CSF1R;CCR2,"score=sender_ligand_expression*receiver_receptor_expression*receiver_target_program_score*lr_weight; curated prior baseline, not nichenetr package output"
Tumor/Malignant,B/Plasma,CSF1,CSF1R,0.00036664072350078717,0.248895107398568,0.029539375,0.06233515625,0.8,2,CSF1R;CCR2,"score=sender_ligand_expression*receiver_receptor_expression*receiver_target_program_score*lr_weight; curated prior baseline, not nichenetr package output"
T/NK,B/Plasma,CCL2,CCR2,0.000345856375746397,0.0371238498326159,0.12792671875,0.09103146484374999,0.8,2,CCR2;CSF1R,"score=sender_ligand_expression*receiver_receptor_expression*receiver_target_program_score*lr_weight; curated prior baseline, not nichenetr package output"
Unknown,CAF/Fibroblast,CSF1,CSF1R,0.00030858784096610283,0.2509800127737226,0.0480142857142857,0.0320095238095238,0.8,2,CSF1R;CCR2,"score=sender_ligand_expression*receiver_receptor_expression*receiver_target_program_score*lr_weight; curated prior baseline, not nichenetr package output"
Tumor/Malignant,CAF/Fibroblast,CSF1,CSF1R,0.0003060243840548242,0.248895107398568,0.0480142857142857,0.0320095238095238,0.8,2,CSF1R;CCR2,"score=sender_ligand_expression*receiver_receptor_expression*receiver_target_program_score*lr_weight; curated prior baseline, not nichenetr package output"
Myeloid,B/Plasma,CSF1,CSF1R,0.0002932977957760153,0.199106050420168,0.029539375,0.06233515625,0.8,2,CSF1R;CCR2,"score=sender_ligand_expression*receiver_receptor_expression*receiver_target_program_score*lr_weight; curated prior baseline, not nichenetr package output"
B/Plasma,CAF/Fibroblast,VEGFA,FLT1,0.0002733889410705094,0.0075865625,0.3100158928571428,0.1452987765567765,0.8,5,FLT1;KDR;TEK;PECAM1;VWF,"score=sender_ligand_expression*receiver_receptor_expression*receiver_target_program_score*lr_weight; curated prior baseline, not nichenetr package output"
Unknown,Endothelial,CCL2,CCR2,0.00026127967241668007,0.4021996350364963,0.0360451612903225,0.02252822580645156,0.8,2,CCR2;CSF1R,"score=sender_ligand_expression*receiver_receptor_expression*receiver_target_program_score*lr_weight; curated prior baseline, not nichenetr package output"
Unknown,Myeloid,VEGFA,KDR,0.0002519420267113986,0.0983222299270073,0.0058336974789915,0.4392431475975004,1.0,5,FLT1;KDR;TEK;PECAM1;VWF,"score=sender_ligand_expression*receiver_receptor_expression*receiver_target_program_score*lr_weight; curated prior baseline, not nichenetr package output"
Myeloid,CAF/Fibroblast,CSF1,CSF1R,0.0002448071682817307,0.199106050420168,0.0480142857142857,0.0320095238095238,0.8,2,CSF1R;CCR2,"score=sender_ligand_expression*receiver_receptor_expression*receiver_target_program_score*lr_weight; curated prior baseline, not nichenetr package output"
Unknown,CAF/Fibroblast,VEGFA,KDR,0.00023253178378210314,0.0983222299270073,0.0162767857142857,0.1452987765567765,1.0,5,FLT1;KDR;TEK;PECAM1;VWF,"score=sender_ligand_expression*receiver_receptor_expression*receiver_target_program_score*lr_weight; curated prior baseline, not nichenetr package output"
Tumor/Malignant,B/Plasma,MMP2,ITGAV,0.00022811639843283983,0.2937497239459029,0.043300572265625,0.03586868033854166,0.5,2,ITGAV;COL1A1,"score=sender_ligand_expression*receiver_receptor_expression*receiver_target_program_score*lr_weight; curated prior baseline, not nichenetr package output"
T/NK,Tumor/Malignant,CSF1,CSF1R,0.00021201752253926492,0.6444356781444285,0.0228331980906921,0.018010901352426365,0.8,2,CSF1R;CCR2,"score=sender_ligand_expression*receiver_receptor_expression*receiver_target_program_score*lr_weight; curated prior baseline, not nichenetr package output"
CAF/Fibroblast,Tumor/Malignant,CCL2,CCR2,0.0002117405504457679,2.2938875,0.0083663078758949,0.01379139170644385,0.8,2,CCR2;CSF1R,"score=sender_ligand_expression*receiver_receptor_expression*receiver_target_program_score*lr_weight; curated prior baseline, not nichenetr package output"
B/Plasma,Unknown,MMP2,ITGAV,0.00020428508776910325,0.0051270117187499,0.2690190091240876,0.29622341362530413,0.5,2,ITGAV;COL1A1,"score=sender_ligand_expression*receiver_receptor_expression*receiver_target_program_score*lr_weight; curated prior baseline, not nichenetr package output"
Unknown,B/Plasma,VEGFA,KDR,0.00020294193627182468,0.0983222299270073,0.0073301328125,0.2815841701722756,1.0,5,FLT1;KDR;TEK;PECAM1;VWF,"score=sender_ligand_expression*receiver_receptor_expression*receiver_target_program_score*lr_weight; curated prior baseline, not nichenetr package output"
Endothelial,Tumor/Malignant,CCL2,CCR2,0.000194946252804423,2.1119467741935485,0.0083663078758949,0.01379139170644385,0.8,2,CCR2;CSF1R,"score=sender_ligand_expression*receiver_receptor_expression*receiver_target_program_score*lr_weight; curated prior baseline, not nichenetr package output"
Unknown,B/Plasma,MMP2,ITGAV,0.00018850493212084292,0.242741302919708,0.043300572265625,0.03586868033854166,0.5,2,ITGAV;COL1A1,"score=sender_ligand_expression*receiver_receptor_expression*receiver_target_program_score*lr_weight; curated prior baseline, not nichenetr package output"
B/Plasma,Tumor/Malignant,VEGFA,FLT1,0.00018610070486198488,0.0075865625,0.2569819474940334,0.11931921157823874,0.8,5,FLT1;KDR;TEK;PECAM1;VWF,"score=sender_ligand_expression*receiver_receptor_expression*receiver_target_program_score*lr_weight; curated prior baseline, not nichenetr package output"
Myeloid,B/Plasma,MMP2,ITGAV,0.00018377546141276515,0.2366510756302521,0.043300572265625,0.03586868033854166,0.5,2,ITGAV;COL1A1,"score=sender_ligand_expression*receiver_receptor_expression*receiver_target_program_score*lr_weight; curated prior baseline, not nichenetr package output"
B/Plasma,Unknown,VEGFA,KDR,0.00017892424188396602,0.0075865625,0.0723954981751824,0.32577112287104615,1.0,5,FLT1;KDR;TEK;PECAM1;VWF,"score=sender_ligand_expression*receiver_receptor_expression*receiver_target_program_score*lr_weight; curated prior baseline, not nichenetr package output"
Endothelial,Tumor/Malignant,VEGFA,KDR,0.0001768395538383607,0.0305822580645161,0.0484617939538583,0.11931921157823874,1.0,5,FLT1;KDR;TEK;PECAM1;VWF,"score=sender_ligand_expression*receiver_receptor_expression*receiver_target_program_score*lr_weight; curated prior baseline, not nichenetr package output"
Endothelial,T/NK,VEGFA,KDR,0.00016824011173037718,0.0305822580645161,0.0190204093735055,0.2892278701026376,1.0,5,FLT1;KDR;TEK;PECAM1;VWF,"score=sender_ligand_expression*receiver_receptor_expression*receiver_target_program_score*lr_weight; curated prior baseline, not nichenetr package output"
Myeloid,Tumor/Malignant,CCL2,CCR2,0.00014268463172193723,1.5457714285714286,0.0083663078758949,0.01379139170644385,0.8,2,CCR2;CSF1R,"score=sender_ligand_expression*receiver_receptor_expression*receiver_target_program_score*lr_weight; curated prior baseline, not nichenetr package output"
T/NK,Tumor/Malignant,VEGFA,KDR,0.00013238246413966437,0.0228939430894308,0.0484617939538583,0.11931921157823874,1.0,5,FLT1;KDR;TEK;PECAM1;VWF,"score=sender_ligand_expression*receiver_receptor_expression*receiver_target_program_score*lr_weight; curated prior baseline, not nichenetr package output"
Tumor/Malignant,T/NK,TGFB1,TGFBR1,0.00011383113087367965,0.0146131742243436,0.3204084122429459,0.027012828976034818,0.9,4,COL1A2;COL1A1;MMP9;MMP2,"score=sender_ligand_expression*receiver_receptor_expression*receiver_target_program_score*lr_weight; curated prior baseline, not nichenetr package output"
Unknown,Myeloid,COL1A1,ITGA1,0.00010448540362583227,0.3506322226277372,0.007126050420168,0.08363439215686269,0.5,2,ITGA1;MMP2,"score=sender_ligand_expression*receiver_receptor_expression*receiver_target_program_score*lr_weight; curated prior baseline, not nichenetr package output"
Unknown,Tumor/Malignant,CSF1,CSF1R,8.257171711593539e-05,0.2509800127737226,0.0228331980906921,0.018010901352426365,0.8,2,CSF1R;CCR2,"score=sender_ligand_expression*receiver_receptor_expression*receiver_target_program_score*lr_weight; curated prior baseline, not nichenetr package output"
Endothelial,Myeloid,VEGFA,KDR,7.836433412774734e-05,0.0305822580645161,0.0058336974789915,0.4392431475975004,1.0,5,FLT1;KDR;TEK;PECAM1;VWF,"score=sender_ligand_expression*receiver_receptor_expression*receiver_target_program_score*lr_weight; curated prior baseline, not nichenetr package output"
Endothelial,CAF/Fibroblast,VEGFA,KDR,7.232695012212271e-05,0.0305822580645161,0.0162767857142857,0.1452987765567765,1.0,5,FLT1;KDR;TEK;PECAM1;VWF,"score=sender_ligand_expression*receiver_receptor_expression*receiver_target_program_score*lr_weight; curated prior baseline, not nichenetr package output"
Myeloid,Tumor/Malignant,CSF1,CSF1R,6.550532964626014e-05,0.199106050420168,0.0228331980906921,0.018010901352426365,0.8,2,CSF1R;CCR2,"score=sender_ligand_expression*receiver_receptor_expression*receiver_target_program_score*lr_weight; curated prior baseline, not nichenetr package output"
Endothelial,B/Plasma,VEGFA,KDR,6.312329034629364e-05,0.0305822580645161,0.0073301328125,0.2815841701722756,1.0,5,FLT1;KDR;TEK;PECAM1;VWF,"score=sender_ligand_expression*receiver_receptor_expression*receiver_target_program_score*lr_weight; curated prior baseline, not nichenetr package output"
B/Plasma,T/NK,CSF1,CSF1R,6.232524091035086e-05,0.02106900390625,0.0326505179340028,0.11325044061852378,0.8,2,CSF1R;CCR2,"score=sender_ligand_expression*receiver_receptor_expression*receiver_target_program_score*lr_weight; curated prior baseline, not nichenetr package output"
T/NK,Myeloid,VEGFA,KDR,5.8663706322045743e-05,0.0228939430894308,0.0058336974789915,0.4392431475975004,1.0,5,FLT1;KDR;TEK;PECAM1;VWF,"score=sender_ligand_expression*receiver_receptor_expression*receiver_target_program_score*lr_weight; curated prior baseline, not nichenetr package output"
T/NK,CAF/Fibroblast,VEGFA,KDR,5.414410788225025e-05,0.0228939430894308,0.0162767857142857,0.1452987765567765,1.0,5,FLT1;KDR;TEK;PECAM1;VWF,"score=sender_ligand_expression*receiver_receptor_expression*receiver_target_program_score*lr_weight; curated prior baseline, not nichenetr package output"
Tumor/Malignant,B/Plasma,TGFB1,TGFBR1,5.2847827422642654e-05,0.0146131742243436,0.237489005859375,0.016919851888020813,0.9,4,COL1A1;COL1A2;MMP9;MMP2,"score=sender_ligand_expression*receiver_receptor_expression*receiver_target_program_score*lr_weight; curated prior baseline, not nichenetr package output"
T/NK,B/Plasma,VEGFA,KDR,4.725422870204693e-05,0.0228939430894308,0.0073301328125,0.2815841701722756,1.0,5,FLT1;KDR;TEK;PECAM1;VWF,"score=sender_ligand_expression*receiver_receptor_expression*receiver_target_program_score*lr_weight; curated prior baseline, not nichenetr package output"
Tumor/Malignant,Endothelial,CCL2,CCR2,4.6676178431072514e-05,0.0718507557677008,0.0360451612903225,0.02252822580645156,0.8,2,CCR2;CSF1R,"score=sender_ligand_expression*receiver_receptor_expression*receiver_target_program_score*lr_weight; curated prior baseline, not nichenetr package output"
B/Plasma,Tumor/Malignant,VEGFA,KDR,4.3868713841751e-05,0.0075865625,0.0484617939538583,0.11931921157823874,1.0,5,FLT1;KDR;TEK;PECAM1;VWF,"score=sender_ligand_expression*receiver_receptor_expression*receiver_target_program_score*lr_weight; curated prior baseline, not nichenetr package output"
B/Plasma,T/NK,VEGFA,KDR,4.173544412439663e-05,0.0075865625,0.0190204093735055,0.2892278701026376,1.0,5,FLT1;KDR;TEK;PECAM1;VWF,"score=sender_ligand_expression*receiver_receptor_expression*receiver_target_program_score*lr_weight; curated prior baseline, not nichenetr package output"
Unknown,Tumor/Malignant,CCL2,CCR2,3.7125609739673236e-05,0.4021996350364963,0.0083663078758949,0.01379139170644385,0.8,2,CCR2;CSF1R,"score=sender_ligand_expression*receiver_receptor_expression*receiver_target_program_score*lr_weight; curated prior baseline, not nichenetr package output"
B/Plasma,CAF/Fibroblast,CSF1,CSF1R,2.590500476465347e-05,0.02106900390625,0.0480142857142857,0.0320095238095238,0.8,2,CSF1R;CCR2,"score=sender_ligand_expression*receiver_receptor_expression*receiver_target_program_score*lr_weight; curated prior baseline, not nichenetr package output"
B/Plasma,T/NK,MMP2,ITGAV,2.5750998517944045e-05,0.0051270117187499,0.1155855203252032,0.08690731388490348,0.5,2,ITGAV;COL1A1,"score=sender_ligand_expression*receiver_receptor_expression*receiver_target_program_score*lr_weight; curated prior baseline, not nichenetr package output"
T/NK,Endothelial,CCL2,CCR2,2.4116648743929705e-05,0.0371238498326159,0.0360451612903225,0.02252822580645156,0.8,2,CCR2;CSF1R,"score=sender_ligand_expression*receiver_receptor_expression*receiver_target_program_score*lr_weight; curated prior baseline, not nichenetr package output"
CAF/Fibroblast,B/Plasma,COL1A1,ITGA1,2.158755040803498e-05,7.986839285714287,0.0018409960937499,0.0029363346354165667,0.5,2,ITGA1;MMP2,"score=sender_ligand_expression*receiver_receptor_expression*receiver_target_program_score*lr_weight; curated prior baseline, not nichenetr package output"
B/Plasma,Myeloid,VEGFA,KDR,1.9439896078858926e-05,0.0075865625,0.0058336974789915,0.4392431475975004,1.0,5,FLT1;KDR;TEK;PECAM1;VWF,"score=sender_ligand_expression*receiver_receptor_expression*receiver_target_program_score*lr_weight; curated prior baseline, not nichenetr package output"
B/Plasma,CAF/Fibroblast,VEGFA,KDR,1.794219793640829e-05,0.0075865625,0.0162767857142857,0.1452987765567765,1.0,5,FLT1;KDR;TEK;PECAM1;VWF,"score=sender_ligand_expression*receiver_receptor_expression*receiver_target_program_score*lr_weight; curated prior baseline, not nichenetr package output"
Tumor/Malignant,Myeloid,COL1A1,ITGA1,1.6695150386321443e-05,0.0560256024661893,0.007126050420168,0.08363439215686269,0.5,2,ITGA1;MMP2,"score=sender_ligand_expression*receiver_receptor_expression*receiver_target_program_score*lr_weight; curated prior baseline, not nichenetr package output"
B/Plasma,Endothelial,CCL2,CCR2,1.1259098692450847e-05,0.017331640625,0.0360451612903225,0.02252822580645156,0.8,2,CCR2;CSF1R,"score=sender_ligand_expression*receiver_receptor_expression*receiver_target_program_score*lr_weight; curated prior baseline, not nichenetr package output"
T/NK,B/Plasma,MMP2,ITGAV,8.926184188124917e-06,0.0114944131994261,0.043300572265625,0.03586868033854166,0.5,2,ITGAV;COL1A1,"score=sender_ligand_expression*receiver_receptor_expression*receiver_target_program_score*lr_weight; curated prior baseline, not nichenetr package output"
Endothelial,Myeloid,COL1A1,ITGA1,8.862313717287212e-06,0.0297401612903225,0.007126050420168,0.08363439215686269,0.5,2,ITGA1;MMP2,"score=sender_ligand_expression*receiver_receptor_expression*receiver_target_program_score*lr_weight; curated prior baseline, not nichenetr package output"
T/NK,Myeloid,COL1A1,ITGA1,8.80591577066732e-06,0.0295509010043041,0.007126050420168,0.08363439215686269,0.5,2,ITGA1;MMP2,"score=sender_ligand_expression*receiver_receptor_expression*receiver_target_program_score*lr_weight; curated prior baseline, not nichenetr package output"
B/Plasma,Tumor/Malignant,CSF1,CSF1R,6.931642927398711e-06,0.02106900390625,0.0228331980906921,0.018010901352426365,0.8,2,CSF1R;CCR2,"score=sender_ligand_expression*receiver_receptor_expression*receiver_target_program_score*lr_weight; curated prior baseline, not nichenetr package output"
B/Plasma,Myeloid,COL1A1,ITGA1,6.259279511851494e-06,0.021004896484375,0.007126050420168,0.08363439215686269,0.5,2,ITGA1;MMP2,"score=sender_ligand_expression*receiver_receptor_expression*receiver_target_program_score*lr_weight; curated prior baseline, not nichenetr package output"
T/NK,Tumor/Malignant,CCL2,CCR2,3.426769795041875e-06,0.0371238498326159,0.0083663078758949,0.01379139170644385,0.8,2,CCR2;CSF1R,"score=sender_ligand_expression*receiver_receptor_expression*receiver_target_program_score*lr_weight; curated prior baseline, not nichenetr package output"
B/Plasma,Tumor/Malignant,CCL2,CCR2,1.5998217550188198e-06,0.017331640625,0.0083663078758949,0.01379139170644385,0.8,2,CCR2;CSF1R,"score=sender_ligand_expression*receiver_receptor_expression*receiver_target_program_score*lr_weight; curated prior baseline, not nichenetr package output"
Unknown,B/Plasma,COL1A1,ITGA1,9.4772043231125e-07,0.3506322226277372,0.0018409960937499,0.0029363346354165667,0.5,2,ITGA1;MMP2,"score=sender_ligand_expression*receiver_receptor_expression*receiver_target_program_score*lr_weight; curated prior baseline, not nichenetr package output"
Myeloid,B/Plasma,COL1A1,ITGA1,2.890539023566666e-07,0.1069425210084033,0.0018409960937499,0.0029363346354165667,0.5,2,ITGA1;MMP2,"score=sender_ligand_expression*receiver_receptor_expression*receiver_target_program_score*lr_weight; curated prior baseline, not nichenetr package output"
Tumor/Malignant,B/Plasma,COL1A1,ITGA1,1.5143105728228328e-07,0.0560256024661893,0.0018409960937499,0.0029363346354165667,0.5,2,ITGA1;MMP2,"score=sender_ligand_expression*receiver_receptor_expression*receiver_target_program_score*lr_weight; curated prior baseline, not nichenetr package output"
Endothelial,B/Plasma,COL1A1,ITGA1,8.038439337902741e-08,0.0297401612903225,0.0018409960937499,0.0029363346354165667,0.5,2,ITGA1;MMP2,"score=sender_ligand_expression*receiver_receptor_expression*receiver_target_program_score*lr_weight; curated prior baseline, not nichenetr package output"
T/NK,B/Plasma,COL1A1,ITGA1,7.987284358836502e-08,0.0295509010043041,0.0018409960937499,0.0029363346354165667,0.5,2,ITGA1;MMP2,"score=sender_ligand_expression*receiver_receptor_expression*receiver_target_program_score*lr_weight; curated prior baseline, not nichenetr package output"
