"sender","receiver","ligand","receptor","score","nichenet_activity_score","nichenet_pearson","nichenet_aupr","nichenet_aupr_corrected","nichenet_auroc","sender_ligand_expression","receiver_receptor_expression","lr_weight","n_background_genes","n_geneset","geneset","notes"
"Tumor/Malignant","Myeloid","MIF","CD74",605.988156248987,0.269280566839487,0.269280566839487,0.483695652173913,0.222826086956522,0.558823529411765,17.9507942341459,179.092506459948,0.7,23,6,"CCL2;CD44;CD74;CSF1R;CXCR4;MMP9","nichenetr::predict_ligand_activities with project-curated TME prior matrix"
"Normal/Epithelial","Myeloid","MIF","CD74",332.141286439628,0.269280566839487,0.269280566839487,0.483695652173913,0.222826086956522,0.558823529411765,9.83880597014925,179.092506459948,0.7,23,6,"CCL2;CD44;CD74;CSF1R;CXCR4;MMP9","nichenetr::predict_ligand_activities with project-curated TME prior matrix"
"Tumor/Malignant","Endothelial","MIF","CD74",175.662009835102,0.269280566839487,0.269280566839487,0.483695652173913,0.222826086956522,0.558823529411765,17.9507942341459,51.9147928994083,0.7,23,6,"CCL2;CD74;FLT1;PECAM1;TNFRSF1A;VWF","nichenetr::predict_ligand_activities with project-curated TME prior matrix"
"Tumor/Malignant","B/Plasma","MIF","CD74",174.644315796947,0.492753623188406,0.490475318171923,0.753623188405797,0.492753623188406,0.666666666666667,17.9507942341459,28.2060921248143,0.7,23,6,"CCL5;CD44;CD74;CXCR4;PECAM1;TNF","nichenetr::predict_ligand_activities with project-curated TME prior matrix"
"CAF/Fibroblast","Myeloid","MIF","CD74",100.160385469646,0.269280566839487,0.269280566839487,0.483695652173913,0.222826086956522,0.558823529411765,2.96698615548456,179.092506459948,0.7,23,6,"CCL2;CD44;CD74;CSF1R;CXCR4;MMP9","nichenetr::predict_ligand_activities with project-curated TME prior matrix"
"Normal/Epithelial","Endothelial","MIF","CD74",96.2801093116229,0.269280566839487,0.269280566839487,0.483695652173913,0.222826086956522,0.558823529411765,9.83880597014925,51.9147928994083,0.7,23,6,"CCL2;CD74;FLT1;PECAM1;TNFRSF1A;VWF","nichenetr::predict_ligand_activities with project-curated TME prior matrix"
"Normal/Epithelial","B/Plasma","MIF","CD74",95.7223125897743,0.492753623188406,0.490475318171923,0.753623188405797,0.492753623188406,0.666666666666667,9.83880597014925,28.2060921248143,0.7,23,6,"CCL5;CD44;CD74;CXCR4;PECAM1;TNF","nichenetr::predict_ligand_activities with project-curated TME prior matrix"
"Endothelial","Myeloid","MIF","CD74",94.3944882010453,0.269280566839487,0.269280566839487,0.483695652173913,0.222826086956522,0.558823529411765,2.79618671926364,179.092506459948,0.7,23,6,"CCL2;CD44;CD74;CSF1R;CXCR4;MMP9","nichenetr::predict_ligand_activities with project-curated TME prior matrix"
"Perivascular","Myeloid","MIF","CD74",66.0910543713821,0.269280566839487,0.269280566839487,0.483695652173913,0.222826086956522,0.558823529411765,1.95777245067306,179.092506459948,0.7,23,6,"CCL2;CD44;CD74;CSF1R;CXCR4;MMP9","nichenetr::predict_ligand_activities with project-curated TME prior matrix"
"Tumor/Malignant","Normal/Epithelial","MIF","CD74",65.9948125889014,0.492753623188406,0.490475318171923,0.753623188405797,0.492753623188406,0.666666666666667,17.9507942341459,10.6585533869116,0.7,23,6,"CCL2;CD44;CD74;IFNGR1;TNF;TNFRSF1A","nichenetr::predict_ligand_activities with project-curated TME prior matrix"
"B/Plasma","Myeloid","MIF","CD74",59.2751468718048,0.269280566839487,0.269280566839487,0.483695652173913,0.222826086956522,0.558823529411765,1.75586924219911,179.092506459948,0.7,23,6,"CCL2;CD44;CD74;CSF1R;CXCR4;MMP9","nichenetr::predict_ligand_activities with project-curated TME prior matrix"
"T/NK","Myeloid","MIF","CD74",41.1246440919108,0.269280566839487,0.269280566839487,0.483695652173913,0.222826086956522,0.558823529411765,1.21820866700744,179.092506459948,0.7,23,6,"CCL2;CD44;CD74;CSF1R;CXCR4;MMP9","nichenetr::predict_ligand_activities with project-curated TME prior matrix"
"Tumor/Malignant","T/NK","MIF","CD74",31.8319701861234,0.492753623188406,0.490475318171923,0.753623188405797,0.492753623188406,0.666666666666667,17.9507942341459,5.1410518543761,0.7,23,6,"CCL5;CD44;CD74;CXCR4;IFNGR1;TNF","nichenetr::predict_ligand_activities with project-curated TME prior matrix"
"Myeloid","Endothelial","MIF","CD74",29.5726924524545,0.269280566839487,0.269280566839487,0.483695652173913,0.222826086956522,0.558823529411765,3.02201550387597,51.9147928994083,0.7,23,6,"CCL2;CD74;FLT1;PECAM1;TNFRSF1A;VWF","nichenetr::predict_ligand_activities with project-curated TME prior matrix"
"Myeloid","B/Plasma","MIF","CD74",29.4013637011252,0.492753623188406,0.490475318171923,0.753623188405797,0.492753623188406,0.666666666666667,3.02201550387597,28.2060921248143,0.7,23,6,"CCL5;CD44;CD74;CXCR4;PECAM1;TNF","nichenetr::predict_ligand_activities with project-curated TME prior matrix"
"CAF/Fibroblast","Endothelial","MIF","CD74",29.0341889293088,0.269280566839487,0.269280566839487,0.483695652173913,0.222826086956522,0.558823529411765,2.96698615548456,51.9147928994083,0.7,23,6,"CCL2;CD74;FLT1;PECAM1;TNFRSF1A;VWF","nichenetr::predict_ligand_activities with project-curated TME prior matrix"
"CAF/Fibroblast","B/Plasma","MIF","CD74",28.8659799864431,0.492753623188406,0.490475318171923,0.753623188405797,0.492753623188406,0.666666666666667,2.96698615548456,28.2060921248143,0.7,23,6,"CCL5;CD44;CD74;CXCR4;PECAM1;TNF","nichenetr::predict_ligand_activities with project-curated TME prior matrix"
"Endothelial","B/Plasma","MIF","CD74",27.2042623884237,0.492753623188406,0.490475318171923,0.753623188405797,0.492753623188406,0.666666666666667,2.79618671926364,28.2060921248143,0.7,23,6,"CCL5;CD44;CD74;CXCR4;PECAM1;TNF","nichenetr::predict_ligand_activities with project-curated TME prior matrix"
"Perivascular","Endothelial","MIF","CD74",19.1582745030215,0.269280566839487,0.269280566839487,0.483695652173913,0.222826086956522,0.558823529411765,1.95777245067306,51.9147928994083,0.7,23,6,"CCL2;CD74;FLT1;PECAM1;TNFRSF1A;VWF","nichenetr::predict_ligand_activities with project-curated TME prior matrix"
"Perivascular","B/Plasma","MIF","CD74",19.0472814558546,0.492753623188406,0.490475318171923,0.753623188405797,0.492753623188406,0.666666666666667,1.95777245067306,28.2060921248143,0.7,23,6,"CCL5;CD44;CD74;CXCR4;PECAM1;TNF","nichenetr::predict_ligand_activities with project-curated TME prior matrix"
"Normal/Epithelial","T/NK","MIF","CD74",17.4470596801281,0.492753623188406,0.490475318171923,0.753623188405797,0.492753623188406,0.666666666666667,9.83880597014925,5.1410518543761,0.7,23,6,"CCL5;CD44;CD74;CXCR4;IFNGR1;TNF","nichenetr::predict_ligand_activities with project-curated TME prior matrix"
"B/Plasma","Endothelial","MIF","CD74",17.1824998977271,0.269280566839487,0.269280566839487,0.483695652173913,0.222826086956522,0.558823529411765,1.75586924219911,51.9147928994083,0.7,23,6,"CCL2;CD74;FLT1;PECAM1;TNFRSF1A;VWF","nichenetr::predict_ligand_activities with project-curated TME prior matrix"
"CAF/Fibroblast","Perivascular","COL1A1","ITGA1",12.0770830582172,0.269280566839487,0.269280566839487,0.483695652173913,0.222826086956522,0.558823529411765,74.8825498250418,1.19786096256684,0.5,23,6,"CCL2;CD44;CD74;COL1A1;COL1A2;ITGA1","nichenetr::predict_ligand_activities with project-curated TME prior matrix"
"T/NK","Endothelial","MIF","CD74",11.9210871705059,0.269280566839487,0.269280566839487,0.483695652173913,0.222826086956522,0.558823529411765,1.21820866700744,51.9147928994083,0.7,23,6,"CCL2;CD74;FLT1;PECAM1;TNFRSF1A;VWF","nichenetr::predict_ligand_activities with project-curated TME prior matrix"
"T/NK","B/Plasma","MIF","CD74",11.8520226109398,0.492753623188406,0.490475318171923,0.753623188405797,0.492753623188406,0.666666666666667,1.21820866700744,28.2060921248143,0.7,23,6,"CCL5;CD44;CD74;CXCR4;PECAM1;TNF","nichenetr::predict_ligand_activities with project-curated TME prior matrix"
"Myeloid","Tumor/Malignant","SPP1","CD44",11.6152159813206,0.379666300587289,0.379666300587289,0.573067632850242,0.31219806763285,0.637254901960784,18.2088888888889,2.40017967250602,0.7,23,6,"CD44;CD74;COL1A1;COL1A2;IFNGR1;TNFRSF1A","nichenetr::predict_ligand_activities with project-curated TME prior matrix"
"Myeloid","Normal/Epithelial","MIF","CD74",11.1102241058326,0.492753623188406,0.490475318171923,0.753623188405797,0.492753623188406,0.666666666666667,3.02201550387597,10.6585533869116,0.7,23,6,"CCL2;CD44;CD74;IFNGR1;TNF;TNFRSF1A","nichenetr::predict_ligand_activities with project-curated TME prior matrix"
"Normal/Epithelial","Tumor/Malignant","MIF","CD74",10.9201250292948,0.269280566839487,0.269280566839487,0.483695652173913,0.222826086956522,0.558823529411765,9.83880597014925,5.88819469966107,0.7,23,6,"CD44;CD74;COL1A1;COL1A2;IFNGR1;TNFRSF1A","nichenetr::predict_ligand_activities with project-curated TME prior matrix"
"CAF/Fibroblast","Normal/Epithelial","MIF","CD74",10.9079126377934,0.492753623188406,0.490475318171923,0.753623188405797,0.492753623188406,0.666666666666667,2.96698615548456,10.6585533869116,0.7,23,6,"CCL2;CD44;CD74;IFNGR1;TNF;TNFRSF1A","nichenetr::predict_ligand_activities with project-curated TME prior matrix"
"Endothelial","Normal/Epithelial","MIF","CD74",10.2799807125169,0.492753623188406,0.490475318171923,0.753623188405797,0.492753623188406,0.666666666666667,2.79618671926364,10.6585533869116,0.7,23,6,"CCL2;CD44;CD74;IFNGR1;TNF;TNFRSF1A","nichenetr::predict_ligand_activities with project-curated TME prior matrix"
"Tumor/Malignant","CAF/Fibroblast","MIF","CD74",8.50419347919741,0.269280566839487,0.269280566839487,0.483695652173913,0.222826086956522,0.558823529411765,17.9507942341459,2.51331203407881,0.7,23,6,"CCL2;CD74;COL1A1;COL1A2;MMP2;TNFRSF1A","nichenetr::predict_ligand_activities with project-curated TME prior matrix"
"CAF/Fibroblast","T/NK","CXCL12","CXCR4",8.04430585118821,0.403396859230019,0.403396859230019,0.614734299516908,0.353864734299517,0.642156862745098,4.42720219078047,5.00477082978361,0.9,23,6,"CCL5;CD44;CD74;CXCR4;IFNGR1;TNF","nichenetr::predict_ligand_activities with project-curated TME prior matrix"
"Perivascular","Normal/Epithelial","MIF","CD74",7.19761055074175,0.492753623188406,0.490475318171923,0.753623188405797,0.492753623188406,0.666666666666667,1.95777245067306,10.6585533869116,0.7,23,6,"CCL2;CD44;CD74;IFNGR1;TNF;TNFRSF1A","nichenetr::predict_ligand_activities with project-curated TME prior matrix"
"B/Plasma","Normal/Epithelial","MIF","CD74",6.45532782884467,0.492753623188406,0.490475318171923,0.753623188405797,0.492753623188406,0.666666666666667,1.75586924219911,10.6585533869116,0.7,23,6,"CCL2;CD44;CD74;IFNGR1;TNF;TNFRSF1A","nichenetr::predict_ligand_activities with project-curated TME prior matrix"
"Myeloid","Perivascular","SPP1","CD44",5.73346365783089,0.379666300587289,0.379666300587289,0.573067632850242,0.31219806763285,0.637254901960784,18.2088888888889,1.18476857827771,0.7,23,6,"CCL2;CD44;CD74;COL1A1;COL1A2;ITGA1","nichenetr::predict_ligand_activities with project-curated TME prior matrix"
"Myeloid","T/NK","MIF","CD74",5.35891092987951,0.492753623188406,0.490475318171923,0.753623188405797,0.492753623188406,0.666666666666667,3.02201550387597,5.1410518543761,0.7,23,6,"CCL5;CD44;CD74;CXCR4;IFNGR1;TNF","nichenetr::predict_ligand_activities with project-curated TME prior matrix"
"CAF/Fibroblast","T/NK","MIF","CD74",5.26132791742287,0.492753623188406,0.490475318171923,0.753623188405797,0.492753623188406,0.666666666666667,2.96698615548456,5.1410518543761,0.7,23,6,"CCL5;CD44;CD74;CXCR4;IFNGR1;TNF","nichenetr::predict_ligand_activities with project-curated TME prior matrix"
"Endothelial","T/NK","MIF","CD74",4.95845092542611,0.492753623188406,0.490475318171923,0.753623188405797,0.492753623188406,0.666666666666667,2.79618671926364,5.1410518543761,0.7,23,6,"CCL5;CD44;CD74;CXCR4;IFNGR1;TNF","nichenetr::predict_ligand_activities with project-curated TME prior matrix"
"Normal/Epithelial","CAF/Fibroblast","MIF","CD74",4.66113691032529,0.269280566839487,0.269280566839487,0.483695652173913,0.222826086956522,0.558823529411765,9.83880597014925,2.51331203407881,0.7,23,6,"CCL2;CD74;COL1A1;COL1A2;MMP2;TNFRSF1A","nichenetr::predict_ligand_activities with project-curated TME prior matrix"
"CAF/Fibroblast","Myeloid","CXCL12","CXCR4",4.59537843289854,0.403396859230019,0.403396859230019,0.614734299516908,0.353864734299517,0.642156862745098,4.42720219078047,2.8590180878553,0.9,23,6,"CCL2;CD44;CD74;CSF1R;CXCR4;MMP9","nichenetr::predict_ligand_activities with project-curated TME prior matrix"
"T/NK","Normal/Epithelial","MIF","CD74",4.47865713486947,0.492753623188406,0.490475318171923,0.753623188405797,0.492753623188406,0.666666666666667,1.21820866700744,10.6585533869116,0.7,23,6,"CCL2;CD44;CD74;IFNGR1;TNF;TNFRSF1A","nichenetr::predict_ligand_activities with project-curated TME prior matrix"
"CAF/Fibroblast","B/Plasma","CXCL12","CXCR4",4.19242602733487,0.403396859230019,0.403396859230019,0.614734299516908,0.353864734299517,0.642156862745098,4.42720219078047,2.60832095096582,0.9,23,6,"CCL5;CD44;CD74;CXCR4;PECAM1;TNF","nichenetr::predict_ligand_activities with project-curated TME prior matrix"
"Tumor/Malignant","Perivascular","MIF","CD74",3.79359266057277,0.269280566839487,0.269280566839487,0.483695652173913,0.222826086956522,0.558823529411765,17.9507942341459,1.12115065461921,0.7,23,6,"CCL2;CD44;CD74;COL1A1;COL1A2;ITGA1","nichenetr::predict_ligand_activities with project-curated TME prior matrix"
"Endothelial","T/NK","CXCL12","CXCR4",3.73964036310227,0.403396859230019,0.403396859230019,0.614734299516908,0.353864734299517,0.642156862745098,2.05811965811966,5.00477082978361,0.9,23,6,"CCL5;CD44;CD74;CXCR4;IFNGR1;TNF","nichenetr::predict_ligand_activities with project-curated TME prior matrix"
"Perivascular","T/NK","MIF","CD74",3.4716989938247,0.492753623188406,0.490475318171923,0.753623188405797,0.492753623188406,0.666666666666667,1.95777245067306,5.1410518543761,0.7,23,6,"CCL5;CD44;CD74;CXCR4;IFNGR1;TNF","nichenetr::predict_ligand_activities with project-curated TME prior matrix"
"Myeloid","Tumor/Malignant","MIF","CD74",3.3541455378749,0.269280566839487,0.269280566839487,0.483695652173913,0.222826086956522,0.558823529411765,3.02201550387597,5.88819469966107,0.7,23,6,"CD44;CD74;COL1A1;COL1A2;IFNGR1;TNFRSF1A","nichenetr::predict_ligand_activities with project-curated TME prior matrix"
"CAF/Fibroblast","Tumor/Malignant","MIF","CD74",3.29306827234715,0.269280566839487,0.269280566839487,0.483695652173913,0.222826086956522,0.558823529411765,2.96698615548456,5.88819469966107,0.7,23,6,"CD44;CD74;COL1A1;COL1A2;IFNGR1;TNFRSF1A","nichenetr::predict_ligand_activities with project-curated TME prior matrix"
"Myeloid","Normal/Epithelial","SPP1","CD44",3.1735695854943,0.180298151877069,0.180298151877069,0.414251207729469,0.153381642512077,0.534313725490196,18.2088888888889,1.38094144661309,0.7,23,6,"CCL2;CD44;CD74;IFNGR1;TNF;TNFRSF1A","nichenetr::predict_ligand_activities with project-curated TME prior matrix"
"B/Plasma","T/NK","MIF","CD74",3.11366598265018,0.492753623188406,0.490475318171923,0.753623188405797,0.492753623188406,0.666666666666667,1.75586924219911,5.1410518543761,0.7,23,6,"CCL5;CD44;CD74;CXCR4;IFNGR1;TNF","nichenetr::predict_ligand_activities with project-curated TME prior matrix"
"Endothelial","Tumor/Malignant","MIF","CD74",3.10349738294,0.269280566839487,0.269280566839487,0.483695652173913,0.222826086956522,0.558823529411765,2.79618671926364,5.88819469966107,0.7,23,6,"CD44;CD74;COL1A1;COL1A2;IFNGR1;TNFRSF1A","nichenetr::predict_ligand_activities with project-curated TME prior matrix"
"Myeloid","CAF/Fibroblast","SPP1","CD44",2.85460408245952,0.220171781619113,0.220171781619113,0.448067632850242,0.18719806763285,0.627450980392157,18.2088888888889,1.0171915411532,0.7,23,6,"CCL2;CD74;COL1A1;COL1A2;MMP2;TNFRSF1A","nichenetr::predict_ligand_activities with project-curated TME prior matrix"
"Myeloid","T/NK","SPP1","CD44",2.78196946038896,0.180298151877069,0.180298151877069,0.414251207729469,0.153381642512077,0.534313725490196,18.2088888888889,1.21054126199807,0.7,23,6,"CCL5;CD44;CD74;CXCR4;IFNGR1;TNF","nichenetr::predict_ligand_activities with project-curated TME prior matrix"
"Perivascular","Tumor/Malignant","MIF","CD74",2.17293846480179,0.269280566839487,0.269280566839487,0.483695652173913,0.222826086956522,0.558823529411765,1.95777245067306,5.88819469966107,0.7,23,6,"CD44;CD74;COL1A1;COL1A2;IFNGR1;TNFRSF1A","nichenetr::predict_ligand_activities with project-curated TME prior matrix"
"Endothelial","Myeloid","CXCL12","CXCR4",2.13630150187025,0.403396859230019,0.403396859230019,0.614734299516908,0.353864734299517,0.642156862745098,2.05811965811966,2.8590180878553,0.9,23,6,"CCL2;CD44;CD74;CSF1R;CXCR4;MMP9","nichenetr::predict_ligand_activities with project-curated TME prior matrix"
"Normal/Epithelial","Perivascular","MIF","CD74",2.07926299139229,0.269280566839487,0.269280566839487,0.483695652173913,0.222826086956522,0.558823529411765,9.83880597014925,1.12115065461921,0.7,23,6,"CCL2;CD44;CD74;COL1A1;COL1A2;ITGA1","nichenetr::predict_ligand_activities with project-curated TME prior matrix"
"Endothelial","B/Plasma","CXCL12","CXCR4",1.94897681430477,0.403396859230019,0.403396859230019,0.614734299516908,0.353864734299517,0.642156862745098,2.05811965811966,2.60832095096582,0.9,23,6,"CCL5;CD44;CD74;CXCR4;PECAM1;TNF","nichenetr::predict_ligand_activities with project-curated TME prior matrix"
"B/Plasma","Tumor/Malignant","MIF","CD74",1.94884539019084,0.269280566839487,0.269280566839487,0.483695652173913,0.222826086956522,0.558823529411765,1.75586924219911,5.88819469966107,0.7,23,6,"CD44;CD74;COL1A1;COL1A2;IFNGR1;TNFRSF1A","nichenetr::predict_ligand_activities with project-curated TME prior matrix"
"Myeloid","CAF/Fibroblast","MIF","CD74",1.43168063801932,0.269280566839487,0.269280566839487,0.483695652173913,0.222826086956522,0.558823529411765,3.02201550387597,2.51331203407881,0.7,23,6,"CCL2;CD74;COL1A1;COL1A2;MMP2;TNFRSF1A","nichenetr::predict_ligand_activities with project-curated TME prior matrix"
"Perivascular","T/NK","CXCL12","CXCR4",1.37440671823616,0.403396859230019,0.403396859230019,0.614734299516908,0.353864734299517,0.642156862745098,0.756407892310529,5.00477082978361,0.9,23,6,"CCL5;CD44;CD74;CXCR4;IFNGR1;TNF","nichenetr::predict_ligand_activities with project-curated TME prior matrix"
"T/NK","Tumor/Malignant","MIF","CD74",1.35209404432335,0.269280566839487,0.269280566839487,0.483695652173913,0.222826086956522,0.558823529411765,1.21820866700744,5.88819469966107,0.7,23,6,"CD44;CD74;COL1A1;COL1A2;IFNGR1;TNFRSF1A","nichenetr::predict_ligand_activities with project-curated TME prior matrix"
"Myeloid","B/Plasma","SPP1","CD44",1.34745657408321,0.180298151877069,0.180298151877069,0.414251207729469,0.153381642512077,0.534313725490196,18.2088888888889,0.586329866270431,0.7,23,6,"CCL5;CD44;CD74;CXCR4;PECAM1;TNF","nichenetr::predict_ligand_activities with project-curated TME prior matrix"
"Endothelial","CAF/Fibroblast","MIF","CD74",1.32469419204568,0.269280566839487,0.269280566839487,0.483695652173913,0.222826086956522,0.558823529411765,2.79618671926364,2.51331203407881,0.7,23,6,"CCL2;CD74;COL1A1;COL1A2;MMP2;TNFRSF1A","nichenetr::predict_ligand_activities with project-curated TME prior matrix"
"Perivascular","CAF/Fibroblast","MIF","CD74",0.927495212278463,0.269280566839487,0.269280566839487,0.483695652173913,0.222826086956522,0.558823529411765,1.95777245067306,2.51331203407881,0.7,23,6,"CCL2;CD74;COL1A1;COL1A2;MMP2;TNFRSF1A","nichenetr::predict_ligand_activities with project-curated TME prior matrix"
"B/Plasma","CAF/Fibroblast","MIF","CD74",0.831843514279102,0.269280566839487,0.269280566839487,0.483695652173913,0.222826086956522,0.558823529411765,1.75586924219911,2.51331203407881,0.7,23,6,"CCL2;CD74;COL1A1;COL1A2;MMP2;TNFRSF1A","nichenetr::predict_ligand_activities with project-curated TME prior matrix"
"Perivascular","Myeloid","CXCL12","CXCR4",0.785141578136341,0.403396859230019,0.403396859230019,0.614734299516908,0.353864734299517,0.642156862745098,0.756407892310529,2.8590180878553,0.9,23,6,"CCL2;CD44;CD74;CSF1R;CXCR4;MMP9","nichenetr::predict_ligand_activities with project-curated TME prior matrix"
"Perivascular","B/Plasma","CXCL12","CXCR4",0.71629530307156,0.403396859230019,0.403396859230019,0.614734299516908,0.353864734299517,0.642156862745098,0.756407892310529,2.60832095096582,0.9,23,6,"CCL5;CD44;CD74;CXCR4;PECAM1;TNF","nichenetr::predict_ligand_activities with project-curated TME prior matrix"
"Myeloid","Perivascular","MIF","CD74",0.638651175324247,0.269280566839487,0.269280566839487,0.483695652173913,0.222826086956522,0.558823529411765,3.02201550387597,1.12115065461921,0.7,23,6,"CCL2;CD44;CD74;COL1A1;COL1A2;ITGA1","nichenetr::predict_ligand_activities with project-curated TME prior matrix"
"CAF/Fibroblast","Perivascular","MIF","CD74",0.627021665818943,0.269280566839487,0.269280566839487,0.483695652173913,0.222826086956522,0.558823529411765,2.96698615548456,1.12115065461921,0.7,23,6,"CCL2;CD44;CD74;COL1A1;COL1A2;ITGA1","nichenetr::predict_ligand_activities with project-curated TME prior matrix"
"Endothelial","Perivascular","MIF","CD74",0.590926132706256,0.269280566839487,0.269280566839487,0.483695652173913,0.222826086956522,0.558823529411765,2.79618671926364,1.12115065461921,0.7,23,6,"CCL2;CD44;CD74;COL1A1;COL1A2;ITGA1","nichenetr::predict_ligand_activities with project-curated TME prior matrix"
"T/NK","CAF/Fibroblast","MIF","CD74",0.577126675685465,0.269280566839487,0.269280566839487,0.483695652173913,0.222826086956522,0.558823529411765,1.21820866700744,2.51331203407881,0.7,23,6,"CCL2;CD74;COL1A1;COL1A2;MMP2;TNFRSF1A","nichenetr::predict_ligand_activities with project-curated TME prior matrix"
"Myeloid","T/NK","CXCL12","CXCR4",0.451672162375,0.403396859230019,0.403396859230019,0.614734299516908,0.353864734299517,0.642156862745098,0.248578811369509,5.00477082978361,0.9,23,6,"CCL5;CD44;CD74;CXCR4;IFNGR1;TNF","nichenetr::predict_ligand_activities with project-curated TME prior matrix"
"Endothelial","Tumor/Malignant","SPP1","CD44",0.451511696590293,0.379666300587289,0.379666300587289,0.573067632850242,0.31219806763285,0.637254901960784,0.707823800131492,2.40017967250602,0.7,23,6,"CD44;CD74;COL1A1;COL1A2;IFNGR1;TNFRSF1A","nichenetr::predict_ligand_activities with project-curated TME prior matrix"
"Tumor/Malignant","Endothelial","VEGFA","FLT1",0.371591081212091,0.351759561400588,0.351759561400588,0.495772946859903,0.234903381642512,0.676470588235294,0.699171056392666,1.88862590401052,0.8,23,6,"CCL2;CD74;FLT1;PECAM1;TNFRSF1A;VWF","nichenetr::predict_ligand_activities with project-curated TME prior matrix"
"B/Plasma","Perivascular","MIF","CD74",0.371072866372753,0.269280566839487,0.269280566839487,0.483695652173913,0.222826086956522,0.558823529411765,1.75586924219911,1.12115065461921,0.7,23,6,"CCL2;CD44;CD74;COL1A1;COL1A2;ITGA1","nichenetr::predict_ligand_activities with project-curated TME prior matrix"
"Myeloid","Endothelial","TNF","TNFRSF1A",0.370359877242454,0.312065992115876,0.312065992115876,0.559178743961353,0.298309178743961,0.622549019607843,1.01405684754522,1.67192636423406,0.7,23,6,"CCL2;CD74;FLT1;PECAM1;TNFRSF1A;VWF","nichenetr::predict_ligand_activities with project-curated TME prior matrix"
"Myeloid","Endothelial","VEGFA","FLT1",0.31569816940958,0.351759561400588,0.351759561400588,0.495772946859903,0.234903381642512,0.676470588235294,0.594005167958656,1.88862590401052,0.8,23,6,"CCL2;CD74;FLT1;PECAM1;TNFRSF1A;VWF","nichenetr::predict_ligand_activities with project-curated TME prior matrix"
"Endothelial","Myeloid","SPP1","CD44",0.303623187510883,0.180298151877069,0.180298151877069,0.414251207729469,0.153381642512077,0.534313725490196,0.707823800131492,3.39875968992248,0.7,23,6,"CCL2;CD44;CD74;CSF1R;CXCR4;MMP9","nichenetr::predict_ligand_activities with project-curated TME prior matrix"
"T/NK","Normal/Epithelial","IFNG","IFNGR1",0.272041114738368,0.419539930329333,0.419539930329333,0.642512077294686,0.381642512077295,0.647058823529412,1.17819617197705,0.786222732491389,0.7,23,6,"CCL2;CD44;CD74;IFNGR1;TNF;TNFRSF1A","nichenetr::predict_ligand_activities with project-curated TME prior matrix"
"T/NK","Perivascular","MIF","CD74",0.257447520033113,0.269280566839487,0.269280566839487,0.483695652173913,0.222826086956522,0.558823529411765,1.21820866700744,1.12115065461921,0.7,23,6,"CCL2;CD44;CD74;COL1A1;COL1A2;ITGA1","nichenetr::predict_ligand_activities with project-curated TME prior matrix"
"Myeloid","CAF/Fibroblast","TNF","TNFRSF1A",0.245849001801283,0.312065992115876,0.312065992115876,0.559178743961353,0.298309178743961,0.622549019607843,1.01405684754522,1.1098432983417,0.7,23,6,"CCL2;CD74;COL1A1;COL1A2;MMP2;TNFRSF1A","nichenetr::predict_ligand_activities with project-curated TME prior matrix"
"Myeloid","B/Plasma","CXCL12","CXCR4",0.235396585410023,0.403396859230019,0.403396859230019,0.614734299516908,0.353864734299517,0.642156862745098,0.248578811369509,2.60832095096582,0.9,23,6,"CCL5;CD44;CD74;CXCR4;PECAM1;TNF","nichenetr::predict_ligand_activities with project-curated TME prior matrix"
"Endothelial","Perivascular","SPP1","CD44",0.222873677738681,0.379666300587289,0.379666300587289,0.573067632850242,0.31219806763285,0.637254901960784,0.707823800131492,1.18476857827771,0.7,23,6,"CCL2;CD44;CD74;COL1A1;COL1A2;ITGA1","nichenetr::predict_ligand_activities with project-curated TME prior matrix"
"Tumor/Malignant","T/NK","CXCL12","CXCR4",0.210720363406029,0.403396859230019,0.403396859230019,0.614734299516908,0.353864734299517,0.642156862745098,0.115970435705827,5.00477082978361,0.9,23,6,"CCL5;CD44;CD74;CXCR4;IFNGR1;TNF","nichenetr::predict_ligand_activities with project-curated TME prior matrix"
"Normal/Epithelial","Endothelial","TNF","TNFRSF1A",0.192299220962798,0.312065992115876,0.312065992115876,0.559178743961353,0.298309178743961,0.622549019607843,0.526521239954076,1.67192636423406,0.7,23,6,"CCL2;CD74;FLT1;PECAM1;TNFRSF1A;VWF","nichenetr::predict_ligand_activities with project-curated TME prior matrix"
"Tumor/Malignant","Endothelial","VEGFA","KDR",0.185174626733659,0.351759561400588,0.351759561400588,0.495772946859903,0.234903381642512,0.676470588235294,0.699171056392666,0.752925706771861,1,23,6,"CCL2;CD74;FLT1;PECAM1;TNFRSF1A;VWF","nichenetr::predict_ligand_activities with project-curated TME prior matrix"
"Myeloid","Normal/Epithelial","TNF","TNFRSF1A",0.184792365088307,0.312065992115876,0.312065992115876,0.559178743961353,0.298309178743961,0.622549019607843,1.01405684754522,0.834213547646383,0.7,23,6,"CCL2;CD44;CD74;IFNGR1;TNF;TNFRSF1A","nichenetr::predict_ligand_activities with project-curated TME prior matrix"
"T/NK","Endothelial","TNF","TNFRSF1A",0.180300106341031,0.312065992115876,0.312065992115876,0.559178743961353,0.298309178743961,0.622549019607843,0.493667291418186,1.67192636423406,0.7,23,6,"CCL2;CD74;FLT1;PECAM1;TNFRSF1A;VWF","nichenetr::predict_ligand_activities with project-curated TME prior matrix"
"Tumor/Malignant","Perivascular","COL1A1","ITGA1",0.170678315913913,0.269280566839487,0.269280566839487,0.483695652173913,0.222826086956522,0.558823529411765,1.05827106047613,1.19786096256684,0.5,23,6,"CCL2;CD44;CD74;COL1A1;COL1A2;ITGA1","nichenetr::predict_ligand_activities with project-curated TME prior matrix"
"T/NK","Tumor/Malignant","SPP1","CD44",0.166400614255996,0.379666300587289,0.379666300587289,0.573067632850242,0.31219806763285,0.637254901960784,0.260862157096609,2.40017967250602,0.7,23,6,"CD44;CD74;COL1A1;COL1A2;IFNGR1;TNFRSF1A","nichenetr::predict_ligand_activities with project-curated TME prior matrix"
"Myeloid","Endothelial","VEGFA","KDR",0.157321565658224,0.351759561400588,0.351759561400588,0.495772946859903,0.234903381642512,0.676470588235294,0.594005167958656,0.752925706771861,1,23,6,"CCL2;CD74;FLT1;PECAM1;TNFRSF1A;VWF","nichenetr::predict_ligand_activities with project-curated TME prior matrix"
"Perivascular","CAF/Fibroblast","COL1A1","ITGA1",0.145803183913404,0.0978260869565218,0.0480858155070513,0.358695652173913,0.0978260869565218,0.549019607843137,6.5441637470035,0.455499771793701,0.5,23,6,"CCL2;CD74;COL1A1;COL1A2;MMP2;TNFRSF1A","nichenetr::predict_ligand_activities with project-curated TME prior matrix"
"CAF/Fibroblast","Perivascular","MMP2","ITGAV",0.138984952421121,0.0978260869565218,0.0480858155070513,0.358695652173913,0.0978260869565218,0.549019607843137,5.78426897915716,0.491241010510787,0.5,23,6,"CCL2;CD44;CD74;COL1A1;COL1A2;ITGA1","nichenetr::predict_ligand_activities with project-curated TME prior matrix"
"CAF/Fibroblast","Myeloid","CSF1","CSF1R",0.132212824044642,0.269280566839487,0.269280566839487,0.483695652173913,0.222826086956522,0.558823529411765,0.299558801156245,2.04878552971576,0.8,23,6,"CCL2;CD44;CD74;CSF1R;CXCR4;MMP9","nichenetr::predict_ligand_activities with project-curated TME prior matrix"
"Perivascular","Myeloid","CSF1","CSF1R",0.128834687493988,0.269280566839487,0.269280566839487,0.483695652173913,0.222826086956522,0.558823529411765,0.29190484971418,2.04878552971576,0.8,23,6,"CCL2;CD44;CD74;CSF1R;CXCR4;MMP9","nichenetr::predict_ligand_activities with project-curated TME prior matrix"
"Normal/Epithelial","CAF/Fibroblast","TNF","TNFRSF1A",0.127650359625535,0.312065992115876,0.312065992115876,0.559178743961353,0.298309178743961,0.622549019607843,0.526521239954076,1.1098432983417,0.7,23,6,"CCL2;CD74;COL1A1;COL1A2;MMP2;TNFRSF1A","nichenetr::predict_ligand_activities with project-curated TME prior matrix"
"Normal/Epithelial","Tumor/Malignant","SPP1","CD44",0.125966231200255,0.379666300587289,0.379666300587289,0.573067632850242,0.31219806763285,0.637254901960784,0.197474167623421,2.40017967250602,0.7,23,6,"CD44;CD74;COL1A1;COL1A2;IFNGR1;TNFRSF1A","nichenetr::predict_ligand_activities with project-curated TME prior matrix"
"Myeloid","CAF/Fibroblast","TGFB1","TGFBR1",0.124647857664931,0.536133781437529,0.536133781437529,0.731884057971014,0.471014492753623,0.730392156862745,1.26904392764858,0.203560018256504,0.9,23,6,"CCL2;CD74;COL1A1;COL1A2;MMP2;TNFRSF1A","nichenetr::predict_ligand_activities with project-curated TME prior matrix"
"Endothelial","Normal/Epithelial","SPP1","CD44",0.123364368781283,0.180298151877069,0.180298151877069,0.414251207729469,0.153381642512077,0.534313725490196,0.707823800131492,1.38094144661309,0.7,23,6,"CCL2;CD44;CD74;IFNGR1;TNF;TNFRSF1A","nichenetr::predict_ligand_activities with project-curated TME prior matrix"
"Normal/Epithelial","Endothelial","VEGFA","FLT1",0.122647794395913,0.351759561400588,0.351759561400588,0.495772946859903,0.234903381642512,0.676470588235294,0.230769230769231,1.88862590401052,0.8,23,6,"CCL2;CD74;FLT1;PECAM1;TNFRSF1A;VWF","nichenetr::predict_ligand_activities with project-curated TME prior matrix"
"Tumor/Malignant","Myeloid","CXCL12","CXCR4",0.120375807593837,0.403396859230019,0.403396859230019,0.614734299516908,0.353864734299517,0.642156862745098,0.115970435705827,2.8590180878553,0.9,23,6,"CCL2;CD44;CD74;CSF1R;CXCR4;MMP9","nichenetr::predict_ligand_activities with project-curated TME prior matrix"
"T/NK","CAF/Fibroblast","TNF","TNFRSF1A",0.119685214010344,0.312065992115876,0.312065992115876,0.559178743961353,0.298309178743961,0.622549019607843,0.493667291418186,1.1098432983417,0.7,23,6,"CCL2;CD74;COL1A1;COL1A2;MMP2;TNFRSF1A","nichenetr::predict_ligand_activities with project-curated TME prior matrix"
"CAF/Fibroblast","Endothelial","VEGFA","FLT1",0.118698235623084,0.351759561400588,0.351759561400588,0.495772946859903,0.234903381642512,0.676470588235294,0.223337897459303,1.88862590401052,0.8,23,6,"CCL2;CD74;FLT1;PECAM1;TNFRSF1A;VWF","nichenetr::predict_ligand_activities with project-curated TME prior matrix"
"T/NK","Myeloid","SPP1","CD44",0.11189762144749,0.180298151877069,0.180298151877069,0.414251207729469,0.153381642512077,0.534313725490196,0.260862157096609,3.39875968992248,0.7,23,6,"CCL2;CD44;CD74;CSF1R;CXCR4;MMP9","nichenetr::predict_ligand_activities with project-curated TME prior matrix"
"Endothelial","CAF/Fibroblast","SPP1","CD44",0.110965403866587,0.220171781619113,0.220171781619113,0.448067632850242,0.18719806763285,0.627450980392157,0.707823800131492,1.0171915411532,0.7,23,6,"CCL2;CD74;COL1A1;COL1A2;MMP2;TNFRSF1A","nichenetr::predict_ligand_activities with project-curated TME prior matrix"
"Tumor/Malignant","B/Plasma","CXCL12","CXCR4",0.109820480769315,0.403396859230019,0.403396859230019,0.614734299516908,0.353864734299517,0.642156862745098,0.115970435705827,2.60832095096582,0.9,23,6,"CCL5;CD44;CD74;CXCR4;PECAM1;TNF","nichenetr::predict_ligand_activities with project-curated TME prior matrix"
"Endothelial","T/NK","SPP1","CD44",0.108141919439348,0.180298151877069,0.180298151877069,0.414251207729469,0.153381642512077,0.534313725490196,0.707823800131492,1.21054126199807,0.7,23,6,"CCL5;CD44;CD74;CXCR4;IFNGR1;TNF","nichenetr::predict_ligand_activities with project-curated TME prior matrix"
"CAF/Fibroblast","Tumor/Malignant","MMP2","ITGAV",0.103770800318756,0.0978260869565218,0.0480858155070513,0.358695652173913,0.0978260869565218,0.549019607843137,5.78426897915716,0.366776920249908,0.5,23,6,"CD44;CD74;COL1A1;COL1A2;IFNGR1;TNFRSF1A","nichenetr::predict_ligand_activities with project-curated TME prior matrix"
"T/NK","Normal/Epithelial","TNF","TNFRSF1A",0.0899613730420938,0.312065992115876,0.312065992115876,0.559178743961353,0.298309178743961,0.622549019607843,0.493667291418186,0.834213547646383,0.7,23,6,"CCL2;CD44;CD74;IFNGR1;TNF;TNFRSF1A","nichenetr::predict_ligand_activities with project-curated TME prior matrix"
"Endothelial","Myeloid","CSF1","CSF1R",0.0851377940735878,0.269280566839487,0.269280566839487,0.483695652173913,0.222826086956522,0.558823529411765,0.192899408284024,2.04878552971576,0.8,23,6,"CCL2;CD44;CD74;CSF1R;CXCR4;MMP9","nichenetr::predict_ligand_activities with project-curated TME prior matrix"
"Normal/Epithelial","Myeloid","SPP1","CD44",0.0847071491715075,0.180298151877069,0.180298151877069,0.414251207729469,0.153381642512077,0.534313725490196,0.197474167623421,3.39875968992248,0.7,23,6,"CCL2;CD44;CD74;CSF1R;CXCR4;MMP9","nichenetr::predict_ligand_activities with project-curated TME prior matrix"
"T/NK","Perivascular","SPP1","CD44",0.0821381088403162,0.379666300587289,0.379666300587289,0.573067632850242,0.31219806763285,0.637254901960784,0.260862157096609,1.18476857827771,0.7,23,6,"CCL2;CD44;CD74;COL1A1;COL1A2;ITGA1","nichenetr::predict_ligand_activities with project-curated TME prior matrix"
"Perivascular","Endothelial","VEGFA","FLT1",0.0785989246033431,0.351759561400588,0.351759561400588,0.495772946859903,0.234903381642512,0.676470588235294,0.147888622533653,1.88862590401052,0.8,23,6,"CCL2;CD74;FLT1;PECAM1;TNFRSF1A;VWF","nichenetr::predict_ligand_activities with project-curated TME prior matrix"
"T/NK","Tumor/Malignant","IFNG","IFNGR1",0.077892352840901,0.180298151877069,0.180298151877069,0.414251207729469,0.153381642512077,0.534313725490196,1.17819617197705,0.523827024378292,0.7,23,6,"CD44;CD74;COL1A1;COL1A2;IFNGR1;TNFRSF1A","nichenetr::predict_ligand_activities with project-curated TME prior matrix"
"Normal/Epithelial","T/NK","CXCL12","CXCR4",0.0767695299412078,0.403396859230019,0.403396859230019,0.614734299516908,0.353864734299517,0.642156862745098,0.0422502870264064,5.00477082978361,0.9,23,6,"CCL5;CD44;CD74;CXCR4;IFNGR1;TNF","nichenetr::predict_ligand_activities with project-curated TME prior matrix"
"Normal/Epithelial","Myeloid","TNF","TNFRSF1A",0.0732613393681022,0.175999303610376,0.175999303610376,0.350845410628019,0.0899758454106281,0.593137254901961,0.526521239954076,1.12940568475452,0.7,23,6,"CCL2;CD44;CD74;CSF1R;CXCR4;MMP9","nichenetr::predict_ligand_activities with project-curated TME prior matrix"
"Myeloid","Tumor/Malignant","TNF","TNFRSF1A",0.0727379094351581,0.118659420289855,0.0739492872312503,0.379528985507246,0.118659420289855,0.509803921568627,1.01405684754522,0.863571399403814,0.7,23,6,"CD44;CD74;COL1A1;COL1A2;IFNGR1;TNFRSF1A","nichenetr::predict_ligand_activities with project-curated TME prior matrix"
"Normal/Epithelial","Myeloid","CSF1","CSF1R",0.0708403200024442,0.269280566839487,0.269280566839487,0.483695652173913,0.222826086956522,0.558823529411765,0.160505166475316,2.04878552971576,0.8,23,6,"CCL2;CD44;CD74;CSF1R;CXCR4;MMP9","nichenetr::predict_ligand_activities with project-curated TME prior matrix"
"T/NK","Myeloid","TNF","TNFRSF1A",0.068689967710845,0.175999303610376,0.175999303610376,0.350845410628019,0.0899758454106281,0.593137254901961,0.493667291418186,1.12940568475452,0.7,23,6,"CCL2;CD44;CD74;CSF1R;CXCR4;MMP9","nichenetr::predict_ligand_activities with project-curated TME prior matrix"
"Myeloid","Tumor/Malignant","TGFB1","TGFBR1",0.0666124874538705,0.326086956521739,0.305646361380273,0.58695652173913,0.326086956521739,0.627450980392157,1.26904392764858,0.178855812813916,0.9,23,6,"CD44;CD74;COL1A1;COL1A2;IFNGR1;TNFRSF1A","nichenetr::predict_ligand_activities with project-curated TME prior matrix"
"Endothelial","Perivascular","COL1A1","ITGA1",0.0633033285206938,0.269280566839487,0.269280566839487,0.483695652173913,0.222826086956522,0.558823529411765,0.392504930966469,1.19786096256684,0.5,23,6,"CCL2;CD44;CD74;COL1A1;COL1A2;ITGA1","nichenetr::predict_ligand_activities with project-curated TME prior matrix"
"Endothelial","CAF/Fibroblast","TGFB1","TGFBR1",0.0630660555755372,0.536133781437529,0.536133781437529,0.731884057971014,0.471014492753623,0.730392156862745,0.642077580539119,0.203560018256504,0.9,23,6,"CCL2;CD74;COL1A1;COL1A2;MMP2;TNFRSF1A","nichenetr::predict_ligand_activities with project-curated TME prior matrix"
"Normal/Epithelial","Perivascular","SPP1","CD44",0.0621790253286771,0.379666300587289,0.379666300587289,0.573067632850242,0.31219806763285,0.637254901960784,0.197474167623421,1.18476857827771,0.7,23,6,"CCL2;CD44;CD74;COL1A1;COL1A2;ITGA1","nichenetr::predict_ligand_activities with project-curated TME prior matrix"
"Normal/Epithelial","Endothelial","VEGFA","KDR",0.0611189576264533,0.351759561400588,0.351759561400588,0.495772946859903,0.234903381642512,0.676470588235294,0.230769230769231,0.752925706771861,1,23,6,"CCL2;CD74;FLT1;PECAM1;TNFRSF1A;VWF","nichenetr::predict_ligand_activities with project-curated TME prior matrix"
"T/NK","Myeloid","CSF1","CSF1R",0.0600234529153315,0.269280566839487,0.269280566839487,0.483695652173913,0.222826086956522,0.558823529411765,0.135997046629182,2.04878552971576,0.8,23,6,"CCL2;CD44;CD74;CSF1R;CXCR4;MMP9","nichenetr::predict_ligand_activities with project-curated TME prior matrix"
"Tumor/Malignant","Endothelial","TNF","TNFRSF1A",0.0599687023506231,0.312065992115876,0.312065992115876,0.559178743961353,0.298309178743961,0.622549019607843,0.164196169708849,1.67192636423406,0.7,23,6,"CCL2;CD74;FLT1;PECAM1;TNFRSF1A;VWF","nichenetr::predict_ligand_activities with project-curated TME prior matrix"
"CAF/Fibroblast","Endothelial","VEGFA","KDR",0.0591507777951839,0.351759561400588,0.351759561400588,0.495772946859903,0.234903381642512,0.676470588235294,0.223337897459303,0.752925706771861,1,23,6,"CCL2;CD74;FLT1;PECAM1;TNFRSF1A;VWF","nichenetr::predict_ligand_activities with project-curated TME prior matrix"
"Tumor/Malignant","Myeloid","CSF1","CSF1R",0.0568076279765414,0.269280566839487,0.269280566839487,0.483695652173913,0.222826086956522,0.558823529411765,0.128710849769284,2.04878552971576,0.8,23,6,"CCL2;CD44;CD74;CSF1R;CXCR4;MMP9","nichenetr::predict_ligand_activities with project-curated TME prior matrix"
"Endothelial","B/Plasma","SPP1","CD44",0.0523789144191947,0.180298151877069,0.180298151877069,0.414251207729469,0.153381642512077,0.534313725490196,0.707823800131492,0.586329866270431,0.7,23,6,"CCL5;CD44;CD74;CXCR4;PECAM1;TNF","nichenetr::predict_ligand_activities with project-curated TME prior matrix"
"B/Plasma","Endothelial","TNF","TNFRSF1A",0.0494384609237047,0.312065992115876,0.312065992115876,0.559178743961353,0.298309178743961,0.622549019607843,0.135364041604755,1.67192636423406,0.7,23,6,"CCL2;CD74;FLT1;PECAM1;TNFRSF1A;VWF","nichenetr::predict_ligand_activities with project-curated TME prior matrix"
"Perivascular","CAF/Fibroblast","TGFB1","TGFBR1",0.049119987096627,0.536133781437529,0.536133781437529,0.731884057971014,0.471014492753623,0.730392156862745,0.50009219988936,0.203560018256504,0.9,23,6,"CCL2;CD74;COL1A1;COL1A2;MMP2;TNFRSF1A","nichenetr::predict_ligand_activities with project-curated TME prior matrix"
"T/NK","Normal/Epithelial","SPP1","CD44",0.0454648393331347,0.180298151877069,0.180298151877069,0.414251207729469,0.153381642512077,0.534313725490196,0.260862157096609,1.38094144661309,0.7,23,6,"CCL2;CD44;CD74;IFNGR1;TNF;TNFRSF1A","nichenetr::predict_ligand_activities with project-curated TME prior matrix"
"Normal/Epithelial","Myeloid","CXCL12","CXCR4",0.0438552497532743,0.403396859230019,0.403396859230019,0.614734299516908,0.353864734299517,0.642156862745098,0.0422502870264064,2.8590180878553,0.9,23,6,"CCL2;CD44;CD74;CSF1R;CXCR4;MMP9","nichenetr::predict_ligand_activities with project-curated TME prior matrix"
"Tumor/Malignant","Myeloid","SPP1","CD44",0.0421964118608723,0.180298151877069,0.180298151877069,0.414251207729469,0.153381642512077,0.534313725490196,0.0983706970476541,3.39875968992248,0.7,23,6,"CCL2;CD44;CD74;CSF1R;CXCR4;MMP9","nichenetr::predict_ligand_activities with project-curated TME prior matrix"
"T/NK","CAF/Fibroblast","TGFB1","TGFBR1",0.0413204596240977,0.536133781437529,0.536133781437529,0.731884057971014,0.471014492753623,0.730392156862745,0.420684954847504,0.203560018256504,0.9,23,6,"CCL2;CD74;COL1A1;COL1A2;MMP2;TNFRSF1A","nichenetr::predict_ligand_activities with project-curated TME prior matrix"
"T/NK","CAF/Fibroblast","SPP1","CD44",0.0408953112488686,0.220171781619113,0.220171781619113,0.448067632850242,0.18719806763285,0.627450980392157,0.260862157096609,1.0171915411532,0.7,23,6,"CCL2;CD74;COL1A1;COL1A2;MMP2;TNFRSF1A","nichenetr::predict_ligand_activities with project-curated TME prior matrix"
"Normal/Epithelial","B/Plasma","CXCL12","CXCR4",0.0400097387376492,0.403396859230019,0.403396859230019,0.614734299516908,0.353864734299517,0.642156862745098,0.0422502870264064,2.60832095096582,0.9,23,6,"CCL5;CD44;CD74;CXCR4;PECAM1;TNF","nichenetr::predict_ligand_activities with project-curated TME prior matrix"
"Tumor/Malignant","CAF/Fibroblast","TNF","TNFRSF1A",0.0398078909680796,0.312065992115876,0.312065992115876,0.559178743961353,0.298309178743961,0.622549019607843,0.164196169708849,1.1098432983417,0.7,23,6,"CCL2;CD74;COL1A1;COL1A2;MMP2;TNFRSF1A","nichenetr::predict_ligand_activities with project-curated TME prior matrix"
"Perivascular","Endothelial","VEGFA","KDR",0.0391681266342984,0.351759561400588,0.351759561400588,0.495772946859903,0.234903381642512,0.676470588235294,0.147888622533653,0.752925706771861,1,23,6,"CCL2;CD74;FLT1;PECAM1;TNFRSF1A;VWF","nichenetr::predict_ligand_activities with project-curated TME prior matrix"
"Normal/Epithelial","Tumor/Malignant","TNF","TNFRSF1A",0.0377671669593049,0.118659420289855,0.0739492872312503,0.379528985507246,0.118659420289855,0.509803921568627,0.526521239954076,0.863571399403814,0.7,23,6,"CD44;CD74;COL1A1;COL1A2;IFNGR1;TNFRSF1A","nichenetr::predict_ligand_activities with project-curated TME prior matrix"
"T/NK","Tumor/Malignant","TNF","TNFRSF1A",0.0354105658092058,0.118659420289855,0.0739492872312503,0.379528985507246,0.118659420289855,0.509803921568627,0.493667291418186,0.863571399403814,0.7,23,6,"CD44;CD74;COL1A1;COL1A2;IFNGR1;TNFRSF1A","nichenetr::predict_ligand_activities with project-curated TME prior matrix"
"Normal/Epithelial","Perivascular","COL1A1","ITGA1",0.033996636431379,0.269280566839487,0.269280566839487,0.483695652173913,0.222826086956522,0.558823529411765,0.210792192881745,1.19786096256684,0.5,23,6,"CCL2;CD44;CD74;COL1A1;COL1A2;ITGA1","nichenetr::predict_ligand_activities with project-curated TME prior matrix"
"Endothelial","Tumor/Malignant","TGFB1","TGFBR1",0.0337028402612691,0.326086956521739,0.305646361380273,0.58695652173913,0.326086956521739,0.627450980392157,0.642077580539119,0.178855812813916,0.9,23,6,"CD44;CD74;COL1A1;COL1A2;IFNGR1;TNFRSF1A","nichenetr::predict_ligand_activities with project-curated TME prior matrix"
"B/Plasma","CAF/Fibroblast","TNF","TNFRSF1A",0.0328177997011478,0.312065992115876,0.312065992115876,0.559178743961353,0.298309178743961,0.622549019607843,0.135364041604755,1.1098432983417,0.7,23,6,"CCL2;CD74;COL1A1;COL1A2;MMP2;TNFRSF1A","nichenetr::predict_ligand_activities with project-curated TME prior matrix"
"CAF/Fibroblast","Tumor/Malignant","TGFB1","TGFBR1",0.0312721720616636,0.326086956521739,0.305646361380273,0.58695652173913,0.326086956521739,0.627450980392157,0.595770576601248,0.178855812813916,0.9,23,6,"CD44;CD74;COL1A1;COL1A2;IFNGR1;TNFRSF1A","nichenetr::predict_ligand_activities with project-curated TME prior matrix"
"Tumor/Malignant","Perivascular","SPP1","CD44",0.0309741478439343,0.379666300587289,0.379666300587289,0.573067632850242,0.31219806763285,0.637254901960784,0.0983706970476541,1.18476857827771,0.7,23,6,"CCL2;CD44;CD74;COL1A1;COL1A2;ITGA1","nichenetr::predict_ligand_activities with project-curated TME prior matrix"
"Normal/Epithelial","CAF/Fibroblast","SPP1","CD44",0.0309579880748293,0.220171781619113,0.220171781619113,0.448067632850242,0.18719806763285,0.627450980392157,0.197474167623421,1.0171915411532,0.7,23,6,"CCL2;CD74;COL1A1;COL1A2;MMP2;TNFRSF1A","nichenetr::predict_ligand_activities with project-curated TME prior matrix"
"Normal/Epithelial","T/NK","SPP1","CD44",0.0301702705143811,0.180298151877069,0.180298151877069,0.414251207729469,0.153381642512077,0.534313725490196,0.197474167623421,1.21054126199807,0.7,23,6,"CCL5;CD44;CD74;CXCR4;IFNGR1;TNF","nichenetr::predict_ligand_activities with project-curated TME prior matrix"
"Tumor/Malignant","Normal/Epithelial","TNF","TNFRSF1A",0.0299215952363916,0.312065992115876,0.312065992115876,0.559178743961353,0.298309178743961,0.622549019607843,0.164196169708849,0.834213547646383,0.7,23,6,"CCL2;CD44;CD74;IFNGR1;TNF;TNFRSF1A","nichenetr::predict_ligand_activities with project-curated TME prior matrix"
"Perivascular","Myeloid","CCL2","CCR2",0.0297237974719891,0.0978260869565218,0.077599154036582,0.358695652173913,0.0978260869565218,0.549019607843137,6.63286004056795,0.0572609819121447,0.8,23,6,"CCL2;CD44;CD74;CSF1R;CXCR4;MMP9","nichenetr::predict_ligand_activities with project-curated TME prior matrix"
"CAF/Fibroblast","Tumor/Malignant","SPP1","CD44",0.026493714909735,0.379666300587289,0.379666300587289,0.573067632850242,0.31219806763285,0.637254901960784,0.0415335463258786,2.40017967250602,0.7,23,6,"CD44;CD74;COL1A1;COL1A2;IFNGR1;TNFRSF1A","nichenetr::predict_ligand_activities with project-curated TME prior matrix"
"Perivascular","Tumor/Malignant","TGFB1","TGFBR1",0.0262499860447173,0.326086956521739,0.305646361380273,0.58695652173913,0.326086956521739,0.627450980392157,0.50009219988936,0.178855812813916,0.9,23,6,"CD44;CD74;COL1A1;COL1A2;IFNGR1;TNFRSF1A","nichenetr::predict_ligand_activities with project-curated TME prior matrix"
"Endothelial","CAF/Fibroblast","MMP2","ITGAV",0.0260895593377669,0.0978260869565218,0.0480858155070513,0.358695652173913,0.0978260869565218,0.549019607843137,0.691781722550953,0.771033013844515,0.5,23,6,"CCL2;CD74;COL1A1;COL1A2;MMP2;TNFRSF1A","nichenetr::predict_ligand_activities with project-curated TME prior matrix"
"B/Plasma","Normal/Epithelial","TNF","TNFRSF1A",0.0246674941908908,0.312065992115876,0.312065992115876,0.559178743961353,0.298309178743961,0.622549019607843,0.135364041604755,0.834213547646383,0.7,23,6,"CCL2;CD44;CD74;IFNGR1;TNF;TNFRSF1A","nichenetr::predict_ligand_activities with project-curated TME prior matrix"
"Tumor/Malignant","CAF/Fibroblast","COL1A1","ITGA1",0.0235781523852435,0.0978260869565218,0.0480858155070513,0.358695652173913,0.0978260869565218,0.549019607843137,1.05827106047613,0.455499771793701,0.5,23,6,"CCL2;CD74;COL1A1;COL1A2;MMP2;TNFRSF1A","nichenetr::predict_ligand_activities with project-curated TME prior matrix"
"Tumor/Malignant","Myeloid","TNF","TNFRSF1A",0.0228466211791032,0.175999303610376,0.175999303610376,0.350845410628019,0.0899758454106281,0.593137254901961,0.164196169708849,1.12940568475452,0.7,23,6,"CCL2;CD44;CD74;CSF1R;CXCR4;MMP9","nichenetr::predict_ligand_activities with project-curated TME prior matrix"
"B/Plasma","CAF/Fibroblast","TGFB1","TGFBR1",0.0227676233107938,0.536133781437529,0.536133781437529,0.731884057971014,0.471014492753623,0.730392156862745,0.231797919762259,0.203560018256504,0.9,23,6,"CCL2;CD74;COL1A1;COL1A2;MMP2;TNFRSF1A","nichenetr::predict_ligand_activities with project-curated TME prior matrix"
"Myeloid","Perivascular","TGFB1","TGFBR1",0.0226634972527416,0.326086956521739,0.305646361380273,0.58695652173913,0.326086956521739,0.627450980392157,1.26904392764858,0.0608519269776876,0.9,23,6,"CCL2;CD44;CD74;COL1A1;COL1A2;ITGA1","nichenetr::predict_ligand_activities with project-curated TME prior matrix"
"T/NK","Tumor/Malignant","TGFB1","TGFBR1",0.0220818764947997,0.326086956521739,0.305646361380273,0.58695652173913,0.326086956521739,0.627450980392157,0.420684954847504,0.178855812813916,0.9,23,6,"CD44;CD74;COL1A1;COL1A2;IFNGR1;TNFRSF1A","nichenetr::predict_ligand_activities with project-curated TME prior matrix"
"Tumor/Malignant","CAF/Fibroblast","TGFB1","TGFBR1",0.0216465919299775,0.536133781437529,0.536133781437529,0.731884057971014,0.471014492753623,0.730392156862745,0.220384662501531,0.203560018256504,0.9,23,6,"CCL2;CD74;COL1A1;COL1A2;MMP2;TNFRSF1A","nichenetr::predict_ligand_activities with project-curated TME prior matrix"
"B/Plasma","T/NK","CXCL12","CXCR4",0.0199790978213653,0.403396859230019,0.403396859230019,0.614734299516908,0.353864734299517,0.642156862745098,0.0109955423476969,5.00477082978361,0.9,23,6,"CCL5;CD44;CD74;CXCR4;IFNGR1;TNF","nichenetr::predict_ligand_activities with project-curated TME prior matrix"
"T/NK","B/Plasma","SPP1","CD44",0.0193037823809139,0.180298151877069,0.180298151877069,0.414251207729469,0.153381642512077,0.534313725490196,0.260862157096609,0.586329866270431,0.7,23,6,"CCL5;CD44;CD74;CXCR4;PECAM1;TNF","nichenetr::predict_ligand_activities with project-curated TME prior matrix"
"B/Plasma","Myeloid","TNF","TNFRSF1A",0.0188348545846106,0.175999303610376,0.175999303610376,0.350845410628019,0.0899758454106281,0.593137254901961,0.135364041604755,1.12940568475452,0.7,23,6,"CCL2;CD44;CD74;CSF1R;CXCR4;MMP9","nichenetr::predict_ligand_activities with project-curated TME prior matrix"
"B/Plasma","Tumor/Malignant","SPP1","CD44",0.0186721791638949,0.379666300587289,0.379666300587289,0.573067632850242,0.31219806763285,0.637254901960784,0.0292719167904903,2.40017967250602,0.7,23,6,"CD44;CD74;COL1A1;COL1A2;IFNGR1;TNFRSF1A","nichenetr::predict_ligand_activities with project-curated TME prior matrix"
"T/NK","B/Plasma","IFNG","IFNGR1",0.0183472573452836,0.220171781619113,0.220171781619113,0.448067632850242,0.18719806763285,0.627450980392157,1.17819617197705,0.101040118870728,0.7,23,6,"CCL5;CD44;CD74;CXCR4;PECAM1;TNF","nichenetr::predict_ligand_activities with project-curated TME prior matrix"
"Myeloid","Perivascular","COL1A1","ITGA1",0.0179033679194063,0.269280566839487,0.269280566839487,0.483695652173913,0.222826086956522,0.558823529411765,0.111007751937984,1.19786096256684,0.5,23,6,"CCL2;CD44;CD74;COL1A1;COL1A2;ITGA1","nichenetr::predict_ligand_activities with project-curated TME prior matrix"
"CAF/Fibroblast","Myeloid","SPP1","CD44",0.0178159419360462,0.180298151877069,0.180298151877069,0.414251207729469,0.153381642512077,0.534313725490196,0.0415335463258786,3.39875968992248,0.7,23,6,"CCL2;CD44;CD74;CSF1R;CXCR4;MMP9","nichenetr::predict_ligand_activities with project-curated TME prior matrix"
"Tumor/Malignant","Normal/Epithelial","SPP1","CD44",0.0171447172949035,0.180298151877069,0.180298151877069,0.414251207729469,0.153381642512077,0.534313725490196,0.0983706970476541,1.38094144661309,0.7,23,6,"CCL2;CD44;CD74;IFNGR1;TNF;TNFRSF1A","nichenetr::predict_ligand_activities with project-curated TME prior matrix"
"Endothelial","Perivascular","MMP2","ITGAV",0.016622195499725,0.0978260869565218,0.0480858155070513,0.358695652173913,0.0978260869565218,0.549019607843137,0.691781722550953,0.491241010510787,0.5,23,6,"CCL2;CD44;CD74;COL1A1;COL1A2;ITGA1","nichenetr::predict_ligand_activities with project-curated TME prior matrix"
"CAF/Fibroblast","Myeloid","CCL2","CCR2",0.0156153298638592,0.0978260869565218,0.077599154036582,0.358695652173913,0.0978260869565218,0.549019607843137,3.48455804046858,0.0572609819121447,0.8,23,6,"CCL2;CD44;CD74;CSF1R;CXCR4;MMP9","nichenetr::predict_ligand_activities with project-curated TME prior matrix"
"Tumor/Malignant","CAF/Fibroblast","SPP1","CD44",0.0154215556534025,0.220171781619113,0.220171781619113,0.448067632850242,0.18719806763285,0.627450980392157,0.0983706970476541,1.0171915411532,0.7,23,6,"CCL2;CD74;COL1A1;COL1A2;MMP2;TNFRSF1A","nichenetr::predict_ligand_activities with project-curated TME prior matrix"
"Tumor/Malignant","T/NK","SPP1","CD44",0.015029158377189,0.180298151877069,0.180298151877069,0.414251207729469,0.153381642512077,0.534313725490196,0.0983706970476541,1.21054126199807,0.7,23,6,"CCL5;CD44;CD74;CXCR4;IFNGR1;TNF","nichenetr::predict_ligand_activities with project-curated TME prior matrix"
"Normal/Epithelial","B/Plasma","SPP1","CD44",0.014613075350147,0.180298151877069,0.180298151877069,0.414251207729469,0.153381642512077,0.534313725490196,0.197474167623421,0.586329866270431,0.7,23,6,"CCL5;CD44;CD74;CXCR4;PECAM1;TNF","nichenetr::predict_ligand_activities with project-curated TME prior matrix"
"Perivascular","Tumor/Malignant","SPP1","CD44",0.014350402098514,0.379666300587289,0.379666300587289,0.573067632850242,0.31219806763285,0.637254901960784,0.0224967730038724,2.40017967250602,0.7,23,6,"CD44;CD74;COL1A1;COL1A2;IFNGR1;TNFRSF1A","nichenetr::predict_ligand_activities with project-curated TME prior matrix"
"CAF/Fibroblast","Perivascular","SPP1","CD44",0.0130777380153914,0.379666300587289,0.379666300587289,0.573067632850242,0.31219806763285,0.637254901960784,0.0415335463258786,1.18476857827771,0.7,23,6,"CCL2;CD44;CD74;COL1A1;COL1A2;ITGA1","nichenetr::predict_ligand_activities with project-curated TME prior matrix"
"Perivascular","Endothelial","TNF","TNFRSF1A",0.0128633886738777,0.312065992115876,0.312065992115876,0.559178743961353,0.298309178743961,0.622549019607843,0.0352203577355707,1.67192636423406,0.7,23,6,"CCL2;CD74;FLT1;PECAM1;TNFRSF1A;VWF","nichenetr::predict_ligand_activities with project-curated TME prior matrix"
"CAF/Fibroblast","Normal/Epithelial","CXCL12","CXCR4",0.0128221569964101,0.0144927536231884,-0.00896437464955599,0.27536231884058,0.0144927536231884,0.519607843137255,4.42720219078047,0.222043628013777,0.9,23,6,"CCL2;CD44;CD74;IFNGR1;TNF;TNFRSF1A","nichenetr::predict_ligand_activities with project-curated TME prior matrix"
"Endothelial","Myeloid","CCL2","CCR2",0.0127126156292525,0.0978260869565218,0.077599154036582,0.358695652173913,0.0978260869565218,0.549019607843137,2.83681788297173,0.0572609819121447,0.8,23,6,"CCL2;CD44;CD74;CSF1R;CXCR4;MMP9","nichenetr::predict_ligand_activities with project-curated TME prior matrix"
"B/Plasma","Myeloid","SPP1","CD44",0.0125562783828842,0.180298151877069,0.180298151877069,0.414251207729469,0.153381642512077,0.534313725490196,0.0292719167904903,3.39875968992248,0.7,23,6,"CCL2;CD44;CD74;CSF1R;CXCR4;MMP9","nichenetr::predict_ligand_activities with project-curated TME prior matrix"
"Endothelial","Tumor/Malignant","MMP2","ITGAV",0.0124106854735964,0.0978260869565218,0.0480858155070513,0.358695652173913,0.0978260869565218,0.549019607843137,0.691781722550953,0.366776920249908,0.5,23,6,"CD44;CD74;COL1A1;COL1A2;IFNGR1;TNFRSF1A","nichenetr::predict_ligand_activities with project-curated TME prior matrix"
"B/Plasma","Tumor/Malignant","TGFB1","TGFBR1",0.0121671406998549,0.326086956521739,0.305646361380273,0.58695652173913,0.326086956521739,0.627450980392157,0.231797919762259,0.178855812813916,0.9,23,6,"CD44;CD74;COL1A1;COL1A2;IFNGR1;TNFRSF1A","nichenetr::predict_ligand_activities with project-curated TME prior matrix"
"Endothelial","Perivascular","TGFB1","TGFBR1",0.0114666822523301,0.326086956521739,0.305646361380273,0.58695652173913,0.326086956521739,0.627450980392157,0.642077580539119,0.0608519269776876,0.9,23,6,"CCL2;CD44;CD74;COL1A1;COL1A2;ITGA1","nichenetr::predict_ligand_activities with project-curated TME prior matrix"
"B/Plasma","Endothelial","VEGFA","FLT1",0.0114507722851063,0.351759561400588,0.351759561400588,0.495772946859903,0.234903381642512,0.676470588235294,0.0215453194650817,1.88862590401052,0.8,23,6,"CCL2;CD74;FLT1;PECAM1;TNFRSF1A;VWF","nichenetr::predict_ligand_activities with project-curated TME prior matrix"
"B/Plasma","Myeloid","CXCL12","CXCR4",0.0114132302942598,0.403396859230019,0.403396859230019,0.614734299516908,0.353864734299517,0.642156862745098,0.0109955423476969,2.8590180878553,0.9,23,6,"CCL2;CD44;CD74;CSF1R;CXCR4;MMP9","nichenetr::predict_ligand_activities with project-curated TME prior matrix"
"CAF/Fibroblast","Endothelial","CXCL12","CXCR4",0.010911396189266,0.0144927536231884,-0.00896437464955599,0.27536231884058,0.0144927536231884,0.519607843137255,4.42720219078047,0.188954635108481,0.9,23,6,"CCL2;CD74;FLT1;PECAM1;TNFRSF1A;VWF","nichenetr::predict_ligand_activities with project-curated TME prior matrix"
"CAF/Fibroblast","Perivascular","TGFB1","TGFBR1",0.0106396985414721,0.326086956521739,0.305646361380273,0.58695652173913,0.326086956521739,0.627450980392157,0.595770576601248,0.0608519269776876,0.9,23,6,"CCL2;CD44;CD74;COL1A1;COL1A2;ITGA1","nichenetr::predict_ligand_activities with project-curated TME prior matrix"
"B/Plasma","Tumor/Malignant","TNF","TNFRSF1A",0.00970961087917172,0.118659420289855,0.0739492872312503,0.379528985507246,0.118659420289855,0.509803921568627,0.135364041604755,0.863571399403814,0.7,23,6,"CD44;CD74;COL1A1;COL1A2;IFNGR1;TNFRSF1A","nichenetr::predict_ligand_activities with project-curated TME prior matrix"
"Perivascular","Myeloid","SPP1","CD44",0.00965005969971005,0.180298151877069,0.180298151877069,0.414251207729469,0.153381642512077,0.534313725490196,0.0224967730038724,3.39875968992248,0.7,23,6,"CCL2;CD44;CD74;CSF1R;CXCR4;MMP9","nichenetr::predict_ligand_activities with project-curated TME prior matrix"
"B/Plasma","Perivascular","SPP1","CD44",0.00921689797424904,0.379666300587289,0.379666300587289,0.573067632850242,0.31219806763285,0.637254901960784,0.0292719167904903,1.18476857827771,0.7,23,6,"CCL2;CD44;CD74;COL1A1;COL1A2;ITGA1","nichenetr::predict_ligand_activities with project-curated TME prior matrix"
"Endothelial","CAF/Fibroblast","COL1A1","ITGA1",0.00874496281710957,0.0978260869565218,0.0480858155070513,0.358695652173913,0.0978260869565218,0.549019607843137,0.392504930966469,0.455499771793701,0.5,23,6,"CCL2;CD74;COL1A1;COL1A2;MMP2;TNFRSF1A","nichenetr::predict_ligand_activities with project-curated TME prior matrix"
"Perivascular","CAF/Fibroblast","TNF","TNFRSF1A",0.00853886033444297,0.312065992115876,0.312065992115876,0.559178743961353,0.298309178743961,0.622549019607843,0.0352203577355707,1.1098432983417,0.7,23,6,"CCL2;CD74;COL1A1;COL1A2;MMP2;TNFRSF1A","nichenetr::predict_ligand_activities with project-curated TME prior matrix"
"Myeloid","CAF/Fibroblast","MMP2","ITGAV",0.00824826014810411,0.0978260869565218,0.0480858155070513,0.358695652173913,0.0978260869565218,0.549019607843137,0.218708010335917,0.771033013844515,0.5,23,6,"CCL2;CD74;COL1A1;COL1A2;MMP2;TNFRSF1A","nichenetr::predict_ligand_activities with project-curated TME prior matrix"
"B/Plasma","Perivascular","COL1A1","ITGA1",0.00766860455262745,0.269280566839487,0.269280566839487,0.483695652173913,0.222826086956522,0.558823529411765,0.0475482912332838,1.19786096256684,0.5,23,6,"CCL2;CD44;CD74;COL1A1;COL1A2;ITGA1","nichenetr::predict_ligand_activities with project-curated TME prior matrix"
"T/NK","Perivascular","TGFB1","TGFBR1",0.00751289384924769,0.326086956521739,0.305646361380273,0.58695652173913,0.326086956521739,0.627450980392157,0.420684954847504,0.0608519269776876,0.9,23,6,"CCL2;CD44;CD74;COL1A1;COL1A2;ITGA1","nichenetr::predict_ligand_activities with project-curated TME prior matrix"
"Tumor/Malignant","B/Plasma","SPP1","CD44",0.00727942507875324,0.180298151877069,0.180298151877069,0.414251207729469,0.153381642512077,0.534313725490196,0.0983706970476541,0.586329866270431,0.7,23,6,"CCL5;CD44;CD74;CXCR4;PECAM1;TNF","nichenetr::predict_ligand_activities with project-curated TME prior matrix"
"CAF/Fibroblast","Normal/Epithelial","SPP1","CD44",0.00723875027201454,0.180298151877069,0.180298151877069,0.414251207729469,0.153381642512077,0.534313725490196,0.0415335463258786,1.38094144661309,0.7,23,6,"CCL2;CD44;CD74;IFNGR1;TNF;TNFRSF1A","nichenetr::predict_ligand_activities with project-curated TME prior matrix"
"Normal/Epithelial","CAF/Fibroblast","TGFB1","TGFBR1",0.00687891341942665,0.536133781437529,0.536133781437529,0.731884057971014,0.471014492753623,0.730392156862745,0.0700344431687715,0.203560018256504,0.9,23,6,"CCL2;CD74;COL1A1;COL1A2;MMP2;TNFRSF1A","nichenetr::predict_ligand_activities with project-curated TME prior matrix"
"Normal/Epithelial","Myeloid","CCL2","CCR2",0.00675538384920693,0.0978260869565218,0.077599154036582,0.358695652173913,0.0978260869565218,0.549019607843137,1.50746268656716,0.0572609819121447,0.8,23,6,"CCL2;CD44;CD74;CSF1R;CXCR4;MMP9","nichenetr::predict_ligand_activities with project-curated TME prior matrix"
"Endothelial","Normal/Epithelial","IL6","IL6R",0.00653902403717773,0.0283816425120773,0.0208036329088925,0.289251207729469,0.0283816425120773,0.524509803921569,1.27981591058514,0.257175660160735,0.7,23,6,"CCL2;CD44;CD74;IFNGR1;TNF;TNFRSF1A","nichenetr::predict_ligand_activities with project-curated TME prior matrix"
"Perivascular","Normal/Epithelial","TNF","TNFRSF1A",0.00641823308127914,0.312065992115876,0.312065992115876,0.559178743961353,0.298309178743961,0.622549019607843,0.0352203577355707,0.834213547646383,0.7,23,6,"CCL2;CD44;CD74;IFNGR1;TNF;TNFRSF1A","nichenetr::predict_ligand_activities with project-curated TME prior matrix"
"CAF/Fibroblast","T/NK","SPP1","CD44",0.00634553037065046,0.180298151877069,0.180298151877069,0.414251207729469,0.153381642512077,0.534313725490196,0.0415335463258786,1.21054126199807,0.7,23,6,"CCL5;CD44;CD74;CXCR4;IFNGR1;TNF","nichenetr::predict_ligand_activities with project-curated TME prior matrix"
"Endothelial","Normal/Epithelial","CXCL12","CXCR4",0.00596076985793953,0.0144927536231884,-0.00896437464955599,0.27536231884058,0.0144927536231884,0.519607843137255,2.05811965811966,0.222043628013777,0.9,23,6,"CCL2;CD44;CD74;IFNGR1;TNF;TNFRSF1A","nichenetr::predict_ligand_activities with project-curated TME prior matrix"
"Endothelial","Myeloid","IL6","IL6R",0.00588860060810144,0.0144927536231884,-0.0190699968331515,0.27536231884058,0.0144927536231884,0.514705882352941,1.27981591058514,0.453540051679587,0.7,23,6,"CCL2;CD44;CD74;CSF1R;CXCR4;MMP9","nichenetr::predict_ligand_activities with project-curated TME prior matrix"
"Tumor/Malignant","CAF/Fibroblast","MMP2","ITGAV",0.00578585844601138,0.0978260869565218,0.0480858155070513,0.358695652173913,0.0978260869565218,0.549019607843137,0.153415819347462,0.771033013844515,0.5,23,6,"CCL2;CD74;COL1A1;COL1A2;MMP2;TNFRSF1A","nichenetr::predict_ligand_activities with project-curated TME prior matrix"
"B/Plasma","Endothelial","VEGFA","KDR",0.00570625235888381,0.351759561400588,0.351759561400588,0.495772946859903,0.234903381642512,0.676470588235294,0.0215453194650817,0.752925706771861,1,23,6,"CCL2;CD74;FLT1;PECAM1;TNFRSF1A;VWF","nichenetr::predict_ligand_activities with project-curated TME prior matrix"
"CAF/Fibroblast","Perivascular","CXCL12","CXCR4",0.00557974636524537,0.0144927536231884,-0.00896437464955599,0.27536231884058,0.0144927536231884,0.519607843137255,4.42720219078047,0.0966254840494191,0.9,23,6,"CCL2;CD44;CD74;COL1A1;COL1A2;ITGA1","nichenetr::predict_ligand_activities with project-curated TME prior matrix"
"T/NK","Perivascular","COL1A1","ITGA1",0.00554180754222496,0.269280566839487,0.269280566839487,0.483695652173913,0.222826086956522,0.558823529411765,0.0343613335605157,1.19786096256684,0.5,23,6,"CCL2;CD44;CD74;COL1A1;COL1A2;ITGA1","nichenetr::predict_ligand_activities with project-curated TME prior matrix"
"Myeloid","Perivascular","MMP2","ITGAV",0.00525513639151074,0.0978260869565218,0.0480858155070513,0.358695652173913,0.0978260869565218,0.549019607843137,0.218708010335917,0.491241010510787,0.5,23,6,"CCL2;CD44;CD74;COL1A1;COL1A2;ITGA1","nichenetr::predict_ligand_activities with project-curated TME prior matrix"
"B/Plasma","Normal/Epithelial","SPP1","CD44",0.00510170968708067,0.180298151877069,0.180298151877069,0.414251207729469,0.153381642512077,0.534313725490196,0.0292719167904903,1.38094144661309,0.7,23,6,"CCL2;CD44;CD74;IFNGR1;TNF;TNFRSF1A","nichenetr::predict_ligand_activities with project-curated TME prior matrix"
"Perivascular","Myeloid","TNF","TNFRSF1A",0.00490063910993727,0.175999303610376,0.175999303610376,0.350845410628019,0.0899758454106281,0.593137254901961,0.0352203577355707,1.12940568475452,0.7,23,6,"CCL2;CD44;CD74;CSF1R;CXCR4;MMP9","nichenetr::predict_ligand_activities with project-curated TME prior matrix"
"Normal/Epithelial","CAF/Fibroblast","COL1A1","ITGA1",0.00469642479229216,0.0978260869565218,0.0480858155070513,0.358695652173913,0.0978260869565218,0.549019607843137,0.210792192881745,0.455499771793701,0.5,23,6,"CCL2;CD74;COL1A1;COL1A2;MMP2;TNFRSF1A","nichenetr::predict_ligand_activities with project-curated TME prior matrix"
"T/NK","Myeloid","CXCL12","CXCR4",0.00465729397440904,0.403396859230019,0.403396859230019,0.614734299516908,0.353864734299517,0.642156862745098,0.00448685182029874,2.8590180878553,0.9,23,6,"CCL2;CD44;CD74;CSF1R;CXCR4;MMP9","nichenetr::predict_ligand_activities with project-curated TME prior matrix"
"B/Plasma","CAF/Fibroblast","SPP1","CD44",0.00458895288347535,0.220171781619113,0.220171781619113,0.448067632850242,0.18719806763285,0.627450980392157,0.0292719167904903,1.0171915411532,0.7,23,6,"CCL2;CD74;COL1A1;COL1A2;MMP2;TNFRSF1A","nichenetr::predict_ligand_activities with project-curated TME prior matrix"
"B/Plasma","T/NK","SPP1","CD44",0.00447218822933681,0.180298151877069,0.180298151877069,0.414251207729469,0.153381642512077,0.534313725490196,0.0292719167904903,1.21054126199807,0.7,23,6,"CCL5;CD44;CD74;CXCR4;IFNGR1;TNF","nichenetr::predict_ligand_activities with project-curated TME prior matrix"
"Myeloid","T/NK","CCL5","CCR5",0.00436374929701816,0.0978260869565218,0.0480858155070513,0.358695652173913,0.0978260869565218,0.549019607843137,1.36733850129199,0.0407792355313228,0.8,23,6,"CCL5;CD44;CD74;CXCR4;IFNGR1;TNF","nichenetr::predict_ligand_activities with project-curated TME prior matrix"
"T/NK","B/Plasma","CXCL12","CXCR4",0.00424891241502099,0.403396859230019,0.403396859230019,0.614734299516908,0.353864734299517,0.642156862745098,0.00448685182029874,2.60832095096582,0.9,23,6,"CCL5;CD44;CD74;CXCR4;PECAM1;TNF","nichenetr::predict_ligand_activities with project-curated TME prior matrix"
"Myeloid","Normal/Epithelial","IFNG","IFNGR1",0.00424801427074231,0.419539930329333,0.419539930329333,0.642512077294686,0.381642512077295,0.647058823529412,0.0183979328165375,0.786222732491389,0.7,23,6,"CCL2;CD44;CD74;IFNGR1;TNF;TNFRSF1A","nichenetr::predict_ligand_activities with project-curated TME prior matrix"
"B/Plasma","Perivascular","TGFB1","TGFBR1",0.0041396136124753,0.326086956521739,0.305646361380273,0.58695652173913,0.326086956521739,0.627450980392157,0.231797919762259,0.0608519269776876,0.9,23,6,"CCL2;CD44;CD74;COL1A1;COL1A2;ITGA1","nichenetr::predict_ligand_activities with project-curated TME prior matrix"
"B/Plasma","Normal/Epithelial","IFNG","IFNGR1",0.00408271284894266,0.419539930329333,0.419539930329333,0.642512077294686,0.381642512077295,0.647058823529412,0.0176820208023774,0.786222732491389,0.7,23,6,"CCL2;CD44;CD74;IFNGR1;TNF;TNFRSF1A","nichenetr::predict_ligand_activities with project-curated TME prior matrix"
"Tumor/Malignant","Perivascular","TGFB1","TGFBR1",0.00393578747301879,0.326086956521739,0.305646361380273,0.58695652173913,0.326086956521739,0.627450980392157,0.220384662501531,0.0608519269776876,0.9,23,6,"CCL2;CD44;CD74;COL1A1;COL1A2;ITGA1","nichenetr::predict_ligand_activities with project-curated TME prior matrix"
"Myeloid","Tumor/Malignant","MMP2","ITGAV",0.00392366007709204,0.0978260869565218,0.0480858155070513,0.358695652173913,0.0978260869565218,0.549019607843137,0.218708010335917,0.366776920249908,0.5,23,6,"CD44;CD74;COL1A1;COL1A2;IFNGR1;TNFRSF1A","nichenetr::predict_ligand_activities with project-curated TME prior matrix"
"Perivascular","Normal/Epithelial","SPP1","CD44",0.00392089133019117,0.180298151877069,0.180298151877069,0.414251207729469,0.153381642512077,0.534313725490196,0.0224967730038724,1.38094144661309,0.7,23,6,"CCL2;CD44;CD74;IFNGR1;TNF;TNFRSF1A","nichenetr::predict_ligand_activities with project-curated TME prior matrix"
"Endothelial","CAF/Fibroblast","TNF","TNFRSF1A",0.0036979830662986,0.312065992115876,0.312065992115876,0.559178743961353,0.298309178743961,0.622549019607843,0.0152531229454306,1.1098432983417,0.7,23,6,"CCL2;CD74;COL1A1;COL1A2;MMP2;TNFRSF1A","nichenetr::predict_ligand_activities with project-curated TME prior matrix"
"Tumor/Malignant","Perivascular","MMP2","ITGAV",0.00368628956044179,0.0978260869565218,0.0480858155070513,0.358695652173913,0.0978260869565218,0.549019607843137,0.153415819347462,0.491241010510787,0.5,23,6,"CCL2;CD44;CD74;COL1A1;COL1A2;ITGA1","nichenetr::predict_ligand_activities with project-curated TME prior matrix"
"Normal/Epithelial","Tumor/Malignant","TGFB1","TGFBR1",0.00367612843438975,0.326086956521739,0.305646361380273,0.58695652173913,0.326086956521739,0.627450980392157,0.0700344431687715,0.178855812813916,0.9,23,6,"CD44;CD74;COL1A1;COL1A2;IFNGR1;TNFRSF1A","nichenetr::predict_ligand_activities with project-curated TME prior matrix"
"Perivascular","CAF/Fibroblast","SPP1","CD44",0.00352681486777626,0.220171781619113,0.220171781619113,0.448067632850242,0.18719806763285,0.627450980392157,0.0224967730038724,1.0171915411532,0.7,23,6,"CCL2;CD74;COL1A1;COL1A2;MMP2;TNFRSF1A","nichenetr::predict_ligand_activities with project-curated TME prior matrix"
"Perivascular","T/NK","SPP1","CD44",0.00343707602566928,0.180298151877069,0.180298151877069,0.414251207729469,0.153381642512077,0.534313725490196,0.0224967730038724,1.21054126199807,0.7,23,6,"CCL5;CD44;CD74;CXCR4;IFNGR1;TNF","nichenetr::predict_ligand_activities with project-curated TME prior matrix"
"CAF/Fibroblast","Endothelial","TNF","TNFRSF1A",0.00322274535215812,0.312065992115876,0.312065992115876,0.559178743961353,0.298309178743961,0.622549019607843,0.00882397687509509,1.67192636423406,0.7,23,6,"CCL2;CD74;FLT1;PECAM1;TNFRSF1A;VWF","nichenetr::predict_ligand_activities with project-curated TME prior matrix"
"CAF/Fibroblast","B/Plasma","SPP1","CD44",0.00307347968254913,0.180298151877069,0.180298151877069,0.414251207729469,0.153381642512077,0.534313725490196,0.0415335463258786,0.586329866270431,0.7,23,6,"CCL5;CD44;CD74;CXCR4;PECAM1;TNF","nichenetr::predict_ligand_activities with project-curated TME prior matrix"
"Perivascular","Normal/Epithelial","IFNG","IFNGR1",0.00306556006874494,0.419539930329333,0.419539930329333,0.642512077294686,0.381642512077295,0.647058823529412,0.0132767840678591,0.786222732491389,0.7,23,6,"CCL2;CD44;CD74;IFNGR1;TNF;TNFRSF1A","nichenetr::predict_ligand_activities with project-curated TME prior matrix"
"T/NK","Endothelial","VEGFA","FLT1",0.00300344412357043,0.351759561400588,0.351759561400588,0.495772946859903,0.234903381642512,0.676470588235294,0.00565116146986994,1.88862590401052,0.8,23,6,"CCL2;CD74;FLT1;PECAM1;TNFRSF1A;VWF","nichenetr::predict_ligand_activities with project-curated TME prior matrix"
"Perivascular","Normal/Epithelial","IL6","IL6R",0.00293483625478734,0.0283816425120773,0.0208036329088925,0.289251207729469,0.0283816425120773,0.524509803921569,0.574405310713627,0.257175660160735,0.7,23,6,"CCL2;CD44;CD74;IFNGR1;TNF;TNFRSF1A","nichenetr::predict_ligand_activities with project-curated TME prior matrix"
"Endothelial","Normal/Epithelial","TNF","TNFRSF1A",0.00277958841350179,0.312065992115876,0.312065992115876,0.559178743961353,0.298309178743961,0.622549019607843,0.0152531229454306,0.834213547646383,0.7,23,6,"CCL2;CD44;CD74;IFNGR1;TNF;TNFRSF1A","nichenetr::predict_ligand_activities with project-curated TME prior matrix"
"Perivascular","Myeloid","IL6","IL6R",0.0026429140581777,0.0144927536231884,-0.0190699968331515,0.27536231884058,0.0144927536231884,0.514705882352941,0.574405310713627,0.453540051679587,0.7,23,6,"CCL2;CD44;CD74;CSF1R;CXCR4;MMP9","nichenetr::predict_ligand_activities with project-curated TME prior matrix"
"Endothelial","Perivascular","CXCL12","CXCR4",0.00259391488953179,0.0144927536231884,-0.00896437464955599,0.27536231884058,0.0144927536231884,0.519607843137255,2.05811965811966,0.0966254840494191,0.9,23,6,"CCL2;CD44;CD74;COL1A1;COL1A2;ITGA1","nichenetr::predict_ligand_activities with project-curated TME prior matrix"
"Perivascular","CAF/Fibroblast","MMP2","ITGAV",0.00256616408270895,0.0978260869565218,0.0480858155070513,0.358695652173913,0.0978260869565218,0.549019607843137,0.068043518347778,0.771033013844515,0.5,23,6,"CCL2;CD74;COL1A1;COL1A2;MMP2;TNFRSF1A","nichenetr::predict_ligand_activities with project-curated TME prior matrix"
"Perivascular","Tumor/Malignant","TNF","TNFRSF1A",0.00252634277599469,0.118659420289855,0.0739492872312503,0.379528985507246,0.118659420289855,0.509803921568627,0.0352203577355707,0.863571399403814,0.7,23,6,"CD44;CD74;COL1A1;COL1A2;IFNGR1;TNFRSF1A","nichenetr::predict_ligand_activities with project-curated TME prior matrix"
"Myeloid","CAF/Fibroblast","COL1A1","ITGA1",0.00247323940802039,0.0978260869565218,0.0480858155070513,0.358695652173913,0.0978260869565218,0.549019607843137,0.111007751937984,0.455499771793701,0.5,23,6,"CCL2;CD74;COL1A1;COL1A2;MMP2;TNFRSF1A","nichenetr::predict_ligand_activities with project-curated TME prior matrix"
"B/Plasma","Myeloid","CSF1","CSF1R",0.00242648805523361,0.269280566839487,0.269280566839487,0.483695652173913,0.222826086956522,0.558823529411765,0.00549777117384844,2.04878552971576,0.8,23,6,"CCL2;CD44;CD74;CSF1R;CXCR4;MMP9","nichenetr::predict_ligand_activities with project-curated TME prior matrix"
"Perivascular","Normal/Epithelial","CXCL12","CXCR4",0.00219072460000284,0.0144927536231884,-0.00896437464955599,0.27536231884058,0.0144927536231884,0.519607843137255,0.756407892310529,0.222043628013777,0.9,23,6,"CCL2;CD44;CD74;IFNGR1;TNF;TNFRSF1A","nichenetr::predict_ligand_activities with project-curated TME prior matrix"
"Endothelial","CAF/Fibroblast","CXCL12","CXCR4",0.00218501382551945,0.0144927536231884,-0.00896437464955599,0.27536231884058,0.0144927536231884,0.519607843137255,2.05811965811966,0.0813935797961357,0.9,23,6,"CCL2;CD74;COL1A1;COL1A2;MMP2;TNFRSF1A","nichenetr::predict_ligand_activities with project-curated TME prior matrix"
"Endothelial","Myeloid","TNF","TNFRSF1A",0.00212235353815175,0.175999303610376,0.175999303610376,0.350845410628019,0.0899758454106281,0.593137254901961,0.0152531229454306,1.12940568475452,0.7,23,6,"CCL2;CD44;CD74;CSF1R;CXCR4;MMP9","nichenetr::predict_ligand_activities with project-curated TME prior matrix"
"CAF/Fibroblast","Normal/Epithelial","IFNG","IFNGR1",0.00193203947526119,0.419539930329333,0.419539930329333,0.642512077294686,0.381642512077295,0.647058823529412,0.00836756427810741,0.786222732491389,0.7,23,6,"CCL2;CD44;CD74;IFNGR1;TNF;TNFRSF1A","nichenetr::predict_ligand_activities with project-curated TME prior matrix"
"Normal/Epithelial","CAF/Fibroblast","MMP2","ITGAV",0.0019138230226835,0.0978260869565218,0.0480858155070513,0.358695652173913,0.0978260869565218,0.549019607843137,0.0507462686567164,0.771033013844515,0.5,23,6,"CCL2;CD74;COL1A1;COL1A2;MMP2;TNFRSF1A","nichenetr::predict_ligand_activities with project-curated TME prior matrix"
"CAF/Fibroblast","T/NK","CCL5","CCR5",0.00189164250943624,0.0978260869565218,0.0480858155070513,0.358695652173913,0.0978260869565218,0.549019607843137,0.592727825954663,0.0407792355313228,0.8,23,6,"CCL5;CD44;CD74;CXCR4;IFNGR1;TNF","nichenetr::predict_ligand_activities with project-curated TME prior matrix"
"Perivascular","Endothelial","CXCL12","CXCR4",0.00186426231240928,0.0144927536231884,-0.00896437464955599,0.27536231884058,0.0144927536231884,0.519607843137255,0.756407892310529,0.188954635108481,0.9,23,6,"CCL2;CD74;FLT1;PECAM1;TNFRSF1A;VWF","nichenetr::predict_ligand_activities with project-curated TME prior matrix"
"Tumor/Malignant","Normal/Epithelial","IFNG","IFNGR1",0.0017819999658463,0.419539930329333,0.419539930329333,0.642512077294686,0.381642512077295,0.647058823529412,0.00771775082690187,0.786222732491389,0.7,23,6,"CCL2;CD44;CD74;IFNGR1;TNF;TNFRSF1A","nichenetr::predict_ligand_activities with project-curated TME prior matrix"
"Endothelial","Normal/Epithelial","IFNG","IFNGR1",0.00176094468307149,0.419539930329333,0.419539930329333,0.642512077294686,0.381642512077295,0.647058823529412,0.00762656147271532,0.786222732491389,0.7,23,6,"CCL2;CD44;CD74;IFNGR1;TNF;TNFRSF1A","nichenetr::predict_ligand_activities with project-curated TME prior matrix"
"Perivascular","B/Plasma","SPP1","CD44",0.00166475971514235,0.180298151877069,0.180298151877069,0.414251207729469,0.153381642512077,0.534313725490196,0.0224967730038724,0.586329866270431,0.7,23,6,"CCL5;CD44;CD74;CXCR4;PECAM1;TNF","nichenetr::predict_ligand_activities with project-curated TME prior matrix"
"CAF/Fibroblast","Normal/Epithelial","TNF","TNFRSF1A",0.00160800014336537,0.312065992115876,0.312065992115876,0.559178743961353,0.298309178743961,0.622549019607843,0.00882397687509509,0.834213547646383,0.7,23,6,"CCL2;CD44;CD74;IFNGR1;TNF;TNFRSF1A","nichenetr::predict_ligand_activities with project-curated TME prior matrix"
"T/NK","Endothelial","VEGFA","KDR",0.00149670342647465,0.351759561400588,0.351759561400588,0.495772946859903,0.234903381642512,0.676470588235294,0.00565116146986994,0.752925706771861,1,23,6,"CCL2;CD74;FLT1;PECAM1;TNFRSF1A;VWF","nichenetr::predict_ligand_activities with project-curated TME prior matrix"
"Endothelial","B/Plasma","IL6","IL6R",0.00143943806102835,0.0283816425120773,0.0208036329088925,0.289251207729469,0.0283816425120773,0.524509803921569,1.27981591058514,0.0566121842496285,0.7,23,6,"CCL5;CD44;CD74;CXCR4;PECAM1;TNF","nichenetr::predict_ligand_activities with project-curated TME prior matrix"
"Endothelial","T/NK","IL6","IL6R",0.00134012615238316,0.0283816425120773,0.0208036329088925,0.289251207729469,0.0283816425120773,0.524509803921569,1.27981591058514,0.0527063099903448,0.7,23,6,"CCL5;CD44;CD74;CXCR4;IFNGR1;TNF","nichenetr::predict_ligand_activities with project-curated TME prior matrix"
"CAF/Fibroblast","Normal/Epithelial","IL6","IL6R",0.00129657559524477,0.0283816425120773,0.0208036329088925,0.289251207729469,0.0283816425120773,0.524509803921569,0.253765403925148,0.257175660160735,0.7,23,6,"CCL2;CD44;CD74;IFNGR1;TNF;TNFRSF1A","nichenetr::predict_ligand_activities with project-curated TME prior matrix"
"Normal/Epithelial","Perivascular","TGFB1","TGFBR1",0.00125072534982593,0.326086956521739,0.305646361380273,0.58695652173913,0.326086956521739,0.627450980392157,0.0700344431687715,0.0608519269776876,0.9,23,6,"CCL2;CD44;CD74;COL1A1;COL1A2;ITGA1","nichenetr::predict_ligand_activities with project-curated TME prior matrix"
"CAF/Fibroblast","Myeloid","TNF","TNFRSF1A",0.00122778781816857,0.175999303610376,0.175999303610376,0.350845410628019,0.0899758454106281,0.593137254901961,0.00882397687509509,1.12940568475452,0.7,23,6,"CCL2;CD44;CD74;CSF1R;CXCR4;MMP9","nichenetr::predict_ligand_activities with project-curated TME prior matrix"
"Perivascular","Tumor/Malignant","MMP2","ITGAV",0.00122071265719073,0.0978260869565218,0.0480858155070513,0.358695652173913,0.0978260869565218,0.549019607843137,0.068043518347778,0.366776920249908,0.5,23,6,"CD44;CD74;COL1A1;COL1A2;IFNGR1;TNFRSF1A","nichenetr::predict_ligand_activities with project-curated TME prior matrix"
"Normal/Epithelial","Perivascular","MMP2","ITGAV",0.00121933605788693,0.0978260869565218,0.0480858155070513,0.358695652173913,0.0978260869565218,0.549019607843137,0.0507462686567164,0.491241010510787,0.5,23,6,"CCL2;CD44;CD74;COL1A1;COL1A2;ITGA1","nichenetr::predict_ligand_activities with project-curated TME prior matrix"
"Myeloid","Tumor/Malignant","IFNG","IFNGR1",0.00121631550719114,0.180298151877069,0.180298151877069,0.414251207729469,0.153381642512077,0.534313725490196,0.0183979328165375,0.523827024378292,0.7,23,6,"CD44;CD74;COL1A1;COL1A2;IFNGR1;TNFRSF1A","nichenetr::predict_ligand_activities with project-curated TME prior matrix"
"Tumor/Malignant","Myeloid","CCL2","CCR2",0.00120518615877598,0.0978260869565218,0.077599154036582,0.358695652173913,0.0978260869565218,0.549019607843137,0.268937073788231,0.0572609819121447,0.8,23,6,"CCL2;CD44;CD74;CSF1R;CXCR4;MMP9","nichenetr::predict_ligand_activities with project-curated TME prior matrix"
"B/Plasma","Tumor/Malignant","IFNG","IFNGR1",0.00116898546781712,0.180298151877069,0.180298151877069,0.414251207729469,0.153381642512077,0.534313725490196,0.0176820208023774,0.523827024378292,0.7,23,6,"CD44;CD74;COL1A1;COL1A2;IFNGR1;TNFRSF1A","nichenetr::predict_ligand_activities with project-curated TME prior matrix"
"CAF/Fibroblast","Myeloid","IL6","IL6R",0.00116760785634046,0.0144927536231884,-0.0190699968331515,0.27536231884058,0.0144927536231884,0.514705882352941,0.253765403925148,0.453540051679587,0.7,23,6,"CCL2;CD44;CD74;CSF1R;CXCR4;MMP9","nichenetr::predict_ligand_activities with project-curated TME prior matrix"
"Endothelial","Tumor/Malignant","TNF","TNFRSF1A",0.00109410066910335,0.118659420289855,0.0739492872312503,0.379528985507246,0.118659420289855,0.509803921568627,0.0152531229454306,0.863571399403814,0.7,23,6,"CD44;CD74;COL1A1;COL1A2;IFNGR1;TNFRSF1A","nichenetr::predict_ligand_activities with project-curated TME prior matrix"
"B/Plasma","CAF/Fibroblast","COL1A1","ITGA1",0.00105937022963843,0.0978260869565218,0.0480858155070513,0.358695652173913,0.0978260869565218,0.549019607843137,0.0475482912332838,0.455499771793701,0.5,23,6,"CCL2;CD74;COL1A1;COL1A2;MMP2;TNFRSF1A","nichenetr::predict_ligand_activities with project-curated TME prior matrix"
"Myeloid","T/NK","IFNG","IFNGR1",0.00104663604196026,0.618908079039553,0.618908079039553,0.815217391304348,0.554347826086957,0.75,0.0183979328165375,0.131311410234566,0.7,23,6,"CCL5;CD44;CD74;CXCR4;IFNGR1;TNF","nichenetr::predict_ligand_activities with project-curated TME prior matrix"
"B/Plasma","T/NK","IFNG","IFNGR1",0.00100590867740446,0.618908079039553,0.618908079039553,0.815217391304348,0.554347826086957,0.75,0.0176820208023774,0.131311410234566,0.7,23,6,"CCL5;CD44;CD74;CXCR4;IFNGR1;TNF","nichenetr::predict_ligand_activities with project-curated TME prior matrix"
"Normal/Epithelial","Tumor/Malignant","MMP2","ITGAV",0.000910396962982413,0.0978260869565218,0.0480858155070513,0.358695652173913,0.0978260869565218,0.549019607843137,0.0507462686567164,0.366776920249908,0.5,23,6,"CD44;CD74;COL1A1;COL1A2;IFNGR1;TNFRSF1A","nichenetr::predict_ligand_activities with project-curated TME prior matrix"
"B/Plasma","T/NK","CCL5","CCR5",0.000901469010537377,0.0978260869565218,0.0480858155070513,0.358695652173913,0.0978260869565218,0.549019607843137,0.282466567607727,0.0407792355313228,0.8,23,6,"CCL5;CD44;CD74;CXCR4;IFNGR1;TNF","nichenetr::predict_ligand_activities with project-curated TME prior matrix"
"Perivascular","Tumor/Malignant","IFNG","IFNGR1",0.000877748522532357,0.180298151877069,0.180298151877069,0.414251207729469,0.153381642512077,0.534313725490196,0.0132767840678591,0.523827024378292,0.7,23,6,"CD44;CD74;COL1A1;COL1A2;IFNGR1;TNFRSF1A","nichenetr::predict_ligand_activities with project-curated TME prior matrix"
"Perivascular","CAF/Fibroblast","CXCL12","CXCR4",0.000803044514885268,0.0144927536231884,-0.00896437464955599,0.27536231884058,0.0144927536231884,0.519607843137255,0.756407892310529,0.0813935797961357,0.9,23,6,"CCL2;CD74;COL1A1;COL1A2;MMP2;TNFRSF1A","nichenetr::predict_ligand_activities with project-curated TME prior matrix"
"T/NK","CAF/Fibroblast","COL1A1","ITGA1",0.000765566393250431,0.0978260869565218,0.0480858155070513,0.358695652173913,0.0978260869565218,0.549019607843137,0.0343613335605157,0.455499771793701,0.5,23,6,"CCL2;CD74;COL1A1;COL1A2;MMP2;TNFRSF1A","nichenetr::predict_ligand_activities with project-curated TME prior matrix"
"Perivascular","T/NK","IFNG","IFNGR1",0.000755300112535163,0.618908079039553,0.618908079039553,0.815217391304348,0.554347826086957,0.75,0.0132767840678591,0.131311410234566,0.7,23,6,"CCL5;CD44;CD74;CXCR4;IFNGR1;TNF","nichenetr::predict_ligand_activities with project-curated TME prior matrix"
"Myeloid","Normal/Epithelial","CXCL12","CXCR4",0.000719939232050063,0.0144927536231884,-0.00896437464955599,0.27536231884058,0.0144927536231884,0.519607843137255,0.248578811369509,0.222043628013777,0.9,23,6,"CCL2;CD44;CD74;IFNGR1;TNF;TNFRSF1A","nichenetr::predict_ligand_activities with project-curated TME prior matrix"
"Perivascular","B/Plasma","IL6","IL6R",0.000646046716453137,0.0283816425120773,0.0208036329088925,0.289251207729469,0.0283816425120773,0.524509803921569,0.574405310713627,0.0566121842496285,0.7,23,6,"CCL5;CD44;CD74;CXCR4;PECAM1;TNF","nichenetr::predict_ligand_activities with project-curated TME prior matrix"
"Myeloid","Normal/Epithelial","IL6","IL6R",0.000636357990939985,0.0283816425120773,0.0208036329088925,0.289251207729469,0.0283816425120773,0.524509803921569,0.124547803617571,0.257175660160735,0.7,23,6,"CCL2;CD44;CD74;IFNGR1;TNF;TNFRSF1A","nichenetr::predict_ligand_activities with project-curated TME prior matrix"
"CAF/Fibroblast","Tumor/Malignant","TNF","TNFRSF1A",0.000632940482924922,0.118659420289855,0.0739492872312503,0.379528985507246,0.118659420289855,0.509803921568627,0.00882397687509509,0.863571399403814,0.7,23,6,"CD44;CD74;COL1A1;COL1A2;IFNGR1;TNFRSF1A","nichenetr::predict_ligand_activities with project-curated TME prior matrix"
"Tumor/Malignant","T/NK","CCL5","CCR5",0.000629969239436955,0.0978260869565218,0.0480858155070513,0.358695652173913,0.0978260869565218,0.549019607843137,0.197394748662665,0.0407792355313228,0.8,23,6,"CCL5;CD44;CD74;CXCR4;IFNGR1;TNF","nichenetr::predict_ligand_activities with project-curated TME prior matrix"
"Myeloid","Endothelial","CXCL12","CXCR4",0.000612653720843811,0.0144927536231884,-0.00896437464955599,0.27536231884058,0.0144927536231884,0.519607843137255,0.248578811369509,0.188954635108481,0.9,23,6,"CCL2;CD74;FLT1;PECAM1;TNFRSF1A;VWF","nichenetr::predict_ligand_activities with project-curated TME prior matrix"
"Perivascular","T/NK","IL6","IL6R",0.000601473674915606,0.0283816425120773,0.0208036329088925,0.289251207729469,0.0283816425120773,0.524509803921569,0.574405310713627,0.0527063099903448,0.7,23,6,"CCL5;CD44;CD74;CXCR4;IFNGR1;TNF","nichenetr::predict_ligand_activities with project-curated TME prior matrix"
"T/NK","Tumor/Malignant","CCL5","CCR5",0.000559296511346578,0.0978260869565218,0.0480858155070513,0.358695652173913,0.0978260869565218,0.549019607843137,5.30340205600045,0.00134754379517334,0.8,23,6,"CD44;CD74;COL1A1;COL1A2;IFNGR1;TNFRSF1A","nichenetr::predict_ligand_activities with project-curated TME prior matrix"
"CAF/Fibroblast","Tumor/Malignant","IFNG","IFNGR1",0.000553192485828207,0.180298151877069,0.180298151877069,0.414251207729469,0.153381642512077,0.534313725490196,0.00836756427810741,0.523827024378292,0.7,23,6,"CD44;CD74;COL1A1;COL1A2;IFNGR1;TNFRSF1A","nichenetr::predict_ligand_activities with project-curated TME prior matrix"
"Endothelial","Tumor/Malignant","IFNG","IFNGR1",0.00050420365582985,0.180298151877069,0.180298151877069,0.414251207729469,0.153381642512077,0.534313725490196,0.00762656147271532,0.523827024378292,0.7,23,6,"CD44;CD74;COL1A1;COL1A2;IFNGR1;TNFRSF1A","nichenetr::predict_ligand_activities with project-curated TME prior matrix"
"CAF/Fibroblast","T/NK","IFNG","IFNGR1",0.000476020564061102,0.618908079039553,0.618908079039553,0.815217391304348,0.554347826086957,0.75,0.00836756427810741,0.131311410234566,0.7,23,6,"CCL5;CD44;CD74;CXCR4;IFNGR1;TNF","nichenetr::predict_ligand_activities with project-curated TME prior matrix"
"Normal/Epithelial","Tumor/Malignant","IFNG","IFNGR1",0.000455418124540086,0.180298151877069,0.180298151877069,0.414251207729469,0.153381642512077,0.534313725490196,0.0068886337543054,0.523827024378292,0.7,23,6,"CD44;CD74;COL1A1;COL1A2;IFNGR1;TNFRSF1A","nichenetr::predict_ligand_activities with project-curated TME prior matrix"
"Tumor/Malignant","T/NK","IFNG","IFNGR1",0.000439053466433103,0.618908079039553,0.618908079039553,0.815217391304348,0.554347826086957,0.75,0.00771775082690187,0.131311410234566,0.7,23,6,"CCL5;CD44;CD74;CXCR4;IFNGR1;TNF","nichenetr::predict_ligand_activities with project-curated TME prior matrix"
"Endothelial","T/NK","IFNG","IFNGR1",0.000433865814880808,0.618908079039553,0.618908079039553,0.815217391304348,0.554347826086957,0.75,0.00762656147271532,0.131311410234566,0.7,23,6,"CCL5;CD44;CD74;CXCR4;IFNGR1;TNF","nichenetr::predict_ligand_activities with project-curated TME prior matrix"
"Normal/Epithelial","T/NK","IFNG","IFNGR1",0.000391886003662284,0.618908079039553,0.618908079039553,0.815217391304348,0.554347826086957,0.75,0.0068886337543054,0.131311410234566,0.7,23,6,"CCL5;CD44;CD74;CXCR4;IFNGR1;TNF","nichenetr::predict_ligand_activities with project-curated TME prior matrix"
"Tumor/Malignant","Normal/Epithelial","CXCL12","CXCR4",0.000335876038519048,0.0144927536231884,-0.00896437464955599,0.27536231884058,0.0144927536231884,0.519607843137255,0.115970435705827,0.222043628013777,0.9,23,6,"CCL2;CD44;CD74;IFNGR1;TNF;TNFRSF1A","nichenetr::predict_ligand_activities with project-curated TME prior matrix"
"Perivascular","T/NK","CCL5","CCR5",0.000321319281644077,0.0978260869565218,0.0480858155070513,0.358695652173913,0.0978260869565218,0.549019607843137,0.100682279181265,0.0407792355313228,0.8,23,6,"CCL5;CD44;CD74;CXCR4;IFNGR1;TNF","nichenetr::predict_ligand_activities with project-curated TME prior matrix"
"Myeloid","Perivascular","CXCL12","CXCR4",0.000313291930082714,0.0144927536231884,-0.00896437464955599,0.27536231884058,0.0144927536231884,0.519607843137255,0.248578811369509,0.0966254840494191,0.9,23,6,"CCL2;CD44;CD74;COL1A1;COL1A2;ITGA1","nichenetr::predict_ligand_activities with project-curated TME prior matrix"
"Endothelial","T/NK","CCL5","CCR5",0.000306762245159732,0.0978260869565218,0.0480858155070513,0.358695652173913,0.0978260869565218,0.549019607843137,0.09612097304405,0.0407792355313228,0.8,23,6,"CCL5;CD44;CD74;CXCR4;IFNGR1;TNF","nichenetr::predict_ligand_activities with project-curated TME prior matrix"
"B/Plasma","Normal/Epithelial","IL6","IL6R",0.000288492124036285,0.0283816425120773,0.0208036329088925,0.289251207729469,0.0283816425120773,0.524509803921569,0.0564635958395245,0.257175660160735,0.7,23,6,"CCL2;CD44;CD74;IFNGR1;TNF;TNFRSF1A","nichenetr::predict_ligand_activities with project-curated TME prior matrix"
"Myeloid","B/Plasma","IFNG","IFNGR1",0.000286498646010561,0.220171781619113,0.220171781619113,0.448067632850242,0.18719806763285,0.627450980392157,0.0183979328165375,0.101040118870728,0.7,23,6,"CCL5;CD44;CD74;CXCR4;PECAM1;TNF","nichenetr::predict_ligand_activities with project-curated TME prior matrix"
"T/NK","Normal/Epithelial","CCL5","CCR5",0.000285911956296136,0.0978260869565218,0.0480858155070513,0.358695652173913,0.0978260869565218,0.549019607843137,5.30340205600045,0.00068886337543054,0.8,23,6,"CCL2;CD44;CD74;IFNGR1;TNF;TNFRSF1A","nichenetr::predict_ligand_activities with project-curated TME prior matrix"
"Tumor/Malignant","Endothelial","CXCL12","CXCR4",0.000285823713419558,0.0144927536231884,-0.00896437464955599,0.27536231884058,0.0144927536231884,0.519607843137255,0.115970435705827,0.188954635108481,0.9,23,6,"CCL2;CD74;FLT1;PECAM1;TNFRSF1A;VWF","nichenetr::predict_ligand_activities with project-curated TME prior matrix"
"CAF/Fibroblast","B/Plasma","IL6","IL6R",0.000285415721089984,0.0283816425120773,0.0208036329088925,0.289251207729469,0.0283816425120773,0.524509803921569,0.253765403925148,0.0566121842496285,0.7,23,6,"CCL5;CD44;CD74;CXCR4;PECAM1;TNF","nichenetr::predict_ligand_activities with project-curated TME prior matrix"
"CAF/Fibroblast","T/NK","IL6","IL6R",0.000265723883847234,0.0283816425120773,0.0208036329088925,0.289251207729469,0.0283816425120773,0.524509803921569,0.253765403925148,0.0527063099903448,0.7,23,6,"CCL5;CD44;CD74;CXCR4;IFNGR1;TNF","nichenetr::predict_ligand_activities with project-curated TME prior matrix"
"Myeloid","CAF/Fibroblast","CXCL12","CXCR4",0.00026390503459347,0.0144927536231884,-0.00896437464955599,0.27536231884058,0.0144927536231884,0.519607843137255,0.248578811369509,0.0813935797961357,0.9,23,6,"CCL2;CD74;COL1A1;COL1A2;MMP2;TNFRSF1A","nichenetr::predict_ligand_activities with project-curated TME prior matrix"
"B/Plasma","Myeloid","IL6","IL6R",0.000259796398877555,0.0144927536231884,-0.0190699968331515,0.27536231884058,0.0144927536231884,0.514705882352941,0.0564635958395245,0.453540051679587,0.7,23,6,"CCL2;CD44;CD74;CSF1R;CXCR4;MMP9","nichenetr::predict_ligand_activities with project-curated TME prior matrix"
"Normal/Epithelial","Myeloid","IL6","IL6R",0.000254620565128692,0.0144927536231884,-0.0190699968331515,0.27536231884058,0.0144927536231884,0.514705882352941,0.0553386911595867,0.453540051679587,0.7,23,6,"CCL2;CD44;CD74;CSF1R;CXCR4;MMP9","nichenetr::predict_ligand_activities with project-curated TME prior matrix"
"Normal/Epithelial","T/NK","CCL5","CCR5",0.000211051322312562,0.0978260869565218,0.0480858155070513,0.358695652173913,0.0978260869565218,0.549019607843137,0.0661308840413318,0.0407792355313228,0.8,23,6,"CCL5;CD44;CD74;CXCR4;IFNGR1;TNF","nichenetr::predict_ligand_activities with project-curated TME prior matrix"
"Perivascular","B/Plasma","IFNG","IFNGR1",0.000206750437494646,0.220171781619113,0.220171781619113,0.448067632850242,0.18719806763285,0.627450980392157,0.0132767840678591,0.101040118870728,0.7,23,6,"CCL5;CD44;CD74;CXCR4;PECAM1;TNF","nichenetr::predict_ligand_activities with project-curated TME prior matrix"
"T/NK","Myeloid","CCL2","CCR2",0.000177017103513213,0.0978260869565218,0.077599154036582,0.358695652173913,0.0978260869565218,0.549019607843137,0.0395013346964276,0.0572609819121447,0.8,23,6,"CCL2;CD44;CD74;CSF1R;CXCR4;MMP9","nichenetr::predict_ligand_activities with project-curated TME prior matrix"
"T/NK","CAF/Fibroblast","MMP2","ITGAV",0.000159576365311335,0.0978260869565218,0.0480858155070513,0.358695652173913,0.0978260869565218,0.549019607843137,0.0042312716533197,0.771033013844515,0.5,23,6,"CCL2;CD74;COL1A1;COL1A2;MMP2;TNFRSF1A","nichenetr::predict_ligand_activities with project-curated TME prior matrix"
"B/Plasma","Myeloid","CCL2","CCR2",0.000158476675826363,0.0978260869565218,0.077599154036582,0.358695652173913,0.0978260869565218,0.549019607843137,0.0353640416047548,0.0572609819121447,0.8,23,6,"CCL2;CD44;CD74;CSF1R;CXCR4;MMP9","nichenetr::predict_ligand_activities with project-curated TME prior matrix"
"Tumor/Malignant","Perivascular","CXCL12","CXCR4",0.000146161297636925,0.0144927536231884,-0.00896437464955599,0.27536231884058,0.0144927536231884,0.519607843137255,0.115970435705827,0.0966254840494191,0.9,23,6,"CCL2;CD44;CD74;COL1A1;COL1A2;ITGA1","nichenetr::predict_ligand_activities with project-curated TME prior matrix"
"B/Plasma","CAF/Fibroblast","MMP2","ITGAV",0.000145698789682486,0.0978260869565218,0.0480858155070513,0.358695652173913,0.0978260869565218,0.549019607843137,0.00386329866270431,0.771033013844515,0.5,23,6,"CCL2;CD74;COL1A1;COL1A2;MMP2;TNFRSF1A","nichenetr::predict_ligand_activities with project-curated TME prior matrix"
"Myeloid","Tumor/Malignant","CCL5","CCR5",0.000144199448868337,0.0978260869565218,0.0480858155070513,0.358695652173913,0.0978260869565218,0.549019607843137,1.36733850129199,0.00134754379517334,0.8,23,6,"CD44;CD74;COL1A1;COL1A2;IFNGR1;TNFRSF1A","nichenetr::predict_ligand_activities with project-curated TME prior matrix"
"Myeloid","B/Plasma","IL6","IL6R",0.000140081747274613,0.0283816425120773,0.0208036329088925,0.289251207729469,0.0283816425120773,0.524509803921569,0.124547803617571,0.0566121842496285,0.7,23,6,"CCL5;CD44;CD74;CXCR4;PECAM1;TNF","nichenetr::predict_ligand_activities with project-curated TME prior matrix"
"Myeloid","T/NK","IL6","IL6R",0.000130417013469911,0.0283816425120773,0.0208036329088925,0.289251207729469,0.0283816425120773,0.524509803921569,0.124547803617571,0.0527063099903448,0.7,23,6,"CCL5;CD44;CD74;CXCR4;IFNGR1;TNF","nichenetr::predict_ligand_activities with project-curated TME prior matrix"
"CAF/Fibroblast","B/Plasma","IFNG","IFNGR1",0.000130302456259066,0.220171781619113,0.220171781619113,0.448067632850242,0.18719806763285,0.627450980392157,0.00836756427810741,0.101040118870728,0.7,23,6,"CCL5;CD44;CD74;CXCR4;PECAM1;TNF","nichenetr::predict_ligand_activities with project-curated TME prior matrix"
"Tumor/Malignant","Normal/Epithelial","IL6","IL6R",0.000130190401784352,0.0283816425120773,0.0208036329088925,0.289251207729469,0.0283816425120773,0.524509803921569,0.0254808281269141,0.257175660160735,0.7,23,6,"CCL2;CD44;CD74;IFNGR1;TNF;TNFRSF1A","nichenetr::predict_ligand_activities with project-curated TME prior matrix"
"Tumor/Malignant","CAF/Fibroblast","CXCL12","CXCR4",0.000123120637990629,0.0144927536231884,-0.00896437464955599,0.27536231884058,0.0144927536231884,0.519607843137255,0.115970435705827,0.0813935797961357,0.9,23,6,"CCL2;CD74;COL1A1;COL1A2;MMP2;TNFRSF1A","nichenetr::predict_ligand_activities with project-curated TME prior matrix"
"Tumor/Malignant","B/Plasma","IFNG","IFNGR1",0.000120183347999116,0.220171781619113,0.220171781619113,0.448067632850242,0.18719806763285,0.627450980392157,0.00771775082690187,0.101040118870728,0.7,23,6,"CCL5;CD44;CD74;CXCR4;PECAM1;TNF","nichenetr::predict_ligand_activities with project-curated TME prior matrix"
"Endothelial","B/Plasma","IFNG","IFNGR1",0.00011876331745734,0.220171781619113,0.220171781619113,0.448067632850242,0.18719806763285,0.627450980392157,0.00762656147271532,0.101040118870728,0.7,23,6,"CCL5;CD44;CD74;CXCR4;PECAM1;TNF","nichenetr::predict_ligand_activities with project-curated TME prior matrix"
"Tumor/Malignant","Myeloid","IL6","IL6R",0.000117240627157442,0.0144927536231884,-0.0190699968331515,0.27536231884058,0.0144927536231884,0.514705882352941,0.0254808281269141,0.453540051679587,0.7,23,6,"CCL2;CD44;CD74;CSF1R;CXCR4;MMP9","nichenetr::predict_ligand_activities with project-curated TME prior matrix"
"Normal/Epithelial","B/Plasma","IFNG","IFNGR1",0.000107272064919007,0.220171781619113,0.220171781619113,0.448067632850242,0.18719806763285,0.627450980392157,0.0068886337543054,0.101040118870728,0.7,23,6,"CCL5;CD44;CD74;CXCR4;PECAM1;TNF","nichenetr::predict_ligand_activities with project-curated TME prior matrix"
"Normal/Epithelial","Endothelial","CXCL12","CXCR4",0.000104131142195259,0.0144927536231884,-0.00896437464955599,0.27536231884058,0.0144927536231884,0.519607843137255,0.0422502870264064,0.188954635108481,0.9,23,6,"CCL2;CD74;FLT1;PECAM1;TNFRSF1A;VWF","nichenetr::predict_ligand_activities with project-curated TME prior matrix"
"T/NK","Perivascular","MMP2","ITGAV",0.000101669388394031,0.0978260869565218,0.0480858155070513,0.358695652173913,0.0978260869565218,0.549019607843137,0.0042312716533197,0.491241010510787,0.5,23,6,"CCL2;CD44;CD74;COL1A1;COL1A2;ITGA1","nichenetr::predict_ligand_activities with project-curated TME prior matrix"
"B/Plasma","Perivascular","MMP2","ITGAV",9.28276991888399e-05,0.0978260869565218,0.0480858155070513,0.358695652173913,0.0978260869565218,0.549019607843137,0.00386329866270431,0.491241010510787,0.5,23,6,"CCL2;CD44;CD74;COL1A1;COL1A2;ITGA1","nichenetr::predict_ligand_activities with project-curated TME prior matrix"
"T/NK","Tumor/Malignant","MMP2","ITGAV",7.59097558245002e-05,0.0978260869565218,0.0480858155070513,0.358695652173913,0.0978260869565218,0.549019607843137,0.0042312716533197,0.366776920249908,0.5,23,6,"CD44;CD74;COL1A1;COL1A2;IFNGR1;TNFRSF1A","nichenetr::predict_ligand_activities with project-curated TME prior matrix"
"Myeloid","Normal/Epithelial","CCL5","CCR5",7.37146498974368e-05,0.0978260869565218,0.0480858155070513,0.358695652173913,0.0978260869565218,0.549019607843137,1.36733850129199,0.00068886337543054,0.8,23,6,"CCL2;CD44;CD74;IFNGR1;TNF;TNFRSF1A","nichenetr::predict_ligand_activities with project-curated TME prior matrix"
"B/Plasma","Tumor/Malignant","MMP2","ITGAV",6.93082558131004e-05,0.0978260869565218,0.0480858155070513,0.358695652173913,0.0978260869565218,0.549019607843137,0.00386329866270431,0.366776920249908,0.5,23,6,"CD44;CD74;COL1A1;COL1A2;IFNGR1;TNFRSF1A","nichenetr::predict_ligand_activities with project-curated TME prior matrix"
"CAF/Fibroblast","Tumor/Malignant","CCL5","CCR5",6.25090464071836e-05,0.0978260869565218,0.0480858155070513,0.358695652173913,0.0978260869565218,0.549019607843137,0.592727825954663,0.00134754379517334,0.8,23,6,"CD44;CD74;COL1A1;COL1A2;IFNGR1;TNFRSF1A","nichenetr::predict_ligand_activities with project-curated TME prior matrix"
"Normal/Epithelial","B/Plasma","IL6","IL6R",6.22406844951496e-05,0.0283816425120773,0.0208036329088925,0.289251207729469,0.0283816425120773,0.524509803921569,0.0553386911595867,0.0566121842496285,0.7,23,6,"CCL5;CD44;CD74;CXCR4;PECAM1;TNF","nichenetr::predict_ligand_activities with project-curated TME prior matrix"
"B/Plasma","T/NK","IL6","IL6R",5.91243950136108e-05,0.0283816425120773,0.0208036329088925,0.289251207729469,0.0283816425120773,0.524509803921569,0.0564635958395245,0.0527063099903448,0.7,23,6,"CCL5;CD44;CD74;CXCR4;IFNGR1;TNF","nichenetr::predict_ligand_activities with project-curated TME prior matrix"
"Normal/Epithelial","T/NK","IL6","IL6R",5.79464801525324e-05,0.0283816425120773,0.0208036329088925,0.289251207729469,0.0283816425120773,0.524509803921569,0.0553386911595867,0.0527063099903448,0.7,23,6,"CCL5;CD44;CD74;CXCR4;IFNGR1;TNF","nichenetr::predict_ligand_activities with project-curated TME prior matrix"
"Normal/Epithelial","Perivascular","CXCL12","CXCR4",5.32494056759141e-05,0.0144927536231884,-0.00896437464955599,0.27536231884058,0.0144927536231884,0.519607843137255,0.0422502870264064,0.0966254840494191,0.9,23,6,"CCL2;CD44;CD74;COL1A1;COL1A2;ITGA1","nichenetr::predict_ligand_activities with project-curated TME prior matrix"
"Normal/Epithelial","CAF/Fibroblast","CXCL12","CXCR4",4.48552448933928e-05,0.0144927536231884,-0.00896437464955599,0.27536231884058,0.0144927536231884,0.519607843137255,0.0422502870264064,0.0813935797961357,0.9,23,6,"CCL2;CD74;COL1A1;COL1A2;MMP2;TNFRSF1A","nichenetr::predict_ligand_activities with project-curated TME prior matrix"
"CAF/Fibroblast","Normal/Epithelial","CCL5","CCR5",3.19545775485967e-05,0.0978260869565218,0.0480858155070513,0.358695652173913,0.0978260869565218,0.549019607843137,0.592727825954663,0.00068886337543054,0.8,23,6,"CCL2;CD44;CD74;IFNGR1;TNF;TNFRSF1A","nichenetr::predict_ligand_activities with project-curated TME prior matrix"
"B/Plasma","Normal/Epithelial","CXCL12","CXCR4",3.18455232373271e-05,0.0144927536231884,-0.00896437464955599,0.27536231884058,0.0144927536231884,0.519607843137255,0.0109955423476969,0.222043628013777,0.9,23,6,"CCL2;CD44;CD74;IFNGR1;TNF;TNFRSF1A","nichenetr::predict_ligand_activities with project-curated TME prior matrix"
"B/Plasma","Tumor/Malignant","CCL5","CCR5",2.97889098670724e-05,0.0978260869565218,0.0480858155070513,0.358695652173913,0.0978260869565218,0.549019607843137,0.282466567607727,0.00134754379517334,0.8,23,6,"CD44;CD74;COL1A1;COL1A2;IFNGR1;TNFRSF1A","nichenetr::predict_ligand_activities with project-curated TME prior matrix"
"Tumor/Malignant","B/Plasma","IL6","IL6R",2.86588668956557e-05,0.0283816425120773,0.0208036329088925,0.289251207729469,0.0283816425120773,0.524509803921569,0.0254808281269141,0.0566121842496285,0.7,23,6,"CCL5;CD44;CD74;CXCR4;PECAM1;TNF","nichenetr::predict_ligand_activities with project-curated TME prior matrix"
"B/Plasma","Endothelial","CXCL12","CXCR4",2.70998959842903e-05,0.0144927536231884,-0.00896437464955599,0.27536231884058,0.0144927536231884,0.519607843137255,0.0109955423476969,0.188954635108481,0.9,23,6,"CCL2;CD74;FLT1;PECAM1;TNFRSF1A;VWF","nichenetr::predict_ligand_activities with project-curated TME prior matrix"
"Tumor/Malignant","T/NK","IL6","IL6R",2.66815905903573e-05,0.0283816425120773,0.0208036329088925,0.289251207729469,0.0283816425120773,0.524509803921569,0.0254808281269141,0.0527063099903448,0.7,23,6,"CCL5;CD44;CD74;CXCR4;IFNGR1;TNF","nichenetr::predict_ligand_activities with project-curated TME prior matrix"
"B/Plasma","Normal/Epithelial","CCL5","CCR5",1.52280683380595e-05,0.0978260869565218,0.0480858155070513,0.358695652173913,0.0978260869565218,0.549019607843137,0.282466567607727,0.00068886337543054,0.8,23,6,"CCL2;CD44;CD74;IFNGR1;TNF;TNFRSF1A","nichenetr::predict_ligand_activities with project-curated TME prior matrix"
"B/Plasma","Perivascular","CXCL12","CXCR4",1.38580382834622e-05,0.0144927536231884,-0.00896437464955599,0.27536231884058,0.0144927536231884,0.519607843137255,0.0109955423476969,0.0966254840494191,0.9,23,6,"CCL2;CD44;CD74;COL1A1;COL1A2;ITGA1","nichenetr::predict_ligand_activities with project-curated TME prior matrix"
"T/NK","Normal/Epithelial","CXCL12","CXCR4",1.29949155200785e-05,0.0144927536231884,-0.00896437464955599,0.27536231884058,0.0144927536231884,0.519607843137255,0.00448685182029874,0.222043628013777,0.9,23,6,"CCL2;CD44;CD74;IFNGR1;TNF;TNFRSF1A","nichenetr::predict_ligand_activities with project-curated TME prior matrix"
"B/Plasma","CAF/Fibroblast","CXCL12","CXCR4",1.16734767845094e-05,0.0144927536231884,-0.00896437464955599,0.27536231884058,0.0144927536231884,0.519607843137255,0.0109955423476969,0.0813935797961357,0.9,23,6,"CCL2;CD74;COL1A1;COL1A2;MMP2;TNFRSF1A","nichenetr::predict_ligand_activities with project-curated TME prior matrix"
"T/NK","Endothelial","CXCL12","CXCR4",1.10584101977005e-05,0.0144927536231884,-0.00896437464955599,0.27536231884058,0.0144927536231884,0.519607843137255,0.00448685182029874,0.188954635108481,0.9,23,6,"CCL2;CD74;FLT1;PECAM1;TNFRSF1A;VWF","nichenetr::predict_ligand_activities with project-curated TME prior matrix"
"Tumor/Malignant","Normal/Epithelial","CCL5","CCR5",1.06417575278629e-05,0.0978260869565218,0.0480858155070513,0.358695652173913,0.0978260869565218,0.549019607843137,0.197394748662665,0.00068886337543054,0.8,23,6,"CCL2;CD44;CD74;IFNGR1;TNF;TNFRSF1A","nichenetr::predict_ligand_activities with project-curated TME prior matrix"
"Perivascular","Tumor/Malignant","CCL5","CCR5",1.06179480465358e-05,0.0978260869565218,0.0480858155070513,0.358695652173913,0.0978260869565218,0.549019607843137,0.100682279181265,0.00134754379517334,0.8,23,6,"CD44;CD74;COL1A1;COL1A2;IFNGR1;TNFRSF1A","nichenetr::predict_ligand_activities with project-curated TME prior matrix"
"Endothelial","Tumor/Malignant","CCL5","CCR5",1.01369129330765e-05,0.0978260869565218,0.0480858155070513,0.358695652173913,0.0978260869565218,0.549019607843137,0.09612097304405,0.00134754379517334,0.8,23,6,"CD44;CD74;COL1A1;COL1A2;IFNGR1;TNFRSF1A","nichenetr::predict_ligand_activities with project-curated TME prior matrix"
"T/NK","Normal/Epithelial","IL6","IL6R",7.98018130588245e-06,0.0283816425120773,0.0208036329088925,0.289251207729469,0.0283816425120773,0.524509803921569,0.00156187879820526,0.257175660160735,0.7,23,6,"CCL2;CD44;CD74;IFNGR1;TNF;TNFRSF1A","nichenetr::predict_ligand_activities with project-curated TME prior matrix"
"T/NK","Myeloid","IL6","IL6R",7.18640889273457e-06,0.0144927536231884,-0.0190699968331515,0.27536231884058,0.0144927536231884,0.514705882352941,0.00156187879820526,0.453540051679587,0.7,23,6,"CCL2;CD44;CD74;CSF1R;CXCR4;MMP9","nichenetr::predict_ligand_activities with project-curated TME prior matrix"
"Normal/Epithelial","Tumor/Malignant","CCL5","CCR5",6.97415967072191e-06,0.0978260869565218,0.0480858155070513,0.358695652173913,0.0978260869565218,0.549019607843137,0.0661308840413318,0.00134754379517334,0.8,23,6,"CD44;CD74;COL1A1;COL1A2;IFNGR1;TNFRSF1A","nichenetr::predict_ligand_activities with project-curated TME prior matrix"
"T/NK","Perivascular","CXCL12","CXCR4",5.65492472601369e-06,0.0144927536231884,-0.00896437464955599,0.27536231884058,0.0144927536231884,0.519607843137255,0.00448685182029874,0.0966254840494191,0.9,23,6,"CCL2;CD44;CD74;COL1A1;COL1A2;ITGA1","nichenetr::predict_ligand_activities with project-curated TME prior matrix"
"Perivascular","Normal/Epithelial","CCL5","CCR5",5.42788706213579e-06,0.0978260869565218,0.0480858155070513,0.358695652173913,0.0978260869565218,0.549019607843137,0.100682279181265,0.00068886337543054,0.8,23,6,"CCL2;CD44;CD74;IFNGR1;TNF;TNFRSF1A","nichenetr::predict_ligand_activities with project-curated TME prior matrix"
"Endothelial","Normal/Epithelial","CCL5","CCR5",5.18198227362722e-06,0.0978260869565218,0.0480858155070513,0.358695652173913,0.0978260869565218,0.549019607843137,0.09612097304405,0.00068886337543054,0.8,23,6,"CCL2;CD44;CD74;IFNGR1;TNF;TNFRSF1A","nichenetr::predict_ligand_activities with project-curated TME prior matrix"
"T/NK","CAF/Fibroblast","CXCL12","CXCR4",4.7634904130729e-06,0.0144927536231884,-0.00896437464955599,0.27536231884058,0.0144927536231884,0.519607843137255,0.00448685182029874,0.0813935797961357,0.9,23,6,"CCL2;CD74;COL1A1;COL1A2;MMP2;TNFRSF1A","nichenetr::predict_ligand_activities with project-curated TME prior matrix"
"T/NK","B/Plasma","IL6","IL6R",1.75668060558957e-06,0.0283816425120773,0.0208036329088925,0.289251207729469,0.0283816425120773,0.524509803921569,0.00156187879820526,0.0566121842496285,0.7,23,6,"CCL5;CD44;CD74;CXCR4;PECAM1;TNF","nichenetr::predict_ligand_activities with project-curated TME prior matrix"
