Cell	cell_type
P03:1	Tumor/Epithelial
P03:2	Tumor/Epithelial
P03:3	Unknown
P03:4	CAF/Fibroblast
P03:5	CAF/Fibroblast
P03:6	Tumor/Epithelial
P03:7	Tumor/Epithelial
P03:8	Tumor/Epithelial
P03:9	Tumor/Epithelial
P03:10	Tumor/Epithelial
P03:11	CAF/Fibroblast
P03:12	Tumor/Epithelial
P03:13	Tumor/Epithelial
P03:14	Tumor/Epithelial
P03:15	Tumor/Epithelial
P03:16	Tumor/Epithelial
P03:17	Tumor/Epithelial
P03:18	Endothelial
P03:19	Tumor/Epithelial
P03:20	Tumor/Epithelial
P03:21	Tumor/Epithelial
P03:22	Tumor/Epithelial
P03:23	Tumor/Epithelial
P03:24	Tumor/Epithelial
P03:25	CAF/Fibroblast
P03:26	Tumor/Epithelial
P03:27	Tumor/Epithelial
P03:28	Tumor/Epithelial
P03:29	Tumor/Epithelial
P03:30	CAF/Fibroblast
P03:31	Tumor/Epithelial
P03:32	Unknown
P03:33	Tumor/Epithelial
P03:34	CAF/Fibroblast
P03:35	Tumor/Epithelial
P03:36	Tumor/Epithelial
P03:37	Tumor/Epithelial
P03:38	Myeloid
P03:39	Tumor/Epithelial
P03:40	CAF/Fibroblast
P03:41	Tumor/Epithelial
P03:42	CAF/Fibroblast
P03:43	Tumor/Epithelial
P03:44	CAF/Fibroblast
P03:45	CAF/Fibroblast
P03:46	Tumor/Epithelial
P03:47	Tumor/Epithelial
P03:48	Tumor/Epithelial
P03:49	Tumor/Epithelial
P03:50	CAF/Fibroblast
P03:51	Tumor/Epithelial
P03:52	Unknown
P03:53	Tumor/Epithelial
P03:54	CAF/Fibroblast
P03:55	Tumor/Epithelial
P03:56	CAF/Fibroblast
P03:57	Tumor/Epithelial
P03:58	Tumor/Epithelial
P03:59	CAF/Fibroblast
P03:60	Tumor/Epithelial
P03:61	Tumor/Epithelial
P03:62	Tumor/Epithelial
P03:63	Tumor/Epithelial
P03:64	Tumor/Epithelial
P03:65	Myeloid
P03:66	Unknown
P03:67	Tumor/Epithelial
P03:68	CAF/Fibroblast
P03:69	Tumor/Epithelial
P03:70	Tumor/Epithelial
P03:71	Unknown
P03:72	Myeloid
P03:73	Tumor/Epithelial
P03:74	Endothelial
P03:75	Tumor/Epithelial
P03:76	Tumor/Epithelial
P03:77	CAF/Fibroblast
P03:78	CAF/Fibroblast
P03:79	CAF/Fibroblast
P03:80	Tumor/Epithelial
P03:81	Tumor/Epithelial
P03:82	Tumor/Epithelial
P03:83	Tumor/Epithelial
P03:84	CAF/Fibroblast
P03:85	Tumor/Epithelial
P03:86	Tumor/Epithelial
P03:87	Unknown
P03:88	Endothelial
P03:89	CAF/Fibroblast
P03:90	Tumor/Epithelial
P03:91	Unknown
P03:92	Tumor/Epithelial
P03:93	Tumor/Epithelial
P03:94	Tumor/Epithelial
P03:95	Tumor/Epithelial
P03:96	Tumor/Epithelial
P03:97	Myeloid
P03:98	CAF/Fibroblast
P03:99	Tumor/Epithelial
P03:100	Unknown
P03:101	Endothelial
P03:102	Tumor/Epithelial
P03:103	Tumor/Epithelial
P03:104	Tumor/Epithelial
P03:105	Tumor/Epithelial
P03:106	Unknown
P03:107	Unknown
P03:108	Tumor/Epithelial
P03:109	Tumor/Epithelial
P03:110	Tumor/Epithelial
P03:111	Tumor/Epithelial
P03:112	Tumor/Epithelial
P03:113	Tumor/Epithelial
P03:114	Endothelial
P03:115	Tumor/Epithelial
P03:116	CAF/Fibroblast
P03:117	CAF/Fibroblast
P03:118	Tumor/Epithelial
P03:119	Tumor/Epithelial
P03:120	Tumor/Epithelial
P03:121	Tumor/Epithelial
P03:122	Tumor/Epithelial
P03:123	Endothelial
P03:124	Tumor/Epithelial
P03:125	Tumor/Epithelial
P03:126	Tumor/Epithelial
P03:127	Tumor/Epithelial
P03:128	Tumor/Epithelial
P03:129	Tumor/Epithelial
P03:130	CAF/Fibroblast
P03:131	Unknown
P03:132	Tumor/Epithelial
P03:133	Tumor/Epithelial
P03:134	CAF/Fibroblast
P03:135	Tumor/Epithelial
P03:136	Tumor/Epithelial
P03:137	CAF/Fibroblast
P03:138	Tumor/Epithelial
P03:139	Tumor/Epithelial
P03:140	Tumor/Epithelial
P03:141	Unknown
P03:142	Tumor/Epithelial
P03:143	Tumor/Epithelial
P03:144	Unknown
P03:145	Tumor/Epithelial
P03:146	Unknown
P03:147	Tumor/Epithelial
P03:148	Tumor/Epithelial
P03:149	Tumor/Epithelial
P03:150	Tumor/Epithelial
P03:151	Tumor/Epithelial
P03:152	Tumor/Epithelial
P03:153	Tumor/Epithelial
P03:154	Tumor/Epithelial
P03:155	Tumor/Epithelial
P03:156	Unknown
P03:157	Tumor/Epithelial
P03:158	Tumor/Epithelial
P03:159	Tumor/Epithelial
P03:160	Tumor/Epithelial
P03:161	Tumor/Epithelial
P03:162	CAF/Fibroblast
P03:163	Tumor/Epithelial
P03:164	Tumor/Epithelial
P03:165	Unknown
P03:166	Tumor/Epithelial
P03:167	Tumor/Epithelial
P03:168	CAF/Fibroblast
P03:169	Tumor/Epithelial
P03:170	Tumor/Epithelial
P03:171	Endothelial
P03:172	Tumor/Epithelial
P03:173	Tumor/Epithelial
P03:174	Tumor/Epithelial
P03:175	CAF/Fibroblast
P03:176	Tumor/Epithelial
P03:177	Tumor/Epithelial
P03:178	CAF/Fibroblast
P03:179	Tumor/Epithelial
P03:180	Tumor/Epithelial
P03:181	Endothelial
P03:182	Tumor/Epithelial
P03:183	Tumor/Epithelial
P03:184	Unknown
P03:185	Tumor/Epithelial
P03:186	Tumor/Epithelial
P03:187	Tumor/Epithelial
P03:188	Endothelial
P03:189	Tumor/Epithelial
P03:190	Unknown
P03:191	Tumor/Epithelial
P03:192	Tumor/Epithelial
P03:193	Tumor/Epithelial
P03:194	Tumor/Epithelial
P03:195	Endothelial
P03:196	CAF/Fibroblast
P03:197	Tumor/Epithelial
P03:198	Unknown
P03:199	CAF/Fibroblast
P03:200	Tumor/Epithelial
P03:201	Tumor/Epithelial
P03:202	Myeloid
P03:203	Unknown
P03:204	Tumor/Epithelial
P03:205	Endothelial
P03:206	Tumor/Epithelial
P03:207	Tumor/Epithelial
P03:208	CAF/Fibroblast
P03:209	CAF/Fibroblast
P03:210	Tumor/Epithelial
P03:211	Tumor/Epithelial
P03:212	Tumor/Epithelial
P03:213	Tumor/Epithelial
P03:214	Tumor/Epithelial
P03:215	Tumor/Epithelial
P03:216	Tumor/Epithelial
P03:217	Tumor/Epithelial
P03:218	Tumor/Epithelial
P03:219	Tumor/Epithelial
P03:220	CAF/Fibroblast
P03:221	Tumor/Epithelial
P03:222	Endothelial
P03:223	Unknown
P03:224	Tumor/Epithelial
P03:225	Unknown
P03:226	CAF/Fibroblast
P03:227	Tumor/Epithelial
P03:228	Tumor/Epithelial
P03:229	Tumor/Epithelial
P03:230	CAF/Fibroblast
P03:231	Tumor/Epithelial
P03:232	Tumor/Epithelial
P03:233	Tumor/Epithelial
P03:234	Tumor/Epithelial
P03:235	Tumor/Epithelial
P03:236	Myeloid
P03:237	Tumor/Epithelial
P03:238	Tumor/Epithelial
P03:239	Tumor/Epithelial
P03:240	CAF/Fibroblast
P03:241	CAF/Fibroblast
P03:242	Tumor/Epithelial
P03:243	Tumor/Epithelial
P03:244	Tumor/Epithelial
P03:245	Tumor/Epithelial
P03:246	CAF/Fibroblast
P03:247	Unknown
P03:248	Unknown
P03:249	Myeloid
P03:250	Tumor/Epithelial
P03:251	Tumor/Epithelial
P03:252	Tumor/Epithelial
P03:253	Tumor/Epithelial
P03:254	Tumor/Epithelial
P03:255	CAF/Fibroblast
P03:256	Tumor/Epithelial
P03:257	Tumor/Epithelial
P03:258	Tumor/Epithelial
P03:259	CAF/Fibroblast
P03:260	Myeloid
P03:261	Myeloid
P03:262	Tumor/Epithelial
P03:263	Tumor/Epithelial
P03:264	Tumor/Epithelial
P03:265	Unknown
P03:266	Tumor/Epithelial
P03:267	Tumor/Epithelial
P03:268	Endothelial
P03:269	Tumor/Epithelial
P03:270	Tumor/Epithelial
P03:271	Unknown
P03:272	Tumor/Epithelial
P03:273	Tumor/Epithelial
P03:274	Tumor/Epithelial
P03:275	Tumor/Epithelial
P03:276	Endothelial
P03:277	Tumor/Epithelial
P03:278	CAF/Fibroblast
P03:279	CAF/Fibroblast
P03:280	Tumor/Epithelial
P03:281	CAF/Fibroblast
P03:282	Tumor/Epithelial
P03:283	CAF/Fibroblast
P03:284	Tumor/Epithelial
P03:285	Tumor/Epithelial
P03:286	Tumor/Epithelial
P03:287	CAF/Fibroblast
P03:288	Tumor/Epithelial
P03:289	CAF/Fibroblast
P03:290	Tumor/Epithelial
P03:291	Tumor/Epithelial
P03:292	Tumor/Epithelial
P03:293	Tumor/Epithelial
P03:294	Endothelial
P03:295	CAF/Fibroblast
P03:296	Tumor/Epithelial
P03:297	Tumor/Epithelial
P03:298	CAF/Fibroblast
P03:299	Tumor/Epithelial
P03:300	CAF/Fibroblast
P03:301	Tumor/Epithelial
P03:302	Endothelial
P03:303	Tumor/Epithelial
P03:304	Tumor/Epithelial
P03:305	Tumor/Epithelial
P03:306	CAF/Fibroblast
P03:307	Tumor/Epithelial
P03:308	Tumor/Epithelial
P03:309	Tumor/Epithelial
P03:310	Tumor/Epithelial
P03:311	CAF/Fibroblast
P03:312	Unknown
P03:313	Tumor/Epithelial
P03:314	Tumor/Epithelial
P03:315	CAF/Fibroblast
P03:316	Tumor/Epithelial
P03:317	Tumor/Epithelial
P03:318	Tumor/Epithelial
P03:319	Tumor/Epithelial
P03:320	Tumor/Epithelial
P03:321	Tumor/Epithelial
P03:322	Tumor/Epithelial
P03:323	CAF/Fibroblast
P03:324	Tumor/Epithelial
P03:325	Tumor/Epithelial
P03:326	CAF/Fibroblast
P03:327	Tumor/Epithelial
P03:328	Tumor/Epithelial
P03:329	Tumor/Epithelial
P03:330	Tumor/Epithelial
P03:331	Unknown
P03:332	Tumor/Epithelial
P03:333	Tumor/Epithelial
P03:334	CAF/Fibroblast
P03:335	Tumor/Epithelial
P03:336	Tumor/Epithelial
P03:337	Tumor/Epithelial
P03:338	Tumor/Epithelial
P03:339	CAF/Fibroblast
P03:340	Tumor/Epithelial
P03:341	CAF/Fibroblast
P03:342	Tumor/Epithelial
P03:343	Tumor/Epithelial
P03:344	Tumor/Epithelial
P03:345	Tumor/Epithelial
P03:346	Tumor/Epithelial
P03:347	Tumor/Epithelial
P03:348	Tumor/Epithelial
P03:349	Endothelial
P03:350	Unknown
P03:351	Tumor/Epithelial
P03:352	Tumor/Epithelial
P03:353	Tumor/Epithelial
P03:354	Tumor/Epithelial
P03:355	Unknown
P03:356	Tumor/Epithelial
P03:357	Tumor/Epithelial
P03:358	Tumor/Epithelial
P03:359	Tumor/Epithelial
P03:360	Unknown
P03:361	CAF/Fibroblast
P03:362	Tumor/Epithelial
P03:363	CAF/Fibroblast
P03:364	Myeloid
P03:365	Tumor/Epithelial
P03:366	Tumor/Epithelial
P03:367	Tumor/Epithelial
P03:368	Tumor/Epithelial
P03:369	CAF/Fibroblast
P03:370	Tumor/Epithelial
P03:371	Tumor/Epithelial
P03:372	Tumor/Epithelial
P03:373	Endothelial
P03:374	CAF/Fibroblast
P03:375	Tumor/Epithelial
P03:376	Tumor/Epithelial
P03:377	Tumor/Epithelial
P03:378	Endothelial
P03:379	Tumor/Epithelial
P03:380	Tumor/Epithelial
P03:381	Tumor/Epithelial
P03:382	Endothelial
P03:383	Tumor/Epithelial
P03:384	Tumor/Epithelial
P03:385	Myeloid
P03:386	Tumor/Epithelial
P03:387	Tumor/Epithelial
P03:388	Tumor/Epithelial
P03:389	Unknown
P03:390	Tumor/Epithelial
P03:391	Tumor/Epithelial
P03:392	Endothelial
P03:393	CAF/Fibroblast
P03:394	Tumor/Epithelial
P03:395	Endothelial
P03:396	Tumor/Epithelial
P03:397	Tumor/Epithelial
P03:398	Tumor/Epithelial
P03:399	Myeloid
P03:400	Tumor/Epithelial
P03:401	Tumor/Epithelial
P03:402	Tumor/Epithelial
P03:403	Tumor/Epithelial
P03:404	Tumor/Epithelial
P03:405	Tumor/Epithelial
P03:406	CAF/Fibroblast
P03:407	Tumor/Epithelial
P03:408	Endothelial
P03:409	Tumor/Epithelial
P03:410	Tumor/Epithelial
P03:411	Tumor/Epithelial
P03:412	Tumor/Epithelial
P03:413	Tumor/Epithelial
P03:414	Tumor/Epithelial
P03:415	Tumor/Epithelial
P03:416	Tumor/Epithelial
P03:417	Tumor/Epithelial
P03:418	Tumor/Epithelial
P03:419	Tumor/Epithelial
P03:420	Tumor/Epithelial
P03:421	Unknown
P03:422	Tumor/Epithelial
P03:423	CAF/Fibroblast
P03:424	Tumor/Epithelial
P03:425	Tumor/Epithelial
P03:426	CAF/Fibroblast
P03:427	Tumor/Epithelial
P03:428	Endothelial
P03:429	CAF/Fibroblast
P03:430	Tumor/Epithelial
P03:431	Tumor/Epithelial
P03:432	Tumor/Epithelial
P03:433	Tumor/Epithelial
P03:434	Tumor/Epithelial
P03:435	Tumor/Epithelial
P03:436	CAF/Fibroblast
P03:437	Tumor/Epithelial
P03:438	Tumor/Epithelial
P03:439	Unknown
P03:440	Tumor/Epithelial
P03:441	Tumor/Epithelial
P03:442	Unknown
P03:443	Tumor/Epithelial
P03:444	Tumor/Epithelial
P03:445	Tumor/Epithelial
P03:446	Tumor/Epithelial
P03:447	Tumor/Epithelial
P03:448	Tumor/Epithelial
P03:449	Tumor/Epithelial
P03:450	Tumor/Epithelial
P03:451	Tumor/Epithelial
P03:452	Tumor/Epithelial
P03:453	Tumor/Epithelial
P03:454	Tumor/Epithelial
P03:455	Tumor/Epithelial
P03:456	Tumor/Epithelial
P03:457	Tumor/Epithelial
P03:458	Tumor/Epithelial
P03:459	Tumor/Epithelial
P03:460	Tumor/Epithelial
P03:461	CAF/Fibroblast
P03:462	Tumor/Epithelial
P03:463	Tumor/Epithelial
P03:464	Tumor/Epithelial
P03:465	Tumor/Epithelial
P03:466	Tumor/Epithelial
P03:467	CAF/Fibroblast
P03:468	Endothelial
P03:469	Tumor/Epithelial
P03:470	Tumor/Epithelial
P03:471	Tumor/Epithelial
P03:472	Tumor/Epithelial
P03:473	Tumor/Epithelial
P03:474	Tumor/Epithelial
P03:475	CAF/Fibroblast
P03:476	Tumor/Epithelial
P03:477	Endothelial
P03:478	Endothelial
P03:479	Tumor/Epithelial
P03:480	Tumor/Epithelial
P03:481	Tumor/Epithelial
P03:482	Myeloid
P03:483	Unknown
P03:484	Tumor/Epithelial
P03:485	Tumor/Epithelial
P03:486	Tumor/Epithelial
P03:487	Tumor/Epithelial
P03:488	Tumor/Epithelial
P03:489	Endothelial
P03:490	CAF/Fibroblast
P03:491	Tumor/Epithelial
P03:492	Tumor/Epithelial
P03:493	Tumor/Epithelial
P03:494	Tumor/Epithelial
P03:495	Tumor/Epithelial
P03:496	Tumor/Epithelial
P03:497	Tumor/Epithelial
P03:498	Tumor/Epithelial
P03:499	Tumor/Epithelial
P03:500	Tumor/Epithelial
P03:501	Myeloid
P03:502	Tumor/Epithelial
P03:503	Tumor/Epithelial
P03:504	Tumor/Epithelial
P03:505	Tumor/Epithelial
P03:506	Unknown
P03:507	Myeloid
P03:508	Tumor/Epithelial
P03:509	CAF/Fibroblast
P03:510	Unknown
P03:511	CAF/Fibroblast
P03:512	CAF/Fibroblast
P03:513	Tumor/Epithelial
P03:514	Tumor/Epithelial
P03:515	Unknown
P03:516	CAF/Fibroblast
P03:517	Tumor/Epithelial
P03:518	CAF/Fibroblast
P03:519	Tumor/Epithelial
P03:520	Myeloid
P03:521	Tumor/Epithelial
P03:522	Unknown
P03:523	Tumor/Epithelial
P03:524	Tumor/Epithelial
P03:525	Tumor/Epithelial
P03:526	Tumor/Epithelial
P03:527	Myeloid
P03:528	CAF/Fibroblast
P03:529	Tumor/Epithelial
P03:530	Unknown
P03:531	Endothelial
P03:532	CAF/Fibroblast
P03:533	Tumor/Epithelial
P03:534	Tumor/Epithelial
P03:535	CAF/Fibroblast
P03:536	Tumor/Epithelial
P03:537	CAF/Fibroblast
P03:538	Endothelial
P03:539	CAF/Fibroblast
P03:540	Tumor/Epithelial
P03:541	Tumor/Epithelial
P03:542	Endothelial
P03:543	Tumor/Epithelial
P03:544	Tumor/Epithelial
P03:545	CAF/Fibroblast
P03:546	Myeloid
P03:547	Tumor/Epithelial
P03:548	Tumor/Epithelial
P03:549	Tumor/Epithelial
P03:550	Tumor/Epithelial
P03:551	Tumor/Epithelial
P03:552	Tumor/Epithelial
P03:553	Tumor/Epithelial
P03:554	Tumor/Epithelial
P03:555	Tumor/Epithelial
P03:556	CAF/Fibroblast
P03:557	Tumor/Epithelial
P03:558	Tumor/Epithelial
P03:559	Myeloid
P03:560	Tumor/Epithelial
P03:561	Tumor/Epithelial
P03:562	Tumor/Epithelial
P03:563	CAF/Fibroblast
P03:564	Tumor/Epithelial
P03:565	Tumor/Epithelial
P03:566	Tumor/Epithelial
P03:567	Tumor/Epithelial
P03:568	Myeloid
P03:569	Tumor/Epithelial
P03:570	Tumor/Epithelial
P03:571	Tumor/Epithelial
P03:572	Tumor/Epithelial
P03:573	CAF/Fibroblast
P03:574	Tumor/Epithelial
P03:575	Tumor/Epithelial
P03:576	Tumor/Epithelial
P03:577	Tumor/Epithelial
P03:578	Tumor/Epithelial
P03:579	CAF/Fibroblast
P03:580	Endothelial
P03:581	Tumor/Epithelial
P03:582	Endothelial
P03:583	Tumor/Epithelial
P03:584	Tumor/Epithelial
P03:585	Tumor/Epithelial
P03:586	Tumor/Epithelial
P03:587	Tumor/Epithelial
P03:588	Myeloid
P03:589	Unknown
P03:590	Tumor/Epithelial
P03:591	Tumor/Epithelial
P03:592	Tumor/Epithelial
P03:593	CAF/Fibroblast
P03:594	Tumor/Epithelial
P03:595	CAF/Fibroblast
P03:596	Tumor/Epithelial
P03:597	Tumor/Epithelial
P03:598	Tumor/Epithelial
P03:599	Endothelial
P03:600	Endothelial
P03:601	Myeloid
P03:602	Tumor/Epithelial
P03:603	Myeloid
P03:604	CAF/Fibroblast
P03:605	Unknown
P03:606	Tumor/Epithelial
P03:607	CAF/Fibroblast
P03:608	Unknown
P03:609	Tumor/Epithelial
P03:610	Tumor/Epithelial
P03:611	Tumor/Epithelial
P03:612	CAF/Fibroblast
P03:613	CAF/Fibroblast
P03:614	Tumor/Epithelial
P03:615	Unknown
P03:616	Tumor/Epithelial
P03:617	Tumor/Epithelial
P03:618	Tumor/Epithelial
P03:619	Tumor/Epithelial
P03:620	Tumor/Epithelial
P03:621	Tumor/Epithelial
P03:622	Tumor/Epithelial
P03:623	Endothelial
P03:624	Tumor/Epithelial
P03:625	CAF/Fibroblast
P03:626	Tumor/Epithelial
P03:627	Tumor/Epithelial
P03:628	Tumor/Epithelial
P03:629	CAF/Fibroblast
P03:630	Tumor/Epithelial
P03:631	Tumor/Epithelial
P03:632	Tumor/Epithelial
P03:633	Tumor/Epithelial
P03:634	Endothelial
P03:635	Tumor/Epithelial
P03:636	CAF/Fibroblast
P03:637	Endothelial
P03:638	Unknown
P03:639	Myeloid
P03:640	CAF/Fibroblast
P03:641	CAF/Fibroblast
P03:642	Tumor/Epithelial
P03:643	Tumor/Epithelial
P03:644	Tumor/Epithelial
P03:645	CAF/Fibroblast
P03:646	Tumor/Epithelial
P03:647	Tumor/Epithelial
P03:648	Tumor/Epithelial
P03:649	Tumor/Epithelial
P03:650	Tumor/Epithelial
P03:651	Tumor/Epithelial
P03:652	Tumor/Epithelial
P03:653	Unknown
P03:654	Tumor/Epithelial
P03:655	Myeloid
P03:656	Tumor/Epithelial
P03:657	Tumor/Epithelial
P03:658	Tumor/Epithelial
P03:659	Tumor/Epithelial
P03:660	Tumor/Epithelial
P03:661	Tumor/Epithelial
P03:662	Tumor/Epithelial
P03:663	CAF/Fibroblast
P03:664	Tumor/Epithelial
P03:665	Tumor/Epithelial
P03:666	Tumor/Epithelial
P03:667	Tumor/Epithelial
P03:668	Myeloid
P03:669	Tumor/Epithelial
P03:670	Tumor/Epithelial
P03:671	Tumor/Epithelial
P03:672	Tumor/Epithelial
P03:673	CAF/Fibroblast
P03:674	CAF/Fibroblast
P03:675	Tumor/Epithelial
P03:676	Tumor/Epithelial
P03:677	Tumor/Epithelial
P03:678	Tumor/Epithelial
P03:679	Tumor/Epithelial
P03:680	Tumor/Epithelial
P03:681	Tumor/Epithelial
P03:682	Tumor/Epithelial
P03:683	Tumor/Epithelial
P03:684	Tumor/Epithelial
P03:685	Tumor/Epithelial
P03:686	CAF/Fibroblast
P03:687	Tumor/Epithelial
P03:688	Tumor/Epithelial
P03:689	Tumor/Epithelial
P03:690	Tumor/Epithelial
P03:691	Tumor/Epithelial
P03:692	Tumor/Epithelial
P03:693	Myeloid
P03:694	Tumor/Epithelial
P03:695	CAF/Fibroblast
P03:696	CAF/Fibroblast
P03:697	Tumor/Epithelial
P03:698	Myeloid
P03:699	Tumor/Epithelial
P03:700	CAF/Fibroblast
P03:701	Tumor/Epithelial
P03:702	Tumor/Epithelial
P03:703	Tumor/Epithelial
P03:704	Tumor/Epithelial
P03:705	Tumor/Epithelial
P03:706	Myeloid
P03:707	Unknown
P03:708	CAF/Fibroblast
P03:709	Myeloid
P03:710	Tumor/Epithelial
P03:711	Tumor/Epithelial
P03:712	Tumor/Epithelial
P03:713	Tumor/Epithelial
P03:714	CAF/Fibroblast
P03:715	Tumor/Epithelial
P03:716	Tumor/Epithelial
P03:717	Unknown
P03:718	Unknown
P03:719	Tumor/Epithelial
P03:720	Tumor/Epithelial
P03:721	CAF/Fibroblast
P03:722	Tumor/Epithelial
P03:723	CAF/Fibroblast
P03:724	CAF/Fibroblast
P03:725	Tumor/Epithelial
P03:726	Tumor/Epithelial
P03:727	Tumor/Epithelial
P03:728	Tumor/Epithelial
P03:729	Tumor/Epithelial
P03:730	Unknown
P03:731	Endothelial
P03:732	CAF/Fibroblast
P03:733	Tumor/Epithelial
P03:734	CAF/Fibroblast
P03:735	Tumor/Epithelial
P03:736	Tumor/Epithelial
P03:737	Tumor/Epithelial
P03:738	Tumor/Epithelial
P03:739	CAF/Fibroblast
P03:740	Tumor/Epithelial
P03:741	CAF/Fibroblast
P03:742	Tumor/Epithelial
P03:743	Tumor/Epithelial
P03:744	Unknown
P03:745	Myeloid
P03:746	Tumor/Epithelial
P03:747	CAF/Fibroblast
P03:748	Tumor/Epithelial
P03:749	Unknown
P03:750	CAF/Fibroblast
P03:751	Unknown
P03:752	CAF/Fibroblast
P03:753	Tumor/Epithelial
P03:754	Tumor/Epithelial
P03:755	Tumor/Epithelial
P03:756	Tumor/Epithelial
P03:757	Tumor/Epithelial
P03:758	Tumor/Epithelial
P03:759	Tumor/Epithelial
P03:760	Tumor/Epithelial
P03:761	CAF/Fibroblast
P03:762	Tumor/Epithelial
P03:763	Tumor/Epithelial
P03:764	Tumor/Epithelial
P03:765	Myeloid
P03:766	Tumor/Epithelial
P03:767	Tumor/Epithelial
P03:768	Unknown
P03:769	Unknown
P03:770	Endothelial
P03:771	Myeloid
P03:772	Tumor/Epithelial
P03:773	Tumor/Epithelial
P03:774	Tumor/Epithelial
P03:775	Tumor/Epithelial
P03:776	Tumor/Epithelial
P03:777	Tumor/Epithelial
P03:778	Tumor/Epithelial
P03:779	Tumor/Epithelial
P03:780	Tumor/Epithelial
P03:781	Tumor/Epithelial
P03:782	Unknown
P03:783	Myeloid
P03:784	Tumor/Epithelial
P03:785	Tumor/Epithelial
P03:786	Tumor/Epithelial
P03:787	Tumor/Epithelial
P03:788	Tumor/Epithelial
P03:789	Tumor/Epithelial
P03:790	Tumor/Epithelial
P03:791	Tumor/Epithelial
P03:792	Tumor/Epithelial
P03:793	Tumor/Epithelial
P03:794	CAF/Fibroblast
P03:795	Unknown
P03:796	Tumor/Epithelial
P03:797	CAF/Fibroblast
P03:798	Unknown
P03:799	Tumor/Epithelial
P03:800	Tumor/Epithelial
P03:801	Tumor/Epithelial
P03:802	CAF/Fibroblast
P03:803	Tumor/Epithelial
P03:804	Tumor/Epithelial
P03:805	CAF/Fibroblast
P03:806	Tumor/Epithelial
P03:807	CAF/Fibroblast
P03:808	Tumor/Epithelial
P03:809	Tumor/Epithelial
P03:810	Tumor/Epithelial
P03:811	Endothelial
P03:812	Tumor/Epithelial
P03:813	CAF/Fibroblast
P03:814	Tumor/Epithelial
P03:815	Tumor/Epithelial
P03:816	Endothelial
P03:817	CAF/Fibroblast
P03:818	CAF/Fibroblast
P03:819	Tumor/Epithelial
P03:820	Tumor/Epithelial
P03:821	Tumor/Epithelial
P03:822	Tumor/Epithelial
P03:823	Tumor/Epithelial
P03:824	Tumor/Epithelial
P03:825	Tumor/Epithelial
P03:826	CAF/Fibroblast
P03:827	Tumor/Epithelial
P03:828	Tumor/Epithelial
P03:829	Unknown
P03:830	CAF/Fibroblast
P04:1	CAF/Fibroblast
P04:2	Tumor/Epithelial
P04:3	Tumor/Epithelial
P04:4	Tumor/Epithelial
P04:5	Tumor/Epithelial
P04:6	Tumor/Epithelial
P04:7	Tumor/Epithelial
P04:8	Tumor/Epithelial
P04:9	Tumor/Epithelial
P04:10	Unknown
P04:11	CAF/Fibroblast
P04:12	Tumor/Epithelial
P04:13	Tumor/Epithelial
P04:14	Tumor/Epithelial
P04:15	Tumor/Epithelial
P04:16	Tumor/Epithelial
P04:17	Tumor/Epithelial
P04:18	CAF/Fibroblast
P04:19	Tumor/Epithelial
P04:20	Tumor/Epithelial
P04:21	Tumor/Epithelial
P04:22	Tumor/Epithelial
P04:23	Tumor/Epithelial
P04:24	Tumor/Epithelial
P04:25	Tumor/Epithelial
P04:26	Tumor/Epithelial
P04:27	Tumor/Epithelial
P04:28	CAF/Fibroblast
P04:29	Tumor/Epithelial
P04:30	Tumor/Epithelial
P04:31	Tumor/Epithelial
P04:32	Tumor/Epithelial
P04:33	Tumor/Epithelial
P04:34	Tumor/Epithelial
P04:35	CAF/Fibroblast
P04:36	Tumor/Epithelial
P04:37	Tumor/Epithelial
P04:38	Tumor/Epithelial
P04:39	Tumor/Epithelial
P04:40	Tumor/Epithelial
P04:41	Tumor/Epithelial
P04:42	CAF/Fibroblast
P04:43	Tumor/Epithelial
P04:44	Tumor/Epithelial
P04:45	Tumor/Epithelial
P04:46	Tumor/Epithelial
P04:47	Tumor/Epithelial
P04:48	Tumor/Epithelial
P04:49	CAF/Fibroblast
P04:50	Tumor/Epithelial
P04:51	Tumor/Epithelial
P04:52	Tumor/Epithelial
P04:53	Tumor/Epithelial
P04:54	Tumor/Epithelial
P04:55	Tumor/Epithelial
P04:56	Tumor/Epithelial
P04:57	Tumor/Epithelial
P04:58	Tumor/Epithelial
P04:59	CAF/Fibroblast
P04:60	Unknown
P04:61	CAF/Fibroblast
P04:62	Tumor/Epithelial
P04:63	Tumor/Epithelial
P04:64	Tumor/Epithelial
P04:65	Tumor/Epithelial
P04:66	CAF/Fibroblast
P04:67	Tumor/Epithelial
P04:68	Tumor/Epithelial
P04:69	CAF/Fibroblast
P04:70	Tumor/Epithelial
P04:71	Tumor/Epithelial
P04:72	Tumor/Epithelial
P04:73	Tumor/Epithelial
P04:74	Tumor/Epithelial
P04:75	Tumor/Epithelial
P04:76	Tumor/Epithelial
P04:77	Tumor/Epithelial
P04:78	Tumor/Epithelial
P04:79	Tumor/Epithelial
P04:80	Tumor/Epithelial
P04:81	Tumor/Epithelial
P04:82	Tumor/Epithelial
P04:83	CAF/Fibroblast
P04:84	CAF/Fibroblast
P04:85	Tumor/Epithelial
P04:86	Tumor/Epithelial
P04:87	Tumor/Epithelial
P04:88	CAF/Fibroblast
P04:89	Tumor/Epithelial
P04:90	Myeloid
P04:91	CAF/Fibroblast
P04:92	CAF/Fibroblast
P04:93	Tumor/Epithelial
P04:94	CAF/Fibroblast
P04:95	Tumor/Epithelial
P04:96	CAF/Fibroblast
P04:97	CAF/Fibroblast
P04:98	CAF/Fibroblast
P04:99	Tumor/Epithelial
P04:100	Tumor/Epithelial
P04:101	CAF/Fibroblast
P04:102	Tumor/Epithelial
P04:103	Tumor/Epithelial
P04:104	Tumor/Epithelial
P04:105	Tumor/Epithelial
P04:106	Tumor/Epithelial
P04:107	CAF/Fibroblast
P04:108	Tumor/Epithelial
P04:109	Tumor/Epithelial
P04:110	Tumor/Epithelial
P04:111	Tumor/Epithelial
P04:112	Tumor/Epithelial
P04:113	CAF/Fibroblast
P04:114	Tumor/Epithelial
P04:115	Tumor/Epithelial
P04:116	Tumor/Epithelial
P04:117	CAF/Fibroblast
P04:118	CAF/Fibroblast
P04:119	Tumor/Epithelial
P04:120	Tumor/Epithelial
P04:121	Tumor/Epithelial
P04:122	Tumor/Epithelial
P04:123	CAF/Fibroblast
P04:124	CAF/Fibroblast
P04:125	Tumor/Epithelial
P04:126	Tumor/Epithelial
P04:127	Tumor/Epithelial
P04:128	Tumor/Epithelial
P04:129	CAF/Fibroblast
P04:130	Tumor/Epithelial
P04:131	Tumor/Epithelial
P04:132	Tumor/Epithelial
P04:133	Tumor/Epithelial
P04:134	Tumor/Epithelial
P04:135	Tumor/Epithelial
P04:136	Tumor/Epithelial
P04:137	Tumor/Epithelial
P04:138	Tumor/Epithelial
P04:139	Tumor/Epithelial
P04:140	Tumor/Epithelial
P04:141	Tumor/Epithelial
P04:142	Tumor/Epithelial
P04:143	Tumor/Epithelial
P04:144	Tumor/Epithelial
P04:145	Tumor/Epithelial
P04:146	Tumor/Epithelial
P04:147	Tumor/Epithelial
P04:148	Tumor/Epithelial
P04:149	Tumor/Epithelial
P04:150	Tumor/Epithelial
P04:151	Tumor/Epithelial
P04:152	Tumor/Epithelial
P04:153	Tumor/Epithelial
P04:154	Tumor/Epithelial
P04:155	Tumor/Epithelial
P04:156	CAF/Fibroblast
P04:157	CAF/Fibroblast
P04:158	Tumor/Epithelial
P04:159	Tumor/Epithelial
P04:160	Tumor/Epithelial
P04:161	Tumor/Epithelial
P04:162	CAF/Fibroblast
P04:163	Tumor/Epithelial
P04:164	CAF/Fibroblast
P04:165	Tumor/Epithelial
P04:166	Tumor/Epithelial
P04:167	Tumor/Epithelial
P04:168	Unknown
P04:169	CAF/Fibroblast
P04:170	CAF/Fibroblast
P04:171	Tumor/Epithelial
P04:172	Tumor/Epithelial
P04:173	Unknown
P04:174	CAF/Fibroblast
P04:175	Tumor/Epithelial
P04:176	Tumor/Epithelial
P04:177	CAF/Fibroblast
P04:178	Tumor/Epithelial
P04:179	Tumor/Epithelial
P04:180	Tumor/Epithelial
P04:181	Tumor/Epithelial
P04:182	CAF/Fibroblast
P04:183	Tumor/Epithelial
P04:184	Tumor/Epithelial
P04:185	Tumor/Epithelial
P04:186	Tumor/Epithelial
P04:187	CAF/Fibroblast
P04:188	Tumor/Epithelial
P04:189	Tumor/Epithelial
P04:190	Tumor/Epithelial
P04:191	Tumor/Epithelial
P04:192	Tumor/Epithelial
P04:193	Tumor/Epithelial
P04:194	Tumor/Epithelial
P04:195	Tumor/Epithelial
P04:196	Tumor/Epithelial
P04:197	Tumor/Epithelial
P04:198	Tumor/Epithelial
P04:199	Tumor/Epithelial
P04:200	Tumor/Epithelial
P04:201	Tumor/Epithelial
P04:202	Tumor/Epithelial
P04:203	CAF/Fibroblast
P04:204	CAF/Fibroblast
P04:205	CAF/Fibroblast
P04:206	Tumor/Epithelial
P04:207	Tumor/Epithelial
P04:208	Tumor/Epithelial
P04:209	Tumor/Epithelial
P04:210	CAF/Fibroblast
P04:211	Tumor/Epithelial
P04:212	Tumor/Epithelial
P04:213	Tumor/Epithelial
P04:214	Tumor/Epithelial
P04:215	Tumor/Epithelial
P04:216	Unknown
P04:217	Tumor/Epithelial
P04:218	Tumor/Epithelial
P04:219	Tumor/Epithelial
P04:220	Tumor/Epithelial
P04:221	CAF/Fibroblast
P04:222	Unknown
P04:223	Tumor/Epithelial
P04:224	CAF/Fibroblast
P04:225	Tumor/Epithelial
P04:226	Tumor/Epithelial
P04:227	Tumor/Epithelial
P04:228	CAF/Fibroblast
P04:229	Tumor/Epithelial
P04:230	Tumor/Epithelial
P04:231	Tumor/Epithelial
P04:232	Tumor/Epithelial
P04:233	Tumor/Epithelial
P04:234	Tumor/Epithelial
P04:235	Tumor/Epithelial
P04:236	CAF/Fibroblast
P04:237	Tumor/Epithelial
P04:238	Tumor/Epithelial
P04:239	Tumor/Epithelial
P04:240	Tumor/Epithelial
P04:241	Tumor/Epithelial
P04:242	Tumor/Epithelial
P04:243	Tumor/Epithelial
P04:244	Tumor/Epithelial
P04:245	Tumor/Epithelial
P04:246	CAF/Fibroblast
P04:247	Tumor/Epithelial
P04:248	Tumor/Epithelial
P04:249	CAF/Fibroblast
P04:250	Tumor/Epithelial
P04:251	Tumor/Epithelial
P04:252	Tumor/Epithelial
P04:253	Unknown
P04:254	CAF/Fibroblast
P04:255	Tumor/Epithelial
P04:256	Tumor/Epithelial
P04:257	Tumor/Epithelial
P04:258	Tumor/Epithelial
P04:259	CAF/Fibroblast
P04:260	Tumor/Epithelial
P04:261	CAF/Fibroblast
P04:262	Tumor/Epithelial
P04:263	Tumor/Epithelial
P04:264	CAF/Fibroblast
P04:265	Tumor/Epithelial
P04:266	Tumor/Epithelial
P04:267	CAF/Fibroblast
P04:268	Tumor/Epithelial
P04:269	Tumor/Epithelial
P04:270	Tumor/Epithelial
P04:271	Tumor/Epithelial
P04:272	Tumor/Epithelial
P04:273	Unknown
P04:274	CAF/Fibroblast
P04:275	Tumor/Epithelial
P04:276	CAF/Fibroblast
P04:277	Tumor/Epithelial
P04:278	Tumor/Epithelial
P04:279	CAF/Fibroblast
P04:280	Tumor/Epithelial
P04:281	Tumor/Epithelial
P04:282	Tumor/Epithelial
P04:283	Tumor/Epithelial
P04:284	Tumor/Epithelial
P04:285	Tumor/Epithelial
P04:286	Tumor/Epithelial
P04:287	Unknown
P04:288	Tumor/Epithelial
P04:289	CAF/Fibroblast
P05:1	CAF/Fibroblast
P05:2	CAF/Fibroblast
P05:3	CAF/Fibroblast
P05:4	CAF/Fibroblast
P05:5	CAF/Fibroblast
P05:6	Tumor/Epithelial
P05:7	Tumor/Epithelial
P05:8	Tumor/Epithelial
P05:9	CAF/Fibroblast
P05:10	Tumor/Epithelial
P05:11	Tumor/Epithelial
P05:12	Tumor/Epithelial
P05:13	CAF/Fibroblast
P05:14	Myeloid
P05:15	CAF/Fibroblast
P05:16	CAF/Fibroblast
P05:17	CAF/Fibroblast
P05:18	Myeloid
P05:19	CAF/Fibroblast
P05:20	Tumor/Epithelial
P05:21	CAF/Fibroblast
P05:22	CAF/Fibroblast
P05:23	CAF/Fibroblast
P05:24	CAF/Fibroblast
P05:25	Unknown
P05:26	CAF/Fibroblast
P05:27	CAF/Fibroblast
P05:28	CAF/Fibroblast
P05:29	CAF/Fibroblast
P05:30	CAF/Fibroblast
P05:31	Tumor/Epithelial
P05:32	CAF/Fibroblast
P05:33	Tumor/Epithelial
P05:34	Tumor/Epithelial
P05:35	CAF/Fibroblast
P05:36	CAF/Fibroblast
P05:37	CAF/Fibroblast
P05:38	CAF/Fibroblast
P05:39	CAF/Fibroblast
P05:40	Unknown
P05:41	CAF/Fibroblast
P05:42	CAF/Fibroblast
P05:43	Tumor/Epithelial
P05:44	CAF/Fibroblast
P05:45	Unknown
P05:46	Tumor/Epithelial
P05:47	CAF/Fibroblast
P05:48	Unknown
P05:49	Tumor/Epithelial
P05:50	CAF/Fibroblast
P05:51	CAF/Fibroblast
P05:52	CAF/Fibroblast
P05:53	Myeloid
P05:54	Unknown
P05:55	CAF/Fibroblast
P05:56	Myeloid
P05:57	Tumor/Epithelial
P05:58	Myeloid
P05:59	Unknown
P05:60	CAF/Fibroblast
P05:61	CAF/Fibroblast
P05:62	CAF/Fibroblast
P05:63	CAF/Fibroblast
P05:64	CAF/Fibroblast
P05:65	CAF/Fibroblast
P05:66	Myeloid
P05:67	CAF/Fibroblast
P05:68	CAF/Fibroblast
P05:69	CAF/Fibroblast
P05:70	CAF/Fibroblast
P05:71	Tumor/Epithelial
P05:72	CAF/Fibroblast
P05:73	Tumor/Epithelial
P05:74	CAF/Fibroblast
P05:75	CAF/Fibroblast
P05:76	CAF/Fibroblast
P05:77	Myeloid
P05:78	Unknown
P05:79	CAF/Fibroblast
P05:80	CAF/Fibroblast
P05:81	CAF/Fibroblast
P05:82	CAF/Fibroblast
P05:83	CAF/Fibroblast
P05:84	Tumor/Epithelial
P05:85	Myeloid
P05:86	CAF/Fibroblast
P05:87	Tumor/Epithelial
P05:88	CAF/Fibroblast
P05:89	Tumor/Epithelial
P05:90	CAF/Fibroblast
P05:91	CAF/Fibroblast
P05:92	CAF/Fibroblast
P05:93	CAF/Fibroblast
P05:94	CAF/Fibroblast
P05:95	Unknown
P05:96	Myeloid
P05:97	Myeloid
P05:98	CAF/Fibroblast
P05:99	Myeloid
P05:100	CAF/Fibroblast
P05:101	CAF/Fibroblast
P05:102	Myeloid
P05:103	CAF/Fibroblast
P05:104	CAF/Fibroblast
P05:105	CAF/Fibroblast
P05:106	CAF/Fibroblast
P05:107	CAF/Fibroblast
P05:108	Unknown
P05:109	Tumor/Epithelial
P05:110	CAF/Fibroblast
P05:111	CAF/Fibroblast
P05:112	Tumor/Epithelial
P05:113	Unknown
P05:114	Tumor/Epithelial
P05:115	CAF/Fibroblast
P05:116	CAF/Fibroblast
P05:117	Endothelial
P05:118	T/NK
P05:119	CAF/Fibroblast
P05:120	CAF/Fibroblast
P05:121	CAF/Fibroblast
P05:122	Myeloid
P05:123	CAF/Fibroblast
P05:124	CAF/Fibroblast
P05:125	Myeloid
P05:126	CAF/Fibroblast
P05:127	CAF/Fibroblast
P05:128	CAF/Fibroblast
P05:129	Myeloid
P05:130	Tumor/Epithelial
P05:131	CAF/Fibroblast
P05:132	CAF/Fibroblast
P05:133	CAF/Fibroblast
P05:134	CAF/Fibroblast
P05:135	Tumor/Epithelial
P05:136	CAF/Fibroblast
P05:137	Tumor/Epithelial
P05:138	CAF/Fibroblast
P05:139	CAF/Fibroblast
P05:140	CAF/Fibroblast
P05:141	Unknown
P05:142	CAF/Fibroblast
P05:143	CAF/Fibroblast
P05:144	CAF/Fibroblast
P05:145	CAF/Fibroblast
P05:146	CAF/Fibroblast
P05:147	CAF/Fibroblast
P05:148	Tumor/Epithelial
P05:149	CAF/Fibroblast
P05:150	Tumor/Epithelial
P05:151	Tumor/Epithelial
P05:152	Tumor/Epithelial
P05:153	Tumor/Epithelial
P05:154	CAF/Fibroblast
P05:155	Unknown
P05:156	CAF/Fibroblast
P05:157	CAF/Fibroblast
P05:158	Tumor/Epithelial
P05:159	Tumor/Epithelial
P05:160	CAF/Fibroblast
P05:161	Tumor/Epithelial
P05:162	CAF/Fibroblast
P05:163	CAF/Fibroblast
P05:164	CAF/Fibroblast
P05:165	Tumor/Epithelial
P05:166	Tumor/Epithelial
P05:167	Tumor/Epithelial
P05:168	CAF/Fibroblast
P05:169	Tumor/Epithelial
P05:170	CAF/Fibroblast
P05:171	Tumor/Epithelial
P05:172	CAF/Fibroblast
P05:173	Tumor/Epithelial
P05:174	CAF/Fibroblast
P05:175	Tumor/Epithelial
P05:176	CAF/Fibroblast
P05:177	CAF/Fibroblast
P05:178	CAF/Fibroblast
P05:179	CAF/Fibroblast
P05:180	CAF/Fibroblast
P05:181	CAF/Fibroblast
P05:182	CAF/Fibroblast
P05:183	Tumor/Epithelial
P05:184	CAF/Fibroblast
P05:185	CAF/Fibroblast
P05:186	CAF/Fibroblast
P05:187	CAF/Fibroblast
P05:188	CAF/Fibroblast
P05:189	CAF/Fibroblast
P05:190	CAF/Fibroblast
P05:191	Myeloid
P05:192	CAF/Fibroblast
P05:193	Unknown
P05:194	Myeloid
P05:195	CAF/Fibroblast
P05:196	Tumor/Epithelial
P05:197	CAF/Fibroblast
P05:198	CAF/Fibroblast
P05:199	CAF/Fibroblast
P05:200	Unknown
P05:201	CAF/Fibroblast
P05:202	CAF/Fibroblast
P05:203	Myeloid
P05:204	CAF/Fibroblast
P05:205	CAF/Fibroblast
P05:206	CAF/Fibroblast
P05:207	CAF/Fibroblast
P05:208	Tumor/Epithelial
P05:209	Myeloid
P05:210	CAF/Fibroblast
P05:211	Tumor/Epithelial
P05:212	Unknown
P05:213	CAF/Fibroblast
P05:214	CAF/Fibroblast
P05:215	CAF/Fibroblast
P05:216	CAF/Fibroblast
P05:217	CAF/Fibroblast
P05:218	CAF/Fibroblast
P05:219	CAF/Fibroblast
P05:220	Unknown
P05:221	CAF/Fibroblast
P05:222	Tumor/Epithelial
P05:223	Myeloid
P05:224	CAF/Fibroblast
P05:225	CAF/Fibroblast
P05:226	Myeloid
P05:227	Tumor/Epithelial
P05:228	Tumor/Epithelial
P05:229	CAF/Fibroblast
P05:230	CAF/Fibroblast
P05:231	CAF/Fibroblast
P05:232	CAF/Fibroblast
P05:233	CAF/Fibroblast
P05:234	Tumor/Epithelial
P05:235	CAF/Fibroblast
P05:236	CAF/Fibroblast
P05:237	Myeloid
P05:238	Tumor/Epithelial
P05:239	Tumor/Epithelial
P05:240	Tumor/Epithelial
P05:241	CAF/Fibroblast
P05:242	Tumor/Epithelial
P05:243	CAF/Fibroblast
P05:244	CAF/Fibroblast
P05:245	Tumor/Epithelial
P05:246	Tumor/Epithelial
P05:247	CAF/Fibroblast
P05:248	Tumor/Epithelial
P05:249	Tumor/Epithelial
P05:250	CAF/Fibroblast
P05:251	CAF/Fibroblast
P05:252	CAF/Fibroblast
P05:253	CAF/Fibroblast
P05:254	CAF/Fibroblast
P05:255	Tumor/Epithelial
P05:256	CAF/Fibroblast
P05:257	Tumor/Epithelial
P05:258	CAF/Fibroblast
P05:259	Tumor/Epithelial
P05:260	CAF/Fibroblast
P05:261	CAF/Fibroblast
P05:262	CAF/Fibroblast
P05:263	CAF/Fibroblast
P05:264	Tumor/Epithelial
P05:265	CAF/Fibroblast
P05:266	CAF/Fibroblast
P05:267	Tumor/Epithelial
P05:268	Unknown
P05:269	CAF/Fibroblast
P05:270	Myeloid
P05:271	Tumor/Epithelial
P05:272	Tumor/Epithelial
P05:273	CAF/Fibroblast
P05:274	Unknown
P05:275	CAF/Fibroblast
P05:276	CAF/Fibroblast
P05:277	CAF/Fibroblast
P05:278	CAF/Fibroblast
P05:279	CAF/Fibroblast
P05:280	CAF/Fibroblast
P05:281	Tumor/Epithelial
P05:282	CAF/Fibroblast
P05:283	Unknown
P05:284	Tumor/Epithelial
P05:285	Myeloid
P05:286	CAF/Fibroblast
P05:287	CAF/Fibroblast
P05:288	CAF/Fibroblast
P05:289	CAF/Fibroblast
P05:290	Tumor/Epithelial
P05:291	CAF/Fibroblast
P05:292	CAF/Fibroblast
P05:293	Tumor/Epithelial
P05:294	CAF/Fibroblast
P05:295	CAF/Fibroblast
P05:296	CAF/Fibroblast
P05:297	Unknown
P05:298	CAF/Fibroblast
P05:299	CAF/Fibroblast
P05:300	CAF/Fibroblast
P05:301	Tumor/Epithelial
P05:302	Tumor/Epithelial
P05:303	Unknown
P05:304	CAF/Fibroblast
P05:305	Tumor/Epithelial
P05:306	CAF/Fibroblast
P05:307	CAF/Fibroblast
P05:308	CAF/Fibroblast
P05:309	CAF/Fibroblast
P05:310	CAF/Fibroblast
P05:311	CAF/Fibroblast
P05:312	Tumor/Epithelial
P05:313	Myeloid
P05:314	CAF/Fibroblast
P05:315	CAF/Fibroblast
P05:316	CAF/Fibroblast
P05:317	CAF/Fibroblast
P05:318	Unknown
P05:319	CAF/Fibroblast
P05:320	Tumor/Epithelial
P05:321	CAF/Fibroblast
P05:322	CAF/Fibroblast
P05:323	CAF/Fibroblast
P05:324	CAF/Fibroblast
P05:325	Tumor/Epithelial
P05:326	CAF/Fibroblast
P05:327	Tumor/Epithelial
P05:328	CAF/Fibroblast
P05:329	CAF/Fibroblast
P05:330	Tumor/Epithelial
P05:331	Tumor/Epithelial
P05:332	Myeloid
P05:333	CAF/Fibroblast
P05:334	Unknown
P05:335	Tumor/Epithelial
P05:336	Tumor/Epithelial
P05:337	Tumor/Epithelial
P05:338	CAF/Fibroblast
P05:339	CAF/Fibroblast
P05:340	Unknown
P05:341	CAF/Fibroblast
P05:342	Tumor/Epithelial
P05:343	CAF/Fibroblast
P05:344	Tumor/Epithelial
P05:345	CAF/Fibroblast
P05:346	CAF/Fibroblast
P05:347	Tumor/Epithelial
P05:348	CAF/Fibroblast
P05:349	CAF/Fibroblast
P05:350	Tumor/Epithelial
P05:351	CAF/Fibroblast
P05:352	CAF/Fibroblast
P05:353	CAF/Fibroblast
P05:354	CAF/Fibroblast
P05:355	CAF/Fibroblast
P05:356	CAF/Fibroblast
P05:357	CAF/Fibroblast
P05:358	Tumor/Epithelial
P05:359	Tumor/Epithelial
P05:360	CAF/Fibroblast
P05:361	Tumor/Epithelial
P05:362	CAF/Fibroblast
P05:363	CAF/Fibroblast
P05:364	CAF/Fibroblast
P05:365	CAF/Fibroblast
P05:366	CAF/Fibroblast
P05:367	CAF/Fibroblast
P05:368	Tumor/Epithelial
P05:369	CAF/Fibroblast
P05:370	CAF/Fibroblast
P05:371	CAF/Fibroblast
P05:372	CAF/Fibroblast
P05:373	Myeloid
P05:374	CAF/Fibroblast
P05:375	CAF/Fibroblast
P05:376	CAF/Fibroblast
P05:377	Tumor/Epithelial
P05:378	Myeloid
P05:379	CAF/Fibroblast
P05:380	CAF/Fibroblast
P05:381	Tumor/Epithelial
P05:382	CAF/Fibroblast
P05:383	CAF/Fibroblast
P05:384	CAF/Fibroblast
P05:385	CAF/Fibroblast
P05:386	CAF/Fibroblast
P05:387	CAF/Fibroblast
P05:388	CAF/Fibroblast
P05:389	CAF/Fibroblast
P05:390	CAF/Fibroblast
P05:391	CAF/Fibroblast
P05:392	CAF/Fibroblast
P05:393	CAF/Fibroblast
P05:394	Myeloid
P05:395	CAF/Fibroblast
P05:396	Unknown
P05:397	CAF/Fibroblast
P05:398	CAF/Fibroblast
P05:399	Tumor/Epithelial
P05:400	Unknown
P05:401	CAF/Fibroblast
P05:402	Tumor/Epithelial
P05:403	CAF/Fibroblast
P05:404	Unknown
P05:405	CAF/Fibroblast
P05:406	CAF/Fibroblast
P05:407	CAF/Fibroblast
P05:408	CAF/Fibroblast
P05:409	CAF/Fibroblast
P05:410	Myeloid
P05:411	CAF/Fibroblast
P05:412	Tumor/Epithelial
P05:413	Tumor/Epithelial
P05:414	CAF/Fibroblast
P05:415	CAF/Fibroblast
P05:416	Tumor/Epithelial
P05:417	CAF/Fibroblast
P05:418	CAF/Fibroblast
P05:419	Myeloid
P05:420	CAF/Fibroblast
P05:421	Tumor/Epithelial
P05:422	CAF/Fibroblast
P05:423	Tumor/Epithelial
P05:424	Unknown
P05:425	Tumor/Epithelial
P05:426	Tumor/Epithelial
P05:427	CAF/Fibroblast
P05:428	CAF/Fibroblast
P05:429	CAF/Fibroblast
P05:430	CAF/Fibroblast
P05:431	CAF/Fibroblast
P05:432	CAF/Fibroblast
P05:433	Tumor/Epithelial
P05:434	CAF/Fibroblast
P05:435	CAF/Fibroblast
P05:436	CAF/Fibroblast
P05:437	T/NK
P05:438	Tumor/Epithelial
P05:439	CAF/Fibroblast
P05:440	CAF/Fibroblast
P05:441	Unknown
P05:442	Tumor/Epithelial
P05:443	Tumor/Epithelial
P05:444	CAF/Fibroblast
P05:445	Tumor/Epithelial
P05:446	CAF/Fibroblast
P05:447	CAF/Fibroblast
P05:448	CAF/Fibroblast
P05:449	Tumor/Epithelial
P05:450	CAF/Fibroblast
P05:451	Unknown
P05:452	CAF/Fibroblast
P05:453	CAF/Fibroblast
P05:454	CAF/Fibroblast
P05:455	CAF/Fibroblast
P05:456	CAF/Fibroblast
P05:457	CAF/Fibroblast
P05:458	CAF/Fibroblast
P05:459	CAF/Fibroblast
P05:460	CAF/Fibroblast
P05:461	Myeloid
P05:462	CAF/Fibroblast
P05:463	CAF/Fibroblast
P05:464	CAF/Fibroblast
P05:465	CAF/Fibroblast
P05:466	Tumor/Epithelial
P05:467	Tumor/Epithelial
P05:468	CAF/Fibroblast
P05:469	CAF/Fibroblast
P05:470	CAF/Fibroblast
P05:471	Tumor/Epithelial
P05:472	CAF/Fibroblast
P05:473	CAF/Fibroblast
P05:474	Tumor/Epithelial
P05:475	Myeloid
P05:476	CAF/Fibroblast
P05:477	CAF/Fibroblast
P05:478	CAF/Fibroblast
P05:479	Unknown
P05:480	CAF/Fibroblast
P05:481	CAF/Fibroblast
P05:482	Myeloid
P05:483	CAF/Fibroblast
P05:484	Tumor/Epithelial
P05:485	Unknown
P05:486	CAF/Fibroblast
P05:487	Tumor/Epithelial
P05:488	Tumor/Epithelial
P05:489	Tumor/Epithelial
P05:490	CAF/Fibroblast
P05:491	Tumor/Epithelial
P05:492	CAF/Fibroblast
P05:493	CAF/Fibroblast
P05:494	CAF/Fibroblast
P05:495	CAF/Fibroblast
P05:496	CAF/Fibroblast
P05:497	Unknown
P05:498	Tumor/Epithelial
P05:499	CAF/Fibroblast
P05:500	CAF/Fibroblast
P05:501	CAF/Fibroblast
P05:502	Tumor/Epithelial
P05:503	CAF/Fibroblast
P05:504	Tumor/Epithelial
P05:505	Tumor/Epithelial
P05:506	Tumor/Epithelial
P05:507	CAF/Fibroblast
P05:508	CAF/Fibroblast
P05:509	CAF/Fibroblast
P05:510	Unknown
P05:511	CAF/Fibroblast
P05:512	Myeloid
P05:513	CAF/Fibroblast
P05:514	Tumor/Epithelial
P05:515	CAF/Fibroblast
P05:516	CAF/Fibroblast
P05:517	CAF/Fibroblast
P05:518	CAF/Fibroblast
P05:519	CAF/Fibroblast
P05:520	CAF/Fibroblast
P05:521	CAF/Fibroblast
P05:522	CAF/Fibroblast
P05:523	CAF/Fibroblast
P05:524	CAF/Fibroblast
P05:525	CAF/Fibroblast
P05:526	Tumor/Epithelial
P05:527	CAF/Fibroblast
P05:528	CAF/Fibroblast
P05:529	Tumor/Epithelial
P05:530	CAF/Fibroblast
P05:531	CAF/Fibroblast
P05:532	Tumor/Epithelial
P05:533	CAF/Fibroblast
P05:534	CAF/Fibroblast
P05:535	CAF/Fibroblast
P05:536	CAF/Fibroblast
P05:537	CAF/Fibroblast
P05:538	Tumor/Epithelial
P05:539	Myeloid
P05:540	CAF/Fibroblast
P05:541	Tumor/Epithelial
P05:542	Myeloid
P05:543	Tumor/Epithelial
P05:544	CAF/Fibroblast
P05:545	CAF/Fibroblast
P05:546	Tumor/Epithelial
P05:547	Myeloid
P05:548	Tumor/Epithelial
P05:549	CAF/Fibroblast
P05:550	Myeloid
P05:551	CAF/Fibroblast
P05:552	CAF/Fibroblast
P05:553	Tumor/Epithelial
P05:554	Unknown
P05:555	Myeloid
P05:556	CAF/Fibroblast
P05:557	CAF/Fibroblast
P05:558	Tumor/Epithelial
P05:559	Tumor/Epithelial
P05:560	Tumor/Epithelial
P05:561	Tumor/Epithelial
P05:562	Tumor/Epithelial
P05:563	Tumor/Epithelial
P05:564	Myeloid
P05:565	CAF/Fibroblast
P05:566	Tumor/Epithelial
P05:567	CAF/Fibroblast
P05:568	Tumor/Epithelial
P05:569	Tumor/Epithelial
P05:570	Endothelial
P05:571	Tumor/Epithelial
P05:572	Tumor/Epithelial
P05:573	CAF/Fibroblast
P05:574	CAF/Fibroblast
P05:575	CAF/Fibroblast
P05:576	Myeloid
P05:577	Tumor/Epithelial
P05:578	CAF/Fibroblast
P05:579	CAF/Fibroblast
P05:580	CAF/Fibroblast
P05:581	CAF/Fibroblast
P05:582	Myeloid
P05:583	Tumor/Epithelial
P05:584	CAF/Fibroblast
P05:585	Tumor/Epithelial
P05:586	CAF/Fibroblast
P05:587	CAF/Fibroblast
P05:588	Tumor/Epithelial
P05:589	CAF/Fibroblast
P05:590	Tumor/Epithelial
P05:591	CAF/Fibroblast
P05:592	Myeloid
P05:593	CAF/Fibroblast
P05:594	CAF/Fibroblast
P05:595	CAF/Fibroblast
P05:596	Tumor/Epithelial
P05:597	CAF/Fibroblast
P05:598	CAF/Fibroblast
P05:599	CAF/Fibroblast
P05:600	CAF/Fibroblast
P05:601	CAF/Fibroblast
P05:602	CAF/Fibroblast
P05:603	CAF/Fibroblast
P05:604	CAF/Fibroblast
P05:605	CAF/Fibroblast
P05:606	CAF/Fibroblast
P05:607	CAF/Fibroblast
P05:608	CAF/Fibroblast
P05:609	CAF/Fibroblast
P05:610	CAF/Fibroblast
P05:611	CAF/Fibroblast
P05:612	CAF/Fibroblast
P05:613	CAF/Fibroblast
P05:614	CAF/Fibroblast
P05:615	CAF/Fibroblast
P05:616	CAF/Fibroblast
P05:617	CAF/Fibroblast
P05:618	CAF/Fibroblast
P05:619	Tumor/Epithelial
P05:620	CAF/Fibroblast
P05:621	CAF/Fibroblast
P05:622	CAF/Fibroblast
P05:623	Tumor/Epithelial
P05:624	Tumor/Epithelial
P05:625	Tumor/Epithelial
P05:626	CAF/Fibroblast
P05:627	CAF/Fibroblast
P05:628	CAF/Fibroblast
P05:629	Tumor/Epithelial
P05:630	Myeloid
P05:631	CAF/Fibroblast
P05:632	CAF/Fibroblast
P05:633	CAF/Fibroblast
P05:634	CAF/Fibroblast
P05:635	CAF/Fibroblast
P05:636	Unknown
P05:637	CAF/Fibroblast
P05:638	CAF/Fibroblast
P05:639	CAF/Fibroblast
P05:640	CAF/Fibroblast
P05:641	CAF/Fibroblast
P05:642	CAF/Fibroblast
P05:643	CAF/Fibroblast
P05:644	CAF/Fibroblast
P05:645	CAF/Fibroblast
P05:646	CAF/Fibroblast
P05:647	Unknown
P05:648	CAF/Fibroblast
P05:649	CAF/Fibroblast
P05:650	CAF/Fibroblast
P05:651	CAF/Fibroblast
P05:652	CAF/Fibroblast
P05:653	CAF/Fibroblast
P05:654	CAF/Fibroblast
P05:655	CAF/Fibroblast
P05:656	CAF/Fibroblast
P05:657	CAF/Fibroblast
P05:658	CAF/Fibroblast
P05:659	Myeloid
P05:660	CAF/Fibroblast
P05:661	CAF/Fibroblast
P05:662	Myeloid
P05:663	CAF/Fibroblast
P05:664	Myeloid
P05:665	CAF/Fibroblast
P05:666	CAF/Fibroblast
P05:667	Tumor/Epithelial
P05:668	Myeloid
P05:669	CAF/Fibroblast
P05:670	CAF/Fibroblast
P05:671	CAF/Fibroblast
P05:672	Unknown
P05:673	Tumor/Epithelial
P05:674	CAF/Fibroblast
P05:675	CAF/Fibroblast
P05:676	Tumor/Epithelial
P05:677	Tumor/Epithelial
P05:678	Tumor/Epithelial
P05:679	CAF/Fibroblast
P05:680	CAF/Fibroblast
P05:681	Myeloid
P05:682	CAF/Fibroblast
P05:683	CAF/Fibroblast
P05:684	CAF/Fibroblast
P05:685	Tumor/Epithelial
P05:686	Myeloid
P05:687	Unknown
P05:688	CAF/Fibroblast
P05:689	CAF/Fibroblast
P05:690	Unknown
P05:691	CAF/Fibroblast
P05:692	Tumor/Epithelial
P05:693	CAF/Fibroblast
P05:694	CAF/Fibroblast
P05:695	CAF/Fibroblast
P05:696	CAF/Fibroblast
P05:697	CAF/Fibroblast
P05:698	Tumor/Epithelial
P05:699	Tumor/Epithelial
P05:700	CAF/Fibroblast
P05:701	CAF/Fibroblast
P05:702	Myeloid
P05:703	Myeloid
P05:704	CAF/Fibroblast
P05:705	Tumor/Epithelial
P05:706	CAF/Fibroblast
P05:707	CAF/Fibroblast
P05:708	CAF/Fibroblast
P05:709	CAF/Fibroblast
P05:710	Myeloid
P05:711	Tumor/Epithelial
P05:712	CAF/Fibroblast
P05:713	CAF/Fibroblast
P05:714	Myeloid
P05:715	CAF/Fibroblast
P05:716	Myeloid
P05:717	CAF/Fibroblast
P05:718	CAF/Fibroblast
P05:719	CAF/Fibroblast
P05:720	CAF/Fibroblast
P05:721	CAF/Fibroblast
P05:722	CAF/Fibroblast
P05:723	CAF/Fibroblast
P05:724	Tumor/Epithelial
P05:725	Myeloid
P05:726	Myeloid
P05:727	CAF/Fibroblast
P05:728	Tumor/Epithelial
P05:729	CAF/Fibroblast
P05:730	CAF/Fibroblast
P05:731	CAF/Fibroblast
P05:732	CAF/Fibroblast
P05:733	CAF/Fibroblast
P05:734	CAF/Fibroblast
P05:735	CAF/Fibroblast
P05:736	CAF/Fibroblast
P05:737	Tumor/Epithelial
P05:738	CAF/Fibroblast
P05:739	CAF/Fibroblast
P05:740	CAF/Fibroblast
P05:741	Myeloid
P05:742	Tumor/Epithelial
P05:743	CAF/Fibroblast
P05:744	CAF/Fibroblast
P05:745	CAF/Fibroblast
P05:746	CAF/Fibroblast
P05:747	CAF/Fibroblast
P05:748	CAF/Fibroblast
P05:749	CAF/Fibroblast
P05:750	CAF/Fibroblast
P05:751	Tumor/Epithelial
P05:752	Tumor/Epithelial
P05:753	Tumor/Epithelial
P05:754	Tumor/Epithelial
P05:755	CAF/Fibroblast
P05:756	Myeloid
P05:757	CAF/Fibroblast
P05:758	CAF/Fibroblast
P05:759	Tumor/Epithelial
P05:760	CAF/Fibroblast
P05:761	CAF/Fibroblast
P05:762	CAF/Fibroblast
P05:763	CAF/Fibroblast
P05:764	Tumor/Epithelial
P05:765	Tumor/Epithelial
P05:766	CAF/Fibroblast
P05:767	CAF/Fibroblast
P05:768	CAF/Fibroblast
P05:769	CAF/Fibroblast
P05:770	CAF/Fibroblast
P05:771	CAF/Fibroblast
P05:772	Myeloid
P05:773	CAF/Fibroblast
P05:774	Tumor/Epithelial
P05:775	CAF/Fibroblast
P05:776	CAF/Fibroblast
P05:777	Unknown
P05:778	Myeloid
P05:779	Tumor/Epithelial
P05:780	Unknown
P05:781	CAF/Fibroblast
P05:782	CAF/Fibroblast
P05:783	CAF/Fibroblast
P05:784	CAF/Fibroblast
P05:785	CAF/Fibroblast
P05:786	CAF/Fibroblast
P05:787	Tumor/Epithelial
P05:788	CAF/Fibroblast
P05:789	Tumor/Epithelial
P05:790	CAF/Fibroblast
P05:791	CAF/Fibroblast
P05:792	Unknown
P05:793	CAF/Fibroblast
P05:794	CAF/Fibroblast
P05:795	CAF/Fibroblast
P05:796	Myeloid
P05:797	Tumor/Epithelial
P05:798	CAF/Fibroblast
P05:799	CAF/Fibroblast
P05:800	CAF/Fibroblast
P05:801	CAF/Fibroblast
P05:802	CAF/Fibroblast
P05:803	CAF/Fibroblast
P05:804	Tumor/Epithelial
P05:805	Unknown
P05:806	Tumor/Epithelial
P05:807	CAF/Fibroblast
P05:808	CAF/Fibroblast
P05:809	CAF/Fibroblast
P05:810	Tumor/Epithelial
P05:811	CAF/Fibroblast
P05:812	CAF/Fibroblast
P05:813	CAF/Fibroblast
P05:814	Tumor/Epithelial
P05:815	Myeloid
P05:816	CAF/Fibroblast
P05:817	Myeloid
P05:818	CAF/Fibroblast
P05:819	CAF/Fibroblast
P05:820	CAF/Fibroblast
P05:821	CAF/Fibroblast
P05:822	CAF/Fibroblast
P05:823	CAF/Fibroblast
P05:824	Tumor/Epithelial
P05:825	CAF/Fibroblast
P05:826	CAF/Fibroblast
P05:827	Unknown
P05:828	Tumor/Epithelial
P05:829	CAF/Fibroblast
P05:830	CAF/Fibroblast
P05:831	Tumor/Epithelial
P05:832	CAF/Fibroblast
P05:833	Myeloid
P05:834	CAF/Fibroblast
P05:835	Tumor/Epithelial
P05:836	CAF/Fibroblast
P05:837	Myeloid
P05:838	CAF/Fibroblast
P05:839	Myeloid
P05:840	CAF/Fibroblast
P05:841	Myeloid
P05:842	CAF/Fibroblast
P05:843	CAF/Fibroblast
P05:844	CAF/Fibroblast
P05:845	CAF/Fibroblast
P05:846	Tumor/Epithelial
P05:847	CAF/Fibroblast
P05:848	Tumor/Epithelial
P05:849	CAF/Fibroblast
P05:850	Tumor/Epithelial
P05:851	CAF/Fibroblast
P05:852	Myeloid
P05:853	Unknown
P05:854	CAF/Fibroblast
P05:855	Tumor/Epithelial
P05:856	CAF/Fibroblast
P05:857	CAF/Fibroblast
P05:858	Tumor/Epithelial
P05:859	Unknown
P05:860	CAF/Fibroblast
P05:861	CAF/Fibroblast
P05:862	CAF/Fibroblast
P05:863	CAF/Fibroblast
P05:864	Tumor/Epithelial
P05:865	Tumor/Epithelial
P05:866	Tumor/Epithelial
P05:867	CAF/Fibroblast
P05:868	Tumor/Epithelial
P05:869	Tumor/Epithelial
P05:870	Myeloid
P05:871	Unknown
P05:872	CAF/Fibroblast
P05:873	CAF/Fibroblast
P05:874	CAF/Fibroblast
P05:875	Endothelial
P05:876	Myeloid
P05:877	Myeloid
P05:878	CAF/Fibroblast
P05:879	Unknown
P05:880	CAF/Fibroblast
P05:881	CAF/Fibroblast
P06:1	Tumor/Epithelial
P06:2	Tumor/Epithelial
P06:3	Tumor/Epithelial
P06:4	Myeloid
P06:5	Tumor/Epithelial
P06:6	Tumor/Epithelial
P06:7	Tumor/Epithelial
P06:8	Tumor/Epithelial
P06:9	Tumor/Epithelial
P06:10	Tumor/Epithelial
P06:11	Tumor/Epithelial
P06:12	CAF/Fibroblast
P06:13	Tumor/Epithelial
P06:14	CAF/Fibroblast
P06:15	Tumor/Epithelial
P06:16	Tumor/Epithelial
P06:17	CAF/Fibroblast
P06:18	Tumor/Epithelial
P06:19	CAF/Fibroblast
P06:20	Tumor/Epithelial
P06:21	Tumor/Epithelial
P06:22	Tumor/Epithelial
P06:23	CAF/Fibroblast
P06:24	CAF/Fibroblast
P06:25	Myeloid
P06:26	Myeloid
P06:27	CAF/Fibroblast
P06:28	T/NK
P06:29	Endothelial
P06:30	CAF/Fibroblast
P06:31	Tumor/Epithelial
P06:32	Tumor/Epithelial
P06:33	Tumor/Epithelial
P06:34	CAF/Fibroblast
P06:35	Tumor/Epithelial
P06:36	Unknown
P06:37	CAF/Fibroblast
P06:38	Tumor/Epithelial
P06:39	Endothelial
P06:40	Tumor/Epithelial
P06:41	Tumor/Epithelial
P06:42	Tumor/Epithelial
P06:43	Myeloid
P06:44	CAF/Fibroblast
P06:45	Tumor/Epithelial
P06:46	Myeloid
P06:47	Tumor/Epithelial
P06:48	CAF/Fibroblast
P06:49	CAF/Fibroblast
P06:50	Tumor/Epithelial
P06:51	CAF/Fibroblast
P06:52	Tumor/Epithelial
P06:53	Myeloid
P06:54	Tumor/Epithelial
P06:55	Tumor/Epithelial
P06:56	Tumor/Epithelial
P06:57	Tumor/Epithelial
P06:58	CAF/Fibroblast
P06:59	Tumor/Epithelial
P06:60	CAF/Fibroblast
P06:61	Tumor/Epithelial
P06:62	Tumor/Epithelial
P06:63	Tumor/Epithelial
P06:64	Myeloid
P06:65	Tumor/Epithelial
P06:66	CAF/Fibroblast
P06:67	Endothelial
P06:68	CAF/Fibroblast
P06:69	Tumor/Epithelial
P06:70	CAF/Fibroblast
P06:71	Tumor/Epithelial
P06:72	Tumor/Epithelial
P06:73	Tumor/Epithelial
P06:74	Tumor/Epithelial
P06:75	Tumor/Epithelial
P06:76	CAF/Fibroblast
P06:77	Tumor/Epithelial
P06:78	Tumor/Epithelial
P06:79	CAF/Fibroblast
P06:80	CAF/Fibroblast
P06:81	CAF/Fibroblast
P06:82	CAF/Fibroblast
P06:83	Tumor/Epithelial
P06:84	Myeloid
P06:85	Unknown
P06:86	CAF/Fibroblast
P06:87	Tumor/Epithelial
P06:88	Tumor/Epithelial
P06:89	CAF/Fibroblast
P06:90	Tumor/Epithelial
P06:91	Myeloid
P06:92	CAF/Fibroblast
P06:93	Tumor/Epithelial
P06:94	Myeloid
P06:95	Tumor/Epithelial
P06:96	CAF/Fibroblast
P06:97	Tumor/Epithelial
P06:98	Tumor/Epithelial
P06:99	CAF/Fibroblast
P06:100	CAF/Fibroblast
P06:101	Tumor/Epithelial
P06:102	CAF/Fibroblast
P06:103	Endothelial
P06:104	CAF/Fibroblast
P06:105	Tumor/Epithelial
P06:106	Unknown
P06:107	CAF/Fibroblast
P06:108	Tumor/Epithelial
P06:109	CAF/Fibroblast
P06:110	CAF/Fibroblast
P06:111	CAF/Fibroblast
P06:112	Tumor/Epithelial
P06:113	CAF/Fibroblast
P06:114	CAF/Fibroblast
P06:115	CAF/Fibroblast
P06:116	Tumor/Epithelial
P06:117	Tumor/Epithelial
P06:118	CAF/Fibroblast
P06:119	CAF/Fibroblast
P06:120	B/Plasma
P06:121	CAF/Fibroblast
P06:122	Tumor/Epithelial
P06:123	Tumor/Epithelial
P06:124	Tumor/Epithelial
P06:125	Tumor/Epithelial
P06:126	CAF/Fibroblast
P06:127	Unknown
P06:128	Tumor/Epithelial
P06:129	Tumor/Epithelial
P06:130	Tumor/Epithelial
P06:131	Tumor/Epithelial
P06:132	CAF/Fibroblast
P06:133	Tumor/Epithelial
P06:134	Myeloid
P06:135	CAF/Fibroblast
P06:136	Myeloid
P06:137	CAF/Fibroblast
P06:138	CAF/Fibroblast
P06:139	CAF/Fibroblast
P06:140	CAF/Fibroblast
P06:141	Tumor/Epithelial
P06:142	CAF/Fibroblast
P06:143	Myeloid
P06:144	Tumor/Epithelial
P06:145	Tumor/Epithelial
P06:146	CAF/Fibroblast
P06:147	Unknown
P06:148	CAF/Fibroblast
P06:149	Tumor/Epithelial
P06:150	Myeloid
P06:151	Tumor/Epithelial
P06:152	CAF/Fibroblast
P06:153	CAF/Fibroblast
P06:154	Unknown
P06:155	CAF/Fibroblast
P06:156	CAF/Fibroblast
P06:157	CAF/Fibroblast
P06:158	Tumor/Epithelial
P06:159	CAF/Fibroblast
P06:160	Tumor/Epithelial
P06:161	Unknown
P06:162	CAF/Fibroblast
P06:163	Tumor/Epithelial
P06:164	Unknown
P06:165	Tumor/Epithelial
P06:166	CAF/Fibroblast
P06:167	CAF/Fibroblast
P06:168	CAF/Fibroblast
P06:169	Tumor/Epithelial
P06:170	Tumor/Epithelial
P06:171	CAF/Fibroblast
P06:172	CAF/Fibroblast
P06:173	Tumor/Epithelial
P06:174	Tumor/Epithelial
P06:175	CAF/Fibroblast
P06:176	CAF/Fibroblast
P06:177	CAF/Fibroblast
P06:178	Tumor/Epithelial
P06:179	CAF/Fibroblast
P06:180	Unknown
P06:181	Tumor/Epithelial
P06:182	CAF/Fibroblast
P06:183	Tumor/Epithelial
P06:184	CAF/Fibroblast
P06:185	Tumor/Epithelial
P06:186	Unknown
P06:187	Tumor/Epithelial
P06:188	CAF/Fibroblast
P06:189	Tumor/Epithelial
P06:190	CAF/Fibroblast
P06:191	CAF/Fibroblast
P06:192	CAF/Fibroblast
P06:193	Tumor/Epithelial
P06:194	Myeloid
P06:195	CAF/Fibroblast
P06:196	CAF/Fibroblast
P06:197	CAF/Fibroblast
P06:198	Tumor/Epithelial
P06:199	CAF/Fibroblast
P06:200	Tumor/Epithelial
P06:201	Tumor/Epithelial
P06:202	CAF/Fibroblast
P06:203	Tumor/Epithelial
P06:204	CAF/Fibroblast
P06:205	Endothelial
P06:206	Tumor/Epithelial
P06:207	Tumor/Epithelial
P06:208	CAF/Fibroblast
P06:209	Tumor/Epithelial
P06:210	Tumor/Epithelial
P06:211	CAF/Fibroblast
P06:212	Myeloid
P06:213	Tumor/Epithelial
P06:214	CAF/Fibroblast
P06:215	Tumor/Epithelial
P06:216	CAF/Fibroblast
P06:217	CAF/Fibroblast
P06:218	CAF/Fibroblast
P06:219	CAF/Fibroblast
P06:220	Tumor/Epithelial
P06:221	Myeloid
P06:222	CAF/Fibroblast
P06:223	Tumor/Epithelial
P06:224	Tumor/Epithelial
P06:225	Unknown
P06:226	CAF/Fibroblast
P06:227	Unknown
P06:228	CAF/Fibroblast
P06:229	CAF/Fibroblast
P06:230	Tumor/Epithelial
P06:231	T/NK
P06:232	CAF/Fibroblast
P06:233	CAF/Fibroblast
P06:234	CAF/Fibroblast
P06:235	Unknown
P06:236	Tumor/Epithelial
P06:237	Myeloid
P06:238	Tumor/Epithelial
P06:239	CAF/Fibroblast
P06:240	Tumor/Epithelial
P06:241	Tumor/Epithelial
P06:242	Tumor/Epithelial
P06:243	Tumor/Epithelial
P06:244	Tumor/Epithelial
P06:245	Tumor/Epithelial
P06:246	CAF/Fibroblast
P06:247	Tumor/Epithelial
P06:248	CAF/Fibroblast
P06:249	Tumor/Epithelial
P06:250	Tumor/Epithelial
P06:251	Tumor/Epithelial
P06:252	Myeloid
P06:253	Tumor/Epithelial
P06:254	Tumor/Epithelial
P06:255	Myeloid
P06:256	Tumor/Epithelial
P06:257	CAF/Fibroblast
P06:258	CAF/Fibroblast
P06:259	CAF/Fibroblast
P06:260	Myeloid
P06:261	Tumor/Epithelial
P06:262	CAF/Fibroblast
P06:263	Tumor/Epithelial
P06:264	Myeloid
P06:265	Myeloid
P06:266	CAF/Fibroblast
P06:267	CAF/Fibroblast
P06:268	Tumor/Epithelial
P06:269	Unknown
P06:270	CAF/Fibroblast
P06:271	Unknown
P06:272	Myeloid
P06:273	CAF/Fibroblast
P06:274	Myeloid
P06:275	Myeloid
P06:276	Tumor/Epithelial
P06:277	Unknown
P06:278	Tumor/Epithelial
P06:279	CAF/Fibroblast
P06:280	Tumor/Epithelial
P06:281	CAF/Fibroblast
P06:282	Tumor/Epithelial
P06:283	Tumor/Epithelial
P06:284	B/Plasma
P06:285	Myeloid
P06:286	Endothelial
P06:287	CAF/Fibroblast
P06:288	Tumor/Epithelial
P06:289	CAF/Fibroblast
P06:290	Unknown
P06:291	CAF/Fibroblast
P06:292	Myeloid
P06:293	Tumor/Epithelial
P06:294	Tumor/Epithelial
P06:295	CAF/Fibroblast
P06:296	Tumor/Epithelial
P06:297	Myeloid
P06:298	CAF/Fibroblast
P06:299	CAF/Fibroblast
P06:300	CAF/Fibroblast
P06:301	CAF/Fibroblast
P06:302	Tumor/Epithelial
P06:303	Tumor/Epithelial
P06:304	Tumor/Epithelial
P06:305	CAF/Fibroblast
P06:306	CAF/Fibroblast
P06:307	Tumor/Epithelial
P06:308	CAF/Fibroblast
P06:309	Tumor/Epithelial
P06:310	CAF/Fibroblast
P06:311	CAF/Fibroblast
P06:312	Unknown
P06:313	Tumor/Epithelial
P06:314	Tumor/Epithelial
P06:315	Myeloid
P06:316	Tumor/Epithelial
P06:317	CAF/Fibroblast
P06:318	CAF/Fibroblast
P06:319	CAF/Fibroblast
P06:320	Tumor/Epithelial
P06:321	Tumor/Epithelial
P06:322	Tumor/Epithelial
P06:323	CAF/Fibroblast
P06:324	Tumor/Epithelial
P06:325	Tumor/Epithelial
P06:326	Tumor/Epithelial
P06:327	Tumor/Epithelial
P06:328	CAF/Fibroblast
P06:329	Tumor/Epithelial
P06:330	Myeloid
P06:331	Tumor/Epithelial
P06:332	Tumor/Epithelial
P06:333	CAF/Fibroblast
P06:334	Unknown
P06:335	Unknown
P06:336	CAF/Fibroblast
P06:337	Myeloid
P06:338	CAF/Fibroblast
P06:339	CAF/Fibroblast
P06:340	Tumor/Epithelial
P06:341	CAF/Fibroblast
P06:342	Tumor/Epithelial
P06:343	CAF/Fibroblast
P06:344	Tumor/Epithelial
P06:345	CAF/Fibroblast
P06:346	CAF/Fibroblast
P06:347	Tumor/Epithelial
P06:348	Tumor/Epithelial
P06:349	Myeloid
P06:350	CAF/Fibroblast
P06:351	CAF/Fibroblast
P06:352	Tumor/Epithelial
P06:353	CAF/Fibroblast
P06:354	CAF/Fibroblast
P06:355	CAF/Fibroblast
P06:356	Tumor/Epithelial
P06:357	Tumor/Epithelial
P06:358	CAF/Fibroblast
P06:359	CAF/Fibroblast
P06:360	CAF/Fibroblast
P06:361	CAF/Fibroblast
P06:362	Tumor/Epithelial
P06:363	CAF/Fibroblast
P06:364	Tumor/Epithelial
P06:365	CAF/Fibroblast
P06:366	Tumor/Epithelial
P06:367	Myeloid
P06:368	CAF/Fibroblast
P06:369	Tumor/Epithelial
P06:370	Tumor/Epithelial
P06:371	Myeloid
P06:372	CAF/Fibroblast
P06:373	Tumor/Epithelial
P06:374	CAF/Fibroblast
P06:375	CAF/Fibroblast
P06:376	CAF/Fibroblast
P06:377	Tumor/Epithelial
P06:378	Tumor/Epithelial
P06:379	Tumor/Epithelial
P06:380	Tumor/Epithelial
P06:381	Endothelial
P06:382	CAF/Fibroblast
P06:383	Tumor/Epithelial
P06:384	Tumor/Epithelial
P06:385	CAF/Fibroblast
P06:386	Tumor/Epithelial
P06:387	Tumor/Epithelial
P06:388	Endothelial
P06:389	Tumor/Epithelial
P06:390	Tumor/Epithelial
P06:391	Tumor/Epithelial
P06:392	CAF/Fibroblast
P06:393	Tumor/Epithelial
P06:394	Tumor/Epithelial
P06:395	Tumor/Epithelial
P06:396	CAF/Fibroblast
P06:397	Tumor/Epithelial
P06:398	Tumor/Epithelial
P06:399	Tumor/Epithelial
P06:400	Tumor/Epithelial
P06:401	CAF/Fibroblast
P06:402	Tumor/Epithelial
P06:403	Tumor/Epithelial
P06:404	CAF/Fibroblast
P06:405	CAF/Fibroblast
P06:406	Endothelial
P06:407	CAF/Fibroblast
P06:408	CAF/Fibroblast
P06:409	Tumor/Epithelial
P06:410	CAF/Fibroblast
P06:411	Tumor/Epithelial
P06:412	Tumor/Epithelial
P06:413	Tumor/Epithelial
P06:414	CAF/Fibroblast
P06:415	Tumor/Epithelial
P06:416	Myeloid
P06:417	CAF/Fibroblast
P06:418	CAF/Fibroblast
P06:419	Myeloid
P06:420	Tumor/Epithelial
P06:421	Tumor/Epithelial
P06:422	Tumor/Epithelial
P06:423	CAF/Fibroblast
P06:424	CAF/Fibroblast
P06:425	Myeloid
P06:426	CAF/Fibroblast
P06:427	Tumor/Epithelial
P06:428	Unknown
P06:429	Tumor/Epithelial
P06:430	CAF/Fibroblast
P06:431	Tumor/Epithelial
P06:432	Tumor/Epithelial
P06:433	Tumor/Epithelial
P06:434	CAF/Fibroblast
P06:435	CAF/Fibroblast
P06:436	Tumor/Epithelial
P06:437	Tumor/Epithelial
P06:438	Tumor/Epithelial
P06:439	CAF/Fibroblast
P06:440	CAF/Fibroblast
P06:441	CAF/Fibroblast
P06:442	Unknown
P06:443	CAF/Fibroblast
P06:444	Tumor/Epithelial
P06:445	Tumor/Epithelial
P06:446	CAF/Fibroblast
P06:447	CAF/Fibroblast
P06:448	Tumor/Epithelial
P06:449	CAF/Fibroblast
P06:450	CAF/Fibroblast
P06:451	Tumor/Epithelial
P06:452	CAF/Fibroblast
P06:453	Tumor/Epithelial
P06:454	Myeloid
P06:455	Tumor/Epithelial
P06:456	CAF/Fibroblast
P06:457	Tumor/Epithelial
P06:458	Tumor/Epithelial
P06:459	CAF/Fibroblast
P06:460	CAF/Fibroblast
P06:461	CAF/Fibroblast
P06:462	Myeloid
P06:463	Tumor/Epithelial
P06:464	Tumor/Epithelial
P06:465	CAF/Fibroblast
P06:466	CAF/Fibroblast
P06:467	CAF/Fibroblast
P06:468	Tumor/Epithelial
P06:469	Tumor/Epithelial
P06:470	Tumor/Epithelial
P06:471	Tumor/Epithelial
P06:472	CAF/Fibroblast
P06:473	Tumor/Epithelial
P06:474	CAF/Fibroblast
P06:475	Tumor/Epithelial
P06:476	Tumor/Epithelial
P06:477	Tumor/Epithelial
P06:478	Tumor/Epithelial
P06:479	Tumor/Epithelial
P06:480	Tumor/Epithelial
P06:481	CAF/Fibroblast
P06:482	Tumor/Epithelial
P06:483	Tumor/Epithelial
P06:484	Tumor/Epithelial
P06:485	Tumor/Epithelial
P06:486	Tumor/Epithelial
P06:487	Tumor/Epithelial
P06:488	Tumor/Epithelial
P06:489	Tumor/Epithelial
P06:490	Tumor/Epithelial
P06:491	Myeloid
P06:492	CAF/Fibroblast
P06:493	CAF/Fibroblast
P06:494	Unknown
P06:495	Tumor/Epithelial
P06:496	CAF/Fibroblast
P06:497	CAF/Fibroblast
P06:498	Unknown
P06:499	Tumor/Epithelial
P06:500	Tumor/Epithelial
P06:501	Tumor/Epithelial
P06:502	Tumor/Epithelial
P06:503	CAF/Fibroblast
P06:504	Tumor/Epithelial
P06:505	Tumor/Epithelial
P06:506	CAF/Fibroblast
P06:507	Unknown
P06:508	CAF/Fibroblast
P06:509	Tumor/Epithelial
P06:510	Tumor/Epithelial
P06:511	Myeloid
P06:512	Myeloid
P06:513	Tumor/Epithelial
P06:514	Tumor/Epithelial
P06:515	CAF/Fibroblast
P06:516	CAF/Fibroblast
P06:517	Tumor/Epithelial
P06:518	CAF/Fibroblast
P06:519	Myeloid
P06:520	Tumor/Epithelial
P06:521	CAF/Fibroblast
P06:522	Tumor/Epithelial
P06:523	CAF/Fibroblast
P06:524	CAF/Fibroblast
P06:525	Endothelial
P06:526	CAF/Fibroblast
P06:527	CAF/Fibroblast
P06:528	Tumor/Epithelial
P06:529	Tumor/Epithelial
P06:530	Tumor/Epithelial
P06:531	CAF/Fibroblast
P06:532	Tumor/Epithelial
P06:533	Tumor/Epithelial
P06:534	Tumor/Epithelial
P06:535	Endothelial
P06:536	T/NK
P06:537	CAF/Fibroblast
P06:538	Tumor/Epithelial
P06:539	Myeloid
P06:540	CAF/Fibroblast
P06:541	CAF/Fibroblast
P06:542	CAF/Fibroblast
P06:543	CAF/Fibroblast
P06:544	Tumor/Epithelial
P06:545	CAF/Fibroblast
P06:546	Tumor/Epithelial
P06:547	CAF/Fibroblast
P06:548	Tumor/Epithelial
P06:549	Tumor/Epithelial
P06:550	Tumor/Epithelial
P06:551	Unknown
P06:552	Tumor/Epithelial
P06:553	Myeloid
P06:554	Tumor/Epithelial
P06:555	Tumor/Epithelial
P06:556	Tumor/Epithelial
P06:557	CAF/Fibroblast
P06:558	CAF/Fibroblast
P06:559	CAF/Fibroblast
P06:560	Unknown
P06:561	Tumor/Epithelial
P06:562	CAF/Fibroblast
P06:563	Tumor/Epithelial
P06:564	Tumor/Epithelial
P06:565	CAF/Fibroblast
P06:566	CAF/Fibroblast
P06:567	Tumor/Epithelial
P06:568	Myeloid
P06:569	Endothelial
P06:570	CAF/Fibroblast
P06:571	Unknown
P06:572	Tumor/Epithelial
P06:573	Unknown
P06:574	CAF/Fibroblast
P06:575	Tumor/Epithelial
P06:576	Tumor/Epithelial
P06:577	CAF/Fibroblast
P06:578	Tumor/Epithelial
P06:579	Tumor/Epithelial
P06:580	CAF/Fibroblast
P06:581	Tumor/Epithelial
P06:582	CAF/Fibroblast
P06:583	Tumor/Epithelial
P06:584	Tumor/Epithelial
P06:585	CAF/Fibroblast
P06:586	Tumor/Epithelial
P06:587	Tumor/Epithelial
P06:588	CAF/Fibroblast
P06:589	Tumor/Epithelial
P06:590	Tumor/Epithelial
P06:591	Tumor/Epithelial
P06:592	CAF/Fibroblast
P06:593	CAF/Fibroblast
P06:594	CAF/Fibroblast
P06:595	Tumor/Epithelial
P06:596	Tumor/Epithelial
P06:597	CAF/Fibroblast
P06:598	Myeloid
P06:599	Tumor/Epithelial
P06:600	CAF/Fibroblast
P06:601	Tumor/Epithelial
P06:602	CAF/Fibroblast
P06:603	CAF/Fibroblast
P06:604	CAF/Fibroblast
P06:605	CAF/Fibroblast
P06:606	Tumor/Epithelial
P06:607	CAF/Fibroblast
P06:608	CAF/Fibroblast
P06:609	Tumor/Epithelial
P06:610	Tumor/Epithelial
P06:611	CAF/Fibroblast
P06:612	Myeloid
P06:613	Myeloid
P06:614	Tumor/Epithelial
P06:615	Tumor/Epithelial
P06:616	CAF/Fibroblast
P06:617	Tumor/Epithelial
P06:618	Tumor/Epithelial
P06:619	Tumor/Epithelial
P06:620	CAF/Fibroblast
P06:621	Tumor/Epithelial
P06:622	CAF/Fibroblast
P06:623	Endothelial
P06:624	Myeloid
P06:625	CAF/Fibroblast
P06:626	CAF/Fibroblast
P06:627	Tumor/Epithelial
P06:628	Tumor/Epithelial
P06:629	CAF/Fibroblast
P06:630	Tumor/Epithelial
P06:631	CAF/Fibroblast
P06:632	CAF/Fibroblast
P06:633	CAF/Fibroblast
P06:634	Tumor/Epithelial
P06:635	Tumor/Epithelial
P06:636	Unknown
P06:637	CAF/Fibroblast
P06:638	CAF/Fibroblast
P06:639	CAF/Fibroblast
P06:640	Tumor/Epithelial
P06:641	CAF/Fibroblast
P06:642	CAF/Fibroblast
P06:643	CAF/Fibroblast
P06:644	CAF/Fibroblast
P06:645	CAF/Fibroblast
P06:646	Unknown
P06:647	Tumor/Epithelial
P06:648	Tumor/Epithelial
P06:649	CAF/Fibroblast
P06:650	CAF/Fibroblast
P06:651	Tumor/Epithelial
P06:652	CAF/Fibroblast
P06:653	CAF/Fibroblast
P06:654	Tumor/Epithelial
P06:655	CAF/Fibroblast
P06:656	Tumor/Epithelial
P06:657	Tumor/Epithelial
P06:658	Tumor/Epithelial
P06:659	CAF/Fibroblast
P06:660	Tumor/Epithelial
P06:661	CAF/Fibroblast
P06:662	Tumor/Epithelial
P06:663	Endothelial
P06:664	CAF/Fibroblast
P06:665	CAF/Fibroblast
P06:666	CAF/Fibroblast
P06:667	CAF/Fibroblast
P06:668	CAF/Fibroblast
P06:669	Tumor/Epithelial
P06:670	CAF/Fibroblast
P06:671	Myeloid
P06:672	CAF/Fibroblast
P06:673	CAF/Fibroblast
P06:674	CAF/Fibroblast
P06:675	Tumor/Epithelial
P06:676	Tumor/Epithelial
P06:677	CAF/Fibroblast
P06:678	Tumor/Epithelial
P06:679	Tumor/Epithelial
P06:680	CAF/Fibroblast
P06:681	Tumor/Epithelial
P06:682	Tumor/Epithelial
P06:683	CAF/Fibroblast
P06:684	Tumor/Epithelial
P06:685	CAF/Fibroblast
P06:686	Unknown
P06:687	CAF/Fibroblast
P06:688	Tumor/Epithelial
P06:689	Tumor/Epithelial
P06:690	Tumor/Epithelial
P06:691	Tumor/Epithelial
P06:692	Tumor/Epithelial
P06:693	Tumor/Epithelial
P06:694	CAF/Fibroblast
P06:695	CAF/Fibroblast
P06:696	Myeloid
P06:697	Tumor/Epithelial
P06:698	CAF/Fibroblast
P06:699	Tumor/Epithelial
P06:700	CAF/Fibroblast
P06:701	CAF/Fibroblast
P06:702	Tumor/Epithelial
P06:703	CAF/Fibroblast
P06:704	Tumor/Epithelial
P06:705	Tumor/Epithelial
P06:706	Tumor/Epithelial
P06:707	Myeloid
P06:708	CAF/Fibroblast
P06:709	CAF/Fibroblast
P06:710	Tumor/Epithelial
P06:711	Tumor/Epithelial
P06:712	CAF/Fibroblast
P06:713	Tumor/Epithelial
P06:714	Tumor/Epithelial
P06:715	Tumor/Epithelial
P06:716	Unknown
P06:717	CAF/Fibroblast
P06:718	Tumor/Epithelial
P06:719	Tumor/Epithelial
P06:720	Myeloid
P06:721	Tumor/Epithelial
P06:722	CAF/Fibroblast
P06:723	CAF/Fibroblast
P06:724	Tumor/Epithelial
P06:725	CAF/Fibroblast
P06:726	Tumor/Epithelial
P06:727	Tumor/Epithelial
P06:728	CAF/Fibroblast
P06:729	CAF/Fibroblast
P06:730	Tumor/Epithelial
P06:731	CAF/Fibroblast
P06:732	CAF/Fibroblast
P06:733	Tumor/Epithelial
P06:734	Tumor/Epithelial
P06:735	Tumor/Epithelial
P06:736	CAF/Fibroblast
P06:737	CAF/Fibroblast
P06:738	Unknown
P06:739	CAF/Fibroblast
P06:740	CAF/Fibroblast
P06:741	Tumor/Epithelial
P06:742	Tumor/Epithelial
P06:743	CAF/Fibroblast
P06:744	Tumor/Epithelial
P06:745	Tumor/Epithelial
P06:746	Myeloid
P06:747	CAF/Fibroblast
P06:748	Myeloid
P06:749	Tumor/Epithelial
P06:750	Tumor/Epithelial
P06:751	Tumor/Epithelial
P06:752	Tumor/Epithelial
P06:753	Tumor/Epithelial
P06:754	Myeloid
P06:755	CAF/Fibroblast
P06:756	Tumor/Epithelial
P06:757	Tumor/Epithelial
P06:758	CAF/Fibroblast
P06:759	Myeloid
P06:760	Tumor/Epithelial
P06:761	CAF/Fibroblast
P06:762	CAF/Fibroblast
P06:763	Tumor/Epithelial
P06:764	CAF/Fibroblast
P06:765	Tumor/Epithelial
P06:766	Tumor/Epithelial
P06:767	CAF/Fibroblast
P07:1	Myeloid
P07:2	CAF/Fibroblast
P07:3	Myeloid
P07:4	Myeloid
P07:5	Myeloid
P07:6	Myeloid
P07:7	T/NK
P07:8	Myeloid
P07:9	Myeloid
P07:10	Unknown
P07:11	Tumor/Epithelial
P07:12	Tumor/Epithelial
P07:13	Myeloid
P07:14	Tumor/Epithelial
P07:15	Unknown
P07:16	Myeloid
P07:17	Myeloid
P07:18	CAF/Fibroblast
P07:19	Unknown
P07:20	Myeloid
P07:21	CAF/Fibroblast
P07:22	Tumor/Epithelial
P07:23	Tumor/Epithelial
P07:24	Myeloid
P07:25	Myeloid
P07:26	Myeloid
P07:27	Myeloid
P07:28	Unknown
P07:29	CAF/Fibroblast
P07:30	Tumor/Epithelial
P07:31	Myeloid
P07:32	Myeloid
P07:33	CAF/Fibroblast
P07:34	Myeloid
P07:35	CAF/Fibroblast
P07:36	CAF/Fibroblast
P07:37	Myeloid
P07:38	Tumor/Epithelial
P07:39	CAF/Fibroblast
P07:40	Myeloid
P07:41	Myeloid
P07:42	Myeloid
P07:43	Tumor/Epithelial
P07:44	Myeloid
P07:45	CAF/Fibroblast
P07:46	Myeloid
P07:47	Myeloid
P07:48	Myeloid
P07:49	Myeloid
P07:50	CAF/Fibroblast
P07:51	Myeloid
P07:52	Tumor/Epithelial
P07:53	Myeloid
P07:54	Myeloid
P07:55	Myeloid
P07:56	CAF/Fibroblast
P07:57	CAF/Fibroblast
P07:58	Unknown
P07:59	Myeloid
P07:60	Myeloid
P07:61	Myeloid
P07:62	Myeloid
P07:63	Myeloid
P07:64	Myeloid
P07:65	Tumor/Epithelial
P07:66	Myeloid
P07:67	Myeloid
P07:68	Myeloid
P07:69	Myeloid
P07:70	CAF/Fibroblast
P07:71	Tumor/Epithelial
P07:72	CAF/Fibroblast
P07:73	Myeloid
P07:74	CAF/Fibroblast
P07:75	Myeloid
P07:76	Myeloid
P07:77	Myeloid
P07:78	Tumor/Epithelial
P07:79	Myeloid
P07:80	Myeloid
P07:81	CAF/Fibroblast
P07:82	Myeloid
P07:83	CAF/Fibroblast
P07:84	CAF/Fibroblast
P07:85	Tumor/Epithelial
P07:86	B/Plasma
P07:87	Myeloid
P07:88	Myeloid
P07:89	Tumor/Epithelial
P07:90	Tumor/Epithelial
P07:91	Myeloid
P07:92	Myeloid
P07:93	CAF/Fibroblast
P07:94	Myeloid
P07:95	Myeloid
P07:96	Myeloid
P07:97	Unknown
P07:98	Tumor/Epithelial
P07:99	Myeloid
P07:100	Myeloid
P07:101	Myeloid
P07:102	Myeloid
P07:103	Myeloid
P07:104	T/NK
P07:105	Myeloid
P07:106	Myeloid
P07:107	Myeloid
P07:108	Myeloid
P07:109	Tumor/Epithelial
P07:110	Myeloid
P07:111	Tumor/Epithelial
P07:112	Myeloid
P07:113	Myeloid
P07:114	Myeloid
P07:115	Myeloid
P07:116	Myeloid
P07:117	Tumor/Epithelial
P07:118	Myeloid
P07:119	CAF/Fibroblast
P07:120	Myeloid
P07:121	Myeloid
P07:122	Myeloid
P07:123	Myeloid
P07:124	Myeloid
P07:125	Myeloid
P07:126	Myeloid
P07:127	Myeloid
P07:128	Myeloid
P07:129	T/NK
P07:130	CAF/Fibroblast
P07:131	CAF/Fibroblast
P07:132	Myeloid
P07:133	Endothelial
P07:134	Tumor/Epithelial
P07:135	CAF/Fibroblast
P07:136	Myeloid
P07:137	Myeloid
P07:138	Tumor/Epithelial
P07:139	CAF/Fibroblast
P07:140	Tumor/Epithelial
P07:141	Tumor/Epithelial
P07:142	Myeloid
P07:143	Myeloid
P07:144	Myeloid
P07:145	Tumor/Epithelial
P07:146	CAF/Fibroblast
P07:147	CAF/Fibroblast
P07:148	Myeloid
P07:149	Myeloid
P07:150	CAF/Fibroblast
P07:151	Myeloid
P07:152	CAF/Fibroblast
P07:153	CAF/Fibroblast
P07:154	CAF/Fibroblast
P07:155	Myeloid
P07:156	Myeloid
P07:157	Myeloid
P07:158	CAF/Fibroblast
P07:159	Myeloid
P07:160	Tumor/Epithelial
P07:161	Tumor/Epithelial
P07:162	Tumor/Epithelial
P07:163	Myeloid
P07:164	Myeloid
P07:165	Myeloid
P07:166	Myeloid
P07:167	CAF/Fibroblast
P07:168	Unknown
P07:169	Tumor/Epithelial
P07:170	Myeloid
P07:171	CAF/Fibroblast
P07:172	CAF/Fibroblast
P07:173	Myeloid
P07:174	Myeloid
P07:175	Myeloid
P07:176	CAF/Fibroblast
P07:177	Myeloid
P07:178	Unknown
P07:179	Myeloid
P07:180	Myeloid
P07:181	CAF/Fibroblast
P07:182	Unknown
P07:183	Myeloid
P07:184	Myeloid
P07:185	Tumor/Epithelial
P07:186	Myeloid
P07:187	Myeloid
P07:188	Tumor/Epithelial
P07:189	Tumor/Epithelial
P07:190	CAF/Fibroblast
P07:191	T/NK
P07:192	Myeloid
P07:193	Tumor/Epithelial
P07:194	Myeloid
P07:195	Myeloid
P07:196	Endothelial
P07:197	Tumor/Epithelial
P07:198	Myeloid
P07:199	Myeloid
P07:200	Myeloid
P07:201	CAF/Fibroblast
P07:202	Myeloid
P07:203	Myeloid
P07:204	Tumor/Epithelial
P07:205	Myeloid
P07:206	Tumor/Epithelial
P07:207	Myeloid
P07:208	Myeloid
P07:209	Myeloid
P07:210	Myeloid
P07:211	Myeloid
P07:212	CAF/Fibroblast
P07:213	Myeloid
P07:214	Tumor/Epithelial
P07:215	CAF/Fibroblast
P07:216	Myeloid
P07:217	Tumor/Epithelial
P07:218	Myeloid
P07:219	Unknown
P07:220	Tumor/Epithelial
P07:221	Myeloid
P07:222	CAF/Fibroblast
P07:223	Myeloid
P07:224	Myeloid
P07:225	Myeloid
P07:226	Myeloid
P07:227	Unknown
P07:228	Myeloid
P07:229	Myeloid
P07:230	Myeloid
P07:231	Tumor/Epithelial
P07:232	Myeloid
P07:233	Myeloid
P07:234	Tumor/Epithelial
P07:235	Tumor/Epithelial
P07:236	CAF/Fibroblast
P07:237	Myeloid
P07:238	Tumor/Epithelial
P07:239	Tumor/Epithelial
P07:240	Tumor/Epithelial
P07:241	Tumor/Epithelial
P07:242	Myeloid
P07:243	Myeloid
P07:244	Tumor/Epithelial
P07:245	CAF/Fibroblast
P07:246	Myeloid
P07:247	Myeloid
P07:248	Myeloid
P07:249	Myeloid
P07:250	Myeloid
P07:251	Tumor/Epithelial
P07:252	Myeloid
P07:253	B/Plasma
P07:254	Myeloid
P07:255	Myeloid
P07:256	Myeloid
P07:257	Myeloid
P07:258	Myeloid
P07:259	CAF/Fibroblast
P07:260	Myeloid
P07:261	Myeloid
P07:262	Myeloid
P07:263	Tumor/Epithelial
P07:264	Myeloid
P07:265	Tumor/Epithelial
P07:266	Tumor/Epithelial
P07:267	Myeloid
P07:268	Myeloid
P07:269	Myeloid
P07:270	CAF/Fibroblast
P07:271	Myeloid
P07:272	T/NK
P07:273	Unknown
P07:274	Tumor/Epithelial
P07:275	Tumor/Epithelial
P07:276	Myeloid
P07:277	Myeloid
P07:278	Myeloid
P07:279	Unknown
P07:280	Endothelial
P07:281	Myeloid
P07:282	Tumor/Epithelial
P07:283	Myeloid
P07:284	Tumor/Epithelial
P07:285	CAF/Fibroblast
P07:286	Myeloid
P07:287	Tumor/Epithelial
P07:288	Myeloid
P07:289	Myeloid
P07:290	Myeloid
P07:291	Myeloid
P07:292	Myeloid
P07:293	Myeloid
P07:294	CAF/Fibroblast
P07:295	Myeloid
P07:296	Myeloid
P07:297	CAF/Fibroblast
P07:298	Myeloid
P07:299	Unknown
P07:300	Tumor/Epithelial
P07:301	CAF/Fibroblast
P07:302	CAF/Fibroblast
P07:303	CAF/Fibroblast
P07:304	Unknown
P07:305	Myeloid
P07:306	Myeloid
P07:307	CAF/Fibroblast
P07:308	Tumor/Epithelial
P07:309	Tumor/Epithelial
P07:310	Myeloid
P07:311	Myeloid
P07:312	Myeloid
P07:313	Myeloid
P07:314	Myeloid
P07:315	Myeloid
P07:316	Myeloid
P07:317	Myeloid
P07:318	Myeloid
P07:319	CAF/Fibroblast
P07:320	Myeloid
P07:321	Myeloid
P07:322	Myeloid
P07:323	Myeloid
P07:324	Unknown
P07:325	CAF/Fibroblast
P07:326	Myeloid
P07:327	Myeloid
P07:328	Tumor/Epithelial
P07:329	Myeloid
P07:330	Myeloid
P07:331	Myeloid
P07:332	Tumor/Epithelial
P07:333	Myeloid
P07:334	Myeloid
P07:335	Myeloid
P07:336	CAF/Fibroblast
P07:337	Myeloid
P07:338	Myeloid
P07:339	Myeloid
P07:340	Myeloid
P07:341	T/NK
P07:342	Myeloid
P07:343	CAF/Fibroblast
P07:344	Myeloid
P07:345	Myeloid
P07:346	CAF/Fibroblast
P07:347	Myeloid
P07:348	Myeloid
P07:349	Unknown
P07:350	Myeloid
P07:351	Tumor/Epithelial
P07:352	Myeloid
P07:353	Myeloid
P07:354	Myeloid
P07:355	Myeloid
P07:356	Unknown
P07:357	Myeloid
P07:358	Tumor/Epithelial
P07:359	Unknown
P07:360	Myeloid
P07:361	Myeloid
P07:362	Tumor/Epithelial
P07:363	CAF/Fibroblast
P07:364	CAF/Fibroblast
P07:365	Myeloid
P07:366	T/NK
P07:367	Myeloid
P07:368	Myeloid
P07:369	Myeloid
P07:370	Tumor/Epithelial
P07:371	Myeloid
P07:372	Tumor/Epithelial
P07:373	Tumor/Epithelial
P07:374	Tumor/Epithelial
P07:375	CAF/Fibroblast
P07:376	Myeloid
P07:377	Tumor/Epithelial
P07:378	Myeloid
P07:379	CAF/Fibroblast
P07:380	Tumor/Epithelial
P07:381	Myeloid
P07:382	Myeloid
P07:383	Myeloid
P07:384	CAF/Fibroblast
P07:385	Myeloid
P07:386	Myeloid
P07:387	CAF/Fibroblast
P07:388	CAF/Fibroblast
P07:389	Unknown
P07:390	Myeloid
P07:391	Tumor/Epithelial
P07:392	Myeloid
P07:393	Myeloid
P07:394	Myeloid
P07:395	Myeloid
P07:396	Myeloid
P07:397	T/NK
P07:398	Myeloid
P07:399	CAF/Fibroblast
P07:400	CAF/Fibroblast
P07:401	Tumor/Epithelial
P07:402	Tumor/Epithelial
P07:403	Myeloid
P07:404	Myeloid
P07:405	Tumor/Epithelial
P07:406	Myeloid
P07:407	CAF/Fibroblast
P07:408	Unknown
P07:409	Tumor/Epithelial
P07:410	Myeloid
P07:411	Myeloid
P07:412	CAF/Fibroblast
P07:413	Myeloid
P07:414	Myeloid
P07:415	Myeloid
P07:416	Unknown
P07:417	Myeloid
P07:418	CAF/Fibroblast
P07:419	Myeloid
P07:420	Myeloid
P07:421	Myeloid
P07:422	Myeloid
P07:423	CAF/Fibroblast
P07:424	Myeloid
P07:425	CAF/Fibroblast
P07:426	Myeloid
P07:427	Myeloid
P07:428	Myeloid
P07:429	T/NK
P07:430	T/NK
P07:431	Tumor/Epithelial
P07:432	Myeloid
P07:433	Tumor/Epithelial
P07:434	Tumor/Epithelial
P07:435	Myeloid
P07:436	Myeloid
P07:437	CAF/Fibroblast
P07:438	Myeloid
P07:439	Myeloid
P07:440	T/NK
P07:441	CAF/Fibroblast
P07:442	Myeloid
P07:443	Unknown
P07:444	Myeloid
P07:445	Tumor/Epithelial
P07:446	Myeloid
P07:447	Myeloid
P07:448	Myeloid
P07:449	Unknown
P07:450	Unknown
P07:451	T/NK
P07:452	CAF/Fibroblast
P07:453	Myeloid
P07:454	Myeloid
P07:455	Unknown
P07:456	Myeloid
P07:457	Myeloid
P07:458	Tumor/Epithelial
P07:459	Myeloid
P07:460	Myeloid
P07:461	Unknown
P07:462	Tumor/Epithelial
P07:463	Myeloid
P07:464	Myeloid
P07:465	Myeloid
P07:466	Myeloid
P07:467	CAF/Fibroblast
P07:468	Tumor/Epithelial
P07:469	Myeloid
P07:470	CAF/Fibroblast
P07:471	Myeloid
P07:472	CAF/Fibroblast
P07:473	Tumor/Epithelial
P07:474	Myeloid
P07:475	Myeloid
P07:476	Myeloid
P07:477	Myeloid
P07:478	Myeloid
P07:479	CAF/Fibroblast
P07:480	CAF/Fibroblast
P07:481	Myeloid
P07:482	Myeloid
P07:483	CAF/Fibroblast
P07:484	Myeloid
P07:485	Myeloid
P07:486	CAF/Fibroblast
P07:487	Myeloid
P07:488	Myeloid
P07:489	Myeloid
P07:490	T/NK
P07:491	Myeloid
P07:492	Myeloid
P07:493	Myeloid
P07:494	Unknown
P07:495	Myeloid
P07:496	CAF/Fibroblast
P07:497	Myeloid
P07:498	Myeloid
P07:499	CAF/Fibroblast
P07:500	CAF/Fibroblast
P07:501	Myeloid
P07:502	Unknown
P07:503	Myeloid
P07:504	Myeloid
P07:505	Tumor/Epithelial
P07:506	Myeloid
P07:507	Myeloid
P07:508	CAF/Fibroblast
P07:509	Myeloid
P07:510	Myeloid
P07:511	Unknown
P07:512	Myeloid
P07:513	CAF/Fibroblast
P07:514	Myeloid
P07:515	Myeloid
P07:516	Myeloid
P07:517	CAF/Fibroblast
P07:518	Tumor/Epithelial
P07:519	CAF/Fibroblast
P07:520	Myeloid
P07:521	Tumor/Epithelial
P07:522	CAF/Fibroblast
P07:523	Myeloid
P07:524	Myeloid
P07:525	Myeloid
P07:526	Myeloid
P07:527	Myeloid
P07:528	Myeloid
P07:529	Tumor/Epithelial
P07:530	Tumor/Epithelial
P07:531	Unknown
P07:532	Tumor/Epithelial
P07:533	Myeloid
P07:534	Myeloid
P07:535	Myeloid
P07:536	Myeloid
P07:537	Myeloid
P07:538	Myeloid
P07:539	Tumor/Epithelial
P07:540	Myeloid
P07:541	CAF/Fibroblast
P07:542	Myeloid
P07:543	Myeloid
P07:544	CAF/Fibroblast
P07:545	Myeloid
P07:546	Myeloid
P07:547	CAF/Fibroblast
P07:548	Unknown
P07:549	Myeloid
P07:550	T/NK
P07:551	Tumor/Epithelial
P07:552	Myeloid
P07:553	Unknown
P07:554	T/NK
P07:555	Myeloid
P07:556	CAF/Fibroblast
P07:557	Myeloid
P07:558	Tumor/Epithelial
P07:559	CAF/Fibroblast
P07:560	Myeloid
P07:561	Myeloid
P07:562	Myeloid
P07:563	Tumor/Epithelial
P07:564	CAF/Fibroblast
P07:565	Myeloid
P07:566	Myeloid
P07:567	Unknown
P07:568	CAF/Fibroblast
P07:569	Tumor/Epithelial
P07:570	Tumor/Epithelial
P07:571	CAF/Fibroblast
P07:572	Tumor/Epithelial
P07:573	Myeloid
P07:574	Unknown
P07:575	CAF/Fibroblast
P07:576	Myeloid
P07:577	Myeloid
P07:578	Myeloid
P07:579	Myeloid
P07:580	Myeloid
P07:581	CAF/Fibroblast
P07:582	CAF/Fibroblast
P07:583	Myeloid
P07:584	Myeloid
P07:585	Tumor/Epithelial
P07:586	Unknown
P07:587	Tumor/Epithelial
P07:588	Myeloid
P07:589	CAF/Fibroblast
P07:590	Unknown
P07:591	Myeloid
P07:592	Unknown
P07:593	Unknown
P07:594	Myeloid
P07:595	Tumor/Epithelial
P07:596	Unknown
P07:597	Myeloid
P07:598	Myeloid
P07:599	Tumor/Epithelial
P07:600	Myeloid
P07:601	Myeloid
P07:602	Tumor/Epithelial
P07:603	Tumor/Epithelial
P07:604	Unknown
P07:605	Tumor/Epithelial
P07:606	Unknown
P07:607	Myeloid
P07:608	Myeloid
P07:609	Myeloid
P07:610	Myeloid
P07:611	Tumor/Epithelial
P07:612	Myeloid
P07:613	Myeloid
P07:614	Unknown
P07:615	Myeloid
P07:616	Myeloid
P07:617	Myeloid
P07:618	CAF/Fibroblast
P07:619	Myeloid
P07:620	Myeloid
P07:621	Myeloid
P07:622	T/NK
P07:623	CAF/Fibroblast
P07:624	Tumor/Epithelial
P07:625	Myeloid
P07:626	Myeloid
P07:627	Myeloid
P07:628	Myeloid
P07:629	Myeloid
P07:630	Tumor/Epithelial
P07:631	Myeloid
P07:632	Myeloid
P07:633	Myeloid
P07:634	Myeloid
P07:635	Myeloid
P07:636	Tumor/Epithelial
P07:637	Tumor/Epithelial
P07:638	Myeloid
P07:639	CAF/Fibroblast
P07:640	Myeloid
P07:641	Myeloid
P07:642	Myeloid
P07:643	Myeloid
P07:644	Myeloid
P07:645	Tumor/Epithelial
P07:646	Myeloid
P07:647	CAF/Fibroblast
P07:648	Myeloid
P07:649	Tumor/Epithelial
P07:650	Myeloid
P07:651	Myeloid
P07:652	Unknown
P07:653	Myeloid
P07:654	Myeloid
P07:655	Myeloid
P07:656	Myeloid
P07:657	Tumor/Epithelial
P07:658	Myeloid
P07:659	CAF/Fibroblast
P07:660	CAF/Fibroblast
P07:661	Myeloid
P07:662	CAF/Fibroblast
P07:663	Myeloid
P07:664	Myeloid
P07:665	T/NK
P07:666	CAF/Fibroblast
P07:667	Tumor/Epithelial
P07:668	Myeloid
P07:669	CAF/Fibroblast
P07:670	Myeloid
P07:671	Tumor/Epithelial
P07:672	Myeloid
P07:673	Myeloid
P07:674	Myeloid
P07:675	Myeloid
P07:676	CAF/Fibroblast
P07:677	Myeloid
P07:678	Myeloid
P07:679	Tumor/Epithelial
P07:680	Myeloid
P07:681	Myeloid
P07:682	Tumor/Epithelial
P07:683	Myeloid
P07:684	Myeloid
P07:685	Myeloid
P07:686	Myeloid
P07:687	Myeloid
P07:688	CAF/Fibroblast
P07:689	T/NK
P07:690	CAF/Fibroblast
P07:691	Unknown
P07:692	Myeloid
P07:693	Myeloid
P07:694	Myeloid
P07:695	Myeloid
P07:696	Unknown
P07:697	Myeloid
P07:698	Myeloid
P07:699	Myeloid
P07:700	Myeloid
P07:701	Myeloid
P07:702	Myeloid
P07:703	Myeloid
P07:704	Myeloid
P07:705	Myeloid
P07:706	Tumor/Epithelial
P07:707	Myeloid
P07:708	CAF/Fibroblast
P07:709	Myeloid
P07:710	Myeloid
P07:711	Unknown
P07:712	Myeloid
P07:713	Tumor/Epithelial
P07:714	Unknown
P07:715	Tumor/Epithelial
P07:716	Myeloid
P07:717	Myeloid
P07:718	Myeloid
P07:719	Myeloid
P07:720	Myeloid
P07:721	Myeloid
P07:722	Myeloid
P07:723	Myeloid
P07:724	Tumor/Epithelial
P07:725	Tumor/Epithelial
P07:726	CAF/Fibroblast
P07:727	Myeloid
P07:728	Unknown
P07:729	CAF/Fibroblast
P07:730	Myeloid
P07:731	Myeloid
P07:732	Myeloid
P07:733	Tumor/Epithelial
P07:734	Myeloid
P07:735	Tumor/Epithelial
P07:736	CAF/Fibroblast
P07:737	CAF/Fibroblast
P07:738	Myeloid
P07:739	CAF/Fibroblast
P07:740	Myeloid
P07:741	Unknown
P07:742	Tumor/Epithelial
P07:743	Myeloid
P07:744	Myeloid
P07:745	Unknown
P07:746	Tumor/Epithelial
P07:747	Myeloid
P07:748	Myeloid
P07:749	Tumor/Epithelial
P07:750	Myeloid
P07:751	Tumor/Epithelial
P07:752	Myeloid
P07:753	Tumor/Epithelial
P07:754	Myeloid
P07:755	Myeloid
P07:756	Myeloid
P07:757	Tumor/Epithelial
P07:758	Tumor/Epithelial
P07:759	Myeloid
P07:760	Myeloid
P07:761	Myeloid
P07:762	T/NK
P07:763	CAF/Fibroblast
P07:764	T/NK
P07:765	Myeloid
P07:766	Myeloid
P07:767	T/NK
P07:768	Myeloid
P07:769	Myeloid
P07:770	CAF/Fibroblast
P07:771	Myeloid
P07:772	Myeloid
P07:773	Myeloid
P07:774	Tumor/Epithelial
P07:775	Myeloid
P07:776	CAF/Fibroblast
P07:777	Myeloid
P07:778	Unknown
P07:779	Myeloid
P07:780	Myeloid
P07:781	Myeloid
P07:782	Tumor/Epithelial
P07:783	Unknown
P07:784	Tumor/Epithelial
P07:785	Myeloid
P07:786	T/NK
P07:787	Myeloid
P07:788	CAF/Fibroblast
P07:789	CAF/Fibroblast
P07:790	Myeloid
P07:791	CAF/Fibroblast
P07:792	CAF/Fibroblast
P07:793	Myeloid
P07:794	Tumor/Epithelial
P07:795	Myeloid
P07:796	Myeloid
P07:797	Myeloid
P07:798	Myeloid
P07:799	Tumor/Epithelial
P07:800	Myeloid
P07:801	Myeloid
P07:802	Tumor/Epithelial
P07:803	T/NK
P07:804	CAF/Fibroblast
P07:805	Myeloid
P07:806	Myeloid
P07:807	Myeloid
P07:808	Myeloid
P07:809	Myeloid
P07:810	Myeloid
P07:811	Myeloid
P07:812	CAF/Fibroblast
P07:813	Myeloid
P07:814	T/NK
P07:815	Unknown
P07:816	CAF/Fibroblast
P07:817	Myeloid
P07:818	Myeloid
P07:819	Unknown
P07:820	Tumor/Epithelial
P07:821	Myeloid
P07:822	Myeloid
P07:823	Myeloid
P07:824	Myeloid
P07:825	Tumor/Epithelial
P07:826	Myeloid
P07:827	Tumor/Epithelial
P07:828	Myeloid
P07:829	Myeloid
P07:830	Myeloid
P07:831	Myeloid
P07:832	Myeloid
P07:833	Myeloid
P07:834	Myeloid
P07:835	Myeloid
P07:836	Myeloid
P07:837	Tumor/Epithelial
P07:838	Myeloid
P07:839	Tumor/Epithelial
P07:840	Myeloid
P07:841	CAF/Fibroblast
P07:842	Myeloid
P07:843	Myeloid
P07:844	Myeloid
P07:845	Myeloid
P07:846	Myeloid
P07:847	Tumor/Epithelial
P07:848	Myeloid
P07:849	Myeloid
P07:850	Tumor/Epithelial
P07:851	Tumor/Epithelial
P07:852	T/NK
P07:853	CAF/Fibroblast
P07:854	CAF/Fibroblast
P07:855	Tumor/Epithelial
P07:856	Myeloid
P07:857	Myeloid
P07:858	Unknown
P07:859	Tumor/Epithelial
P07:860	Myeloid
P07:861	Myeloid
P07:862	Myeloid
P07:863	Myeloid
P07:864	CAF/Fibroblast
P07:865	Myeloid
P07:866	T/NK
P07:867	Unknown
P07:868	Myeloid
P07:869	Myeloid
P07:870	Myeloid
P07:871	CAF/Fibroblast
P07:872	Myeloid
P07:873	Tumor/Epithelial
P07:874	Unknown
P07:875	Myeloid
P07:876	Myeloid
P07:877	Myeloid
P07:878	Myeloid
P07:879	Tumor/Epithelial
P07:880	Myeloid
P07:881	Myeloid
P07:882	Myeloid
P07:883	Myeloid
P07:884	Myeloid
P07:885	Myeloid
P07:886	Unknown
P07:887	Tumor/Epithelial
P07:888	Myeloid
P07:889	Myeloid
P07:890	Unknown
P07:891	Myeloid
P07:892	T/NK
P07:893	Myeloid
P07:894	Myeloid
P07:895	Tumor/Epithelial
P07:896	Myeloid
P07:897	Myeloid
P07:898	CAF/Fibroblast
P07:899	Unknown
P07:900	Myeloid
P07:901	CAF/Fibroblast
P07:902	Myeloid
P07:903	Myeloid
P07:904	Unknown
P07:905	Myeloid
P07:906	Myeloid
P07:907	CAF/Fibroblast
P07:908	Myeloid
P07:909	Tumor/Epithelial
P07:910	Tumor/Epithelial
P07:911	Myeloid
P07:912	Myeloid
P07:913	Myeloid
P07:914	Myeloid
P07:915	Tumor/Epithelial
P07:916	Unknown
P07:917	Myeloid
P07:918	Myeloid
P07:919	Tumor/Epithelial
P07:920	Tumor/Epithelial
P07:921	Tumor/Epithelial
P07:922	Tumor/Epithelial
P07:923	CAF/Fibroblast
P07:924	Myeloid
P07:925	Myeloid
P07:926	Myeloid
P07:927	Myeloid
P07:928	Tumor/Epithelial
P07:929	Myeloid
P07:930	CAF/Fibroblast
P07:931	Myeloid
P07:932	Myeloid
P07:933	Myeloid
P07:934	CAF/Fibroblast
P07:935	Myeloid
P07:936	Myeloid
P07:937	Unknown
P07:938	Myeloid
P07:939	Myeloid
P07:940	CAF/Fibroblast
P07:941	Myeloid
P07:942	Tumor/Epithelial
P07:943	Tumor/Epithelial
P07:944	Myeloid
P07:945	Myeloid
P07:946	Myeloid
P07:947	Tumor/Epithelial
P07:948	Myeloid
P07:949	Tumor/Epithelial
P07:950	Tumor/Epithelial
P07:951	T/NK
P07:952	Myeloid
P07:953	Myeloid
P07:954	Myeloid
P07:955	CAF/Fibroblast
P07:956	Myeloid
P07:957	Myeloid
P07:958	Unknown
P07:959	Myeloid
P07:960	Myeloid
P07:961	Myeloid
P07:962	Tumor/Epithelial
P07:963	Tumor/Epithelial
P07:964	Myeloid
P07:965	Tumor/Epithelial
P07:966	Myeloid
P07:967	Myeloid
P07:968	Myeloid
P07:969	Tumor/Epithelial
P07:970	CAF/Fibroblast
P07:971	CAF/Fibroblast
P07:972	Tumor/Epithelial
P07:973	Unknown
P07:974	Myeloid
P07:975	Tumor/Epithelial
P07:976	Unknown
P07:977	Myeloid
P07:978	Myeloid
P07:979	Tumor/Epithelial
P07:980	Myeloid
P07:981	Tumor/Epithelial
P07:982	CAF/Fibroblast
P07:983	Myeloid
P07:984	CAF/Fibroblast
P07:985	CAF/Fibroblast
P07:986	Myeloid
P07:987	Myeloid
P07:988	Tumor/Epithelial
P07:989	Myeloid
P07:990	Myeloid
P07:991	Tumor/Epithelial
P07:992	Tumor/Epithelial
P07:993	Myeloid
P07:994	CAF/Fibroblast
P07:995	Myeloid
P07:996	Myeloid
P07:997	Myeloid
P07:998	Myeloid
P07:999	Myeloid
P07:1000	Unknown
P07:1001	Tumor/Epithelial
P07:1002	Myeloid
P07:1003	Myeloid
P07:1004	Myeloid
P07:1005	Myeloid
P07:1006	Tumor/Epithelial
P07:1007	Tumor/Epithelial
P07:1008	Myeloid
P07:1009	Tumor/Epithelial
P07:1010	CAF/Fibroblast
P07:1011	Unknown
P07:1012	Myeloid
P07:1013	CAF/Fibroblast
P07:1014	Tumor/Epithelial
P07:1015	Tumor/Epithelial
P07:1016	Myeloid
P07:1017	Myeloid
P07:1018	Myeloid
P07:1019	Myeloid
P07:1020	Myeloid
P07:1021	Myeloid
P07:1022	Myeloid
P07:1023	CAF/Fibroblast
P07:1024	Unknown
P07:1025	Myeloid
P07:1026	Tumor/Epithelial
P07:1027	Myeloid
P07:1028	Myeloid
P07:1029	Myeloid
P07:1030	CAF/Fibroblast
P07:1031	Myeloid
P07:1032	T/NK
P07:1033	Unknown
P07:1034	Tumor/Epithelial
P07:1035	Myeloid
P07:1036	Tumor/Epithelial
P07:1037	Myeloid
P07:1038	Tumor/Epithelial
P07:1039	T/NK
P07:1040	Unknown
P07:1041	Myeloid
P07:1042	Tumor/Epithelial
P07:1043	Myeloid
P07:1044	Myeloid
P07:1045	Tumor/Epithelial
P07:1046	Tumor/Epithelial
P07:1047	Myeloid
P07:1048	Unknown
P07:1049	Myeloid
P07:1050	Myeloid
P07:1051	CAF/Fibroblast
P07:1052	Myeloid
P07:1053	Myeloid
P07:1054	CAF/Fibroblast
P07:1055	CAF/Fibroblast
P07:1056	Myeloid
P07:1057	Myeloid
P07:1058	Myeloid
P07:1059	Tumor/Epithelial
P07:1060	Tumor/Epithelial
P07:1061	Myeloid
P07:1062	Myeloid
P07:1063	Unknown
P07:1064	Myeloid
P07:1065	Myeloid
P07:1066	Myeloid
P07:1067	Tumor/Epithelial
P07:1068	Myeloid
P07:1069	Tumor/Epithelial
P07:1070	Myeloid
P07:1071	Myeloid
P07:1072	Myeloid
P07:1073	Myeloid
P07:1074	Unknown
P07:1075	Myeloid
P07:1076	CAF/Fibroblast
P08:1	Tumor/Epithelial
P08:2	Tumor/Epithelial
P08:3	CAF/Fibroblast
P08:4	CAF/Fibroblast
P08:5	Myeloid
P08:6	Tumor/Epithelial
P08:7	Tumor/Epithelial
P08:8	CAF/Fibroblast
P08:9	Unknown
P08:10	Tumor/Epithelial
P08:11	Unknown
P08:12	Tumor/Epithelial
P08:13	CAF/Fibroblast
P08:14	Tumor/Epithelial
P08:15	Tumor/Epithelial
P08:16	Unknown
P08:17	Unknown
P08:18	Unknown
P08:19	Tumor/Epithelial
P08:20	Tumor/Epithelial
P08:21	Tumor/Epithelial
P08:22	Tumor/Epithelial
P08:23	Tumor/Epithelial
P08:24	Tumor/Epithelial
P08:25	Tumor/Epithelial
P08:26	CAF/Fibroblast
P08:27	CAF/Fibroblast
P08:28	CAF/Fibroblast
P08:29	Tumor/Epithelial
P08:30	CAF/Fibroblast
P08:31	CAF/Fibroblast
P08:32	CAF/Fibroblast
P08:33	Tumor/Epithelial
P08:34	CAF/Fibroblast
P08:35	Tumor/Epithelial
P08:36	CAF/Fibroblast
P08:37	Myeloid
P08:38	Tumor/Epithelial
P08:39	Tumor/Epithelial
P08:40	Tumor/Epithelial
P08:41	Tumor/Epithelial
P08:42	Tumor/Epithelial
P08:43	Tumor/Epithelial
P08:44	Myeloid
P08:45	Tumor/Epithelial
P08:46	Tumor/Epithelial
P08:47	Tumor/Epithelial
P08:48	Myeloid
P08:49	Tumor/Epithelial
P08:50	CAF/Fibroblast
P08:51	Tumor/Epithelial
P08:52	Myeloid
P08:53	Tumor/Epithelial
P08:54	Tumor/Epithelial
P08:55	CAF/Fibroblast
P08:56	Tumor/Epithelial
P08:57	Tumor/Epithelial
P08:58	Tumor/Epithelial
P08:59	Tumor/Epithelial
P08:60	Tumor/Epithelial
P08:61	CAF/Fibroblast
P08:62	CAF/Fibroblast
P08:63	Tumor/Epithelial
P08:64	Tumor/Epithelial
P08:65	Myeloid
P08:66	Tumor/Epithelial
P08:67	Tumor/Epithelial
P08:68	Tumor/Epithelial
P08:69	Tumor/Epithelial
P08:70	Tumor/Epithelial
P08:71	Tumor/Epithelial
P08:72	CAF/Fibroblast
P08:73	Tumor/Epithelial
P08:74	CAF/Fibroblast
P08:75	Tumor/Epithelial
P08:76	Tumor/Epithelial
P08:77	Tumor/Epithelial
P08:78	Tumor/Epithelial
P08:79	Tumor/Epithelial
P08:80	Tumor/Epithelial
P08:81	Tumor/Epithelial
P08:82	CAF/Fibroblast
P08:83	Myeloid
P08:84	Tumor/Epithelial
P08:85	Tumor/Epithelial
P08:86	Tumor/Epithelial
P08:87	Tumor/Epithelial
P08:88	Tumor/Epithelial
P08:89	Tumor/Epithelial
P08:90	Tumor/Epithelial
P08:91	Tumor/Epithelial
P08:92	Tumor/Epithelial
P08:93	Tumor/Epithelial
P08:94	Tumor/Epithelial
P08:95	Tumor/Epithelial
P08:96	Tumor/Epithelial
P08:97	CAF/Fibroblast
P08:98	Tumor/Epithelial
P08:99	Tumor/Epithelial
P08:100	Tumor/Epithelial
P08:101	Tumor/Epithelial
P08:102	Myeloid
P08:103	Myeloid
P08:104	Tumor/Epithelial
P08:105	Myeloid
P08:106	CAF/Fibroblast
P08:107	Unknown
P08:108	Unknown
P08:109	CAF/Fibroblast
P08:110	CAF/Fibroblast
P08:111	Tumor/Epithelial
P08:112	Tumor/Epithelial
P08:113	Tumor/Epithelial
P08:114	Myeloid
P08:115	Unknown
P08:116	Tumor/Epithelial
P08:117	CAF/Fibroblast
P08:118	Tumor/Epithelial
P08:119	Tumor/Epithelial
P08:120	Tumor/Epithelial
P08:121	Tumor/Epithelial
P08:122	Tumor/Epithelial
P08:123	Tumor/Epithelial
P08:124	Tumor/Epithelial
P08:125	Myeloid
P08:126	Tumor/Epithelial
P08:127	Tumor/Epithelial
P08:128	Tumor/Epithelial
P08:129	Tumor/Epithelial
P08:130	Tumor/Epithelial
P08:131	Tumor/Epithelial
P08:132	Tumor/Epithelial
P08:133	Unknown
P08:134	Tumor/Epithelial
P08:135	Tumor/Epithelial
P08:136	Tumor/Epithelial
P08:137	Tumor/Epithelial
P08:138	CAF/Fibroblast
P08:139	Myeloid
P08:140	Tumor/Epithelial
P08:141	Tumor/Epithelial
P08:142	CAF/Fibroblast
P08:143	CAF/Fibroblast
P08:144	Tumor/Epithelial
P08:145	CAF/Fibroblast
P08:146	Tumor/Epithelial
P08:147	Unknown
P08:148	Tumor/Epithelial
P08:149	Tumor/Epithelial
P08:150	Tumor/Epithelial
P08:151	Tumor/Epithelial
P08:152	Tumor/Epithelial
P08:153	Tumor/Epithelial
P08:154	CAF/Fibroblast
P08:155	Tumor/Epithelial
P08:156	Tumor/Epithelial
P08:157	Tumor/Epithelial
P08:158	Tumor/Epithelial
P08:159	Tumor/Epithelial
P08:160	CAF/Fibroblast
P08:161	Tumor/Epithelial
P08:162	Tumor/Epithelial
P08:163	CAF/Fibroblast
P08:164	Tumor/Epithelial
P08:165	Tumor/Epithelial
P08:166	CAF/Fibroblast
P08:167	Tumor/Epithelial
P08:168	Myeloid
P08:169	Tumor/Epithelial
P08:170	Myeloid
P08:171	Tumor/Epithelial
P08:172	Tumor/Epithelial
P08:173	Unknown
P08:174	Myeloid
P08:175	Tumor/Epithelial
P08:176	CAF/Fibroblast
P08:177	Tumor/Epithelial
P08:178	Tumor/Epithelial
P08:179	Endothelial
P08:180	Tumor/Epithelial
P08:181	Tumor/Epithelial
P08:182	Tumor/Epithelial
P08:183	Tumor/Epithelial
P08:184	Tumor/Epithelial
P08:185	Tumor/Epithelial
P08:186	Tumor/Epithelial
P08:187	Tumor/Epithelial
P08:188	CAF/Fibroblast
P08:189	CAF/Fibroblast
P08:190	Tumor/Epithelial
P08:191	Tumor/Epithelial
P08:192	Unknown
P08:193	Tumor/Epithelial
P08:194	Myeloid
P08:195	Tumor/Epithelial
P08:196	Tumor/Epithelial
P08:197	Unknown
P08:198	Tumor/Epithelial
P08:199	Tumor/Epithelial
P08:200	Tumor/Epithelial
P08:201	Tumor/Epithelial
P08:202	Myeloid
P08:203	Tumor/Epithelial
P08:204	Tumor/Epithelial
P08:205	CAF/Fibroblast
P08:206	Tumor/Epithelial
P08:207	Tumor/Epithelial
P08:208	Tumor/Epithelial
P08:209	Tumor/Epithelial
P08:210	Unknown
P08:211	Tumor/Epithelial
P08:212	CAF/Fibroblast
P08:213	Tumor/Epithelial
P08:214	Tumor/Epithelial
P08:215	Myeloid
P08:216	Tumor/Epithelial
P08:217	Tumor/Epithelial
P08:218	Myeloid
P08:219	Tumor/Epithelial
P08:220	Tumor/Epithelial
P08:221	Endothelial
P08:222	CAF/Fibroblast
P08:223	Myeloid
P08:224	Tumor/Epithelial
P08:225	Tumor/Epithelial
P08:226	Tumor/Epithelial
P08:227	Tumor/Epithelial
P08:228	Tumor/Epithelial
P08:229	Tumor/Epithelial
P08:230	Tumor/Epithelial
P08:231	Tumor/Epithelial
P08:232	Unknown
P08:233	Tumor/Epithelial
P08:234	Tumor/Epithelial
P08:235	Tumor/Epithelial
P08:236	Tumor/Epithelial
P08:237	Myeloid
P08:238	CAF/Fibroblast
P08:239	Tumor/Epithelial
P08:240	Tumor/Epithelial
P08:241	Unknown
P08:242	Tumor/Epithelial
P08:243	Tumor/Epithelial
P08:244	Tumor/Epithelial
P08:245	Tumor/Epithelial
P08:246	CAF/Fibroblast
P08:247	Tumor/Epithelial
P08:248	Tumor/Epithelial
P08:249	Tumor/Epithelial
P08:250	Tumor/Epithelial
P08:251	Tumor/Epithelial
P08:252	Tumor/Epithelial
P08:253	Tumor/Epithelial
P08:254	Tumor/Epithelial
P08:255	Tumor/Epithelial
P08:256	Tumor/Epithelial
P08:257	Tumor/Epithelial
P08:258	Tumor/Epithelial
P08:259	Myeloid
P08:260	Tumor/Epithelial
P08:261	Tumor/Epithelial
P08:262	Unknown
P08:263	Tumor/Epithelial
P08:264	Tumor/Epithelial
P08:265	Unknown
P08:266	Tumor/Epithelial
P08:267	Tumor/Epithelial
P08:268	Tumor/Epithelial
P08:269	Tumor/Epithelial
P08:270	Tumor/Epithelial
P08:271	Tumor/Epithelial
P08:272	Tumor/Epithelial
P08:273	CAF/Fibroblast
P08:274	Unknown
P08:275	Tumor/Epithelial
P08:276	Tumor/Epithelial
P08:277	Tumor/Epithelial
P08:278	Tumor/Epithelial
P08:279	Tumor/Epithelial
P08:280	Tumor/Epithelial
P08:281	CAF/Fibroblast
P08:282	CAF/Fibroblast
P08:283	Myeloid
P08:284	CAF/Fibroblast
P08:285	Tumor/Epithelial
P08:286	Tumor/Epithelial
P08:287	Tumor/Epithelial
P08:288	Tumor/Epithelial
P08:289	Tumor/Epithelial
P08:290	CAF/Fibroblast
P08:291	Tumor/Epithelial
P08:292	Tumor/Epithelial
P08:293	Tumor/Epithelial
P08:294	Tumor/Epithelial
P08:295	Tumor/Epithelial
P08:296	Tumor/Epithelial
P08:297	Tumor/Epithelial
P08:298	Tumor/Epithelial
P08:299	Tumor/Epithelial
P08:300	CAF/Fibroblast
P08:301	Tumor/Epithelial
P08:302	Tumor/Epithelial
P08:303	Tumor/Epithelial
P08:304	Tumor/Epithelial
P08:305	Tumor/Epithelial
P08:306	Tumor/Epithelial
P08:307	Tumor/Epithelial
P08:308	Tumor/Epithelial
P08:309	Tumor/Epithelial
P08:310	Tumor/Epithelial
P08:311	Tumor/Epithelial
P08:312	Tumor/Epithelial
P08:313	Myeloid
P08:314	Tumor/Epithelial
P08:315	Tumor/Epithelial
P08:316	Tumor/Epithelial
P08:317	Tumor/Epithelial
P08:318	Tumor/Epithelial
P08:319	CAF/Fibroblast
P08:320	Tumor/Epithelial
P08:321	CAF/Fibroblast
P08:322	Endothelial
P08:323	Tumor/Epithelial
P08:324	Tumor/Epithelial
P08:325	Tumor/Epithelial
P08:326	CAF/Fibroblast
P08:327	Tumor/Epithelial
P08:328	Tumor/Epithelial
P08:329	Myeloid
P08:330	Tumor/Epithelial
P08:331	Unknown
P08:332	Tumor/Epithelial
P08:333	CAF/Fibroblast
P08:334	CAF/Fibroblast
P08:335	Tumor/Epithelial
P08:336	CAF/Fibroblast
P08:337	Tumor/Epithelial
P08:338	Myeloid
P08:339	Tumor/Epithelial
P08:340	Tumor/Epithelial
P08:341	Tumor/Epithelial
P08:342	Tumor/Epithelial
P08:343	Tumor/Epithelial
P08:344	Tumor/Epithelial
P08:345	Tumor/Epithelial
P08:346	Myeloid
P08:347	CAF/Fibroblast
P08:348	Tumor/Epithelial
P08:349	CAF/Fibroblast
P08:350	Tumor/Epithelial
P08:351	Tumor/Epithelial
P08:352	Tumor/Epithelial
P08:353	CAF/Fibroblast
P08:354	Tumor/Epithelial
P08:355	Myeloid
P08:356	Tumor/Epithelial
P08:357	Tumor/Epithelial
P08:358	Tumor/Epithelial
P08:359	CAF/Fibroblast
P08:360	Myeloid
P08:361	Tumor/Epithelial
P08:362	Tumor/Epithelial
P08:363	Tumor/Epithelial
P08:364	Tumor/Epithelial
P08:365	Tumor/Epithelial
P08:366	Tumor/Epithelial
P08:367	Myeloid
P08:368	Tumor/Epithelial
P08:369	CAF/Fibroblast
P08:370	Myeloid
P08:371	Tumor/Epithelial
P08:372	CAF/Fibroblast
P08:373	Tumor/Epithelial
P08:374	Tumor/Epithelial
P08:375	Myeloid
P08:376	Myeloid
P08:377	CAF/Fibroblast
P08:378	Myeloid
P08:379	CAF/Fibroblast
P08:380	Tumor/Epithelial
P08:381	Tumor/Epithelial
P08:382	T/NK
P08:383	Tumor/Epithelial
P08:384	Tumor/Epithelial
P08:385	CAF/Fibroblast
P08:386	Unknown
P08:387	Myeloid
P08:388	Tumor/Epithelial
P08:389	Unknown
P08:390	Myeloid
P08:391	Tumor/Epithelial
P08:392	Tumor/Epithelial
P08:393	CAF/Fibroblast
P08:394	Tumor/Epithelial
P08:395	Tumor/Epithelial
P08:396	Tumor/Epithelial
P08:397	Tumor/Epithelial
P08:398	Tumor/Epithelial
P08:399	Myeloid
P08:400	Tumor/Epithelial
P08:401	CAF/Fibroblast
P08:402	Unknown
P08:403	Tumor/Epithelial
P08:404	Unknown
P08:405	Tumor/Epithelial
P08:406	Unknown
P08:407	Tumor/Epithelial
P08:408	Myeloid
P08:409	Unknown
P08:410	CAF/Fibroblast
P08:411	Unknown
P08:412	Tumor/Epithelial
P08:413	Tumor/Epithelial
P08:414	Myeloid
P08:415	CAF/Fibroblast
P08:416	Tumor/Epithelial
P08:417	Unknown
P08:418	Tumor/Epithelial
P08:419	Tumor/Epithelial
P08:420	Tumor/Epithelial
P08:421	Tumor/Epithelial
P08:422	Tumor/Epithelial
P08:423	CAF/Fibroblast
P08:424	Unknown
P08:425	Myeloid
P08:426	Tumor/Epithelial
P08:427	Tumor/Epithelial
P08:428	Myeloid
P08:429	Tumor/Epithelial
P08:430	Tumor/Epithelial
P08:431	Unknown
P08:432	Myeloid
P08:433	Tumor/Epithelial
P08:434	Tumor/Epithelial
P08:435	Tumor/Epithelial
P08:436	Myeloid
P08:437	Unknown
P08:438	Myeloid
P08:439	Tumor/Epithelial
P08:440	Tumor/Epithelial
P08:441	Tumor/Epithelial
P08:442	Tumor/Epithelial
P08:443	Tumor/Epithelial
P08:444	Tumor/Epithelial
P08:445	CAF/Fibroblast
P08:446	Tumor/Epithelial
P08:447	Tumor/Epithelial
P08:448	Tumor/Epithelial
P08:449	Tumor/Epithelial
P08:450	Tumor/Epithelial
P08:451	Tumor/Epithelial
P08:452	Myeloid
P08:453	Tumor/Epithelial
P08:454	Tumor/Epithelial
P08:455	Tumor/Epithelial
P08:456	Tumor/Epithelial
P08:457	Tumor/Epithelial
P08:458	Tumor/Epithelial
P08:459	Tumor/Epithelial
P08:460	Myeloid
P08:461	Tumor/Epithelial
P08:462	Tumor/Epithelial
P08:463	Tumor/Epithelial
P08:464	Tumor/Epithelial
P08:465	Tumor/Epithelial
P08:466	Tumor/Epithelial
P08:467	CAF/Fibroblast
P08:468	CAF/Fibroblast
P08:469	Tumor/Epithelial
P08:470	Tumor/Epithelial
P08:471	Unknown
P08:472	Tumor/Epithelial
P08:473	Tumor/Epithelial
P08:474	Myeloid
P08:475	CAF/Fibroblast
P08:476	Tumor/Epithelial
P08:477	CAF/Fibroblast
P08:478	Tumor/Epithelial
P08:479	B/Plasma
P08:480	Tumor/Epithelial
P08:481	Tumor/Epithelial
P08:482	Tumor/Epithelial
P08:483	Myeloid
P08:484	Tumor/Epithelial
P08:485	Tumor/Epithelial
P08:486	Tumor/Epithelial
P08:487	Tumor/Epithelial
P08:488	Tumor/Epithelial
P08:489	Endothelial
P08:490	Tumor/Epithelial
P08:491	Tumor/Epithelial
P08:492	Myeloid
P08:493	Tumor/Epithelial
P08:494	Tumor/Epithelial
P08:495	Tumor/Epithelial
P08:496	Tumor/Epithelial
P08:497	B/Plasma
P08:498	CAF/Fibroblast
P08:499	Tumor/Epithelial
P08:500	Tumor/Epithelial
P08:501	Tumor/Epithelial
P08:502	Tumor/Epithelial
P08:503	CAF/Fibroblast
P08:504	Tumor/Epithelial
P08:505	Unknown
P08:506	Tumor/Epithelial
P08:507	Tumor/Epithelial
P08:508	Tumor/Epithelial
P08:509	Tumor/Epithelial
P08:510	Tumor/Epithelial
P08:511	CAF/Fibroblast
P08:512	CAF/Fibroblast
P08:513	Tumor/Epithelial
P08:514	Tumor/Epithelial
P08:515	Tumor/Epithelial
P08:516	Tumor/Epithelial
P08:517	CAF/Fibroblast
P08:518	Tumor/Epithelial
P08:519	Tumor/Epithelial
P08:520	Tumor/Epithelial
P08:521	Tumor/Epithelial
P08:522	Tumor/Epithelial
P08:523	Endothelial
P08:524	CAF/Fibroblast
P08:525	Tumor/Epithelial
P08:526	Tumor/Epithelial
P08:527	Myeloid
P08:528	Tumor/Epithelial
P08:529	Myeloid
P08:530	Unknown
P08:531	Unknown
P08:532	CAF/Fibroblast
P08:533	Tumor/Epithelial
P08:534	Tumor/Epithelial
P08:535	CAF/Fibroblast
P08:536	Myeloid
P08:537	Tumor/Epithelial
P08:538	Tumor/Epithelial
P08:539	Myeloid
P08:540	CAF/Fibroblast
P08:541	Tumor/Epithelial
P08:542	CAF/Fibroblast
P08:543	Tumor/Epithelial
P08:544	Tumor/Epithelial
P08:545	Tumor/Epithelial
P08:546	Tumor/Epithelial
P08:547	CAF/Fibroblast
P08:548	Unknown
P08:549	Tumor/Epithelial
P08:550	Tumor/Epithelial
P08:551	CAF/Fibroblast
P08:552	CAF/Fibroblast
P08:553	Tumor/Epithelial
P08:554	Tumor/Epithelial
P08:555	CAF/Fibroblast
P08:556	Tumor/Epithelial
P08:557	Tumor/Epithelial
P08:558	Tumor/Epithelial
P08:559	Tumor/Epithelial
P08:560	Tumor/Epithelial
P08:561	Tumor/Epithelial
P08:562	Tumor/Epithelial
P08:563	Tumor/Epithelial
P08:564	Tumor/Epithelial
P08:565	Endothelial
P08:566	Tumor/Epithelial
P08:567	Tumor/Epithelial
P08:568	Tumor/Epithelial
P08:569	Tumor/Epithelial
P08:570	Tumor/Epithelial
P08:571	Myeloid
P08:572	Myeloid
P08:573	Tumor/Epithelial
P08:574	Tumor/Epithelial
P08:575	Unknown
P08:576	Tumor/Epithelial
P08:577	Tumor/Epithelial
P08:578	Tumor/Epithelial
P08:579	CAF/Fibroblast
P08:580	Tumor/Epithelial
P08:581	Tumor/Epithelial
P08:582	Tumor/Epithelial
P08:583	Tumor/Epithelial
P08:584	Tumor/Epithelial
P08:585	Tumor/Epithelial
P08:586	Tumor/Epithelial
P08:587	Tumor/Epithelial
P08:588	Tumor/Epithelial
P08:589	Tumor/Epithelial
P08:590	Tumor/Epithelial
P08:591	Tumor/Epithelial
P08:592	CAF/Fibroblast
P08:593	CAF/Fibroblast
P08:594	Tumor/Epithelial
P08:595	Myeloid
P08:596	Myeloid
P08:597	Tumor/Epithelial
P08:598	Tumor/Epithelial
P08:599	Unknown
P08:600	CAF/Fibroblast
P08:601	CAF/Fibroblast
P08:602	Tumor/Epithelial
P08:603	Tumor/Epithelial
P08:604	Myeloid
P08:605	Tumor/Epithelial
P08:606	CAF/Fibroblast
P08:607	Tumor/Epithelial
P08:608	Tumor/Epithelial
P08:609	Tumor/Epithelial
P08:610	Tumor/Epithelial
P08:611	Tumor/Epithelial
P08:612	Tumor/Epithelial
P08:613	Tumor/Epithelial
P08:614	Tumor/Epithelial
P08:615	Myeloid
P08:616	Tumor/Epithelial
P08:617	Unknown
P08:618	Tumor/Epithelial
P08:619	Tumor/Epithelial
P08:620	Tumor/Epithelial
P08:621	CAF/Fibroblast
P08:622	Tumor/Epithelial
P08:623	Tumor/Epithelial
P08:624	Tumor/Epithelial
P08:625	Tumor/Epithelial
P08:626	Myeloid
P08:627	Myeloid
P08:628	Tumor/Epithelial
P08:629	CAF/Fibroblast
P08:630	Unknown
P08:631	Tumor/Epithelial
P08:632	Tumor/Epithelial
P08:633	Tumor/Epithelial
P08:634	CAF/Fibroblast
P08:635	Tumor/Epithelial
P08:636	Tumor/Epithelial
P08:637	Tumor/Epithelial
P08:638	Tumor/Epithelial
P08:639	Tumor/Epithelial
P08:640	Tumor/Epithelial
P08:641	Tumor/Epithelial
P08:642	CAF/Fibroblast
P08:643	Tumor/Epithelial
P08:644	Tumor/Epithelial
P08:645	Myeloid
P08:646	CAF/Fibroblast
P08:647	Unknown
P08:648	Tumor/Epithelial
P08:649	CAF/Fibroblast
P08:650	Tumor/Epithelial
P08:651	Unknown
P08:652	CAF/Fibroblast
P08:653	Myeloid
P08:654	Myeloid
P08:655	Tumor/Epithelial
P08:656	Tumor/Epithelial
P08:657	Tumor/Epithelial
P08:658	CAF/Fibroblast
P08:659	Myeloid
P08:660	Unknown
P08:661	Tumor/Epithelial
P08:662	Tumor/Epithelial
P08:663	Unknown
P08:664	Endothelial
P08:665	Tumor/Epithelial
P08:666	Tumor/Epithelial
P08:667	Tumor/Epithelial
P08:668	Tumor/Epithelial
P08:669	Tumor/Epithelial
P08:670	Tumor/Epithelial
P08:671	Tumor/Epithelial
P08:672	Unknown
P08:673	CAF/Fibroblast
P08:674	Unknown
P08:675	Tumor/Epithelial
P08:676	CAF/Fibroblast
P08:677	Tumor/Epithelial
P08:678	Tumor/Epithelial
P08:679	Tumor/Epithelial
P08:680	Tumor/Epithelial
P08:681	Tumor/Epithelial
P08:682	Tumor/Epithelial
P08:683	Myeloid
P08:684	Tumor/Epithelial
P08:685	Tumor/Epithelial
P08:686	Tumor/Epithelial
P08:687	Tumor/Epithelial
P08:688	Myeloid
P08:689	Tumor/Epithelial
P08:690	CAF/Fibroblast
P08:691	Unknown
P08:692	CAF/Fibroblast
P08:693	CAF/Fibroblast
P08:694	Tumor/Epithelial
P08:695	Tumor/Epithelial
P08:696	CAF/Fibroblast
P08:697	Tumor/Epithelial
P08:698	CAF/Fibroblast
P08:699	Tumor/Epithelial
P08:700	Tumor/Epithelial
P08:701	Tumor/Epithelial
P08:702	Tumor/Epithelial
P08:703	Unknown
P08:704	Tumor/Epithelial
P08:705	Tumor/Epithelial
P08:706	CAF/Fibroblast
P08:707	Unknown
P08:708	Tumor/Epithelial
P08:709	Tumor/Epithelial
P08:710	Tumor/Epithelial
P08:711	Tumor/Epithelial
P08:712	Tumor/Epithelial
P08:713	Tumor/Epithelial
P08:714	Tumor/Epithelial
P08:715	Endothelial
P08:716	Tumor/Epithelial
P08:717	Tumor/Epithelial
P08:718	Unknown
P08:719	Tumor/Epithelial
P08:720	CAF/Fibroblast
P08:721	Tumor/Epithelial
P08:722	Tumor/Epithelial
P08:723	Tumor/Epithelial
P08:724	Myeloid
P08:725	Tumor/Epithelial
P08:726	Myeloid
P08:727	Tumor/Epithelial
P08:728	Tumor/Epithelial
P08:729	Tumor/Epithelial
P08:730	Tumor/Epithelial
P08:731	Tumor/Epithelial
P08:732	Tumor/Epithelial
P08:733	Tumor/Epithelial
P08:734	Tumor/Epithelial
P08:735	Tumor/Epithelial
P08:736	CAF/Fibroblast
P08:737	Tumor/Epithelial
P08:738	Myeloid
P08:739	Unknown
P08:740	Tumor/Epithelial
P08:741	Tumor/Epithelial
P08:742	Tumor/Epithelial
P08:743	Tumor/Epithelial
P08:744	Tumor/Epithelial
P08:745	Tumor/Epithelial
P08:746	Tumor/Epithelial
P08:747	Myeloid
P08:748	CAF/Fibroblast
P08:749	Tumor/Epithelial
P08:750	Unknown
P08:751	CAF/Fibroblast
P08:752	Tumor/Epithelial
P08:753	Tumor/Epithelial
P08:754	Tumor/Epithelial
P08:755	Tumor/Epithelial
P08:756	Myeloid
P08:757	Tumor/Epithelial
P08:758	CAF/Fibroblast
P08:759	Tumor/Epithelial
P08:760	Tumor/Epithelial
P08:761	Tumor/Epithelial
P08:762	Tumor/Epithelial
P08:763	Tumor/Epithelial
P08:764	Myeloid
P08:765	Tumor/Epithelial
P08:766	Tumor/Epithelial
P08:767	CAF/Fibroblast
P08:768	CAF/Fibroblast
P08:769	Tumor/Epithelial
P08:770	Tumor/Epithelial
P08:771	CAF/Fibroblast
P08:772	Myeloid
P08:773	Tumor/Epithelial
P08:774	Tumor/Epithelial
P08:775	Endothelial
P08:776	Tumor/Epithelial
P08:777	Myeloid
P08:778	Tumor/Epithelial
P08:779	Tumor/Epithelial
P08:780	Unknown
P08:781	Tumor/Epithelial
P08:782	Tumor/Epithelial
P08:783	Tumor/Epithelial
P08:784	Tumor/Epithelial
P08:785	Unknown
P08:786	Tumor/Epithelial
P08:787	Tumor/Epithelial
P08:788	Tumor/Epithelial
P08:789	Tumor/Epithelial
P08:790	Tumor/Epithelial
P08:791	Tumor/Epithelial
P08:792	CAF/Fibroblast
P08:793	Tumor/Epithelial
P08:794	Tumor/Epithelial
P08:795	T/NK
P08:796	Myeloid
P08:797	Unknown
P08:798	Tumor/Epithelial
P08:799	Unknown
P08:800	Tumor/Epithelial
P08:801	Tumor/Epithelial
P08:802	Tumor/Epithelial
P08:803	Tumor/Epithelial
P08:804	Unknown
P08:805	Tumor/Epithelial
P08:806	Tumor/Epithelial
P08:807	Tumor/Epithelial
P08:808	Tumor/Epithelial
P08:809	Tumor/Epithelial
P08:810	Tumor/Epithelial
P08:811	Tumor/Epithelial
P08:812	Tumor/Epithelial
P08:813	Tumor/Epithelial
P08:814	Tumor/Epithelial
P08:815	Tumor/Epithelial
P08:816	Tumor/Epithelial
P08:817	Tumor/Epithelial
P08:818	CAF/Fibroblast
P08:819	Unknown
P08:820	Tumor/Epithelial
P08:821	Tumor/Epithelial
P08:822	Myeloid
P08:823	Myeloid
P08:824	Tumor/Epithelial
P08:825	Myeloid
P08:826	Myeloid
P08:827	CAF/Fibroblast
P08:828	CAF/Fibroblast
P08:829	Tumor/Epithelial
P08:830	CAF/Fibroblast
P08:831	Tumor/Epithelial
P08:832	Myeloid
P08:833	Unknown
P08:834	Unknown
P08:835	Myeloid
P08:836	Tumor/Epithelial
P08:837	Tumor/Epithelial
P08:838	Tumor/Epithelial
P08:839	Tumor/Epithelial
P08:840	Myeloid
P08:841	Tumor/Epithelial
P08:842	Myeloid
P08:843	Tumor/Epithelial
P08:844	Tumor/Epithelial
P08:845	Tumor/Epithelial
P08:846	Tumor/Epithelial
P08:847	Endothelial
P08:848	CAF/Fibroblast
P08:849	Tumor/Epithelial
P08:850	CAF/Fibroblast
P08:851	Myeloid
P08:852	CAF/Fibroblast
P08:853	Tumor/Epithelial
P08:854	Tumor/Epithelial
P08:855	Tumor/Epithelial
P08:856	Tumor/Epithelial
P08:857	Tumor/Epithelial
P08:858	Tumor/Epithelial
P08:859	Tumor/Epithelial
P08:860	Tumor/Epithelial
P08:861	Tumor/Epithelial
P08:862	CAF/Fibroblast
P08:863	CAF/Fibroblast
P08:864	Unknown
P08:865	CAF/Fibroblast
P08:866	Tumor/Epithelial
P08:867	Tumor/Epithelial
P08:868	Tumor/Epithelial
P08:869	Unknown
P08:870	CAF/Fibroblast
P08:871	Tumor/Epithelial
P08:872	Tumor/Epithelial
P08:873	Tumor/Epithelial
P08:874	CAF/Fibroblast
P08:875	Myeloid
P08:876	Tumor/Epithelial
P08:877	Tumor/Epithelial
P08:878	Tumor/Epithelial
P08:879	Tumor/Epithelial
P08:880	Unknown
P08:881	Tumor/Epithelial
P08:882	Tumor/Epithelial
P08:883	Myeloid
P08:884	CAF/Fibroblast
P08:885	CAF/Fibroblast
P08:886	Tumor/Epithelial
P08:887	Tumor/Epithelial
P08:888	Tumor/Epithelial
P08:889	Tumor/Epithelial
P08:890	Tumor/Epithelial
P08:891	Tumor/Epithelial
P08:892	Tumor/Epithelial
P08:893	CAF/Fibroblast
P08:894	Myeloid
P08:895	Tumor/Epithelial
P08:896	Tumor/Epithelial
P08:897	Myeloid
P08:898	Tumor/Epithelial
P08:899	Tumor/Epithelial
P08:900	Myeloid
P08:901	CAF/Fibroblast
P08:902	Tumor/Epithelial
P08:903	Tumor/Epithelial
P08:904	Tumor/Epithelial
P08:905	Myeloid
P08:906	Myeloid
P08:907	Tumor/Epithelial
P08:908	Tumor/Epithelial
P08:909	Tumor/Epithelial
P08:910	Tumor/Epithelial
P08:911	Tumor/Epithelial
P08:912	CAF/Fibroblast
P08:913	CAF/Fibroblast
P08:914	Tumor/Epithelial
P08:915	Tumor/Epithelial
P08:916	Tumor/Epithelial
P08:917	Tumor/Epithelial
P08:918	CAF/Fibroblast
P08:919	Tumor/Epithelial
P08:920	Endothelial
P08:921	Tumor/Epithelial
P08:922	Myeloid
P08:923	Tumor/Epithelial
P08:924	CAF/Fibroblast
P08:925	Tumor/Epithelial
P08:926	Tumor/Epithelial
P08:927	Tumor/Epithelial
P08:928	Tumor/Epithelial
P08:929	Tumor/Epithelial
P08:930	Tumor/Epithelial
P08:931	Tumor/Epithelial
P08:932	CAF/Fibroblast
P08:933	CAF/Fibroblast
P08:934	CAF/Fibroblast
P08:935	Tumor/Epithelial
P08:936	Unknown
P08:937	Tumor/Epithelial
P08:938	Tumor/Epithelial
P08:939	CAF/Fibroblast
P08:940	Tumor/Epithelial
P08:941	CAF/Fibroblast
P08:942	Tumor/Epithelial
P08:943	CAF/Fibroblast
P08:944	Tumor/Epithelial
P08:945	Tumor/Epithelial
P08:946	Tumor/Epithelial
P08:947	CAF/Fibroblast
P08:948	Tumor/Epithelial
P08:949	Myeloid
P08:950	Myeloid
P08:951	Myeloid
P08:952	CAF/Fibroblast
P08:953	CAF/Fibroblast
P08:954	Unknown
P08:955	Tumor/Epithelial
P08:956	CAF/Fibroblast
P08:957	Tumor/Epithelial
P08:958	CAF/Fibroblast
P08:959	Tumor/Epithelial
P08:960	Myeloid
P08:961	Tumor/Epithelial
P08:962	Tumor/Epithelial
P08:963	Tumor/Epithelial
P08:964	Tumor/Epithelial
P08:965	Tumor/Epithelial
P08:966	Myeloid
P08:967	Tumor/Epithelial
P08:968	Myeloid
P08:969	Tumor/Epithelial
P08:970	Tumor/Epithelial
P08:971	Tumor/Epithelial
P08:972	Myeloid
P08:973	Tumor/Epithelial
P08:974	Tumor/Epithelial
P08:975	Tumor/Epithelial
P08:976	Tumor/Epithelial
P08:977	Tumor/Epithelial
P08:978	Unknown
P08:979	Unknown
P08:980	Tumor/Epithelial
P08:981	Tumor/Epithelial
P08:982	Tumor/Epithelial
P08:983	Tumor/Epithelial
P08:984	Tumor/Epithelial
P08:985	Tumor/Epithelial
P08:986	Tumor/Epithelial
P08:987	Myeloid
P08:988	Tumor/Epithelial
P08:989	Tumor/Epithelial
P08:990	CAF/Fibroblast
P08:991	Tumor/Epithelial
P08:992	Tumor/Epithelial
P08:993	Tumor/Epithelial
P08:994	Tumor/Epithelial
P08:995	Tumor/Epithelial
P08:996	Unknown
P08:997	Tumor/Epithelial
P08:998	Tumor/Epithelial
P08:999	Tumor/Epithelial
P08:1000	Tumor/Epithelial
P08:1001	Unknown
P08:1002	Tumor/Epithelial
P08:1003	Tumor/Epithelial
P08:1004	Tumor/Epithelial
P08:1005	Tumor/Epithelial
P08:1006	CAF/Fibroblast
P08:1007	Unknown
P08:1008	CAF/Fibroblast
P08:1009	CAF/Fibroblast
P08:1010	Tumor/Epithelial
P08:1011	Myeloid
P08:1012	Tumor/Epithelial
P08:1013	Tumor/Epithelial
P08:1014	Tumor/Epithelial
P08:1015	CAF/Fibroblast
P08:1016	Tumor/Epithelial
P08:1017	CAF/Fibroblast
P08:1018	Tumor/Epithelial
P08:1019	CAF/Fibroblast
P08:1020	Unknown
P08:1021	Tumor/Epithelial
P08:1022	Tumor/Epithelial
P08:1023	Myeloid
P08:1024	Tumor/Epithelial
P08:1025	Tumor/Epithelial
P08:1026	Myeloid
P08:1027	CAF/Fibroblast
P08:1028	CAF/Fibroblast
P08:1029	Tumor/Epithelial
P08:1030	Tumor/Epithelial
P08:1031	Tumor/Epithelial
P08:1032	Tumor/Epithelial
P08:1033	Myeloid
P08:1034	Tumor/Epithelial
P08:1035	Tumor/Epithelial
P08:1036	Tumor/Epithelial
P08:1037	Tumor/Epithelial
P08:1038	Tumor/Epithelial
P08:1039	Tumor/Epithelial
P08:1040	Tumor/Epithelial
P08:1041	Unknown
P08:1042	CAF/Fibroblast
P08:1043	Tumor/Epithelial
P08:1044	Myeloid
P08:1045	Tumor/Epithelial
P08:1046	Tumor/Epithelial
P08:1047	Tumor/Epithelial
P08:1048	Tumor/Epithelial
P08:1049	Myeloid
P08:1050	Tumor/Epithelial
P08:1051	Tumor/Epithelial
P08:1052	Tumor/Epithelial
P08:1053	Tumor/Epithelial
P08:1054	Tumor/Epithelial
P08:1055	Myeloid
P08:1056	Tumor/Epithelial
P08:1057	Tumor/Epithelial
P08:1058	Tumor/Epithelial
P08:1059	Tumor/Epithelial
P08:1060	Tumor/Epithelial
P08:1061	Tumor/Epithelial
P08:1062	Tumor/Epithelial
P08:1063	CAF/Fibroblast
P08:1064	Tumor/Epithelial
P08:1065	Tumor/Epithelial
P08:1066	Tumor/Epithelial
P08:1067	Tumor/Epithelial
P08:1068	Tumor/Epithelial
P08:1069	Tumor/Epithelial
P08:1070	Tumor/Epithelial
P08:1071	Tumor/Epithelial
P08:1072	Tumor/Epithelial
P08:1073	Tumor/Epithelial
P08:1074	Myeloid
P08:1075	Myeloid
P08:1076	Myeloid
P08:1077	Tumor/Epithelial
P08:1078	Tumor/Epithelial
P08:1079	Tumor/Epithelial
P08:1080	Myeloid
P08:1081	Tumor/Epithelial
P08:1082	Tumor/Epithelial
P08:1083	Unknown
P08:1084	Tumor/Epithelial
P08:1085	Tumor/Epithelial
P08:1086	Unknown
P08:1087	Tumor/Epithelial
P08:1088	Unknown
P08:1089	CAF/Fibroblast
P08:1090	CAF/Fibroblast
P08:1091	Tumor/Epithelial
P08:1092	Unknown
P08:1093	Tumor/Epithelial
P08:1094	CAF/Fibroblast
P08:1095	Tumor/Epithelial
P08:1096	Tumor/Epithelial
P08:1097	Tumor/Epithelial
P08:1098	Myeloid
P08:1099	Tumor/Epithelial
P08:1100	Tumor/Epithelial
P08:1101	Tumor/Epithelial
P08:1102	Tumor/Epithelial
P08:1103	Tumor/Epithelial
P08:1104	Myeloid
P08:1105	Tumor/Epithelial
P08:1106	Myeloid
P08:1107	Tumor/Epithelial
P08:1108	Tumor/Epithelial
P08:1109	Unknown
P08:1110	Tumor/Epithelial
P08:1111	Tumor/Epithelial
P08:1112	Tumor/Epithelial
P08:1113	Tumor/Epithelial
P08:1114	Tumor/Epithelial
P08:1115	Tumor/Epithelial
P08:1116	Tumor/Epithelial
P08:1117	Tumor/Epithelial
P08:1118	Myeloid
P08:1119	CAF/Fibroblast
P08:1120	CAF/Fibroblast
P08:1121	Tumor/Epithelial
P08:1122	Tumor/Epithelial
P08:1123	Myeloid
P08:1124	Tumor/Epithelial
P08:1125	Tumor/Epithelial
P08:1126	Myeloid
P08:1127	Tumor/Epithelial
P08:1128	CAF/Fibroblast
P08:1129	CAF/Fibroblast
P08:1130	Tumor/Epithelial
P08:1131	Tumor/Epithelial
P08:1132	Tumor/Epithelial
P08:1133	CAF/Fibroblast
P08:1134	Unknown
P08:1135	Tumor/Epithelial
P08:1136	CAF/Fibroblast
P08:1137	Myeloid
P08:1138	Tumor/Epithelial
P08:1139	Tumor/Epithelial
P09:1	Myeloid
P09:2	Tumor/Epithelial
P09:3	Myeloid
P09:4	Tumor/Epithelial
P09:5	CAF/Fibroblast
P09:6	Myeloid
P09:7	CAF/Fibroblast
P09:8	Myeloid
P09:9	Tumor/Epithelial
P09:10	CAF/Fibroblast
P09:11	Myeloid
P09:12	Tumor/Epithelial
P09:13	Myeloid
P09:14	Myeloid
P09:15	Tumor/Epithelial
P09:16	Tumor/Epithelial
P09:17	Myeloid
P09:18	CAF/Fibroblast
P09:19	CAF/Fibroblast
P09:20	Tumor/Epithelial
P09:21	CAF/Fibroblast
P09:22	Tumor/Epithelial
P09:23	Myeloid
P09:24	CAF/Fibroblast
P09:25	Myeloid
P09:26	Myeloid
P09:27	CAF/Fibroblast
P09:28	Tumor/Epithelial
P09:29	Tumor/Epithelial
P09:30	Tumor/Epithelial
P09:31	Tumor/Epithelial
P09:32	Myeloid
P09:33	CAF/Fibroblast
P09:34	Tumor/Epithelial
P09:35	Tumor/Epithelial
P09:36	Tumor/Epithelial
P09:37	Tumor/Epithelial
P09:38	Tumor/Epithelial
P09:39	Myeloid
P09:40	CAF/Fibroblast
P09:41	CAF/Fibroblast
P09:42	Myeloid
P09:43	CAF/Fibroblast
P09:44	CAF/Fibroblast
P09:45	CAF/Fibroblast
P09:46	CAF/Fibroblast
P09:47	Myeloid
P09:48	Myeloid
P09:49	CAF/Fibroblast
P09:50	Tumor/Epithelial
P09:51	CAF/Fibroblast
P09:52	Unknown
P09:53	Tumor/Epithelial
P09:54	CAF/Fibroblast
P09:55	Tumor/Epithelial
P09:56	Tumor/Epithelial
P09:57	Tumor/Epithelial
P09:58	Myeloid
P09:59	Myeloid
P09:60	Myeloid
P09:61	Tumor/Epithelial
P09:62	CAF/Fibroblast
P09:63	Myeloid
P09:64	CAF/Fibroblast
P09:65	Myeloid
P09:66	Myeloid
P09:67	Tumor/Epithelial
P09:68	Tumor/Epithelial
P09:69	Myeloid
P09:70	Myeloid
P09:71	Myeloid
P09:72	CAF/Fibroblast
P09:73	Myeloid
P09:74	Myeloid
P09:75	Unknown
P09:76	CAF/Fibroblast
P09:77	CAF/Fibroblast
P09:78	Tumor/Epithelial
P09:79	Tumor/Epithelial
P09:80	CAF/Fibroblast
P09:81	Tumor/Epithelial
P09:82	Tumor/Epithelial
P09:83	Tumor/Epithelial
P09:84	Tumor/Epithelial
P09:85	Tumor/Epithelial
P09:86	Unknown
P09:87	Myeloid
P09:88	Tumor/Epithelial
P09:89	Myeloid
P09:90	Myeloid
P09:91	Myeloid
P09:92	Tumor/Epithelial
P09:93	Myeloid
P09:94	CAF/Fibroblast
P09:95	CAF/Fibroblast
P09:96	CAF/Fibroblast
P09:97	Tumor/Epithelial
P09:98	Tumor/Epithelial
P09:99	CAF/Fibroblast
P09:100	Tumor/Epithelial
P09:101	Tumor/Epithelial
P09:102	CAF/Fibroblast
P09:103	Tumor/Epithelial
P09:104	Tumor/Epithelial
P09:105	Unknown
P09:106	Tumor/Epithelial
P09:107	Tumor/Epithelial
P09:108	Tumor/Epithelial
P09:109	Tumor/Epithelial
P09:110	Myeloid
P09:111	Myeloid
P09:112	CAF/Fibroblast
P09:113	Tumor/Epithelial
P09:114	CAF/Fibroblast
P09:115	Unknown
P09:116	Myeloid
P09:117	Myeloid
P09:118	Myeloid
P09:119	Myeloid
P09:120	Tumor/Epithelial
P09:121	Tumor/Epithelial
P09:122	CAF/Fibroblast
P09:123	Myeloid
P09:124	Myeloid
P09:125	CAF/Fibroblast
P09:126	CAF/Fibroblast
P09:127	Myeloid
P09:128	CAF/Fibroblast
P09:129	Tumor/Epithelial
P09:130	Tumor/Epithelial
P09:131	Unknown
P09:132	Tumor/Epithelial
P09:133	CAF/Fibroblast
P09:134	Unknown
P09:135	Tumor/Epithelial
P09:136	Tumor/Epithelial
P09:137	CAF/Fibroblast
P09:138	Unknown
P09:139	Unknown
P09:140	Myeloid
P09:141	Tumor/Epithelial
P09:142	CAF/Fibroblast
P09:143	Myeloid
P09:144	Myeloid
P09:145	Unknown
P09:146	Myeloid
P09:147	CAF/Fibroblast
P09:148	CAF/Fibroblast
P09:149	CAF/Fibroblast
P09:150	Tumor/Epithelial
P09:151	CAF/Fibroblast
P09:152	Tumor/Epithelial
P09:153	Myeloid
P09:154	Tumor/Epithelial
P09:155	Unknown
P09:156	Myeloid
P09:157	Myeloid
P09:158	Myeloid
P09:159	Myeloid
P09:160	CAF/Fibroblast
P09:161	Myeloid
P09:162	Tumor/Epithelial
P09:163	Myeloid
P09:164	Myeloid
P09:165	CAF/Fibroblast
P09:166	CAF/Fibroblast
P09:167	Tumor/Epithelial
P09:168	Tumor/Epithelial
P09:169	CAF/Fibroblast
P09:170	CAF/Fibroblast
P09:171	Myeloid
P09:172	Unknown
P09:173	Tumor/Epithelial
P09:174	Tumor/Epithelial
P09:175	Tumor/Epithelial
P09:176	Tumor/Epithelial
P09:177	Tumor/Epithelial
P09:178	Tumor/Epithelial
P09:179	Myeloid
P09:180	CAF/Fibroblast
P09:181	Tumor/Epithelial
P09:182	Myeloid
P09:183	Tumor/Epithelial
P09:184	Tumor/Epithelial
P09:185	Tumor/Epithelial
P09:186	CAF/Fibroblast
P09:187	Tumor/Epithelial
P09:188	Tumor/Epithelial
P09:189	CAF/Fibroblast
P09:190	Tumor/Epithelial
P09:191	CAF/Fibroblast
P09:192	Tumor/Epithelial
P09:193	Tumor/Epithelial
P09:194	Tumor/Epithelial
P09:195	Tumor/Epithelial
P09:196	Myeloid
P09:197	Tumor/Epithelial
P09:198	CAF/Fibroblast
P09:199	Tumor/Epithelial
P09:200	Tumor/Epithelial
P09:201	Tumor/Epithelial
P09:202	Myeloid
P09:203	Myeloid
P09:204	CAF/Fibroblast
P09:205	Tumor/Epithelial
P09:206	Tumor/Epithelial
P09:207	CAF/Fibroblast
P09:208	Tumor/Epithelial
P09:209	CAF/Fibroblast
P09:210	CAF/Fibroblast
P09:211	Myeloid
P09:212	Tumor/Epithelial
P09:213	Tumor/Epithelial
P09:214	Myeloid
P09:215	CAF/Fibroblast
P09:216	Tumor/Epithelial
P09:217	Tumor/Epithelial
P09:218	Myeloid
P09:219	CAF/Fibroblast
P09:220	Myeloid
P09:221	Tumor/Epithelial
P09:222	Myeloid
P09:223	Myeloid
P09:224	Myeloid
P09:225	Myeloid
P09:226	CAF/Fibroblast
P09:227	CAF/Fibroblast
P09:228	CAF/Fibroblast
P09:229	Unknown
P09:230	CAF/Fibroblast
P09:231	Myeloid
P09:232	Myeloid
P09:233	Myeloid
P09:234	Unknown
P09:235	CAF/Fibroblast
P09:236	CAF/Fibroblast
P09:237	Myeloid
P09:238	Unknown
P09:239	CAF/Fibroblast
P09:240	Tumor/Epithelial
P09:241	CAF/Fibroblast
P09:242	CAF/Fibroblast
P09:243	Tumor/Epithelial
P09:244	Tumor/Epithelial
P09:245	Tumor/Epithelial
P09:246	Tumor/Epithelial
P09:247	Myeloid
P09:248	CAF/Fibroblast
P09:249	CAF/Fibroblast
P09:250	Tumor/Epithelial
P09:251	CAF/Fibroblast
P09:252	Myeloid
P09:253	Unknown
P09:254	Tumor/Epithelial
P09:255	Tumor/Epithelial
P09:256	CAF/Fibroblast
P09:257	CAF/Fibroblast
P09:258	Tumor/Epithelial
P09:259	Tumor/Epithelial
P09:260	Tumor/Epithelial
P09:261	Tumor/Epithelial
P09:262	CAF/Fibroblast
P09:263	Tumor/Epithelial
P09:264	Myeloid
P09:265	CAF/Fibroblast
P09:266	Tumor/Epithelial
P09:267	Endothelial
P09:268	Tumor/Epithelial
P09:269	Tumor/Epithelial
P09:270	CAF/Fibroblast
P09:271	CAF/Fibroblast
P09:272	Tumor/Epithelial
P09:273	CAF/Fibroblast
P09:274	Unknown
P09:275	Myeloid
P09:276	Tumor/Epithelial
P09:277	Tumor/Epithelial
P09:278	Unknown
P09:279	Tumor/Epithelial
P09:280	Tumor/Epithelial
P09:281	Tumor/Epithelial
P09:282	Myeloid
P09:283	CAF/Fibroblast
P09:284	Myeloid
P09:285	Myeloid
P09:286	Tumor/Epithelial
P09:287	Tumor/Epithelial
P09:288	Unknown
P09:289	Unknown
P09:290	Tumor/Epithelial
P09:291	Tumor/Epithelial
P09:292	CAF/Fibroblast
P09:293	CAF/Fibroblast
P09:294	Myeloid
P09:295	Myeloid
P09:296	Tumor/Epithelial
P09:297	Tumor/Epithelial
P09:298	Tumor/Epithelial
P09:299	CAF/Fibroblast
P09:300	CAF/Fibroblast
P09:301	Myeloid
P09:302	Unknown
P09:303	Myeloid
P09:304	CAF/Fibroblast
P09:305	Tumor/Epithelial
P09:306	Tumor/Epithelial
P09:307	Unknown
P09:308	CAF/Fibroblast
P09:309	CAF/Fibroblast
P09:310	Myeloid
P09:311	Myeloid
P09:312	Unknown
P09:313	CAF/Fibroblast
P09:314	CAF/Fibroblast
P09:315	Tumor/Epithelial
P09:316	Myeloid
P09:317	Myeloid
P09:318	CAF/Fibroblast
P09:319	CAF/Fibroblast
P09:320	Tumor/Epithelial
P09:321	Tumor/Epithelial
P09:322	Tumor/Epithelial
P09:323	Myeloid
P09:324	Unknown
P09:325	CAF/Fibroblast
P09:326	Myeloid
P09:327	Myeloid
P09:328	CAF/Fibroblast
P09:329	Myeloid
P09:330	Myeloid
P09:331	Tumor/Epithelial
P09:332	Tumor/Epithelial
P09:333	Tumor/Epithelial
P09:334	Myeloid
P09:335	Myeloid
P09:336	Unknown
P09:337	Tumor/Epithelial
P09:338	Tumor/Epithelial
P09:339	CAF/Fibroblast
P09:340	Myeloid
P09:341	Myeloid
P09:342	CAF/Fibroblast
P09:343	Tumor/Epithelial
P09:344	Tumor/Epithelial
P09:345	Myeloid
P09:346	Tumor/Epithelial
P09:347	CAF/Fibroblast
P09:348	Myeloid
P09:349	Myeloid
P09:350	Myeloid
P09:351	Myeloid
P09:352	Tumor/Epithelial
P09:353	CAF/Fibroblast
P09:354	Myeloid
P09:355	CAF/Fibroblast
P09:356	Tumor/Epithelial
P09:357	Myeloid
P09:358	CAF/Fibroblast
P09:359	Tumor/Epithelial
P09:360	Myeloid
P09:361	Myeloid
P09:362	CAF/Fibroblast
P09:363	CAF/Fibroblast
P09:364	CAF/Fibroblast
P09:365	CAF/Fibroblast
P09:366	Unknown
P09:367	Tumor/Epithelial
P09:368	Myeloid
P09:369	Tumor/Epithelial
P09:370	CAF/Fibroblast
P09:371	Myeloid
P09:372	CAF/Fibroblast
P09:373	CAF/Fibroblast
P09:374	Tumor/Epithelial
P09:375	CAF/Fibroblast
P09:376	Myeloid
P09:377	Tumor/Epithelial
P09:378	Unknown
P09:379	Tumor/Epithelial
P09:380	Myeloid
P09:381	CAF/Fibroblast
P09:382	Tumor/Epithelial
P09:383	CAF/Fibroblast
P09:384	Tumor/Epithelial
P09:385	Myeloid
P09:386	CAF/Fibroblast
P09:387	Unknown
P09:388	CAF/Fibroblast
P09:389	Unknown
P09:390	Unknown
P09:391	Unknown
P09:392	CAF/Fibroblast
P09:393	CAF/Fibroblast
P09:394	Tumor/Epithelial
P09:395	Unknown
P09:396	Myeloid
P09:397	Tumor/Epithelial
P09:398	Tumor/Epithelial
P09:399	Myeloid
P09:400	CAF/Fibroblast
P09:401	Tumor/Epithelial
P09:402	Tumor/Epithelial
P09:403	CAF/Fibroblast
P09:404	Tumor/Epithelial
P09:405	CAF/Fibroblast
P09:406	Myeloid
P09:407	Tumor/Epithelial
P09:408	Tumor/Epithelial
P09:409	CAF/Fibroblast
P09:410	Tumor/Epithelial
P09:411	CAF/Fibroblast
P09:412	Tumor/Epithelial
P09:413	Tumor/Epithelial
P09:414	Tumor/Epithelial
P09:415	Myeloid
P09:416	Tumor/Epithelial
P09:417	Tumor/Epithelial
P09:418	Tumor/Epithelial
P09:419	CAF/Fibroblast
P09:420	Myeloid
P09:421	CAF/Fibroblast
P09:422	Myeloid
P09:423	Tumor/Epithelial
P09:424	Tumor/Epithelial
P09:425	CAF/Fibroblast
P09:426	Myeloid
P09:427	Unknown
P09:428	Tumor/Epithelial
P09:429	Tumor/Epithelial
P09:430	CAF/Fibroblast
P09:431	Myeloid
P09:432	Myeloid
P09:433	CAF/Fibroblast
P09:434	Myeloid
P09:435	Tumor/Epithelial
P09:436	CAF/Fibroblast
P09:437	Tumor/Epithelial
P09:438	Tumor/Epithelial
P09:439	Tumor/Epithelial
P09:440	CAF/Fibroblast
P09:441	Tumor/Epithelial
P09:442	Tumor/Epithelial
P09:443	Myeloid
P09:444	CAF/Fibroblast
P09:445	Myeloid
P09:446	Unknown
P09:447	CAF/Fibroblast
P09:448	Myeloid
P09:449	Tumor/Epithelial
P09:450	Tumor/Epithelial
P09:451	Myeloid
P09:452	CAF/Fibroblast
P09:453	Tumor/Epithelial
P09:454	Tumor/Epithelial
P09:455	CAF/Fibroblast
P09:456	Myeloid
P09:457	Myeloid
P09:458	Tumor/Epithelial
P09:459	Tumor/Epithelial
P09:460	Myeloid
P09:461	CAF/Fibroblast
P09:462	Myeloid
P09:463	CAF/Fibroblast
P09:464	Tumor/Epithelial
P09:465	Myeloid
P09:466	CAF/Fibroblast
P09:467	Myeloid
P09:468	CAF/Fibroblast
P09:469	Myeloid
P09:470	Tumor/Epithelial
P09:471	Myeloid
P09:472	CAF/Fibroblast
P09:473	Tumor/Epithelial
P09:474	CAF/Fibroblast
P09:475	Unknown
P09:476	Tumor/Epithelial
P09:477	Tumor/Epithelial
P09:478	Myeloid
P09:479	CAF/Fibroblast
P09:480	CAF/Fibroblast
P09:481	Tumor/Epithelial
P09:482	Tumor/Epithelial
P09:483	Myeloid
P09:484	Myeloid
P09:485	CAF/Fibroblast
P09:486	Tumor/Epithelial
P09:487	Endothelial
P09:488	Unknown
P09:489	Unknown
P09:490	Myeloid
P09:491	CAF/Fibroblast
P09:492	Tumor/Epithelial
P09:493	CAF/Fibroblast
P09:494	Tumor/Epithelial
P09:495	Unknown
P09:496	Unknown
P09:497	CAF/Fibroblast
P09:498	Tumor/Epithelial
P09:499	Unknown
P09:500	Tumor/Epithelial
P09:501	Tumor/Epithelial
P09:502	Tumor/Epithelial
P09:503	Tumor/Epithelial
P09:504	Endothelial
P09:505	CAF/Fibroblast
P09:506	CAF/Fibroblast
P09:507	Tumor/Epithelial
P09:508	Myeloid
P09:509	Unknown
P09:510	Tumor/Epithelial
P09:511	Myeloid
P09:512	Tumor/Epithelial
P09:513	Myeloid
P09:514	Tumor/Epithelial
P09:515	CAF/Fibroblast
P09:516	Tumor/Epithelial
P09:517	Myeloid
P09:518	Tumor/Epithelial
P09:519	Tumor/Epithelial
P09:520	Tumor/Epithelial
P09:521	Tumor/Epithelial
P09:522	Tumor/Epithelial
P09:523	Tumor/Epithelial
P09:524	Myeloid
P09:525	Tumor/Epithelial
P09:526	CAF/Fibroblast
P09:527	Tumor/Epithelial
P09:528	Tumor/Epithelial
P09:529	Myeloid
P09:530	CAF/Fibroblast
P09:531	Tumor/Epithelial
P09:532	Myeloid
P09:533	CAF/Fibroblast
P09:534	Unknown
P09:535	CAF/Fibroblast
P09:536	Tumor/Epithelial
P09:537	CAF/Fibroblast
P09:538	Tumor/Epithelial
P09:539	CAF/Fibroblast
P09:540	Unknown
P09:541	Myeloid
P09:542	Tumor/Epithelial
P09:543	Unknown
P09:544	Myeloid
P09:545	Myeloid
P09:546	Tumor/Epithelial
P09:547	Tumor/Epithelial
P09:548	Tumor/Epithelial
P09:549	Unknown
P09:550	Myeloid
P09:551	Myeloid
P09:552	CAF/Fibroblast
P09:553	Tumor/Epithelial
P09:554	Tumor/Epithelial
P09:555	Myeloid
P09:556	CAF/Fibroblast
P09:557	Unknown
P09:558	Tumor/Epithelial
P09:559	CAF/Fibroblast
P09:560	Myeloid
P09:561	Tumor/Epithelial
P09:562	Tumor/Epithelial
P09:563	Myeloid
P09:564	CAF/Fibroblast
P09:565	CAF/Fibroblast
P09:566	Tumor/Epithelial
P09:567	Tumor/Epithelial
P09:568	CAF/Fibroblast
P09:569	CAF/Fibroblast
P09:570	CAF/Fibroblast
P09:571	Tumor/Epithelial
P09:572	Tumor/Epithelial
P09:573	Myeloid
P09:574	Tumor/Epithelial
P09:575	Unknown
P09:576	Unknown
P09:577	CAF/Fibroblast
P09:578	Tumor/Epithelial
P09:579	CAF/Fibroblast
P09:580	Tumor/Epithelial
P09:581	CAF/Fibroblast
P09:582	CAF/Fibroblast
P09:583	Tumor/Epithelial
P09:584	CAF/Fibroblast
P09:585	CAF/Fibroblast
P09:586	Tumor/Epithelial
P09:587	Tumor/Epithelial
P09:588	CAF/Fibroblast
P09:589	Tumor/Epithelial
P09:590	Myeloid
P09:591	Tumor/Epithelial
P09:592	Tumor/Epithelial
P09:593	Tumor/Epithelial
P09:594	Myeloid
P09:595	Myeloid
P09:596	CAF/Fibroblast
P09:597	Unknown
P09:598	Tumor/Epithelial
P09:599	Tumor/Epithelial
P09:600	Myeloid
P09:601	Tumor/Epithelial
P09:602	CAF/Fibroblast
P09:603	Myeloid
P09:604	CAF/Fibroblast
P09:605	Myeloid
P09:606	Unknown
P09:607	Myeloid
P09:608	Tumor/Epithelial
P09:609	Tumor/Epithelial
P09:610	Myeloid
P09:611	CAF/Fibroblast
P09:612	Tumor/Epithelial
P09:613	Tumor/Epithelial
P09:614	CAF/Fibroblast
P09:615	Myeloid
P09:616	Myeloid
P09:617	Tumor/Epithelial
P09:618	Tumor/Epithelial
P09:619	Tumor/Epithelial
P09:620	Myeloid
P09:621	Myeloid
P09:622	Myeloid
P09:623	Tumor/Epithelial
P09:624	Endothelial
P09:625	Unknown
P09:626	CAF/Fibroblast
P09:627	Myeloid
P09:628	Tumor/Epithelial
P09:629	Unknown
P09:630	CAF/Fibroblast
P09:631	CAF/Fibroblast
P09:632	Myeloid
P09:633	Unknown
P09:634	Tumor/Epithelial
P09:635	Myeloid
P09:636	CAF/Fibroblast
P09:637	CAF/Fibroblast
P09:638	CAF/Fibroblast
P09:639	Myeloid
P09:640	Tumor/Epithelial
P09:641	Myeloid
P09:642	CAF/Fibroblast
P09:643	CAF/Fibroblast
P09:644	Unknown
P09:645	CAF/Fibroblast
P09:646	CAF/Fibroblast
P09:647	Tumor/Epithelial
P09:648	Tumor/Epithelial
P09:649	Myeloid
P09:650	Tumor/Epithelial
P09:651	Tumor/Epithelial
P09:652	Unknown
P09:653	Tumor/Epithelial
P09:654	Unknown
P09:655	Myeloid
P09:656	Myeloid
P09:657	Endothelial
P09:658	Myeloid
P09:659	CAF/Fibroblast
P09:660	CAF/Fibroblast
P09:661	Myeloid
P09:662	Tumor/Epithelial
P09:663	Tumor/Epithelial
P09:664	Myeloid
P09:665	Tumor/Epithelial
P09:666	Tumor/Epithelial
P09:667	Myeloid
P09:668	CAF/Fibroblast
P09:669	Myeloid
P09:670	Tumor/Epithelial
P09:671	Tumor/Epithelial
P09:672	Unknown
P09:673	Tumor/Epithelial
P09:674	CAF/Fibroblast
P09:675	CAF/Fibroblast
P09:676	Tumor/Epithelial
P09:677	CAF/Fibroblast
P09:678	CAF/Fibroblast
P09:679	Myeloid
P09:680	CAF/Fibroblast
P09:681	Unknown
P09:682	Myeloid
P09:683	Myeloid
P09:684	Tumor/Epithelial
P09:685	CAF/Fibroblast
P09:686	Tumor/Epithelial
P09:687	CAF/Fibroblast
P09:688	Tumor/Epithelial
P09:689	Tumor/Epithelial
P09:690	Tumor/Epithelial
P09:691	Myeloid
P09:692	Endothelial
P09:693	Tumor/Epithelial
P09:694	CAF/Fibroblast
P09:695	Myeloid
P09:696	Myeloid
P09:697	Tumor/Epithelial
P09:698	Tumor/Epithelial
P09:699	CAF/Fibroblast
P09:700	Myeloid
P09:701	CAF/Fibroblast
P09:702	Myeloid
P09:703	CAF/Fibroblast
P09:704	Myeloid
P09:705	Myeloid
P09:706	Myeloid
P09:707	Tumor/Epithelial
P09:708	Tumor/Epithelial
P09:709	CAF/Fibroblast
P09:710	CAF/Fibroblast
P09:711	CAF/Fibroblast
P09:712	Unknown
P09:713	Tumor/Epithelial
P09:714	CAF/Fibroblast
P09:715	Myeloid
P09:716	CAF/Fibroblast
P09:717	CAF/Fibroblast
P09:718	Myeloid
P09:719	CAF/Fibroblast
P09:720	Tumor/Epithelial
P09:721	Myeloid
P09:722	Unknown
P09:723	Unknown
P09:724	Myeloid
P09:725	Myeloid
P09:726	CAF/Fibroblast
P09:727	Myeloid
P09:728	Tumor/Epithelial
P09:729	Myeloid
P09:730	Tumor/Epithelial
P09:731	CAF/Fibroblast
P09:732	CAF/Fibroblast
P09:733	Tumor/Epithelial
P09:734	Tumor/Epithelial
P09:735	Tumor/Epithelial
P09:736	Unknown
P09:737	Myeloid
P09:738	Unknown
P09:739	Tumor/Epithelial
P09:740	Tumor/Epithelial
P09:741	CAF/Fibroblast
P09:742	Unknown
P09:743	Unknown
P09:744	Tumor/Epithelial
P09:745	Myeloid
P09:746	Tumor/Epithelial
P09:747	Tumor/Epithelial
P09:748	Tumor/Epithelial
P09:749	Tumor/Epithelial
P09:750	Myeloid
P09:751	CAF/Fibroblast
P09:752	CAF/Fibroblast
P09:753	Endothelial
P09:754	CAF/Fibroblast
P09:755	Myeloid
P09:756	Tumor/Epithelial
P09:757	CAF/Fibroblast
P09:758	Tumor/Epithelial
P09:759	Tumor/Epithelial
P09:760	Endothelial
P09:761	CAF/Fibroblast
P09:762	Tumor/Epithelial
P09:763	Myeloid
P09:764	Tumor/Epithelial
P09:765	Myeloid
P09:766	CAF/Fibroblast
P09:767	Tumor/Epithelial
P09:768	Myeloid
P09:769	Myeloid
P09:770	Tumor/Epithelial
P09:771	Tumor/Epithelial
P09:772	Tumor/Epithelial
P09:773	Myeloid
P09:774	Tumor/Epithelial
P09:775	Unknown
P09:776	Tumor/Epithelial
P09:777	Myeloid
P09:778	Tumor/Epithelial
P09:779	Unknown
P09:780	Tumor/Epithelial
P09:781	Tumor/Epithelial
P09:782	Myeloid
P09:783	Unknown
P09:784	Myeloid
P09:785	Tumor/Epithelial
P09:786	Myeloid
P09:787	Tumor/Epithelial
P09:788	Tumor/Epithelial
P09:789	Tumor/Epithelial
P09:790	CAF/Fibroblast
P09:791	Unknown
P09:792	CAF/Fibroblast
P09:793	CAF/Fibroblast
P09:794	Tumor/Epithelial
P09:795	CAF/Fibroblast
P09:796	Myeloid
P09:797	Myeloid
P09:798	Myeloid
P09:799	Tumor/Epithelial
P09:800	CAF/Fibroblast
P09:801	Tumor/Epithelial
P09:802	Tumor/Epithelial
P09:803	Tumor/Epithelial
P09:804	Myeloid
P09:805	Tumor/Epithelial
P09:806	Myeloid
P09:807	CAF/Fibroblast
P09:808	Myeloid
P09:809	Myeloid
P09:810	Tumor/Epithelial
P09:811	Myeloid
P09:812	CAF/Fibroblast
P09:813	Myeloid
P09:814	Endothelial
P09:815	CAF/Fibroblast
P09:816	Tumor/Epithelial
P09:817	CAF/Fibroblast
P09:818	CAF/Fibroblast
P09:819	Myeloid
P09:820	Myeloid
P09:821	Tumor/Epithelial
P09:822	Myeloid
P09:823	CAF/Fibroblast
P09:824	Myeloid
P09:825	CAF/Fibroblast
P09:826	Tumor/Epithelial
P09:827	CAF/Fibroblast
P09:828	CAF/Fibroblast
P09:829	Myeloid
P09:830	CAF/Fibroblast
P09:831	CAF/Fibroblast
P09:832	Tumor/Epithelial
P09:833	Myeloid
P09:834	Tumor/Epithelial
P09:835	Myeloid
P09:836	CAF/Fibroblast
P09:837	Myeloid
P09:838	Myeloid
P09:839	Tumor/Epithelial
P09:840	Tumor/Epithelial
P09:841	Tumor/Epithelial
P09:842	CAF/Fibroblast
P09:843	Unknown
P09:844	CAF/Fibroblast
P09:845	Tumor/Epithelial
P09:846	Tumor/Epithelial
P09:847	Tumor/Epithelial
P09:848	Myeloid
P09:849	Tumor/Epithelial
P09:850	Tumor/Epithelial
P09:851	Myeloid
P09:852	Tumor/Epithelial
P09:853	CAF/Fibroblast
P09:854	Myeloid
P09:855	Tumor/Epithelial
P09:856	CAF/Fibroblast
P09:857	CAF/Fibroblast
P09:858	Tumor/Epithelial
P09:859	Tumor/Epithelial
P09:860	Unknown
P09:861	CAF/Fibroblast
P09:862	CAF/Fibroblast
P09:863	Myeloid
P09:864	Tumor/Epithelial
P09:865	Myeloid
P09:866	Myeloid
P09:867	CAF/Fibroblast
P09:868	Tumor/Epithelial
P09:869	Tumor/Epithelial
P09:870	Tumor/Epithelial
P09:871	Tumor/Epithelial
P09:872	Tumor/Epithelial
P09:873	CAF/Fibroblast
P09:874	Myeloid
P09:875	CAF/Fibroblast
P09:876	Tumor/Epithelial
P09:877	Unknown
P09:878	Tumor/Epithelial
P09:879	Tumor/Epithelial
P09:880	Tumor/Epithelial
P09:881	Myeloid
P09:882	Tumor/Epithelial
P09:883	Tumor/Epithelial
P09:884	CAF/Fibroblast
P09:885	Myeloid
P09:886	Tumor/Epithelial
P09:887	CAF/Fibroblast
P09:888	CAF/Fibroblast
P09:889	Myeloid
P09:890	Tumor/Epithelial
P09:891	Myeloid
P09:892	CAF/Fibroblast
P09:893	Tumor/Epithelial
P09:894	Tumor/Epithelial
P09:895	Tumor/Epithelial
P09:896	Tumor/Epithelial
P09:897	Myeloid
P09:898	CAF/Fibroblast
P10:1	Tumor/Epithelial
P10:2	Myeloid
P10:3	Tumor/Epithelial
P10:4	Tumor/Epithelial
P10:5	Tumor/Epithelial
P10:6	Tumor/Epithelial
P10:7	Tumor/Epithelial
P10:8	CAF/Fibroblast
P10:9	Tumor/Epithelial
P10:10	Tumor/Epithelial
P10:11	Tumor/Epithelial
P10:12	Tumor/Epithelial
P10:13	Tumor/Epithelial
P10:14	T/NK
P10:15	Tumor/Epithelial
P10:16	Tumor/Epithelial
P10:17	Tumor/Epithelial
P10:18	Tumor/Epithelial
P10:19	Tumor/Epithelial
P10:20	Tumor/Epithelial
P10:21	Tumor/Epithelial
P10:22	Unknown
P10:23	Tumor/Epithelial
P10:24	CAF/Fibroblast
P10:25	Tumor/Epithelial
P10:26	Tumor/Epithelial
P10:27	Tumor/Epithelial
P10:28	Tumor/Epithelial
P10:29	Tumor/Epithelial
P10:30	Tumor/Epithelial
P10:31	Tumor/Epithelial
P10:32	Tumor/Epithelial
P10:33	Tumor/Epithelial
P10:34	Tumor/Epithelial
P10:35	Tumor/Epithelial
P10:36	Tumor/Epithelial
P10:37	Tumor/Epithelial
P10:38	Tumor/Epithelial
P10:39	Tumor/Epithelial
P10:40	Tumor/Epithelial
P10:41	Tumor/Epithelial
P10:42	Myeloid
P10:43	Tumor/Epithelial
P10:44	Tumor/Epithelial
P10:45	Tumor/Epithelial
P10:46	Tumor/Epithelial
P10:47	T/NK
P10:48	Tumor/Epithelial
P10:49	Tumor/Epithelial
P10:50	B/Plasma
P10:51	Tumor/Epithelial
P10:52	Tumor/Epithelial
P10:53	Tumor/Epithelial
P10:54	Myeloid
P10:55	Tumor/Epithelial
P10:56	Tumor/Epithelial
P10:57	Tumor/Epithelial
P10:58	Tumor/Epithelial
P10:59	Tumor/Epithelial
P10:60	Tumor/Epithelial
P10:61	Tumor/Epithelial
P10:62	Tumor/Epithelial
P10:63	Tumor/Epithelial
P10:64	Tumor/Epithelial
P10:65	CAF/Fibroblast
P10:66	Tumor/Epithelial
P10:67	Tumor/Epithelial
P10:68	Tumor/Epithelial
P10:69	CAF/Fibroblast
P10:70	Tumor/Epithelial
P10:71	Tumor/Epithelial
P10:72	Tumor/Epithelial
P10:73	CAF/Fibroblast
P10:74	Tumor/Epithelial
P10:75	Tumor/Epithelial
P10:76	Tumor/Epithelial
P10:77	Tumor/Epithelial
P10:78	Tumor/Epithelial
P10:79	Tumor/Epithelial
P10:80	Unknown
P10:81	Tumor/Epithelial
P10:82	Tumor/Epithelial
P10:83	Tumor/Epithelial
P10:84	Tumor/Epithelial
P10:85	Tumor/Epithelial
P10:86	Tumor/Epithelial
P10:87	Tumor/Epithelial
P10:88	Tumor/Epithelial
P10:89	Tumor/Epithelial
P10:90	CAF/Fibroblast
P10:91	Tumor/Epithelial
P10:92	Tumor/Epithelial
P10:93	Myeloid
P10:94	Tumor/Epithelial
P10:95	Tumor/Epithelial
P10:96	Tumor/Epithelial
P10:97	Tumor/Epithelial
P10:98	Tumor/Epithelial
P10:99	Tumor/Epithelial
P10:100	Tumor/Epithelial
P10:101	Tumor/Epithelial
P10:102	Tumor/Epithelial
P10:103	Tumor/Epithelial
P10:104	Tumor/Epithelial
P10:105	Tumor/Epithelial
P10:106	Tumor/Epithelial
P10:107	Tumor/Epithelial
P10:108	Tumor/Epithelial
P10:109	Tumor/Epithelial
P10:110	Tumor/Epithelial
P10:111	Tumor/Epithelial
P10:112	Tumor/Epithelial
P10:113	Tumor/Epithelial
P10:114	CAF/Fibroblast
P10:115	Tumor/Epithelial
P10:116	Tumor/Epithelial
P10:117	Tumor/Epithelial
P10:118	Tumor/Epithelial
P10:119	Tumor/Epithelial
P10:120	Tumor/Epithelial
P10:121	Tumor/Epithelial
P10:122	Tumor/Epithelial
P10:123	CAF/Fibroblast
P10:124	Tumor/Epithelial
P10:125	Tumor/Epithelial
P10:126	Tumor/Epithelial
P10:127	Tumor/Epithelial
P10:128	Tumor/Epithelial
P10:129	Tumor/Epithelial
P10:130	Tumor/Epithelial
P10:131	Tumor/Epithelial
P10:132	Unknown
P10:133	Tumor/Epithelial
P10:134	Tumor/Epithelial
P10:135	Tumor/Epithelial
P10:136	CAF/Fibroblast
P10:137	Unknown
P10:138	Tumor/Epithelial
P10:139	Tumor/Epithelial
P10:140	CAF/Fibroblast
P10:141	Tumor/Epithelial
P10:142	Tumor/Epithelial
P10:143	Tumor/Epithelial
P10:144	CAF/Fibroblast
P10:145	Tumor/Epithelial
P10:146	Tumor/Epithelial
P10:147	Tumor/Epithelial
P10:148	Tumor/Epithelial
P10:149	Tumor/Epithelial
P10:150	Tumor/Epithelial
P10:151	Myeloid
P10:152	Tumor/Epithelial
P10:153	Tumor/Epithelial
P10:154	Tumor/Epithelial
P10:155	Unknown
P10:156	Tumor/Epithelial
P10:157	Tumor/Epithelial
P10:158	Tumor/Epithelial
P10:159	Unknown
P10:160	Tumor/Epithelial
P10:161	Tumor/Epithelial
P10:162	Tumor/Epithelial
P10:163	Tumor/Epithelial
P10:164	Tumor/Epithelial
P10:165	Tumor/Epithelial
P10:166	CAF/Fibroblast
P10:167	Tumor/Epithelial
P10:168	Tumor/Epithelial
P10:169	Tumor/Epithelial
P10:170	Tumor/Epithelial
P10:171	Myeloid
P10:172	Tumor/Epithelial
P10:173	Tumor/Epithelial
P10:174	CAF/Fibroblast
P10:175	Tumor/Epithelial
P10:176	Tumor/Epithelial
P10:177	Tumor/Epithelial
P10:178	Tumor/Epithelial
P10:179	Tumor/Epithelial
P10:180	Tumor/Epithelial
P10:181	Tumor/Epithelial
P10:182	Tumor/Epithelial
P10:183	Tumor/Epithelial
P10:184	Tumor/Epithelial
P10:185	Tumor/Epithelial
P10:186	Unknown
P10:187	Tumor/Epithelial
P10:188	Tumor/Epithelial
P10:189	Tumor/Epithelial
P10:190	Myeloid
P10:191	Tumor/Epithelial
P10:192	Unknown
P10:193	Tumor/Epithelial
P10:194	Unknown
P10:195	Tumor/Epithelial
P10:196	Tumor/Epithelial
P10:197	Tumor/Epithelial
P10:198	Tumor/Epithelial
P10:199	Tumor/Epithelial
P10:200	Tumor/Epithelial
P10:201	Unknown
P10:202	CAF/Fibroblast
P10:203	Tumor/Epithelial
P10:204	Tumor/Epithelial
P10:205	Tumor/Epithelial
P10:206	Tumor/Epithelial
P10:207	Tumor/Epithelial
P10:208	Tumor/Epithelial
P10:209	Tumor/Epithelial
P10:210	Tumor/Epithelial
P10:211	CAF/Fibroblast
P10:212	Tumor/Epithelial
P10:213	Tumor/Epithelial
P10:214	Tumor/Epithelial
P10:215	Tumor/Epithelial
P10:216	Tumor/Epithelial
P10:217	Tumor/Epithelial
P10:218	Tumor/Epithelial
P10:219	CAF/Fibroblast
P10:220	Tumor/Epithelial
P10:221	CAF/Fibroblast
P10:222	Tumor/Epithelial
P10:223	Tumor/Epithelial
P10:224	Tumor/Epithelial
P10:225	Tumor/Epithelial
P10:226	Tumor/Epithelial
P10:227	Tumor/Epithelial
P10:228	Tumor/Epithelial
P10:229	CAF/Fibroblast
P10:230	Tumor/Epithelial
P10:231	Myeloid
P10:232	Tumor/Epithelial
P10:233	Tumor/Epithelial
P10:234	Tumor/Epithelial
P10:235	Tumor/Epithelial
P10:236	Tumor/Epithelial
P10:237	Tumor/Epithelial
P10:238	Tumor/Epithelial
P10:239	Tumor/Epithelial
P10:240	Tumor/Epithelial
P10:241	Tumor/Epithelial
P10:242	CAF/Fibroblast
P10:243	Tumor/Epithelial
P10:244	Tumor/Epithelial
P10:245	CAF/Fibroblast
P10:246	Tumor/Epithelial
P10:247	Tumor/Epithelial
P10:248	CAF/Fibroblast
P10:249	Tumor/Epithelial
P10:250	Tumor/Epithelial
P10:251	CAF/Fibroblast
P10:252	Tumor/Epithelial
P10:253	Tumor/Epithelial
P10:254	Tumor/Epithelial
P10:255	Tumor/Epithelial
P10:256	Tumor/Epithelial
P10:257	Tumor/Epithelial
P10:258	Tumor/Epithelial
P10:259	Tumor/Epithelial
P10:260	Tumor/Epithelial
P10:261	Tumor/Epithelial
P10:262	Tumor/Epithelial
P10:263	Tumor/Epithelial
P10:264	Tumor/Epithelial
P10:265	Tumor/Epithelial
P10:266	CAF/Fibroblast
P10:267	Tumor/Epithelial
P10:268	CAF/Fibroblast
P10:269	Myeloid
P10:270	Tumor/Epithelial
P10:271	Tumor/Epithelial
P10:272	Tumor/Epithelial
P10:273	Tumor/Epithelial
P10:274	Tumor/Epithelial
P10:275	Tumor/Epithelial
P10:276	Tumor/Epithelial
P10:277	Tumor/Epithelial
P10:278	Tumor/Epithelial
P10:279	Tumor/Epithelial
P10:280	Tumor/Epithelial
P10:281	Tumor/Epithelial
P10:282	Tumor/Epithelial
P10:283	CAF/Fibroblast
P10:284	Tumor/Epithelial
P10:285	CAF/Fibroblast
P10:286	Tumor/Epithelial
P10:287	CAF/Fibroblast
P10:288	Tumor/Epithelial
P10:289	Tumor/Epithelial
P10:290	Tumor/Epithelial
P10:291	Tumor/Epithelial
P10:292	Tumor/Epithelial
P10:293	Tumor/Epithelial
P10:294	Tumor/Epithelial
P10:295	Tumor/Epithelial
P10:296	Tumor/Epithelial
P10:297	Tumor/Epithelial
P10:298	CAF/Fibroblast
P10:299	Unknown
P10:300	Tumor/Epithelial
P10:301	Tumor/Epithelial
P10:302	Tumor/Epithelial
P10:303	Tumor/Epithelial
P10:304	Tumor/Epithelial
P10:305	Tumor/Epithelial
P10:306	Tumor/Epithelial
P10:307	Tumor/Epithelial
P10:308	Tumor/Epithelial
P10:309	Tumor/Epithelial
P10:310	Tumor/Epithelial
P10:311	Tumor/Epithelial
P10:312	Tumor/Epithelial
P10:313	Tumor/Epithelial
P10:314	Tumor/Epithelial
P10:315	Tumor/Epithelial
P10:316	CAF/Fibroblast
P10:317	Tumor/Epithelial
P10:318	Tumor/Epithelial
P10:319	Tumor/Epithelial
P10:320	Tumor/Epithelial
P10:321	Tumor/Epithelial
P10:322	Tumor/Epithelial
P10:323	Tumor/Epithelial
P10:324	T/NK
P10:325	Tumor/Epithelial
P10:326	Myeloid
P10:327	Tumor/Epithelial
P10:328	Tumor/Epithelial
P10:329	Endothelial
P10:330	Tumor/Epithelial
P10:331	Tumor/Epithelial
P10:332	Tumor/Epithelial
P10:333	Tumor/Epithelial
P10:334	Myeloid
P10:335	Tumor/Epithelial
P10:336	Myeloid
P10:337	Tumor/Epithelial
P10:338	Tumor/Epithelial
P10:339	Tumor/Epithelial
P10:340	Unknown
P10:341	Tumor/Epithelial
P10:342	Tumor/Epithelial
P10:343	Tumor/Epithelial
P10:344	Tumor/Epithelial
P10:345	CAF/Fibroblast
P10:346	Tumor/Epithelial
P10:347	Tumor/Epithelial
P10:348	Tumor/Epithelial
P10:349	Tumor/Epithelial
P10:350	Tumor/Epithelial
P10:351	Tumor/Epithelial
P10:352	Tumor/Epithelial
P10:353	Tumor/Epithelial
P10:354	Tumor/Epithelial
P10:355	CAF/Fibroblast
P10:356	Tumor/Epithelial
P10:357	Tumor/Epithelial
P10:358	T/NK
P10:359	Tumor/Epithelial
P10:360	Tumor/Epithelial
P10:361	Unknown
P10:362	CAF/Fibroblast
P10:363	Tumor/Epithelial
P10:364	Myeloid
P10:365	Tumor/Epithelial
P10:366	Tumor/Epithelial
P10:367	Tumor/Epithelial
P10:368	Tumor/Epithelial
P10:369	Tumor/Epithelial
P10:370	Tumor/Epithelial
P10:371	Tumor/Epithelial
P10:372	Tumor/Epithelial
P10:373	Tumor/Epithelial
P10:374	Tumor/Epithelial
P10:375	Tumor/Epithelial
P10:376	Tumor/Epithelial
P10:377	Tumor/Epithelial
P10:378	Tumor/Epithelial
P10:379	Tumor/Epithelial
P10:380	Tumor/Epithelial
P10:381	Unknown
P10:382	Tumor/Epithelial
P10:383	Tumor/Epithelial
P10:384	Tumor/Epithelial
P10:385	Tumor/Epithelial
P10:386	Unknown
P10:387	Tumor/Epithelial
P10:388	Tumor/Epithelial
P10:389	Tumor/Epithelial
P10:390	Tumor/Epithelial
P10:391	CAF/Fibroblast
P10:392	Tumor/Epithelial
P10:393	Tumor/Epithelial
P10:394	Tumor/Epithelial
P10:395	Tumor/Epithelial
P10:396	Tumor/Epithelial
P10:397	Tumor/Epithelial
P10:398	Tumor/Epithelial
P10:399	Tumor/Epithelial
P10:400	Tumor/Epithelial
P10:401	Tumor/Epithelial
P10:402	Tumor/Epithelial
P10:403	Tumor/Epithelial
P10:404	Tumor/Epithelial
P10:405	Tumor/Epithelial
P10:406	Tumor/Epithelial
P10:407	CAF/Fibroblast
P10:408	Tumor/Epithelial
P10:409	Tumor/Epithelial
P10:410	Tumor/Epithelial
P10:411	Tumor/Epithelial
P10:412	CAF/Fibroblast
P10:413	Tumor/Epithelial
P10:414	Tumor/Epithelial
P10:415	Tumor/Epithelial
P10:416	Tumor/Epithelial
P10:417	Tumor/Epithelial
P10:418	T/NK
P10:419	Tumor/Epithelial
P10:420	Tumor/Epithelial
P10:421	Tumor/Epithelial
P10:422	CAF/Fibroblast
P10:423	Tumor/Epithelial
P10:424	Tumor/Epithelial
P10:425	Myeloid
P10:426	Tumor/Epithelial
P10:427	Tumor/Epithelial
P10:428	CAF/Fibroblast
P10:429	Tumor/Epithelial
P10:430	Tumor/Epithelial
P10:431	CAF/Fibroblast
P10:432	Myeloid
P10:433	Tumor/Epithelial
P10:434	Tumor/Epithelial
P10:435	Tumor/Epithelial
P10:436	Tumor/Epithelial
P10:437	Tumor/Epithelial
P10:438	Tumor/Epithelial
P10:439	Tumor/Epithelial
P10:440	Tumor/Epithelial
P10:441	Tumor/Epithelial
P10:442	Tumor/Epithelial
P10:443	Unknown
P10:444	Tumor/Epithelial
P10:445	Unknown
P10:446	Tumor/Epithelial
P10:447	Tumor/Epithelial
P10:448	Tumor/Epithelial
P10:449	Tumor/Epithelial
P10:450	Tumor/Epithelial
P10:451	Tumor/Epithelial
P10:452	Tumor/Epithelial
P10:453	Tumor/Epithelial
P10:454	Tumor/Epithelial
P10:455	Tumor/Epithelial
P10:456	Myeloid
P10:457	Tumor/Epithelial
P10:458	Tumor/Epithelial
P10:459	Tumor/Epithelial
P10:460	Tumor/Epithelial
P10:461	Tumor/Epithelial
P10:462	Tumor/Epithelial
P10:463	Tumor/Epithelial
P10:464	Tumor/Epithelial
P10:465	Tumor/Epithelial
P10:466	Tumor/Epithelial
P10:467	Tumor/Epithelial
P10:468	Tumor/Epithelial
P10:469	Tumor/Epithelial
P10:470	CAF/Fibroblast
P10:471	Tumor/Epithelial
P10:472	Tumor/Epithelial
P10:473	Tumor/Epithelial
P10:474	Tumor/Epithelial
P10:475	Tumor/Epithelial
P10:476	Myeloid
P10:477	Tumor/Epithelial
P10:478	Tumor/Epithelial
P10:479	Myeloid
P10:480	Tumor/Epithelial
P10:481	CAF/Fibroblast
P10:482	CAF/Fibroblast
P10:483	Tumor/Epithelial
P10:484	Tumor/Epithelial
P10:485	Tumor/Epithelial
P10:486	CAF/Fibroblast
P10:487	Tumor/Epithelial
P10:488	Tumor/Epithelial
P10:489	Tumor/Epithelial
P10:490	Unknown
P10:491	Tumor/Epithelial
P10:492	Unknown
P10:493	Tumor/Epithelial
P10:494	Tumor/Epithelial
P10:495	CAF/Fibroblast
P10:496	Tumor/Epithelial
P10:497	Tumor/Epithelial
P10:498	Tumor/Epithelial
P10:499	Tumor/Epithelial
P10:500	Tumor/Epithelial
P10:501	Unknown
P10:502	Tumor/Epithelial
P10:503	Tumor/Epithelial
P10:504	Tumor/Epithelial
P10:505	Tumor/Epithelial
P10:506	Tumor/Epithelial
P10:507	Tumor/Epithelial
P10:508	Myeloid
P10:509	Tumor/Epithelial
P10:510	Tumor/Epithelial
P10:511	Tumor/Epithelial
P10:512	Tumor/Epithelial
P10:513	Tumor/Epithelial
P10:514	Tumor/Epithelial
P10:515	Tumor/Epithelial
P10:516	Tumor/Epithelial
P10:517	Tumor/Epithelial
P10:518	Tumor/Epithelial
P10:519	Tumor/Epithelial
P10:520	Tumor/Epithelial
P10:521	Tumor/Epithelial
P10:522	Tumor/Epithelial
P10:523	Tumor/Epithelial
P10:524	Tumor/Epithelial
P10:525	Tumor/Epithelial
P10:526	Tumor/Epithelial
P10:527	Tumor/Epithelial
P10:528	Tumor/Epithelial
P10:529	Tumor/Epithelial
P10:530	Myeloid
P10:531	CAF/Fibroblast
P10:532	Tumor/Epithelial
P10:533	T/NK
P10:534	Tumor/Epithelial
P10:535	Tumor/Epithelial
P10:536	Tumor/Epithelial
P10:537	Tumor/Epithelial
P10:538	Tumor/Epithelial
P10:539	Tumor/Epithelial
P10:540	Tumor/Epithelial
P10:541	CAF/Fibroblast
P10:542	Myeloid
P10:543	Tumor/Epithelial
P10:544	Tumor/Epithelial
P10:545	Tumor/Epithelial
P10:546	T/NK
P10:547	Tumor/Epithelial
P10:548	Tumor/Epithelial
P10:549	Myeloid
P10:550	Tumor/Epithelial
P10:551	Tumor/Epithelial
P10:552	Tumor/Epithelial
P10:553	T/NK
P10:554	Tumor/Epithelial
P10:555	Tumor/Epithelial
P10:556	Tumor/Epithelial
P10:557	Tumor/Epithelial
P10:558	Tumor/Epithelial
P10:559	Tumor/Epithelial
P10:560	Tumor/Epithelial
P10:561	Tumor/Epithelial
P10:562	Tumor/Epithelial
P10:563	Tumor/Epithelial
P10:564	Tumor/Epithelial
P10:565	Tumor/Epithelial
P10:566	Tumor/Epithelial
P10:567	CAF/Fibroblast
P10:568	Tumor/Epithelial
P10:569	CAF/Fibroblast
P10:570	Tumor/Epithelial
P10:571	Tumor/Epithelial
P10:572	Tumor/Epithelial
P10:573	CAF/Fibroblast
P10:574	CAF/Fibroblast
P10:575	Tumor/Epithelial
P10:576	Tumor/Epithelial
P10:577	Tumor/Epithelial
P10:578	Tumor/Epithelial
P10:579	Tumor/Epithelial
P10:580	Tumor/Epithelial
P10:581	Tumor/Epithelial
P10:582	Tumor/Epithelial
P10:583	CAF/Fibroblast
P10:584	CAF/Fibroblast
P10:585	Tumor/Epithelial
P10:586	Tumor/Epithelial
P10:587	Tumor/Epithelial
P10:588	Tumor/Epithelial
P10:589	Tumor/Epithelial
P10:590	Tumor/Epithelial
P10:591	Tumor/Epithelial
P10:592	Tumor/Epithelial
P10:593	Tumor/Epithelial
P10:594	Tumor/Epithelial
P10:595	Tumor/Epithelial
P10:596	Tumor/Epithelial
P10:597	Tumor/Epithelial
P10:598	CAF/Fibroblast
P10:599	Tumor/Epithelial
P10:600	Tumor/Epithelial
P10:601	Tumor/Epithelial
P10:602	Tumor/Epithelial
P10:603	Tumor/Epithelial
P10:604	Tumor/Epithelial
P10:605	Tumor/Epithelial
P10:606	Tumor/Epithelial
P10:607	Tumor/Epithelial
P10:608	Tumor/Epithelial
P10:609	Tumor/Epithelial
P10:610	Tumor/Epithelial
P10:611	CAF/Fibroblast
P10:612	Tumor/Epithelial
P10:613	Tumor/Epithelial
P10:614	Tumor/Epithelial
P10:615	Tumor/Epithelial
P10:616	Tumor/Epithelial
P10:617	Tumor/Epithelial
P10:618	Tumor/Epithelial
P10:619	Tumor/Epithelial
P10:620	Tumor/Epithelial
P10:621	CAF/Fibroblast
P10:622	Tumor/Epithelial
P10:623	Myeloid
P10:624	Tumor/Epithelial
P10:625	Tumor/Epithelial
P10:626	Tumor/Epithelial
P10:627	Tumor/Epithelial
P10:628	Tumor/Epithelial
P10:629	CAF/Fibroblast
P10:630	Tumor/Epithelial
P10:631	Tumor/Epithelial
P10:632	Tumor/Epithelial
P10:633	Tumor/Epithelial
P10:634	Tumor/Epithelial
P10:635	Tumor/Epithelial
P10:636	Tumor/Epithelial
P10:637	Unknown
P10:638	Tumor/Epithelial
P10:639	Unknown
P10:640	Tumor/Epithelial
P10:641	Tumor/Epithelial
P10:642	Myeloid
P10:643	T/NK
P10:644	Tumor/Epithelial
P10:645	Tumor/Epithelial
P10:646	Tumor/Epithelial
P10:647	Tumor/Epithelial
P10:648	Tumor/Epithelial
P10:649	Tumor/Epithelial
P10:650	Tumor/Epithelial
P10:651	Tumor/Epithelial
P10:652	CAF/Fibroblast
P10:653	Tumor/Epithelial
P10:654	Tumor/Epithelial
P10:655	Tumor/Epithelial
P10:656	Tumor/Epithelial
P10:657	Tumor/Epithelial
P10:658	Tumor/Epithelial
P10:659	Tumor/Epithelial
P10:660	Tumor/Epithelial
P10:661	Tumor/Epithelial
P10:662	Tumor/Epithelial
P10:663	Tumor/Epithelial
P10:664	Tumor/Epithelial
P10:665	Tumor/Epithelial
P10:666	Tumor/Epithelial
P10:667	Unknown
P10:668	Tumor/Epithelial
P10:669	Tumor/Epithelial
P10:670	Tumor/Epithelial
P10:671	Myeloid
P10:672	CAF/Fibroblast
P10:673	Tumor/Epithelial
P10:674	Tumor/Epithelial
P10:675	Tumor/Epithelial
P10:676	Tumor/Epithelial
P10:677	Tumor/Epithelial
P10:678	Tumor/Epithelial
P10:679	Tumor/Epithelial
P10:680	Tumor/Epithelial
P10:681	Tumor/Epithelial
P10:682	Tumor/Epithelial
P10:683	Tumor/Epithelial
P10:684	Tumor/Epithelial
P10:685	Tumor/Epithelial
P10:686	Tumor/Epithelial
P10:687	Tumor/Epithelial
P10:688	Tumor/Epithelial
P10:689	Tumor/Epithelial
P10:690	CAF/Fibroblast
P10:691	Tumor/Epithelial
P10:692	Tumor/Epithelial
P10:693	Tumor/Epithelial
P10:694	Tumor/Epithelial
P10:695	Tumor/Epithelial
P10:696	CAF/Fibroblast
P10:697	Tumor/Epithelial
P10:698	Tumor/Epithelial
P10:699	Tumor/Epithelial
P10:700	Tumor/Epithelial
P10:701	Tumor/Epithelial
P10:702	Tumor/Epithelial
P10:703	Tumor/Epithelial
P10:704	Tumor/Epithelial
P10:705	Myeloid
P10:706	Tumor/Epithelial
P10:707	Tumor/Epithelial
P10:708	Tumor/Epithelial
P10:709	CAF/Fibroblast
P10:710	CAF/Fibroblast
P10:711	Tumor/Epithelial
P10:712	Tumor/Epithelial
P10:713	CAF/Fibroblast
P10:714	Tumor/Epithelial
P10:715	Tumor/Epithelial
P10:716	Tumor/Epithelial
P10:717	Tumor/Epithelial
P10:718	Unknown
P10:719	Tumor/Epithelial
P10:720	Tumor/Epithelial
P10:721	Tumor/Epithelial
P10:722	Tumor/Epithelial
P10:723	Tumor/Epithelial
P10:724	Tumor/Epithelial
P10:725	Tumor/Epithelial
P10:726	Myeloid
P10:727	Tumor/Epithelial
P10:728	Tumor/Epithelial
P10:729	Unknown
P10:730	CAF/Fibroblast
P10:731	Tumor/Epithelial
P10:732	Tumor/Epithelial
P10:733	CAF/Fibroblast
P10:734	Unknown
P10:735	Tumor/Epithelial
P10:736	Tumor/Epithelial
P10:737	Tumor/Epithelial
P10:738	Tumor/Epithelial
P10:739	Tumor/Epithelial
P10:740	Tumor/Epithelial
P10:741	Tumor/Epithelial
P10:742	Tumor/Epithelial
P10:743	Tumor/Epithelial
P10:744	Tumor/Epithelial
P10:745	T/NK
P10:746	Tumor/Epithelial
P10:747	Tumor/Epithelial
P10:748	Unknown
P10:749	Myeloid
P10:750	CAF/Fibroblast
P10:751	CAF/Fibroblast
P10:752	Tumor/Epithelial
P10:753	Tumor/Epithelial
P10:754	Tumor/Epithelial
P10:755	CAF/Fibroblast
P10:756	Tumor/Epithelial
P10:757	Myeloid
P10:758	Tumor/Epithelial
P10:759	Tumor/Epithelial
P10:760	Tumor/Epithelial
P10:761	Tumor/Epithelial
P10:762	Tumor/Epithelial
P10:763	Tumor/Epithelial
P10:764	Tumor/Epithelial
P10:765	Tumor/Epithelial
P10:766	Tumor/Epithelial
P10:767	Tumor/Epithelial
P10:768	Tumor/Epithelial
P10:769	Tumor/Epithelial
P10:770	Unknown
P10:771	Tumor/Epithelial
P10:772	CAF/Fibroblast
P10:773	Tumor/Epithelial
P10:774	Unknown
P10:775	Tumor/Epithelial
P10:776	Unknown
P10:777	Myeloid
P10:778	Tumor/Epithelial
P10:779	Tumor/Epithelial
P10:780	T/NK
P10:781	Tumor/Epithelial
P10:782	Myeloid
P10:783	Tumor/Epithelial
P10:784	Tumor/Epithelial
P10:785	Tumor/Epithelial
P10:786	Tumor/Epithelial
P10:787	Tumor/Epithelial
P10:788	Tumor/Epithelial
P10:789	Tumor/Epithelial
P10:790	Tumor/Epithelial
P10:791	Tumor/Epithelial
P10:792	Tumor/Epithelial
P10:793	Tumor/Epithelial
P10:794	Tumor/Epithelial
P10:795	Tumor/Epithelial
P10:796	Tumor/Epithelial
P10:797	Tumor/Epithelial
P10:798	Tumor/Epithelial
P10:799	Tumor/Epithelial
P10:800	Tumor/Epithelial
P10:801	Tumor/Epithelial
P10:802	Tumor/Epithelial
P10:803	Tumor/Epithelial
P10:804	CAF/Fibroblast
P10:805	Tumor/Epithelial
P10:806	Tumor/Epithelial
P10:807	Tumor/Epithelial
P10:808	Tumor/Epithelial
P10:809	Tumor/Epithelial
P10:810	Tumor/Epithelial
P10:811	Tumor/Epithelial
P10:812	Tumor/Epithelial
P10:813	Tumor/Epithelial
P10:814	CAF/Fibroblast
P10:815	Tumor/Epithelial
P10:816	Tumor/Epithelial
P10:817	Tumor/Epithelial
P10:818	Tumor/Epithelial
P10:819	Tumor/Epithelial
P10:820	CAF/Fibroblast
P10:821	Tumor/Epithelial
P10:822	Tumor/Epithelial
P10:823	Tumor/Epithelial
P10:824	Tumor/Epithelial
P10:825	Tumor/Epithelial
P10:826	Tumor/Epithelial
P10:827	Tumor/Epithelial
P10:828	Tumor/Epithelial
P10:829	Tumor/Epithelial
P10:830	Tumor/Epithelial
P10:831	Tumor/Epithelial
P10:832	Tumor/Epithelial
P10:833	Tumor/Epithelial
P10:834	Tumor/Epithelial
P10:835	Tumor/Epithelial
P10:836	Tumor/Epithelial
P10:837	Tumor/Epithelial
P10:838	Tumor/Epithelial
P10:839	Tumor/Epithelial
P10:840	Tumor/Epithelial
P10:841	Tumor/Epithelial
P10:842	Tumor/Epithelial
P10:843	Tumor/Epithelial
P10:844	Tumor/Epithelial
P10:845	Tumor/Epithelial
P10:846	Tumor/Epithelial
P10:847	Tumor/Epithelial
P10:848	Tumor/Epithelial
P10:849	Tumor/Epithelial
P10:850	Tumor/Epithelial
P10:851	Tumor/Epithelial
P10:852	Tumor/Epithelial
P10:853	T/NK
P10:854	Tumor/Epithelial
P10:855	Tumor/Epithelial
P10:856	Tumor/Epithelial
P10:857	Tumor/Epithelial
P10:858	Tumor/Epithelial
P10:859	Tumor/Epithelial
P10:860	Tumor/Epithelial
P10:861	Tumor/Epithelial
P10:862	Tumor/Epithelial
P10:863	Tumor/Epithelial
P10:864	Myeloid
P10:865	Tumor/Epithelial
P10:866	Tumor/Epithelial
P10:867	Tumor/Epithelial
P10:868	Tumor/Epithelial
P10:869	Tumor/Epithelial
P10:870	Tumor/Epithelial
P10:871	Tumor/Epithelial
P10:872	Myeloid
P10:873	Myeloid
P10:874	Tumor/Epithelial
P10:875	Tumor/Epithelial
P10:876	CAF/Fibroblast
P10:877	Tumor/Epithelial
P10:878	Tumor/Epithelial
P10:879	Myeloid
P10:880	Tumor/Epithelial
P10:881	Tumor/Epithelial
P10:882	Tumor/Epithelial
P10:883	CAF/Fibroblast
P10:884	Tumor/Epithelial
P10:885	Unknown
P10:886	Tumor/Epithelial
P10:887	Tumor/Epithelial
P10:888	Tumor/Epithelial
P10:889	Tumor/Epithelial
P10:890	Tumor/Epithelial
P10:891	Tumor/Epithelial
P10:892	Tumor/Epithelial
P10:893	Tumor/Epithelial
P10:894	Tumor/Epithelial
P10:895	Tumor/Epithelial
P10:896	Tumor/Epithelial
P10:897	Tumor/Epithelial
P10:898	Tumor/Epithelial
P10:899	Tumor/Epithelial
P10:900	Myeloid
P10:901	Tumor/Epithelial
P10:902	Tumor/Epithelial
P10:903	Tumor/Epithelial
P10:904	Tumor/Epithelial
P10:905	CAF/Fibroblast
P10:906	Tumor/Epithelial
P10:907	Tumor/Epithelial
P10:908	Tumor/Epithelial
P10:909	Tumor/Epithelial
P10:910	Tumor/Epithelial
P10:911	CAF/Fibroblast
P10:912	Tumor/Epithelial
P10:913	Unknown
P10:914	Tumor/Epithelial
P10:915	Tumor/Epithelial
P10:916	Tumor/Epithelial
P10:917	Tumor/Epithelial
P10:918	Tumor/Epithelial
P10:919	Tumor/Epithelial
P10:920	Tumor/Epithelial
P10:921	Myeloid
P10:922	Tumor/Epithelial
P10:923	Tumor/Epithelial
P10:924	T/NK
P10:925	Tumor/Epithelial
P10:926	Tumor/Epithelial
P10:927	Tumor/Epithelial
P10:928	Tumor/Epithelial
P10:929	Tumor/Epithelial
P10:930	Tumor/Epithelial
P10:931	Tumor/Epithelial
P10:932	Tumor/Epithelial
P10:933	Tumor/Epithelial
P10:934	Tumor/Epithelial
P10:935	Tumor/Epithelial
P10:936	Tumor/Epithelial
P10:937	Tumor/Epithelial
P10:938	Tumor/Epithelial
P10:939	Unknown
P10:940	Tumor/Epithelial
P10:941	Tumor/Epithelial
P10:942	Tumor/Epithelial
P10:943	T/NK
P10:944	Tumor/Epithelial
P10:945	Tumor/Epithelial
P10:946	Tumor/Epithelial
P10:947	Tumor/Epithelial
P10:948	CAF/Fibroblast
P10:949	Tumor/Epithelial
P10:950	Tumor/Epithelial
P10:951	Tumor/Epithelial
P10:952	Tumor/Epithelial
P10:953	Tumor/Epithelial
P10:954	CAF/Fibroblast
P10:955	Tumor/Epithelial
P10:956	Tumor/Epithelial
P10:957	T/NK
P10:958	Tumor/Epithelial
P10:959	Myeloid
P10:960	Tumor/Epithelial
P10:961	Tumor/Epithelial
P10:962	Tumor/Epithelial
P10:963	Tumor/Epithelial
P10:964	Tumor/Epithelial
P10:965	Tumor/Epithelial
P10:966	T/NK
P10:967	Tumor/Epithelial
P10:968	Myeloid
P10:969	Tumor/Epithelial
P10:970	Tumor/Epithelial
P10:971	Tumor/Epithelial
P10:972	Tumor/Epithelial
P10:973	Myeloid
P10:974	Tumor/Epithelial
P10:975	Tumor/Epithelial
P10:976	Tumor/Epithelial
P10:977	Tumor/Epithelial
P10:978	Unknown
P10:979	Tumor/Epithelial
P10:980	CAF/Fibroblast
P10:981	Tumor/Epithelial
P10:982	Tumor/Epithelial
P10:983	Tumor/Epithelial
P10:984	Tumor/Epithelial
P10:985	Myeloid
P10:986	Tumor/Epithelial
P10:987	Myeloid
P10:988	Tumor/Epithelial
P10:989	Tumor/Epithelial
P10:990	Tumor/Epithelial
P10:991	Tumor/Epithelial
P10:992	Tumor/Epithelial
P10:993	Tumor/Epithelial
P10:994	Myeloid
P10:995	Tumor/Epithelial
P10:996	Tumor/Epithelial
P10:997	CAF/Fibroblast
P10:998	CAF/Fibroblast
P10:999	Tumor/Epithelial
P10:1000	Myeloid
P10:1001	Tumor/Epithelial
P10:1002	Unknown
P10:1003	Tumor/Epithelial
P10:1004	Tumor/Epithelial
P10:1005	Myeloid
P10:1006	Tumor/Epithelial
P10:1007	Tumor/Epithelial
P10:1008	Tumor/Epithelial
P10:1009	Myeloid
P10:1010	Tumor/Epithelial
P10:1011	Tumor/Epithelial
P10:1012	Tumor/Epithelial
P10:1013	Tumor/Epithelial
P10:1014	Unknown
P10:1015	Tumor/Epithelial
P10:1016	Tumor/Epithelial
P10:1017	CAF/Fibroblast
P10:1018	Tumor/Epithelial
P10:1019	Tumor/Epithelial
P10:1020	Tumor/Epithelial
P10:1021	Tumor/Epithelial
P10:1022	Tumor/Epithelial
P10:1023	Tumor/Epithelial
P10:1024	Tumor/Epithelial
P10:1025	CAF/Fibroblast
P10:1026	Tumor/Epithelial
P10:1027	Tumor/Epithelial
P10:1028	Tumor/Epithelial
P10:1029	Tumor/Epithelial
P10:1030	Tumor/Epithelial
P10:1031	Tumor/Epithelial
P10:1032	CAF/Fibroblast
P10:1033	Tumor/Epithelial
P10:1034	Tumor/Epithelial
P10:1035	Tumor/Epithelial
P10:1036	Tumor/Epithelial
P10:1037	Tumor/Epithelial
P10:1038	Unknown
P10:1039	Unknown
P10:1040	Tumor/Epithelial
P10:1041	Tumor/Epithelial
P10:1042	Tumor/Epithelial
P10:1043	Tumor/Epithelial
P10:1044	Tumor/Epithelial
P10:1045	Tumor/Epithelial
P10:1046	CAF/Fibroblast
P10:1047	Tumor/Epithelial
P10:1048	Tumor/Epithelial
P10:1049	Tumor/Epithelial
P10:1050	T/NK
P10:1051	T/NK
P10:1052	Unknown
P10:1053	Tumor/Epithelial
P10:1054	Tumor/Epithelial
P10:1055	Unknown
P10:1056	Unknown
P10:1057	Tumor/Epithelial
P10:1058	Tumor/Epithelial
P10:1059	Tumor/Epithelial
P10:1060	Tumor/Epithelial
P10:1061	Tumor/Epithelial
P10:1062	Myeloid
P10:1063	Tumor/Epithelial
P10:1064	Tumor/Epithelial
P10:1065	Unknown
P10:1066	CAF/Fibroblast
P10:1067	Tumor/Epithelial
P10:1068	Tumor/Epithelial
P10:1069	CAF/Fibroblast
P10:1070	Tumor/Epithelial
P10:1071	Tumor/Epithelial
P10:1072	Tumor/Epithelial
P10:1073	Tumor/Epithelial
P10:1074	Tumor/Epithelial
P10:1075	Tumor/Epithelial
P10:1076	Myeloid
P10:1077	Tumor/Epithelial
P10:1078	Tumor/Epithelial
P10:1079	Tumor/Epithelial
P10:1080	Tumor/Epithelial
P10:1081	Tumor/Epithelial
P10:1082	Tumor/Epithelial
P10:1083	Unknown
P10:1084	Tumor/Epithelial
P10:1085	T/NK
P10:1086	Tumor/Epithelial
P10:1087	Tumor/Epithelial
P10:1088	Tumor/Epithelial
P10:1089	Tumor/Epithelial
P10:1090	Myeloid
P10:1091	Tumor/Epithelial
P10:1092	Myeloid
P10:1093	Tumor/Epithelial
P10:1094	Tumor/Epithelial
P10:1095	Tumor/Epithelial
P10:1096	Tumor/Epithelial
P10:1097	Tumor/Epithelial
P10:1098	Tumor/Epithelial
P10:1099	Tumor/Epithelial
P10:1100	Tumor/Epithelial
P10:1101	Tumor/Epithelial
P10:1102	Tumor/Epithelial
P10:1103	Tumor/Epithelial
P10:1104	Tumor/Epithelial
P10:1105	Tumor/Epithelial
P10:1106	B/Plasma
P10:1107	Tumor/Epithelial
P10:1108	Tumor/Epithelial
P10:1109	Tumor/Epithelial
P10:1110	CAF/Fibroblast
P10:1111	CAF/Fibroblast
P10:1112	Tumor/Epithelial
P10:1113	Tumor/Epithelial
P10:1114	Tumor/Epithelial
P10:1115	Tumor/Epithelial
P10:1116	Tumor/Epithelial
P10:1117	Tumor/Epithelial
P10:1118	Tumor/Epithelial
P10:1119	Tumor/Epithelial
P10:1120	Tumor/Epithelial
P10:1121	Tumor/Epithelial
P10:1122	Tumor/Epithelial
P10:1123	Tumor/Epithelial
P10:1124	Tumor/Epithelial
P10:1125	Tumor/Epithelial
P10:1126	Tumor/Epithelial
P10:1127	Tumor/Epithelial
P10:1128	Tumor/Epithelial
P10:1129	Myeloid
P10:1130	Tumor/Epithelial
P10:1131	Tumor/Epithelial
P10:1132	Tumor/Epithelial
P10:1133	Tumor/Epithelial
P10:1134	Tumor/Epithelial
P10:1135	Tumor/Epithelial
P10:1136	Tumor/Epithelial
P10:1137	Tumor/Epithelial
P10:1138	CAF/Fibroblast
P10:1139	Tumor/Epithelial
P10:1140	Tumor/Epithelial
P10:1141	Tumor/Epithelial
P10:1142	Tumor/Epithelial
P10:1143	Tumor/Epithelial
P10:1144	Tumor/Epithelial
P10:1145	Tumor/Epithelial
P10:1146	Tumor/Epithelial
P10:1147	Tumor/Epithelial
P10:1148	Myeloid
P10:1149	Tumor/Epithelial
P10:1150	Tumor/Epithelial
P10:1151	Tumor/Epithelial
P10:1152	Tumor/Epithelial
P10:1153	T/NK
P10:1154	Tumor/Epithelial
P10:1155	Tumor/Epithelial
P10:1156	Tumor/Epithelial
P10:1157	Tumor/Epithelial
P10:1158	Tumor/Epithelial
P10:1159	Tumor/Epithelial
P10:1160	Tumor/Epithelial
P10:1161	Tumor/Epithelial
P10:1162	Myeloid
P10:1163	Tumor/Epithelial
P10:1164	Tumor/Epithelial
P10:1165	Tumor/Epithelial
P10:1166	Tumor/Epithelial
P10:1167	Tumor/Epithelial
P10:1168	Tumor/Epithelial
P10:1169	Tumor/Epithelial
P10:1170	Tumor/Epithelial
P10:1171	Tumor/Epithelial
P10:1172	Tumor/Epithelial
P10:1173	Tumor/Epithelial
P10:1174	Tumor/Epithelial
P10:1175	Tumor/Epithelial
P10:1176	Tumor/Epithelial
P10:1177	Tumor/Epithelial
P10:1178	Tumor/Epithelial
P10:1179	Tumor/Epithelial
P10:1180	Tumor/Epithelial
P10:1181	Tumor/Epithelial
P10:1182	Tumor/Epithelial
P10:1183	Myeloid
P10:1184	Tumor/Epithelial
P10:1185	Tumor/Epithelial
P10:1186	Tumor/Epithelial
P10:1187	Tumor/Epithelial
P10:1188	Tumor/Epithelial
P10:1189	CAF/Fibroblast
P10:1190	Tumor/Epithelial
P10:1191	Tumor/Epithelial
P10:1192	Tumor/Epithelial
P10:1193	Tumor/Epithelial
P10:1194	Tumor/Epithelial
P10:1195	Tumor/Epithelial
P10:1196	Tumor/Epithelial
P10:1197	Tumor/Epithelial
P10:1198	Tumor/Epithelial
P10:1199	Tumor/Epithelial
P10:1200	Tumor/Epithelial
P10:1201	Tumor/Epithelial
P10:1202	Tumor/Epithelial
P10:1203	Tumor/Epithelial
P10:1204	Tumor/Epithelial
P10:1205	Tumor/Epithelial
P10:1206	Tumor/Epithelial
P10:1207	Tumor/Epithelial
P10:1208	Tumor/Epithelial
P10:1209	Tumor/Epithelial
P10:1210	Tumor/Epithelial
P10:1211	Tumor/Epithelial
P10:1212	Tumor/Epithelial
P10:1213	CAF/Fibroblast
P10:1214	Tumor/Epithelial
P10:1215	Tumor/Epithelial
P10:1216	Tumor/Epithelial
P10:1217	Unknown
P10:1218	Tumor/Epithelial
P10:1219	CAF/Fibroblast
P10:1220	Tumor/Epithelial
P10:1221	Tumor/Epithelial
P10:1222	Unknown
P10:1223	Myeloid
P10:1224	Tumor/Epithelial
P10:1225	Tumor/Epithelial
P10:1226	Tumor/Epithelial
P10:1227	Tumor/Epithelial
P10:1228	Tumor/Epithelial
P10:1229	Tumor/Epithelial
P10:1230	Tumor/Epithelial
P10:1231	Tumor/Epithelial
P10:1232	Tumor/Epithelial
P10:1233	CAF/Fibroblast
P10:1234	Tumor/Epithelial
P10:1235	Tumor/Epithelial
P10:1236	CAF/Fibroblast
P10:1237	Tumor/Epithelial
P10:1238	Tumor/Epithelial
P10:1239	Tumor/Epithelial
P10:1240	Tumor/Epithelial
P10:1241	Tumor/Epithelial
P10:1242	Tumor/Epithelial
P10:1243	CAF/Fibroblast
P10:1244	Tumor/Epithelial
P10:1245	Unknown
P10:1246	Tumor/Epithelial
P10:1247	Tumor/Epithelial
P10:1248	Tumor/Epithelial
P10:1249	Unknown
P10:1250	Myeloid
P10:1251	Tumor/Epithelial
P10:1252	Tumor/Epithelial
P10:1253	Tumor/Epithelial
P10:1254	Tumor/Epithelial
P10:1255	Tumor/Epithelial
P10:1256	Tumor/Epithelial
P10:1257	Tumor/Epithelial
P10:1258	Tumor/Epithelial
P10:1259	Tumor/Epithelial
P10:1260	Tumor/Epithelial
P10:1261	Tumor/Epithelial
P10:1262	Tumor/Epithelial
P10:1263	Tumor/Epithelial
P10:1264	CAF/Fibroblast
P10:1265	Tumor/Epithelial
P10:1266	Tumor/Epithelial
P10:1267	Myeloid
P10:1268	Tumor/Epithelial
P10:1269	Tumor/Epithelial
P10:1270	Tumor/Epithelial
P10:1271	Tumor/Epithelial
P10:1272	Tumor/Epithelial
P10:1273	Tumor/Epithelial
P10:1274	Tumor/Epithelial
P10:1275	Tumor/Epithelial
P10:1276	Tumor/Epithelial
P10:1277	Tumor/Epithelial
P10:1278	Tumor/Epithelial
P10:1279	Tumor/Epithelial
P10:1280	Tumor/Epithelial
P10:1281	Tumor/Epithelial
P10:1282	Tumor/Epithelial
P10:1283	Tumor/Epithelial
P10:1284	Tumor/Epithelial
P10:1285	CAF/Fibroblast
P10:1286	Tumor/Epithelial
P10:1287	Tumor/Epithelial
P10:1288	Myeloid
P10:1289	Tumor/Epithelial
P10:1290	Tumor/Epithelial
P10:1291	CAF/Fibroblast
P10:1292	Tumor/Epithelial
P10:1293	Tumor/Epithelial
P10:1294	Myeloid
P10:1295	Tumor/Epithelial
P10:1296	Tumor/Epithelial
P10:1297	Tumor/Epithelial
P10:1298	Tumor/Epithelial
P10:1299	Tumor/Epithelial
P10:1300	Tumor/Epithelial
P10:1301	Tumor/Epithelial
P10:1302	Tumor/Epithelial
P10:1303	Tumor/Epithelial
P10:1304	Tumor/Epithelial
P10:1305	Tumor/Epithelial
P10:1306	Tumor/Epithelial
P10:1307	Tumor/Epithelial
P10:1308	T/NK
P10:1309	Tumor/Epithelial
P10:1310	Myeloid
P10:1311	Tumor/Epithelial
P10:1312	Tumor/Epithelial
P10:1313	Tumor/Epithelial
P10:1314	CAF/Fibroblast
P10:1315	Tumor/Epithelial
P10:1316	Myeloid
P10:1317	Tumor/Epithelial
P10:1318	Tumor/Epithelial
P10:1319	Unknown
P10:1320	Tumor/Epithelial
P10:1321	Tumor/Epithelial
P10:1322	Unknown
P10:1323	Tumor/Epithelial
P10:1324	Tumor/Epithelial
P10:1325	Tumor/Epithelial
P10:1326	Tumor/Epithelial
P10:1327	Tumor/Epithelial
P10:1328	Tumor/Epithelial
P10:1329	Tumor/Epithelial
P10:1330	Tumor/Epithelial
P10:1331	Tumor/Epithelial
P10:1332	Unknown
P10:1333	Tumor/Epithelial
P10:1334	Tumor/Epithelial
P10:1335	Tumor/Epithelial
P10:1336	Tumor/Epithelial
P10:1337	Tumor/Epithelial
P10:1338	Tumor/Epithelial
P10:1339	Tumor/Epithelial
P10:1340	Tumor/Epithelial
P10:1341	Tumor/Epithelial
P10:1342	Tumor/Epithelial
P10:1343	Tumor/Epithelial
P10:1344	Tumor/Epithelial
P10:1345	Tumor/Epithelial
P10:1346	Tumor/Epithelial
P10:1347	Myeloid
P10:1348	Tumor/Epithelial
P10:1349	Tumor/Epithelial
P10:1350	Tumor/Epithelial
P10:1351	Tumor/Epithelial
P10:1352	Myeloid
P10:1353	Tumor/Epithelial
P10:1354	Tumor/Epithelial
P10:1355	Tumor/Epithelial
P10:1356	Tumor/Epithelial
P10:1357	Tumor/Epithelial
P10:1358	Tumor/Epithelial
P10:1359	Tumor/Epithelial
P10:1360	CAF/Fibroblast
P10:1361	Tumor/Epithelial
P10:1362	Tumor/Epithelial
P10:1363	Tumor/Epithelial
P10:1364	Tumor/Epithelial
P10:1365	Tumor/Epithelial
P10:1366	Tumor/Epithelial
P10:1367	CAF/Fibroblast
P10:1368	Tumor/Epithelial
P10:1369	Tumor/Epithelial
P10:1370	Tumor/Epithelial
P10:1371	Tumor/Epithelial
P10:1372	Tumor/Epithelial
P10:1373	Tumor/Epithelial
P10:1374	Tumor/Epithelial
P10:1375	Myeloid
P10:1376	CAF/Fibroblast
P10:1377	Tumor/Epithelial
P10:1378	Myeloid
P10:1379	Tumor/Epithelial
P10:1380	Tumor/Epithelial
P10:1381	Unknown
P10:1382	Tumor/Epithelial
P10:1383	Tumor/Epithelial
P10:1384	CAF/Fibroblast
P10:1385	CAF/Fibroblast
P10:1386	Tumor/Epithelial
P10:1387	Tumor/Epithelial
P10:1388	Tumor/Epithelial
P10:1389	Tumor/Epithelial
P10:1390	Tumor/Epithelial
P10:1391	Tumor/Epithelial
P10:1392	Tumor/Epithelial
P10:1393	Tumor/Epithelial
P10:1394	Tumor/Epithelial
P10:1395	Tumor/Epithelial
P10:1396	Tumor/Epithelial
P10:1397	Tumor/Epithelial
P10:1398	Tumor/Epithelial
P10:1399	Tumor/Epithelial
P10:1400	Tumor/Epithelial
P10:1401	Tumor/Epithelial
P10:1402	Tumor/Epithelial
P10:1403	Tumor/Epithelial
P10:1404	Tumor/Epithelial
P10:1405	Tumor/Epithelial
P10:1406	Tumor/Epithelial
P10:1407	Tumor/Epithelial
P10:1408	Tumor/Epithelial
P10:1409	Tumor/Epithelial
P10:1410	Tumor/Epithelial
P10:1411	Tumor/Epithelial
P10:1412	Tumor/Epithelial
P10:1413	Tumor/Epithelial
P10:1414	Tumor/Epithelial
P10:1415	Tumor/Epithelial
P10:1416	CAF/Fibroblast
P10:1417	Unknown
P10:1418	Tumor/Epithelial
P10:1419	Tumor/Epithelial
P10:1420	Tumor/Epithelial
P10:1421	Tumor/Epithelial
P10:1422	Tumor/Epithelial
P10:1423	Tumor/Epithelial
P10:1424	Myeloid
P10:1425	Tumor/Epithelial
P10:1426	Tumor/Epithelial
P10:1427	Tumor/Epithelial
P10:1428	B/Plasma
P10:1429	Tumor/Epithelial
P10:1430	Tumor/Epithelial
P10:1431	Tumor/Epithelial
P10:1432	CAF/Fibroblast
P10:1433	CAF/Fibroblast
P10:1434	CAF/Fibroblast
P10:1435	Tumor/Epithelial
P10:1436	Tumor/Epithelial
P10:1437	Tumor/Epithelial
P10:1438	Tumor/Epithelial
P10:1439	Tumor/Epithelial
P10:1440	Tumor/Epithelial
P10:1441	Tumor/Epithelial
P10:1442	Myeloid
P10:1443	Tumor/Epithelial
P10:1444	CAF/Fibroblast
P10:1445	Tumor/Epithelial
P10:1446	Tumor/Epithelial
P10:1447	Tumor/Epithelial
P10:1448	Tumor/Epithelial
P10:1449	Tumor/Epithelial
P10:1450	Tumor/Epithelial
P10:1451	Myeloid
P10:1452	Tumor/Epithelial
P10:1453	Tumor/Epithelial
P10:1454	Tumor/Epithelial
P10:1455	Tumor/Epithelial
P10:1456	Tumor/Epithelial
P10:1457	Tumor/Epithelial
P10:1458	CAF/Fibroblast
P10:1459	Tumor/Epithelial
P10:1460	Tumor/Epithelial
P10:1461	CAF/Fibroblast
P10:1462	Tumor/Epithelial
P10:1463	Tumor/Epithelial
P10:1464	Myeloid
P10:1465	Tumor/Epithelial
P10:1466	Tumor/Epithelial
P10:1467	Tumor/Epithelial
P10:1468	Tumor/Epithelial
P10:1469	Tumor/Epithelial
P10:1470	Tumor/Epithelial
P10:1471	Tumor/Epithelial
P10:1472	Tumor/Epithelial
P10:1473	Tumor/Epithelial
P10:1474	Tumor/Epithelial
P10:1475	Unknown
P10:1476	Tumor/Epithelial
P10:1477	Tumor/Epithelial
P10:1478	Tumor/Epithelial
P10:1479	Tumor/Epithelial
P10:1480	Tumor/Epithelial
P10:1481	Tumor/Epithelial
P10:1482	Tumor/Epithelial
P10:1483	Tumor/Epithelial
P10:1484	Tumor/Epithelial
P10:1485	Tumor/Epithelial
P10:1486	Tumor/Epithelial
P10:1487	CAF/Fibroblast
P10:1488	Tumor/Epithelial
P10:1489	CAF/Fibroblast
P10:1490	Tumor/Epithelial
P10:1491	Myeloid
P10:1492	Myeloid
P10:1493	Tumor/Epithelial
P10:1494	Tumor/Epithelial
P10:1495	Tumor/Epithelial
P10:1496	Tumor/Epithelial
P10:1497	Tumor/Epithelial
P10:1498	Tumor/Epithelial
P10:1499	Tumor/Epithelial
P10:1500	CAF/Fibroblast
P10:1501	Tumor/Epithelial
P10:1502	Tumor/Epithelial
P10:1503	Tumor/Epithelial
P10:1504	Tumor/Epithelial
P10:1505	Tumor/Epithelial
P10:1506	Tumor/Epithelial
P10:1507	Tumor/Epithelial
P10:1508	Tumor/Epithelial
P10:1509	Myeloid
P10:1510	Tumor/Epithelial
P10:1511	Tumor/Epithelial
P10:1512	Tumor/Epithelial
P10:1513	Tumor/Epithelial
P10:1514	Tumor/Epithelial
P10:1515	Tumor/Epithelial
P10:1516	Tumor/Epithelial
P10:1517	Tumor/Epithelial
P10:1518	Tumor/Epithelial
P10:1519	Tumor/Epithelial
P10:1520	Tumor/Epithelial
P10:1521	Tumor/Epithelial
P10:1522	Tumor/Epithelial
P10:1523	Tumor/Epithelial
P10:1524	Tumor/Epithelial
P10:1525	Tumor/Epithelial
P10:1526	Tumor/Epithelial
P10:1527	Tumor/Epithelial
P10:1528	CAF/Fibroblast
P10:1529	Tumor/Epithelial
P10:1530	T/NK
P10:1531	Tumor/Epithelial
P10:1532	Tumor/Epithelial
P10:1533	Tumor/Epithelial
P10:1534	Tumor/Epithelial
P10:1535	Tumor/Epithelial
P10:1536	Tumor/Epithelial
P10:1537	Tumor/Epithelial
P10:1538	Tumor/Epithelial
P10:1539	Tumor/Epithelial
P10:1540	Myeloid
P10:1541	Tumor/Epithelial
P10:1542	Tumor/Epithelial
P10:1543	Unknown
P10:1544	Tumor/Epithelial
P10:1545	Myeloid
P10:1546	Tumor/Epithelial
P10:1547	Tumor/Epithelial
P10:1548	Tumor/Epithelial
P10:1549	Tumor/Epithelial
P10:1550	CAF/Fibroblast
P10:1551	Tumor/Epithelial
P10:1552	Tumor/Epithelial
P10:1553	Tumor/Epithelial
P10:1554	Tumor/Epithelial
P10:1555	Tumor/Epithelial
P10:1556	Tumor/Epithelial
P10:1557	Tumor/Epithelial
P10:1558	Tumor/Epithelial
P10:1559	CAF/Fibroblast
P10:1560	CAF/Fibroblast
P10:1561	Tumor/Epithelial
P10:1562	Tumor/Epithelial
P10:1563	Myeloid
P10:1564	Tumor/Epithelial
P10:1565	Tumor/Epithelial
P10:1566	Tumor/Epithelial
P10:1567	Tumor/Epithelial
P10:1568	Tumor/Epithelial
P10:1569	Myeloid
P10:1570	Tumor/Epithelial
P01:1	CAF/Fibroblast
P01:2	CAF/Fibroblast
P01:3	CAF/Fibroblast
P01:4	Tumor/Epithelial
P01:5	Tumor/Epithelial
P01:6	Unknown
P01:7	Tumor/Epithelial
P01:8	Unknown
P01:9	CAF/Fibroblast
P01:10	Tumor/Epithelial
P01:11	Unknown
P01:12	Tumor/Epithelial
P01:13	CAF/Fibroblast
P01:14	Tumor/Epithelial
P01:15	CAF/Fibroblast
P01:16	CAF/Fibroblast
P01:17	Tumor/Epithelial
P01:18	CAF/Fibroblast
P01:19	CAF/Fibroblast
P01:20	CAF/Fibroblast
P01:21	Unknown
P01:22	CAF/Fibroblast
P01:23	Tumor/Epithelial
P01:24	CAF/Fibroblast
P01:25	CAF/Fibroblast
P01:26	CAF/Fibroblast
P01:27	Tumor/Epithelial
P01:28	CAF/Fibroblast
P01:29	Tumor/Epithelial
P01:30	Unknown
P01:31	Tumor/Epithelial
P01:32	CAF/Fibroblast
P01:33	CAF/Fibroblast
P01:34	Tumor/Epithelial
P01:35	Unknown
P01:36	Tumor/Epithelial
P01:37	CAF/Fibroblast
P01:38	CAF/Fibroblast
P01:39	CAF/Fibroblast
P01:40	Unknown
P01:41	Tumor/Epithelial
P01:42	Tumor/Epithelial
P01:43	CAF/Fibroblast
P01:44	CAF/Fibroblast
P01:45	CAF/Fibroblast
P01:46	CAF/Fibroblast
P01:47	Tumor/Epithelial
P01:48	Tumor/Epithelial
P01:49	Unknown
P01:50	CAF/Fibroblast
P01:51	CAF/Fibroblast
P01:52	CAF/Fibroblast
P01:53	Unknown
P01:54	Unknown
P01:55	Tumor/Epithelial
P01:56	Tumor/Epithelial
P01:57	CAF/Fibroblast
P01:58	Tumor/Epithelial
P01:59	Tumor/Epithelial
P01:60	Tumor/Epithelial
P01:61	CAF/Fibroblast
P01:62	CAF/Fibroblast
P01:63	Tumor/Epithelial
P01:64	Tumor/Epithelial
P01:65	CAF/Fibroblast
P01:66	CAF/Fibroblast
P01:67	CAF/Fibroblast
P01:68	CAF/Fibroblast
P01:69	Tumor/Epithelial
P01:70	Tumor/Epithelial
P01:71	Unknown
P01:72	Tumor/Epithelial
P01:73	CAF/Fibroblast
P01:74	Tumor/Epithelial
P01:75	Unknown
P01:76	Tumor/Epithelial
P01:77	CAF/Fibroblast
P01:78	CAF/Fibroblast
P01:79	Tumor/Epithelial
P01:80	CAF/Fibroblast
P01:81	Unknown
P01:82	Unknown
P01:83	Unknown
P01:84	Tumor/Epithelial
P01:85	CAF/Fibroblast
P01:86	Unknown
P01:87	CAF/Fibroblast
P01:88	Tumor/Epithelial
P01:89	CAF/Fibroblast
P01:90	Unknown
P01:91	CAF/Fibroblast
P01:92	CAF/Fibroblast
P01:93	Tumor/Epithelial
P01:94	CAF/Fibroblast
P01:95	CAF/Fibroblast
P01:96	Unknown
P01:97	CAF/Fibroblast
P01:98	Tumor/Epithelial
P01:99	Tumor/Epithelial
P01:100	Unknown
P01:101	CAF/Fibroblast
P01:102	Tumor/Epithelial
P01:103	Tumor/Epithelial
P01:104	CAF/Fibroblast
P01:105	Tumor/Epithelial
P01:106	Tumor/Epithelial
P01:107	CAF/Fibroblast
P01:108	Tumor/Epithelial
P01:109	CAF/Fibroblast
P01:110	Tumor/Epithelial
P01:111	Tumor/Epithelial
P01:112	Tumor/Epithelial
P01:113	Tumor/Epithelial
P01:114	Tumor/Epithelial
P01:115	CAF/Fibroblast
P01:116	Myeloid
P01:117	Unknown
P01:118	CAF/Fibroblast
P01:119	CAF/Fibroblast
P01:120	Unknown
P01:121	CAF/Fibroblast
P01:122	CAF/Fibroblast
P01:123	Unknown
P01:124	CAF/Fibroblast
P01:125	CAF/Fibroblast
P01:126	Tumor/Epithelial
P01:127	Unknown
P01:128	CAF/Fibroblast
P01:129	Tumor/Epithelial
P01:130	Tumor/Epithelial
P01:131	Tumor/Epithelial
P01:132	Tumor/Epithelial
P01:133	Tumor/Epithelial
P01:134	Tumor/Epithelial
P01:135	Tumor/Epithelial
P01:136	Tumor/Epithelial
P01:137	CAF/Fibroblast
P01:138	CAF/Fibroblast
P01:139	CAF/Fibroblast
P01:140	Tumor/Epithelial
P01:141	Tumor/Epithelial
P01:142	CAF/Fibroblast
P01:143	CAF/Fibroblast
P01:144	Tumor/Epithelial
P01:145	CAF/Fibroblast
P01:146	Tumor/Epithelial
P01:147	Tumor/Epithelial
P01:148	CAF/Fibroblast
P01:149	Tumor/Epithelial
P01:150	Myeloid
P01:151	Tumor/Epithelial
P01:152	Tumor/Epithelial
P01:153	CAF/Fibroblast
P01:154	Tumor/Epithelial
P01:155	Tumor/Epithelial
P01:156	CAF/Fibroblast
P01:157	Tumor/Epithelial
P01:158	Tumor/Epithelial
P01:159	Tumor/Epithelial
P01:160	CAF/Fibroblast
P01:161	CAF/Fibroblast
P01:162	CAF/Fibroblast
P01:163	CAF/Fibroblast
P01:164	Unknown
P01:165	CAF/Fibroblast
P01:166	CAF/Fibroblast
P01:167	Tumor/Epithelial
P01:168	CAF/Fibroblast
P01:169	Tumor/Epithelial
P01:170	Tumor/Epithelial
P01:171	Tumor/Epithelial
P01:172	Tumor/Epithelial
P01:173	Tumor/Epithelial
P01:174	CAF/Fibroblast
P01:175	CAF/Fibroblast
P01:176	CAF/Fibroblast
P01:177	Tumor/Epithelial
P01:178	Tumor/Epithelial
P01:179	Tumor/Epithelial
P01:180	Unknown
P01:181	Tumor/Epithelial
P01:182	Unknown
P01:183	CAF/Fibroblast
P01:184	Tumor/Epithelial
P01:185	CAF/Fibroblast
P01:186	CAF/Fibroblast
P01:187	CAF/Fibroblast
P01:188	CAF/Fibroblast
P01:189	Unknown
P01:190	Tumor/Epithelial
P01:191	Tumor/Epithelial
P01:192	CAF/Fibroblast
P01:193	Tumor/Epithelial
P01:194	Tumor/Epithelial
P01:195	Tumor/Epithelial
P01:196	Unknown
P01:197	Tumor/Epithelial
P01:198	CAF/Fibroblast
P01:199	CAF/Fibroblast
P01:200	Tumor/Epithelial
P01:201	CAF/Fibroblast
P01:202	Tumor/Epithelial
P01:203	Tumor/Epithelial
P01:204	CAF/Fibroblast
P01:205	CAF/Fibroblast
P01:206	Unknown
P01:207	Tumor/Epithelial
P01:208	Unknown
P01:209	CAF/Fibroblast
P01:210	CAF/Fibroblast
P01:211	Unknown
P01:212	Endothelial
P01:213	CAF/Fibroblast
P01:214	Unknown
P01:215	Unknown
P01:216	Tumor/Epithelial
P01:217	CAF/Fibroblast
P01:218	CAF/Fibroblast
P01:219	Tumor/Epithelial
P01:220	CAF/Fibroblast
P01:221	CAF/Fibroblast
P01:222	CAF/Fibroblast
P01:223	Tumor/Epithelial
P01:224	Tumor/Epithelial
P01:225	Tumor/Epithelial
P01:226	Unknown
P01:227	CAF/Fibroblast
P01:228	CAF/Fibroblast
P01:229	Tumor/Epithelial
P01:230	Tumor/Epithelial
P01:231	CAF/Fibroblast
P01:232	Tumor/Epithelial
P01:233	CAF/Fibroblast
P01:234	Tumor/Epithelial
P01:235	Tumor/Epithelial
P01:236	Endothelial
P01:237	CAF/Fibroblast
P01:238	Tumor/Epithelial
P01:239	CAF/Fibroblast
P01:240	CAF/Fibroblast
P01:241	CAF/Fibroblast
P01:242	Unknown
P01:243	Unknown
P01:244	Tumor/Epithelial
P01:245	CAF/Fibroblast
P01:246	Tumor/Epithelial
P01:247	Unknown
P01:248	Unknown
P01:249	CAF/Fibroblast
P01:250	Tumor/Epithelial
P01:251	CAF/Fibroblast
P01:252	Tumor/Epithelial
P01:253	Unknown
P01:254	Tumor/Epithelial
P01:255	CAF/Fibroblast
P01:256	CAF/Fibroblast
P01:257	CAF/Fibroblast
P01:258	Unknown
P01:259	CAF/Fibroblast
P01:260	CAF/Fibroblast
P01:261	CAF/Fibroblast
P01:262	CAF/Fibroblast
P01:263	CAF/Fibroblast
P01:264	Tumor/Epithelial
P01:265	Tumor/Epithelial
P01:266	CAF/Fibroblast
P01:267	CAF/Fibroblast
P01:268	Unknown
P01:269	CAF/Fibroblast
P01:270	Tumor/Epithelial
P01:271	Tumor/Epithelial
P01:272	Tumor/Epithelial
P01:273	Tumor/Epithelial
P01:274	Tumor/Epithelial
P01:275	Tumor/Epithelial
P01:276	Tumor/Epithelial
P01:277	Tumor/Epithelial
P01:278	Tumor/Epithelial
P01:279	CAF/Fibroblast
P01:280	Tumor/Epithelial
P01:281	CAF/Fibroblast
P01:282	Tumor/Epithelial
P01:283	CAF/Fibroblast
P01:284	Tumor/Epithelial
P01:285	Tumor/Epithelial
P01:286	Unknown
P01:287	Unknown
P01:288	Tumor/Epithelial
P01:289	Unknown
P01:290	CAF/Fibroblast
P01:291	Unknown
P01:292	Tumor/Epithelial
P01:293	Tumor/Epithelial
P01:294	Tumor/Epithelial
P01:295	Tumor/Epithelial
P01:296	CAF/Fibroblast
P01:297	Tumor/Epithelial
P01:298	Tumor/Epithelial
P01:299	Unknown
P01:300	Tumor/Epithelial
P01:301	CAF/Fibroblast
P01:302	Unknown
P01:303	CAF/Fibroblast
P01:304	CAF/Fibroblast
P01:305	Tumor/Epithelial
P01:306	Tumor/Epithelial
P01:307	Tumor/Epithelial
P01:308	CAF/Fibroblast
P01:309	CAF/Fibroblast
P01:310	Unknown
P01:311	Tumor/Epithelial
P01:312	Tumor/Epithelial
P01:313	Tumor/Epithelial
P01:314	Tumor/Epithelial
P01:315	CAF/Fibroblast
P01:316	Tumor/Epithelial
P01:317	CAF/Fibroblast
P01:318	Tumor/Epithelial
P01:319	Tumor/Epithelial
P01:320	Tumor/Epithelial
P01:321	Tumor/Epithelial
P01:322	CAF/Fibroblast
P01:323	CAF/Fibroblast
P01:324	Tumor/Epithelial
P01:325	CAF/Fibroblast
P01:326	CAF/Fibroblast
P01:327	CAF/Fibroblast
P01:328	Tumor/Epithelial
P01:329	Tumor/Epithelial
P01:330	CAF/Fibroblast
P01:331	CAF/Fibroblast
P01:332	CAF/Fibroblast
P01:333	CAF/Fibroblast
P01:334	Tumor/Epithelial
P01:335	CAF/Fibroblast
P01:336	Tumor/Epithelial
P01:337	Tumor/Epithelial
P01:338	CAF/Fibroblast
P01:339	CAF/Fibroblast
P01:340	Tumor/Epithelial
P01:341	Tumor/Epithelial
P01:342	CAF/Fibroblast
P01:343	Tumor/Epithelial
P01:344	Tumor/Epithelial
P01:345	Unknown
P01:346	CAF/Fibroblast
P01:347	Tumor/Epithelial
P01:348	Tumor/Epithelial
P01:349	CAF/Fibroblast
P01:350	Unknown
P01:351	CAF/Fibroblast
P01:352	CAF/Fibroblast
P01:353	Tumor/Epithelial
P01:354	CAF/Fibroblast
P01:355	CAF/Fibroblast
P01:356	Unknown
P01:357	CAF/Fibroblast
P01:358	Unknown
P01:359	CAF/Fibroblast
P01:360	Tumor/Epithelial
P01:361	Tumor/Epithelial
P01:362	Tumor/Epithelial
P01:363	Unknown
P01:364	Tumor/Epithelial
P01:365	CAF/Fibroblast
P01:366	Tumor/Epithelial
P01:367	Myeloid
P01:368	Tumor/Epithelial
P01:369	Tumor/Epithelial
P01:370	Tumor/Epithelial
P01:371	Unknown
P01:372	Tumor/Epithelial
P01:373	Tumor/Epithelial
P01:374	CAF/Fibroblast
P01:375	Tumor/Epithelial
P01:376	Tumor/Epithelial
P01:377	Tumor/Epithelial
P01:378	Tumor/Epithelial
P01:379	CAF/Fibroblast
P01:380	CAF/Fibroblast
P01:381	CAF/Fibroblast
P01:382	Tumor/Epithelial
P01:383	CAF/Fibroblast
P01:384	Tumor/Epithelial
P01:385	Unknown
P01:386	Tumor/Epithelial
P01:387	Unknown
P01:388	CAF/Fibroblast
P01:389	Tumor/Epithelial
P01:390	Tumor/Epithelial
P01:391	CAF/Fibroblast
P01:392	CAF/Fibroblast
P01:393	CAF/Fibroblast
P01:394	CAF/Fibroblast
P01:395	CAF/Fibroblast
P01:396	CAF/Fibroblast
P01:397	Unknown
P01:398	Endothelial
P01:399	CAF/Fibroblast
P01:400	Unknown
P01:401	Tumor/Epithelial
P01:402	Tumor/Epithelial
P01:403	CAF/Fibroblast
P01:404	CAF/Fibroblast
P01:405	Unknown
P01:406	Tumor/Epithelial
P01:407	T/NK
P02:1	Tumor/Epithelial
P02:2	Tumor/Epithelial
P02:3	Tumor/Epithelial
P02:4	Tumor/Epithelial
P02:5	Tumor/Epithelial
P02:6	Tumor/Epithelial
P02:7	Tumor/Epithelial
P02:8	T/NK
P02:9	Tumor/Epithelial
P02:10	Tumor/Epithelial
P02:11	Tumor/Epithelial
P02:12	Myeloid
P02:13	Tumor/Epithelial
P02:14	Unknown
P02:15	Tumor/Epithelial
P02:16	T/NK
P02:17	Tumor/Epithelial
P02:18	Tumor/Epithelial
P02:19	Tumor/Epithelial
P02:20	Tumor/Epithelial
P02:21	Tumor/Epithelial
P02:22	Tumor/Epithelial
P02:23	Tumor/Epithelial
P02:24	Tumor/Epithelial
P02:25	Myeloid
P02:26	Tumor/Epithelial
P02:27	Tumor/Epithelial
P02:28	Tumor/Epithelial
P02:29	Tumor/Epithelial
P02:30	Tumor/Epithelial
P02:31	Tumor/Epithelial
P02:32	Tumor/Epithelial
P02:33	Unknown
P02:34	Tumor/Epithelial
P02:35	Tumor/Epithelial
P02:36	Tumor/Epithelial
P02:37	Tumor/Epithelial
P02:38	Tumor/Epithelial
P02:39	Tumor/Epithelial
P02:40	Tumor/Epithelial
P02:41	Tumor/Epithelial
P02:42	Tumor/Epithelial
P02:43	Tumor/Epithelial
P02:44	Tumor/Epithelial
P02:45	Myeloid
P02:46	Unknown
P02:47	Tumor/Epithelial
P02:48	Tumor/Epithelial
P02:49	Tumor/Epithelial
P02:50	Tumor/Epithelial
P02:51	Tumor/Epithelial
P02:52	Tumor/Epithelial
P02:53	Tumor/Epithelial
P02:54	Myeloid
P02:55	Tumor/Epithelial
P02:56	Tumor/Epithelial
P02:57	Tumor/Epithelial
P02:58	Tumor/Epithelial
P02:59	Tumor/Epithelial
P02:60	Myeloid
P02:61	Tumor/Epithelial
P02:62	Tumor/Epithelial
P02:63	Myeloid
P02:64	Tumor/Epithelial
P02:65	Tumor/Epithelial
P02:66	Unknown
P02:67	Tumor/Epithelial
P02:68	Tumor/Epithelial
P02:69	B/Plasma
P02:70	Tumor/Epithelial
P02:71	Myeloid
P02:72	Tumor/Epithelial
P02:73	Tumor/Epithelial
P02:74	Tumor/Epithelial
P02:75	Tumor/Epithelial
P02:76	Tumor/Epithelial
P02:77	Tumor/Epithelial
P02:78	Tumor/Epithelial
P02:79	Tumor/Epithelial
P02:80	Tumor/Epithelial
P02:81	Myeloid
P02:82	Tumor/Epithelial
P02:83	Tumor/Epithelial
P02:84	Tumor/Epithelial
P02:85	Tumor/Epithelial
P02:86	Tumor/Epithelial
P02:87	Unknown
P02:88	Myeloid
P02:89	Tumor/Epithelial
P02:90	Tumor/Epithelial
P02:91	Tumor/Epithelial
P02:92	Tumor/Epithelial
P02:93	Myeloid
P02:94	Tumor/Epithelial
P02:95	Tumor/Epithelial
P02:96	Tumor/Epithelial
P02:97	Tumor/Epithelial
P02:98	Tumor/Epithelial
P02:99	Tumor/Epithelial
P02:100	Unknown
P02:101	Myeloid
P02:102	Tumor/Epithelial
P02:103	Tumor/Epithelial
P02:104	Unknown
P02:105	Tumor/Epithelial
P02:106	Myeloid
P02:107	Tumor/Epithelial
P02:108	Tumor/Epithelial
P02:109	Tumor/Epithelial
P02:110	Tumor/Epithelial
P02:111	Tumor/Epithelial
P02:112	Tumor/Epithelial
P02:113	Tumor/Epithelial
P02:114	Unknown
P02:115	Tumor/Epithelial
P02:116	Tumor/Epithelial
P02:117	Tumor/Epithelial
P02:118	Tumor/Epithelial
P02:119	Tumor/Epithelial
P02:120	Tumor/Epithelial
P02:121	Unknown
P02:122	Tumor/Epithelial
P02:123	Tumor/Epithelial
P02:124	Tumor/Epithelial
P02:125	Myeloid
P02:126	T/NK
P02:127	Tumor/Epithelial
P02:128	Tumor/Epithelial
P02:129	Unknown
P02:130	Tumor/Epithelial
P02:131	Tumor/Epithelial
P02:132	Tumor/Epithelial
P02:133	Tumor/Epithelial
P02:134	Myeloid
P02:135	Tumor/Epithelial
P02:136	Tumor/Epithelial
P02:137	Tumor/Epithelial
P02:138	Tumor/Epithelial
P02:139	Tumor/Epithelial
P02:140	Myeloid
P02:141	Tumor/Epithelial
P02:142	Tumor/Epithelial
P02:143	Tumor/Epithelial
MET01:1	Tumor/Epithelial
MET01:2	Tumor/Epithelial
MET01:3	Tumor/Epithelial
MET01:4	Tumor/Epithelial
MET01:5	Tumor/Epithelial
MET01:6	Tumor/Epithelial
MET01:7	Tumor/Epithelial
MET01:8	Tumor/Epithelial
MET01:9	Tumor/Epithelial
MET01:10	Tumor/Epithelial
MET01:11	Tumor/Epithelial
MET01:12	Tumor/Epithelial
MET01:13	Tumor/Epithelial
MET01:14	Tumor/Epithelial
MET01:15	Tumor/Epithelial
MET01:16	Tumor/Epithelial
MET01:17	Tumor/Epithelial
MET01:18	Tumor/Epithelial
MET01:19	Myeloid
MET01:20	Tumor/Epithelial
MET01:21	Tumor/Epithelial
MET01:22	Tumor/Epithelial
MET01:23	Tumor/Epithelial
MET01:24	Tumor/Epithelial
MET01:25	Tumor/Epithelial
MET01:26	Tumor/Epithelial
MET01:27	Tumor/Epithelial
MET01:28	Tumor/Epithelial
MET01:29	Tumor/Epithelial
MET01:30	Tumor/Epithelial
MET01:31	Tumor/Epithelial
MET01:32	Tumor/Epithelial
MET01:33	Tumor/Epithelial
MET01:34	Tumor/Epithelial
MET01:35	Tumor/Epithelial
MET01:36	Tumor/Epithelial
MET01:37	Tumor/Epithelial
MET01:38	Tumor/Epithelial
MET01:39	Tumor/Epithelial
MET01:40	Tumor/Epithelial
MET01:41	Tumor/Epithelial
MET01:42	Tumor/Epithelial
MET01:43	Tumor/Epithelial
MET01:44	Tumor/Epithelial
MET01:45	Myeloid
MET01:46	Tumor/Epithelial
MET01:47	Tumor/Epithelial
MET01:48	Tumor/Epithelial
MET01:49	Tumor/Epithelial
MET01:50	Tumor/Epithelial
MET01:51	Tumor/Epithelial
MET01:52	Tumor/Epithelial
MET01:53	Tumor/Epithelial
MET01:54	Tumor/Epithelial
MET01:55	Tumor/Epithelial
MET01:56	Tumor/Epithelial
MET01:57	Tumor/Epithelial
MET01:58	Tumor/Epithelial
MET01:59	Tumor/Epithelial
MET01:60	Tumor/Epithelial
MET01:61	Myeloid
MET01:62	Tumor/Epithelial
MET01:63	Tumor/Epithelial
MET01:64	Tumor/Epithelial
MET01:65	Tumor/Epithelial
MET01:66	Tumor/Epithelial
MET01:67	Tumor/Epithelial
MET01:68	Tumor/Epithelial
MET01:69	Tumor/Epithelial
MET01:70	Tumor/Epithelial
MET01:71	Tumor/Epithelial
MET01:72	Tumor/Epithelial
MET01:73	Tumor/Epithelial
MET01:74	Tumor/Epithelial
MET01:75	Tumor/Epithelial
MET01:76	Tumor/Epithelial
MET01:77	Tumor/Epithelial
MET01:78	Tumor/Epithelial
MET01:79	Tumor/Epithelial
MET01:80	Unknown
MET01:81	Tumor/Epithelial
MET01:82	Tumor/Epithelial
MET01:83	Tumor/Epithelial
MET01:84	Tumor/Epithelial
MET01:85	Tumor/Epithelial
MET01:86	Tumor/Epithelial
MET01:87	Tumor/Epithelial
MET01:88	Tumor/Epithelial
MET01:89	Tumor/Epithelial
MET01:90	Tumor/Epithelial
MET01:91	Tumor/Epithelial
MET01:92	Tumor/Epithelial
MET01:93	Tumor/Epithelial
MET01:94	Myeloid
MET01:95	Tumor/Epithelial
MET01:96	Tumor/Epithelial
MET01:97	Tumor/Epithelial
MET01:98	Tumor/Epithelial
MET01:99	Tumor/Epithelial
MET01:100	Tumor/Epithelial
MET01:101	Tumor/Epithelial
MET01:102	Tumor/Epithelial
MET01:103	Tumor/Epithelial
MET01:104	Tumor/Epithelial
MET01:105	Tumor/Epithelial
MET01:106	Tumor/Epithelial
MET01:107	Tumor/Epithelial
MET01:108	Tumor/Epithelial
MET01:109	Tumor/Epithelial
MET01:110	Tumor/Epithelial
MET01:111	Tumor/Epithelial
MET01:112	Tumor/Epithelial
MET01:113	Tumor/Epithelial
MET01:114	Tumor/Epithelial
MET01:115	Tumor/Epithelial
MET01:116	Tumor/Epithelial
MET01:117	Tumor/Epithelial
MET01:118	Myeloid
MET01:119	Tumor/Epithelial
MET01:120	Tumor/Epithelial
MET01:121	Tumor/Epithelial
MET01:122	Tumor/Epithelial
MET01:123	Tumor/Epithelial
MET01:124	Tumor/Epithelial
MET01:125	Tumor/Epithelial
MET01:126	Tumor/Epithelial
MET01:127	Tumor/Epithelial
MET01:128	Tumor/Epithelial
MET01:129	Tumor/Epithelial
MET01:130	Tumor/Epithelial
MET01:131	Tumor/Epithelial
MET01:132	Tumor/Epithelial
MET01:133	Tumor/Epithelial
MET01:134	Tumor/Epithelial
MET01:135	Unknown
MET01:136	Tumor/Epithelial
MET01:137	Tumor/Epithelial
MET01:138	Tumor/Epithelial
MET01:139	Tumor/Epithelial
MET01:140	Tumor/Epithelial
MET01:141	Tumor/Epithelial
MET01:142	Tumor/Epithelial
MET01:143	Tumor/Epithelial
MET01:144	Tumor/Epithelial
MET01:145	Tumor/Epithelial
MET01:146	Tumor/Epithelial
MET01:147	Tumor/Epithelial
MET01:148	Tumor/Epithelial
MET01:149	Tumor/Epithelial
MET01:150	Tumor/Epithelial
MET01:151	Tumor/Epithelial
MET01:152	Tumor/Epithelial
MET01:153	Tumor/Epithelial
MET01:154	Tumor/Epithelial
MET01:155	Unknown
MET01:156	Tumor/Epithelial
MET01:157	Tumor/Epithelial
MET01:158	Tumor/Epithelial
MET01:159	Tumor/Epithelial
MET01:160	Tumor/Epithelial
MET01:161	Tumor/Epithelial
MET01:162	Tumor/Epithelial
MET01:163	Tumor/Epithelial
MET01:164	Tumor/Epithelial
MET01:165	Tumor/Epithelial
MET01:166	Tumor/Epithelial
MET01:167	Tumor/Epithelial
MET01:168	Tumor/Epithelial
MET01:169	Tumor/Epithelial
MET01:170	Tumor/Epithelial
MET01:171	Myeloid
MET01:172	Tumor/Epithelial
MET01:173	Tumor/Epithelial
MET01:174	Tumor/Epithelial
MET01:175	Tumor/Epithelial
MET01:176	Tumor/Epithelial
MET01:177	Tumor/Epithelial
MET01:178	Tumor/Epithelial
MET01:179	Tumor/Epithelial
MET01:180	Tumor/Epithelial
MET01:181	Tumor/Epithelial
MET01:182	Tumor/Epithelial
MET01:183	Tumor/Epithelial
MET01:184	Tumor/Epithelial
MET01:185	Tumor/Epithelial
MET01:186	Tumor/Epithelial
MET01:187	Tumor/Epithelial
MET01:188	Tumor/Epithelial
MET01:189	Tumor/Epithelial
MET01:190	Tumor/Epithelial
MET01:191	Myeloid
MET01:192	Tumor/Epithelial
MET01:193	Tumor/Epithelial
MET01:194	Tumor/Epithelial
MET01:195	Tumor/Epithelial
MET01:196	Tumor/Epithelial
MET01:197	Tumor/Epithelial
MET01:198	Tumor/Epithelial
MET01:199	Tumor/Epithelial
MET01:200	Tumor/Epithelial
MET01:201	Tumor/Epithelial
MET01:202	Tumor/Epithelial
MET01:203	Tumor/Epithelial
MET01:204	Tumor/Epithelial
MET01:205	Tumor/Epithelial
MET01:206	Tumor/Epithelial
MET01:207	Unknown
MET01:208	Tumor/Epithelial
MET01:209	Tumor/Epithelial
MET01:210	Tumor/Epithelial
MET01:211	Tumor/Epithelial
MET01:212	Tumor/Epithelial
MET01:213	Tumor/Epithelial
MET01:214	Tumor/Epithelial
MET01:215	Tumor/Epithelial
MET01:216	Tumor/Epithelial
MET01:217	Tumor/Epithelial
MET01:218	Tumor/Epithelial
MET01:219	Tumor/Epithelial
MET01:220	Tumor/Epithelial
MET01:221	Tumor/Epithelial
MET01:222	Tumor/Epithelial
MET01:223	Tumor/Epithelial
MET01:224	Tumor/Epithelial
MET01:225	Tumor/Epithelial
MET01:226	Tumor/Epithelial
MET01:227	Tumor/Epithelial
MET01:228	Tumor/Epithelial
MET01:229	Tumor/Epithelial
MET01:230	Tumor/Epithelial
MET01:231	Tumor/Epithelial
MET01:232	Tumor/Epithelial
MET01:233	Tumor/Epithelial
MET01:234	Tumor/Epithelial
MET01:235	Tumor/Epithelial
MET01:236	Tumor/Epithelial
MET01:237	Tumor/Epithelial
MET01:238	Tumor/Epithelial
MET01:239	Tumor/Epithelial
MET01:240	Tumor/Epithelial
MET01:241	Myeloid
MET01:242	Tumor/Epithelial
MET01:243	Tumor/Epithelial
MET01:244	Tumor/Epithelial
MET01:245	Tumor/Epithelial
MET01:246	Tumor/Epithelial
MET01:247	Tumor/Epithelial
MET01:248	Tumor/Epithelial
MET01:249	Tumor/Epithelial
MET01:250	Tumor/Epithelial
MET01:251	Tumor/Epithelial
MET01:252	Tumor/Epithelial
MET01:253	Tumor/Epithelial
MET01:254	Tumor/Epithelial
MET01:255	Tumor/Epithelial
MET01:256	Tumor/Epithelial
MET01:257	Myeloid
MET01:258	Tumor/Epithelial
MET01:259	Tumor/Epithelial
MET01:260	Tumor/Epithelial
MET01:261	Tumor/Epithelial
MET01:262	Tumor/Epithelial
MET01:263	Tumor/Epithelial
MET01:264	Tumor/Epithelial
MET01:265	Tumor/Epithelial
MET01:266	Tumor/Epithelial
MET01:267	Tumor/Epithelial
MET01:268	Tumor/Epithelial
MET01:269	Tumor/Epithelial
MET01:270	Tumor/Epithelial
MET01:271	Tumor/Epithelial
MET01:272	Tumor/Epithelial
MET01:273	Tumor/Epithelial
MET01:274	Tumor/Epithelial
MET01:275	Tumor/Epithelial
MET01:276	Tumor/Epithelial
MET01:277	Tumor/Epithelial
MET01:278	Tumor/Epithelial
MET01:279	Tumor/Epithelial
MET01:280	Tumor/Epithelial
MET01:281	Tumor/Epithelial
MET01:282	Tumor/Epithelial
MET01:283	Tumor/Epithelial
MET01:284	Tumor/Epithelial
MET01:285	Tumor/Epithelial
MET01:286	Tumor/Epithelial
MET01:287	Tumor/Epithelial
MET01:288	Tumor/Epithelial
MET01:289	Tumor/Epithelial
MET01:290	Tumor/Epithelial
MET01:291	Tumor/Epithelial
MET01:292	Tumor/Epithelial
MET01:293	Tumor/Epithelial
MET01:294	Tumor/Epithelial
MET01:295	Tumor/Epithelial
MET01:296	Tumor/Epithelial
MET01:297	Tumor/Epithelial
MET01:298	Tumor/Epithelial
MET01:299	Tumor/Epithelial
MET01:300	Tumor/Epithelial
MET01:301	Tumor/Epithelial
MET01:302	Tumor/Epithelial
MET01:303	Tumor/Epithelial
MET01:304	Tumor/Epithelial
MET01:305	Tumor/Epithelial
MET01:306	Tumor/Epithelial
MET01:307	Tumor/Epithelial
MET01:308	Tumor/Epithelial
MET01:309	Tumor/Epithelial
MET01:310	Tumor/Epithelial
MET01:311	Tumor/Epithelial
MET01:312	Tumor/Epithelial
MET01:313	Tumor/Epithelial
MET01:314	Tumor/Epithelial
MET01:315	Tumor/Epithelial
MET01:316	Tumor/Epithelial
MET01:317	Tumor/Epithelial
MET01:318	Tumor/Epithelial
MET01:319	Tumor/Epithelial
MET01:320	Tumor/Epithelial
MET01:321	Tumor/Epithelial
MET01:322	Tumor/Epithelial
MET01:323	Tumor/Epithelial
MET01:324	Myeloid
MET01:325	Tumor/Epithelial
MET01:326	Tumor/Epithelial
MET01:327	Unknown
MET01:328	Tumor/Epithelial
MET01:329	Tumor/Epithelial
MET01:330	Tumor/Epithelial
MET01:331	Tumor/Epithelial
MET01:332	Tumor/Epithelial
MET01:333	Tumor/Epithelial
MET01:334	Tumor/Epithelial
MET01:335	Tumor/Epithelial
MET01:336	Tumor/Epithelial
MET01:337	Tumor/Epithelial
MET01:338	Tumor/Epithelial
MET01:339	Tumor/Epithelial
MET01:340	Tumor/Epithelial
MET01:341	Tumor/Epithelial
MET01:342	Tumor/Epithelial
MET01:343	Tumor/Epithelial
MET01:344	Tumor/Epithelial
MET01:345	Tumor/Epithelial
MET01:346	Tumor/Epithelial
MET01:347	Tumor/Epithelial
MET01:348	Tumor/Epithelial
MET01:349	Tumor/Epithelial
MET01:350	Tumor/Epithelial
MET01:351	Tumor/Epithelial
MET01:352	Tumor/Epithelial
MET01:353	Tumor/Epithelial
MET01:354	Tumor/Epithelial
MET01:355	Tumor/Epithelial
MET01:356	Tumor/Epithelial
MET01:357	Unknown
MET01:358	Tumor/Epithelial
MET01:359	Tumor/Epithelial
MET01:360	Tumor/Epithelial
MET01:361	Tumor/Epithelial
MET01:362	Tumor/Epithelial
MET01:363	Tumor/Epithelial
MET01:364	Tumor/Epithelial
MET01:365	Tumor/Epithelial
MET01:366	Tumor/Epithelial
MET01:367	Myeloid
MET01:368	Tumor/Epithelial
MET01:369	Tumor/Epithelial
MET01:370	Tumor/Epithelial
MET01:371	Tumor/Epithelial
MET01:372	Tumor/Epithelial
MET01:373	Myeloid
MET01:374	Tumor/Epithelial
MET01:375	Tumor/Epithelial
MET01:376	Tumor/Epithelial
MET01:377	Tumor/Epithelial
MET01:378	Tumor/Epithelial
MET01:379	Tumor/Epithelial
MET01:380	Tumor/Epithelial
MET01:381	Unknown
MET01:382	Tumor/Epithelial
MET01:383	Tumor/Epithelial
MET01:384	Tumor/Epithelial
MET01:385	Tumor/Epithelial
MET01:386	Tumor/Epithelial
MET01:387	Tumor/Epithelial
MET01:388	Tumor/Epithelial
MET01:389	Tumor/Epithelial
MET01:390	Tumor/Epithelial
MET01:391	Tumor/Epithelial
MET01:392	Tumor/Epithelial
MET01:393	Tumor/Epithelial
MET01:394	Tumor/Epithelial
MET01:395	Tumor/Epithelial
MET01:396	Tumor/Epithelial
MET01:397	Tumor/Epithelial
MET01:398	Tumor/Epithelial
MET01:399	Tumor/Epithelial
MET01:400	Tumor/Epithelial
MET01:401	Myeloid
MET01:402	Tumor/Epithelial
MET01:403	Tumor/Epithelial
MET01:404	Tumor/Epithelial
MET01:405	Tumor/Epithelial
MET01:406	Tumor/Epithelial
MET01:407	Tumor/Epithelial
MET01:408	Tumor/Epithelial
MET01:409	Tumor/Epithelial
MET01:410	Tumor/Epithelial
MET01:411	Tumor/Epithelial
MET01:412	Tumor/Epithelial
MET01:413	Tumor/Epithelial
MET01:414	Tumor/Epithelial
MET01:415	Tumor/Epithelial
MET01:416	Tumor/Epithelial
MET01:417	Tumor/Epithelial
MET01:418	Tumor/Epithelial
MET01:419	Tumor/Epithelial
MET01:420	Tumor/Epithelial
MET02:1	Tumor/Epithelial
MET02:2	Tumor/Epithelial
MET02:3	Tumor/Epithelial
MET02:4	Tumor/Epithelial
MET02:5	Tumor/Epithelial
MET02:6	Tumor/Epithelial
MET02:7	Tumor/Epithelial
MET02:8	Tumor/Epithelial
MET02:9	Tumor/Epithelial
MET02:10	Tumor/Epithelial
MET02:11	Tumor/Epithelial
MET02:12	Tumor/Epithelial
MET02:13	Tumor/Epithelial
MET02:14	Tumor/Epithelial
MET02:15	Tumor/Epithelial
MET02:16	Tumor/Epithelial
MET02:17	Tumor/Epithelial
MET02:18	Tumor/Epithelial
MET02:19	Tumor/Epithelial
MET02:20	Tumor/Epithelial
MET02:21	Tumor/Epithelial
MET02:22	Tumor/Epithelial
MET02:23	Tumor/Epithelial
MET02:24	Tumor/Epithelial
MET02:25	Tumor/Epithelial
MET02:26	Tumor/Epithelial
MET02:27	Tumor/Epithelial
MET02:28	Tumor/Epithelial
MET02:29	Tumor/Epithelial
MET02:30	Tumor/Epithelial
MET02:31	Tumor/Epithelial
MET02:32	Tumor/Epithelial
MET02:33	Tumor/Epithelial
MET02:34	Tumor/Epithelial
MET02:35	Tumor/Epithelial
MET02:36	Tumor/Epithelial
MET02:37	Tumor/Epithelial
MET02:38	Tumor/Epithelial
MET02:39	Tumor/Epithelial
MET02:40	Tumor/Epithelial
MET02:41	Tumor/Epithelial
MET02:42	Tumor/Epithelial
MET02:43	Tumor/Epithelial
MET02:44	Tumor/Epithelial
MET02:45	Tumor/Epithelial
MET02:46	Tumor/Epithelial
MET02:47	Tumor/Epithelial
MET02:48	Myeloid
MET02:49	Tumor/Epithelial
MET02:50	Tumor/Epithelial
MET02:51	Tumor/Epithelial
MET02:52	Tumor/Epithelial
MET02:53	Tumor/Epithelial
MET02:54	Tumor/Epithelial
MET02:55	Tumor/Epithelial
MET02:56	Tumor/Epithelial
MET02:57	Tumor/Epithelial
MET02:58	Tumor/Epithelial
MET02:59	Tumor/Epithelial
MET02:60	Tumor/Epithelial
MET02:61	Tumor/Epithelial
MET02:62	Tumor/Epithelial
MET02:63	Tumor/Epithelial
MET02:64	Tumor/Epithelial
MET02:65	Tumor/Epithelial
MET02:66	Tumor/Epithelial
MET02:67	Tumor/Epithelial
MET02:68	Tumor/Epithelial
MET02:69	Tumor/Epithelial
MET02:70	Tumor/Epithelial
MET02:71	Tumor/Epithelial
MET02:72	Tumor/Epithelial
MET02:73	Tumor/Epithelial
MET02:74	Myeloid
MET02:75	Tumor/Epithelial
MET02:76	Tumor/Epithelial
MET02:77	Tumor/Epithelial
MET02:78	Tumor/Epithelial
MET02:79	Unknown
MET02:80	Tumor/Epithelial
MET02:81	Tumor/Epithelial
MET02:82	Tumor/Epithelial
MET02:83	Tumor/Epithelial
MET02:84	Tumor/Epithelial
MET02:85	Tumor/Epithelial
MET02:86	Tumor/Epithelial
MET02:87	Tumor/Epithelial
MET02:88	Tumor/Epithelial
MET02:89	Tumor/Epithelial
MET02:90	Tumor/Epithelial
MET02:91	Tumor/Epithelial
MET02:92	Tumor/Epithelial
MET02:93	Tumor/Epithelial
MET02:94	Tumor/Epithelial
MET02:95	Tumor/Epithelial
MET02:96	Tumor/Epithelial
MET02:97	Tumor/Epithelial
MET02:98	Tumor/Epithelial
MET02:99	Tumor/Epithelial
MET02:100	Tumor/Epithelial
MET02:101	Tumor/Epithelial
MET02:102	Tumor/Epithelial
MET02:103	Tumor/Epithelial
MET02:104	Tumor/Epithelial
MET02:105	Tumor/Epithelial
MET02:106	Tumor/Epithelial
MET02:107	Tumor/Epithelial
MET02:108	Tumor/Epithelial
MET02:109	Tumor/Epithelial
MET02:110	Tumor/Epithelial
MET02:111	Tumor/Epithelial
MET02:112	Tumor/Epithelial
MET02:113	Tumor/Epithelial
MET02:114	Tumor/Epithelial
MET02:115	Tumor/Epithelial
MET02:116	Tumor/Epithelial
MET02:117	Tumor/Epithelial
MET02:118	Tumor/Epithelial
MET02:119	Tumor/Epithelial
MET02:120	Tumor/Epithelial
MET02:121	Tumor/Epithelial
MET02:122	Tumor/Epithelial
MET02:123	Tumor/Epithelial
MET02:124	Tumor/Epithelial
MET02:125	Tumor/Epithelial
MET02:126	Tumor/Epithelial
MET02:127	Tumor/Epithelial
MET02:128	Tumor/Epithelial
MET02:129	Tumor/Epithelial
MET02:130	Tumor/Epithelial
MET02:131	Tumor/Epithelial
MET02:132	Tumor/Epithelial
MET02:133	Tumor/Epithelial
MET02:134	Tumor/Epithelial
MET02:135	Tumor/Epithelial
MET02:136	Myeloid
MET02:137	Tumor/Epithelial
MET02:138	Tumor/Epithelial
MET02:139	Tumor/Epithelial
MET02:140	Tumor/Epithelial
MET02:141	Tumor/Epithelial
MET02:142	Tumor/Epithelial
MET02:143	Tumor/Epithelial
MET02:144	Tumor/Epithelial
MET02:145	Tumor/Epithelial
MET02:146	Myeloid
MET02:147	Tumor/Epithelial
MET02:148	Myeloid
MET02:149	Tumor/Epithelial
MET02:150	Tumor/Epithelial
MET02:151	Tumor/Epithelial
MET02:152	Tumor/Epithelial
MET02:153	Tumor/Epithelial
MET02:154	Tumor/Epithelial
MET02:155	Tumor/Epithelial
MET02:156	Tumor/Epithelial
MET02:157	Tumor/Epithelial
MET02:158	Tumor/Epithelial
MET02:159	Tumor/Epithelial
MET02:160	Tumor/Epithelial
MET02:161	Tumor/Epithelial
MET02:162	Tumor/Epithelial
MET02:163	Tumor/Epithelial
MET02:164	Tumor/Epithelial
MET02:165	Tumor/Epithelial
MET02:166	Tumor/Epithelial
MET02:167	Tumor/Epithelial
MET02:168	Tumor/Epithelial
MET02:169	Tumor/Epithelial
MET02:170	Tumor/Epithelial
MET02:171	Tumor/Epithelial
MET02:172	Tumor/Epithelial
MET02:173	Tumor/Epithelial
MET02:174	Tumor/Epithelial
MET02:175	Tumor/Epithelial
MET02:176	Tumor/Epithelial
MET02:177	Tumor/Epithelial
MET02:178	Tumor/Epithelial
MET02:179	Tumor/Epithelial
MET02:180	Tumor/Epithelial
MET02:181	Tumor/Epithelial
MET02:182	Tumor/Epithelial
MET02:183	Tumor/Epithelial
MET02:184	Tumor/Epithelial
MET02:185	Tumor/Epithelial
MET02:186	Tumor/Epithelial
MET02:187	Tumor/Epithelial
MET02:188	Tumor/Epithelial
MET02:189	Tumor/Epithelial
MET02:190	Tumor/Epithelial
MET02:191	Tumor/Epithelial
MET02:192	Tumor/Epithelial
MET02:193	Tumor/Epithelial
MET02:194	Tumor/Epithelial
MET02:195	Tumor/Epithelial
MET02:196	Tumor/Epithelial
MET02:197	Tumor/Epithelial
MET02:198	Tumor/Epithelial
MET02:199	Tumor/Epithelial
MET02:200	Tumor/Epithelial
MET02:201	Tumor/Epithelial
MET02:202	Tumor/Epithelial
MET02:203	Tumor/Epithelial
MET02:204	Tumor/Epithelial
MET02:205	Tumor/Epithelial
MET02:206	Tumor/Epithelial
MET02:207	Tumor/Epithelial
MET02:208	Tumor/Epithelial
MET02:209	Tumor/Epithelial
MET02:210	Tumor/Epithelial
MET02:211	Tumor/Epithelial
MET02:212	Tumor/Epithelial
MET02:213	Tumor/Epithelial
MET02:214	Tumor/Epithelial
MET02:215	Tumor/Epithelial
MET02:216	Tumor/Epithelial
MET02:217	Tumor/Epithelial
MET02:218	Tumor/Epithelial
MET02:219	Tumor/Epithelial
MET02:220	Tumor/Epithelial
MET02:221	Tumor/Epithelial
MET02:222	Tumor/Epithelial
MET02:223	Tumor/Epithelial
MET02:224	Tumor/Epithelial
MET02:225	Myeloid
MET02:226	Tumor/Epithelial
MET02:227	Tumor/Epithelial
MET02:228	Tumor/Epithelial
MET02:229	Tumor/Epithelial
MET02:230	Tumor/Epithelial
MET02:231	Tumor/Epithelial
MET02:232	Tumor/Epithelial
MET02:233	Tumor/Epithelial
MET02:234	Tumor/Epithelial
MET02:235	Tumor/Epithelial
MET02:236	Tumor/Epithelial
MET02:237	Tumor/Epithelial
MET02:238	Tumor/Epithelial
MET02:239	Tumor/Epithelial
MET02:240	Tumor/Epithelial
MET02:241	Tumor/Epithelial
MET02:242	Tumor/Epithelial
MET02:243	Tumor/Epithelial
MET02:244	Myeloid
MET02:245	Tumor/Epithelial
MET02:246	Tumor/Epithelial
MET02:247	Tumor/Epithelial
MET02:248	Tumor/Epithelial
MET02:249	Tumor/Epithelial
MET02:250	Tumor/Epithelial
MET02:251	Tumor/Epithelial
MET02:252	Tumor/Epithelial
MET02:253	Tumor/Epithelial
MET02:254	Tumor/Epithelial
MET02:255	Tumor/Epithelial
MET02:256	Tumor/Epithelial
MET02:257	Tumor/Epithelial
MET02:258	Tumor/Epithelial
MET02:259	Tumor/Epithelial
MET02:260	Tumor/Epithelial
MET02:261	Tumor/Epithelial
MET02:262	Tumor/Epithelial
MET02:263	Tumor/Epithelial
MET02:264	Tumor/Epithelial
MET02:265	Tumor/Epithelial
MET02:266	Tumor/Epithelial
MET02:267	Tumor/Epithelial
MET02:268	Tumor/Epithelial
MET02:269	Tumor/Epithelial
MET02:270	Tumor/Epithelial
MET02:271	Tumor/Epithelial
MET02:272	Tumor/Epithelial
MET02:273	Tumor/Epithelial
MET02:274	Myeloid
MET02:275	Tumor/Epithelial
MET02:276	Tumor/Epithelial
MET02:277	Myeloid
MET02:278	Tumor/Epithelial
MET02:279	Tumor/Epithelial
MET02:280	Tumor/Epithelial
MET02:281	Tumor/Epithelial
MET02:282	Tumor/Epithelial
MET02:283	Tumor/Epithelial
MET02:284	Tumor/Epithelial
MET02:285	Tumor/Epithelial
MET02:286	Tumor/Epithelial
MET02:287	Tumor/Epithelial
MET02:288	Tumor/Epithelial
MET02:289	Tumor/Epithelial
MET02:290	Tumor/Epithelial
MET02:291	Tumor/Epithelial
MET02:292	Tumor/Epithelial
MET02:293	Tumor/Epithelial
MET02:294	Tumor/Epithelial
MET02:295	Tumor/Epithelial
MET02:296	Tumor/Epithelial
MET02:297	Endothelial
MET02:298	Tumor/Epithelial
MET02:299	Tumor/Epithelial
MET02:300	Tumor/Epithelial
MET02:301	Tumor/Epithelial
MET02:302	Tumor/Epithelial
MET02:303	Tumor/Epithelial
MET02:304	Tumor/Epithelial
MET02:305	Myeloid
MET02:306	Tumor/Epithelial
MET02:307	Tumor/Epithelial
MET02:308	Tumor/Epithelial
MET02:309	Tumor/Epithelial
MET02:310	Tumor/Epithelial
MET02:311	Tumor/Epithelial
MET02:312	Tumor/Epithelial
MET02:313	Tumor/Epithelial
MET02:314	Tumor/Epithelial
MET02:315	Tumor/Epithelial
MET02:316	Tumor/Epithelial
MET02:317	Tumor/Epithelial
MET02:318	Tumor/Epithelial
MET02:319	Tumor/Epithelial
MET02:320	Tumor/Epithelial
MET02:321	Tumor/Epithelial
MET02:322	Tumor/Epithelial
MET02:323	Tumor/Epithelial
MET02:324	Tumor/Epithelial
MET02:325	Tumor/Epithelial
MET02:326	Tumor/Epithelial
MET02:327	Tumor/Epithelial
MET02:328	Tumor/Epithelial
MET02:329	Tumor/Epithelial
MET02:330	Tumor/Epithelial
MET02:331	Tumor/Epithelial
MET02:332	Tumor/Epithelial
MET02:333	Tumor/Epithelial
MET02:334	Tumor/Epithelial
MET02:335	Tumor/Epithelial
MET02:336	Tumor/Epithelial
MET02:337	Tumor/Epithelial
MET02:338	Unknown
MET02:339	Tumor/Epithelial
MET02:340	Myeloid
MET02:341	Tumor/Epithelial
MET02:342	Unknown
MET02:343	Tumor/Epithelial
MET02:344	Tumor/Epithelial
MET02:345	Tumor/Epithelial
MET02:346	Tumor/Epithelial
MET02:347	Tumor/Epithelial
MET02:348	Tumor/Epithelial
MET02:349	Tumor/Epithelial
MET02:350	Tumor/Epithelial
MET02:351	Tumor/Epithelial
MET02:352	Tumor/Epithelial
MET02:353	Tumor/Epithelial
MET02:354	Tumor/Epithelial
MET02:355	Tumor/Epithelial
MET02:356	Tumor/Epithelial
MET02:357	Tumor/Epithelial
MET02:358	Tumor/Epithelial
MET02:359	Tumor/Epithelial
MET02:360	Tumor/Epithelial
MET02:361	Tumor/Epithelial
MET02:362	Tumor/Epithelial
MET02:363	Tumor/Epithelial
MET02:364	Tumor/Epithelial
MET02:365	Tumor/Epithelial
MET02:366	Tumor/Epithelial
MET02:367	Tumor/Epithelial
MET02:368	Tumor/Epithelial
MET02:369	Tumor/Epithelial
MET02:370	Tumor/Epithelial
MET02:371	Tumor/Epithelial
MET02:372	Tumor/Epithelial
MET02:373	Tumor/Epithelial
MET02:374	Tumor/Epithelial
MET02:375	Tumor/Epithelial
MET02:376	Tumor/Epithelial
MET02:377	Tumor/Epithelial
MET02:378	Tumor/Epithelial
MET02:379	Tumor/Epithelial
MET02:380	Tumor/Epithelial
MET02:381	Tumor/Epithelial
MET02:382	Tumor/Epithelial
MET02:383	Tumor/Epithelial
MET02:384	Tumor/Epithelial
MET02:385	Myeloid
MET02:386	Tumor/Epithelial
MET02:387	Tumor/Epithelial
MET02:388	Tumor/Epithelial
MET02:389	Tumor/Epithelial
MET02:390	Tumor/Epithelial
MET02:391	Unknown
MET02:392	Tumor/Epithelial
MET02:393	Tumor/Epithelial
MET02:394	Tumor/Epithelial
MET02:395	Tumor/Epithelial
MET02:396	Tumor/Epithelial
MET02:397	Tumor/Epithelial
MET02:398	Tumor/Epithelial
MET02:399	Tumor/Epithelial
MET02:400	Tumor/Epithelial
MET02:401	Tumor/Epithelial
MET02:402	Tumor/Epithelial
MET02:403	Tumor/Epithelial
MET02:404	Tumor/Epithelial
MET02:405	Tumor/Epithelial
MET02:406	Tumor/Epithelial
MET02:407	Tumor/Epithelial
MET02:408	Tumor/Epithelial
MET02:409	Tumor/Epithelial
MET02:410	Tumor/Epithelial
MET02:411	Tumor/Epithelial
MET02:412	Tumor/Epithelial
MET02:413	Tumor/Epithelial
MET02:414	Tumor/Epithelial
MET02:415	Tumor/Epithelial
MET02:416	Myeloid
MET02:417	Tumor/Epithelial
MET02:418	Tumor/Epithelial
MET02:419	Tumor/Epithelial
MET02:420	Tumor/Epithelial
MET02:421	Tumor/Epithelial
MET02:422	Tumor/Epithelial
MET02:423	Tumor/Epithelial
MET02:424	Tumor/Epithelial
MET02:425	Tumor/Epithelial
MET02:426	Tumor/Epithelial
MET02:427	Tumor/Epithelial
MET02:428	B/Plasma
MET02:429	Tumor/Epithelial
MET02:430	Tumor/Epithelial
MET02:431	Tumor/Epithelial
MET02:432	Tumor/Epithelial
MET02:433	Tumor/Epithelial
MET02:434	Tumor/Epithelial
MET02:435	Endothelial
MET02:436	Tumor/Epithelial
MET02:437	Tumor/Epithelial
MET02:438	Tumor/Epithelial
MET02:439	Tumor/Epithelial
MET02:440	Tumor/Epithelial
MET02:441	Tumor/Epithelial
MET02:442	Tumor/Epithelial
MET02:443	Tumor/Epithelial
MET02:444	Tumor/Epithelial
MET02:445	Tumor/Epithelial
MET02:446	Tumor/Epithelial
MET02:447	Tumor/Epithelial
MET02:448	Tumor/Epithelial
MET02:449	Tumor/Epithelial
MET02:450	Tumor/Epithelial
MET02:451	Tumor/Epithelial
MET02:452	Tumor/Epithelial
MET02:453	Tumor/Epithelial
MET02:454	Tumor/Epithelial
MET02:455	Tumor/Epithelial
MET02:456	Tumor/Epithelial
MET02:457	Tumor/Epithelial
MET02:458	Tumor/Epithelial
MET02:459	Tumor/Epithelial
MET02:460	Tumor/Epithelial
MET02:461	Tumor/Epithelial
MET02:462	T/NK
MET02:463	Tumor/Epithelial
MET02:464	Tumor/Epithelial
MET02:465	Tumor/Epithelial
MET02:466	Tumor/Epithelial
MET02:467	Tumor/Epithelial
MET02:468	Tumor/Epithelial
MET02:469	Tumor/Epithelial
MET02:470	Tumor/Epithelial
MET02:471	Myeloid
MET02:472	Tumor/Epithelial
MET02:473	Tumor/Epithelial
MET02:474	Tumor/Epithelial
MET02:475	Tumor/Epithelial
MET02:476	Tumor/Epithelial
MET02:477	Tumor/Epithelial
MET02:478	Tumor/Epithelial
MET02:479	Tumor/Epithelial
MET02:480	Tumor/Epithelial
MET02:481	Tumor/Epithelial
MET02:482	Myeloid
MET02:483	Tumor/Epithelial
MET02:484	Tumor/Epithelial
MET02:485	Tumor/Epithelial
MET02:486	Tumor/Epithelial
MET02:487	Tumor/Epithelial
MET02:488	Tumor/Epithelial
MET02:489	Tumor/Epithelial
MET02:490	Tumor/Epithelial
MET02:491	Myeloid
MET02:492	Tumor/Epithelial
MET02:493	Tumor/Epithelial
MET02:494	Tumor/Epithelial
MET02:495	Tumor/Epithelial
MET02:496	Tumor/Epithelial
MET02:497	Tumor/Epithelial
MET02:498	Tumor/Epithelial
MET02:499	Tumor/Epithelial
MET02:500	Tumor/Epithelial
MET02:501	Tumor/Epithelial
MET02:502	Tumor/Epithelial
MET02:503	Tumor/Epithelial
MET02:504	Tumor/Epithelial
MET02:505	Tumor/Epithelial
MET02:506	Tumor/Epithelial
MET02:507	Tumor/Epithelial
MET02:508	Tumor/Epithelial
MET02:509	Tumor/Epithelial
MET02:510	Tumor/Epithelial
MET02:511	Tumor/Epithelial
MET02:512	Tumor/Epithelial
MET02:513	Tumor/Epithelial
MET02:514	Tumor/Epithelial
MET02:515	Tumor/Epithelial
MET02:516	Tumor/Epithelial
MET02:517	Tumor/Epithelial
MET02:518	Tumor/Epithelial
MET02:519	Tumor/Epithelial
MET02:520	Tumor/Epithelial
MET02:521	Tumor/Epithelial
MET02:522	Tumor/Epithelial
MET02:523	Tumor/Epithelial
MET02:524	Tumor/Epithelial
MET02:525	Tumor/Epithelial
MET02:526	Tumor/Epithelial
MET02:527	Tumor/Epithelial
MET02:528	Tumor/Epithelial
MET02:529	Tumor/Epithelial
MET02:530	Tumor/Epithelial
MET02:531	Tumor/Epithelial
MET02:532	Tumor/Epithelial
MET02:533	Tumor/Epithelial
MET02:534	Tumor/Epithelial
MET02:535	Tumor/Epithelial
MET02:536	Tumor/Epithelial
MET02:537	Tumor/Epithelial
MET02:538	Tumor/Epithelial
MET02:539	Tumor/Epithelial
MET02:540	Tumor/Epithelial
MET02:541	Tumor/Epithelial
MET02:542	Tumor/Epithelial
MET02:543	Tumor/Epithelial
MET02:544	Tumor/Epithelial
MET02:545	Tumor/Epithelial
MET02:546	Tumor/Epithelial
MET02:547	Tumor/Epithelial
MET02:548	Tumor/Epithelial
MET02:549	Tumor/Epithelial
MET02:550	Tumor/Epithelial
MET02:551	Tumor/Epithelial
MET02:552	Tumor/Epithelial
MET02:553	Tumor/Epithelial
MET02:554	Tumor/Epithelial
MET02:555	Tumor/Epithelial
MET02:556	Tumor/Epithelial
MET02:557	Tumor/Epithelial
MET02:558	Endothelial
MET02:559	Tumor/Epithelial
MET02:560	Tumor/Epithelial
MET02:561	Tumor/Epithelial
MET02:562	Tumor/Epithelial
MET02:563	Tumor/Epithelial
MET02:564	Tumor/Epithelial
MET02:565	Tumor/Epithelial
MET02:566	Tumor/Epithelial
MET02:567	Tumor/Epithelial
MET02:568	Tumor/Epithelial
MET02:569	Tumor/Epithelial
MET02:570	Tumor/Epithelial
MET02:571	Tumor/Epithelial
MET02:572	Tumor/Epithelial
MET02:573	Tumor/Epithelial
MET02:574	Tumor/Epithelial
MET02:575	Tumor/Epithelial
MET02:576	Tumor/Epithelial
MET02:577	Tumor/Epithelial
MET02:578	Tumor/Epithelial
MET02:579	Tumor/Epithelial
MET02:580	Tumor/Epithelial
MET02:581	Tumor/Epithelial
MET02:582	Tumor/Epithelial
MET02:583	Tumor/Epithelial
MET02:584	Tumor/Epithelial
MET02:585	Tumor/Epithelial
MET02:586	Tumor/Epithelial
MET02:587	Tumor/Epithelial
MET02:588	Tumor/Epithelial
MET02:589	Tumor/Epithelial
MET02:590	Tumor/Epithelial
MET02:591	Tumor/Epithelial
MET02:592	Tumor/Epithelial
MET02:593	Tumor/Epithelial
MET02:594	Tumor/Epithelial
MET02:595	Tumor/Epithelial
MET02:596	Tumor/Epithelial
MET02:597	Tumor/Epithelial
MET02:598	Tumor/Epithelial
MET02:599	Tumor/Epithelial
MET02:600	Tumor/Epithelial
MET02:601	Tumor/Epithelial
MET02:602	Tumor/Epithelial
MET02:603	Tumor/Epithelial
MET02:604	Tumor/Epithelial
MET02:605	Tumor/Epithelial
MET02:606	Tumor/Epithelial
MET02:607	Tumor/Epithelial
MET02:608	Tumor/Epithelial
MET02:609	Tumor/Epithelial
MET02:610	Tumor/Epithelial
MET02:611	Tumor/Epithelial
MET02:612	Tumor/Epithelial
MET02:613	Tumor/Epithelial
MET02:614	Tumor/Epithelial
MET02:615	Tumor/Epithelial
MET02:616	Tumor/Epithelial
MET02:617	Tumor/Epithelial
MET02:618	Tumor/Epithelial
MET02:619	Tumor/Epithelial
MET02:620	Tumor/Epithelial
MET02:621	Tumor/Epithelial
MET02:622	Tumor/Epithelial
MET02:623	Tumor/Epithelial
MET02:624	Tumor/Epithelial
MET02:625	Tumor/Epithelial
MET02:626	Tumor/Epithelial
MET02:627	Tumor/Epithelial
MET02:628	Tumor/Epithelial
MET02:629	Tumor/Epithelial
MET02:630	Tumor/Epithelial
MET02:631	Tumor/Epithelial
MET02:632	Tumor/Epithelial
MET02:633	Tumor/Epithelial
MET02:634	Tumor/Epithelial
MET02:635	Tumor/Epithelial
MET02:636	Tumor/Epithelial
MET02:637	Tumor/Epithelial
MET02:638	Tumor/Epithelial
MET02:639	Tumor/Epithelial
MET02:640	Tumor/Epithelial
MET02:641	Tumor/Epithelial
MET02:642	Tumor/Epithelial
MET02:643	Tumor/Epithelial
MET02:644	Tumor/Epithelial
MET02:645	Tumor/Epithelial
MET02:646	Tumor/Epithelial
MET02:647	Tumor/Epithelial
MET02:648	Tumor/Epithelial
MET02:649	Tumor/Epithelial
MET02:650	Tumor/Epithelial
MET02:651	Tumor/Epithelial
MET02:652	Tumor/Epithelial
MET02:653	Tumor/Epithelial
MET02:654	Tumor/Epithelial
MET02:655	Tumor/Epithelial
MET02:656	Tumor/Epithelial
MET02:657	Tumor/Epithelial
MET02:658	Tumor/Epithelial
MET02:659	Tumor/Epithelial
MET02:660	Tumor/Epithelial
MET02:661	Tumor/Epithelial
MET02:662	Tumor/Epithelial
MET02:663	Tumor/Epithelial
MET02:664	Tumor/Epithelial
MET02:665	Tumor/Epithelial
MET02:666	Tumor/Epithelial
MET02:667	Tumor/Epithelial
MET02:668	Tumor/Epithelial
MET02:669	Tumor/Epithelial
MET02:670	Tumor/Epithelial
MET02:671	Tumor/Epithelial
MET02:672	Tumor/Epithelial
MET02:673	Tumor/Epithelial
MET02:674	Tumor/Epithelial
MET02:675	Tumor/Epithelial
MET02:676	Tumor/Epithelial
MET02:677	Tumor/Epithelial
MET02:678	Tumor/Epithelial
MET02:679	Tumor/Epithelial
MET02:680	Tumor/Epithelial
MET02:681	Tumor/Epithelial
MET02:682	Tumor/Epithelial
MET02:683	Tumor/Epithelial
MET02:684	Tumor/Epithelial
MET02:685	Tumor/Epithelial
MET02:686	Tumor/Epithelial
MET02:687	Tumor/Epithelial
MET02:688	Tumor/Epithelial
MET02:689	Tumor/Epithelial
MET02:690	Tumor/Epithelial
MET02:691	Tumor/Epithelial
MET02:692	Tumor/Epithelial
MET02:693	Tumor/Epithelial
MET02:694	Tumor/Epithelial
MET02:695	Tumor/Epithelial
MET02:696	Tumor/Epithelial
MET02:697	Myeloid
MET02:698	Tumor/Epithelial
MET02:699	Tumor/Epithelial
MET02:700	Tumor/Epithelial
MET02:701	Tumor/Epithelial
MET02:702	Tumor/Epithelial
MET02:703	Tumor/Epithelial
MET02:704	Tumor/Epithelial
MET02:705	Tumor/Epithelial
MET02:706	Tumor/Epithelial
MET02:707	Tumor/Epithelial
MET02:708	Tumor/Epithelial
MET02:709	Tumor/Epithelial
MET02:710	Tumor/Epithelial
MET02:711	Tumor/Epithelial
MET02:712	Tumor/Epithelial
MET02:713	Tumor/Epithelial
MET02:714	Tumor/Epithelial
MET02:715	Tumor/Epithelial
MET02:716	Tumor/Epithelial
MET02:717	Tumor/Epithelial
MET02:718	Tumor/Epithelial
MET02:719	Tumor/Epithelial
MET02:720	Tumor/Epithelial
MET02:721	Tumor/Epithelial
MET02:722	Tumor/Epithelial
MET02:723	Tumor/Epithelial
MET02:724	Tumor/Epithelial
MET02:725	Tumor/Epithelial
MET02:726	Tumor/Epithelial
MET02:727	Tumor/Epithelial
MET02:728	Tumor/Epithelial
MET02:729	Tumor/Epithelial
MET02:730	Tumor/Epithelial
MET02:731	Tumor/Epithelial
MET02:732	Tumor/Epithelial
MET02:733	Tumor/Epithelial
MET02:734	Myeloid
MET02:735	Tumor/Epithelial
MET02:736	Tumor/Epithelial
MET02:737	Tumor/Epithelial
MET02:738	Tumor/Epithelial
MET02:739	Tumor/Epithelial
MET02:740	Tumor/Epithelial
MET02:741	Tumor/Epithelial
MET02:742	Tumor/Epithelial
MET03:1	Tumor/Epithelial
MET03:2	Tumor/Epithelial
MET03:3	Tumor/Epithelial
MET03:4	T/NK
MET03:5	Tumor/Epithelial
MET03:6	Myeloid
MET03:7	Endothelial
MET03:8	Tumor/Epithelial
MET03:9	Tumor/Epithelial
MET03:10	Tumor/Epithelial
MET03:11	Tumor/Epithelial
MET03:12	Tumor/Epithelial
MET03:13	Tumor/Epithelial
MET03:14	Tumor/Epithelial
MET03:15	Myeloid
MET03:16	Tumor/Epithelial
MET03:17	Tumor/Epithelial
MET03:18	Myeloid
MET03:19	T/NK
MET03:20	T/NK
MET03:21	Tumor/Epithelial
MET03:22	T/NK
MET03:23	T/NK
MET03:24	T/NK
MET03:25	Myeloid
MET03:26	Tumor/Epithelial
MET03:27	T/NK
MET03:28	Myeloid
MET03:29	T/NK
MET03:30	Myeloid
MET03:31	T/NK
MET03:32	Myeloid
MET03:33	T/NK
MET03:34	Tumor/Epithelial
MET03:35	T/NK
MET03:36	T/NK
MET03:37	Tumor/Epithelial
MET03:38	T/NK
MET03:39	T/NK
MET03:40	Tumor/Epithelial
MET03:41	T/NK
MET03:42	Tumor/Epithelial
MET03:43	Myeloid
MET03:44	T/NK
MET03:45	Tumor/Epithelial
MET03:46	Myeloid
MET03:47	Tumor/Epithelial
MET03:48	Myeloid
MET03:49	T/NK
MET03:50	T/NK
MET03:51	T/NK
MET03:52	Myeloid
MET03:53	T/NK
MET03:54	Tumor/Epithelial
MET03:55	Endothelial
MET03:56	B/Plasma
MET03:57	Unknown
MET03:58	Tumor/Epithelial
MET03:59	Tumor/Epithelial
MET03:60	Tumor/Epithelial
MET03:61	T/NK
MET03:62	T/NK
MET03:63	Myeloid
MET03:64	Endothelial
MET03:65	Tumor/Epithelial
MET03:66	Tumor/Epithelial
MET03:67	T/NK
MET03:68	Myeloid
MET03:69	Myeloid
MET03:70	Tumor/Epithelial
MET03:71	Myeloid
MET03:72	Myeloid
MET03:73	T/NK
MET03:74	T/NK
MET03:75	Tumor/Epithelial
MET03:76	Endothelial
MET03:77	Tumor/Epithelial
MET03:78	Tumor/Epithelial
MET03:79	Myeloid
MET03:80	T/NK
MET03:81	Endothelial
MET03:82	T/NK
MET03:83	Tumor/Epithelial
MET03:84	Myeloid
MET03:85	Tumor/Epithelial
MET03:86	Myeloid
MET03:87	Tumor/Epithelial
MET03:88	T/NK
MET03:89	T/NK
MET03:90	Myeloid
MET03:91	T/NK
MET03:92	Tumor/Epithelial
MET03:93	T/NK
MET03:94	Endothelial
MET03:95	T/NK
MET03:96	Tumor/Epithelial
MET03:97	Tumor/Epithelial
MET03:98	Myeloid
MET03:99	Endothelial
MET03:100	T/NK
MET03:101	Myeloid
MET03:102	Myeloid
MET03:103	Endothelial
MET03:104	Myeloid
MET03:105	Myeloid
MET03:106	T/NK
MET03:107	T/NK
MET03:108	Tumor/Epithelial
MET03:109	T/NK
MET03:110	Tumor/Epithelial
MET03:111	Tumor/Epithelial
MET03:112	Myeloid
MET03:113	Myeloid
MET03:114	Tumor/Epithelial
MET03:115	T/NK
MET03:116	Myeloid
MET03:117	Tumor/Epithelial
MET03:118	Endothelial
MET03:119	Tumor/Epithelial
MET03:120	Tumor/Epithelial
MET03:121	Tumor/Epithelial
MET03:122	CAF/Fibroblast
MET03:123	T/NK
MET03:124	Myeloid
MET03:125	Tumor/Epithelial
MET04:1	Tumor/Epithelial
MET04:2	Tumor/Epithelial
MET04:3	T/NK
MET04:4	T/NK
MET04:5	Tumor/Epithelial
MET04:6	Myeloid
MET04:7	Myeloid
MET04:8	Tumor/Epithelial
MET04:9	Tumor/Epithelial
MET04:10	Myeloid
MET04:11	T/NK
MET04:12	Myeloid
MET04:13	Tumor/Epithelial
MET04:14	Tumor/Epithelial
MET04:15	Tumor/Epithelial
MET04:16	Tumor/Epithelial
MET04:17	Myeloid
MET04:18	Tumor/Epithelial
MET04:19	Myeloid
MET04:20	T/NK
MET04:21	Tumor/Epithelial
MET04:22	Myeloid
MET04:23	Myeloid
MET04:24	T/NK
MET04:25	Tumor/Epithelial
MET04:26	B/Plasma
MET04:27	Myeloid
MET04:28	Tumor/Epithelial
MET04:29	Tumor/Epithelial
MET04:30	Myeloid
MET04:31	Tumor/Epithelial
MET04:32	Tumor/Epithelial
MET04:33	Myeloid
MET04:34	Myeloid
MET04:35	Myeloid
MET04:36	Myeloid
MET04:37	Tumor/Epithelial
MET04:38	T/NK
MET04:39	Myeloid
MET04:40	Myeloid
MET04:41	Myeloid
MET04:42	Tumor/Epithelial
MET04:43	Myeloid
MET04:44	Myeloid
MET04:45	Unknown
MET04:46	Myeloid
MET04:47	Myeloid
MET04:48	Myeloid
MET04:49	Myeloid
MET04:50	Tumor/Epithelial
MET04:51	Tumor/Epithelial
MET04:52	Tumor/Epithelial
MET04:53	Myeloid
MET04:54	T/NK
MET04:55	Tumor/Epithelial
MET04:56	Myeloid
MET04:57	Unknown
MET04:58	Myeloid
MET04:59	T/NK
MET04:60	Myeloid
MET04:61	T/NK
MET04:62	Tumor/Epithelial
MET04:63	Myeloid
MET04:64	Myeloid
MET04:65	Tumor/Epithelial
MET04:66	Myeloid
MET04:67	T/NK
MET04:68	Tumor/Epithelial
MET04:69	Tumor/Epithelial
MET04:70	T/NK
MET04:71	Tumor/Epithelial
MET04:72	Tumor/Epithelial
MET04:73	Myeloid
MET04:74	Tumor/Epithelial
MET04:75	Tumor/Epithelial
MET04:76	Tumor/Epithelial
MET04:77	Myeloid
MET04:78	Tumor/Epithelial
MET04:79	T/NK
MET04:80	Myeloid
MET04:81	Tumor/Epithelial
MET04:82	Tumor/Epithelial
MET04:83	Tumor/Epithelial
MET04:84	Tumor/Epithelial
MET04:85	Myeloid
MET04:86	Tumor/Epithelial
MET04:87	Tumor/Epithelial
MET04:88	Tumor/Epithelial
MET04:89	Myeloid
MET04:90	Tumor/Epithelial
MET04:91	Myeloid
MET04:92	Tumor/Epithelial
MET04:93	Myeloid
MET04:94	Tumor/Epithelial
MET04:95	Myeloid
MET04:96	Tumor/Epithelial
MET04:97	T/NK
MET04:98	Tumor/Epithelial
MET04:99	B/Plasma
MET04:100	Unknown
MET04:101	Tumor/Epithelial
MET04:102	Tumor/Epithelial
MET04:103	T/NK
MET04:104	Tumor/Epithelial
MET04:105	Tumor/Epithelial
MET04:106	Myeloid
MET04:107	Tumor/Epithelial
MET04:108	Unknown
MET04:109	Myeloid
MET04:110	T/NK
MET04:111	Tumor/Epithelial
MET04:112	Myeloid
MET04:113	Tumor/Epithelial
MET04:114	Tumor/Epithelial
MET04:115	Myeloid
MET04:116	Tumor/Epithelial
MET04:117	Tumor/Epithelial
MET04:118	Myeloid
MET04:119	Tumor/Epithelial
MET04:120	Tumor/Epithelial
MET04:121	T/NK
MET04:122	Tumor/Epithelial
MET04:123	T/NK
MET04:124	Unknown
MET04:125	Myeloid
MET04:126	Tumor/Epithelial
MET04:127	Tumor/Epithelial
MET04:128	Myeloid
MET04:129	Myeloid
MET04:130	Tumor/Epithelial
MET04:131	Myeloid
MET04:132	T/NK
MET04:133	Tumor/Epithelial
MET04:134	Myeloid
MET04:135	T/NK
MET04:136	Tumor/Epithelial
MET04:137	Myeloid
MET04:138	T/NK
MET04:139	Myeloid
MET04:140	Myeloid
MET04:141	Tumor/Epithelial
MET04:142	Tumor/Epithelial
MET04:143	Myeloid
MET04:144	Myeloid
MET04:145	Myeloid
MET04:146	Tumor/Epithelial
MET04:147	Myeloid
MET04:148	Myeloid
MET04:149	Tumor/Epithelial
MET04:150	Myeloid
MET04:151	Tumor/Epithelial
MET04:152	Myeloid
MET04:153	Tumor/Epithelial
MET04:154	Myeloid
MET04:155	Tumor/Epithelial
MET04:156	Myeloid
MET04:157	Myeloid
MET04:158	Tumor/Epithelial
MET04:159	Unknown
MET04:160	Myeloid
MET04:161	Tumor/Epithelial
MET04:162	T/NK
MET04:163	Myeloid
MET04:164	Tumor/Epithelial
MET04:165	Myeloid
MET04:166	Tumor/Epithelial
MET04:167	Tumor/Epithelial
MET04:168	T/NK
MET04:169	Myeloid
MET04:170	Tumor/Epithelial
MET04:171	Tumor/Epithelial
MET04:172	Tumor/Epithelial
MET04:173	Tumor/Epithelial
MET04:174	Myeloid
MET04:175	Tumor/Epithelial
MET04:176	Tumor/Epithelial
MET04:177	Tumor/Epithelial
MET04:178	Myeloid
MET04:179	T/NK
MET04:180	Unknown
MET04:181	Myeloid
MET04:182	Myeloid
MET04:183	Myeloid
MET04:184	Tumor/Epithelial
MET04:185	Myeloid
MET04:186	Tumor/Epithelial
MET04:187	T/NK
MET04:188	Tumor/Epithelial
MET04:189	Tumor/Epithelial
MET04:190	Myeloid
MET04:191	Myeloid
MET04:192	Tumor/Epithelial
MET04:193	Tumor/Epithelial
MET04:194	Tumor/Epithelial
MET04:195	Tumor/Epithelial
MET04:196	Tumor/Epithelial
MET04:197	Tumor/Epithelial
MET04:198	Myeloid
MET04:199	T/NK
MET04:200	T/NK
MET04:201	Myeloid
MET04:202	Myeloid
MET04:203	Tumor/Epithelial
MET04:204	Tumor/Epithelial
MET04:205	Myeloid
MET04:206	Tumor/Epithelial
MET04:207	Tumor/Epithelial
MET04:208	Myeloid
MET04:209	Myeloid
MET04:210	Myeloid
MET04:211	T/NK
MET04:212	Tumor/Epithelial
MET04:213	Myeloid
MET04:214	Myeloid
MET04:215	Myeloid
MET04:216	Tumor/Epithelial
MET04:217	T/NK
MET04:218	T/NK
MET04:219	T/NK
MET04:220	T/NK
MET04:221	Myeloid
MET04:222	Unknown
MET04:223	Tumor/Epithelial
MET04:224	Myeloid
MET04:225	Tumor/Epithelial
MET04:226	Unknown
MET04:227	Myeloid
MET04:228	T/NK
MET04:229	T/NK
MET04:230	Myeloid
MET04:231	T/NK
MET04:232	Myeloid
MET04:233	T/NK
MET04:234	Tumor/Epithelial
MET04:235	T/NK
MET04:236	Myeloid
MET04:237	Tumor/Epithelial
MET04:238	Tumor/Epithelial
MET04:239	Myeloid
MET04:240	Tumor/Epithelial
MET04:241	Tumor/Epithelial
MET04:242	Myeloid
MET04:243	Myeloid
MET04:244	Myeloid
MET04:245	T/NK
MET04:246	Tumor/Epithelial
MET04:247	Tumor/Epithelial
MET04:248	Tumor/Epithelial
MET04:249	Tumor/Epithelial
MET04:250	Myeloid
MET04:251	T/NK
MET04:252	Myeloid
MET04:253	Tumor/Epithelial
MET04:254	Myeloid
MET04:255	Tumor/Epithelial
MET04:256	Tumor/Epithelial
MET04:257	Tumor/Epithelial
MET04:258	Tumor/Epithelial
MET04:259	Tumor/Epithelial
MET04:260	Tumor/Epithelial
MET05:1	Tumor/Epithelial
MET05:2	Tumor/Epithelial
MET05:3	Tumor/Epithelial
MET05:4	Tumor/Epithelial
MET05:5	Tumor/Epithelial
MET05:6	Tumor/Epithelial
MET05:7	Tumor/Epithelial
MET05:8	Tumor/Epithelial
MET05:9	Tumor/Epithelial
MET05:10	Tumor/Epithelial
MET05:11	Tumor/Epithelial
MET05:12	Tumor/Epithelial
MET05:13	Tumor/Epithelial
MET05:14	Tumor/Epithelial
MET05:15	Tumor/Epithelial
MET05:16	Tumor/Epithelial
MET05:17	Tumor/Epithelial
MET05:18	Tumor/Epithelial
MET05:19	Tumor/Epithelial
MET05:20	Tumor/Epithelial
MET05:21	Tumor/Epithelial
MET05:22	Tumor/Epithelial
MET05:23	Tumor/Epithelial
MET05:24	Tumor/Epithelial
MET05:25	Tumor/Epithelial
MET05:26	Tumor/Epithelial
MET05:27	Tumor/Epithelial
MET05:28	Tumor/Epithelial
MET05:29	Tumor/Epithelial
MET05:30	Tumor/Epithelial
MET05:31	Myeloid
MET05:32	Tumor/Epithelial
MET05:33	Tumor/Epithelial
MET05:34	Tumor/Epithelial
MET05:35	Tumor/Epithelial
MET05:36	Tumor/Epithelial
MET05:37	Tumor/Epithelial
MET05:38	Tumor/Epithelial
MET05:39	Tumor/Epithelial
MET05:40	Tumor/Epithelial
MET05:41	Tumor/Epithelial
MET05:42	Tumor/Epithelial
MET05:43	Tumor/Epithelial
MET05:44	Tumor/Epithelial
MET05:45	Tumor/Epithelial
MET05:46	Tumor/Epithelial
MET05:47	Tumor/Epithelial
MET05:48	Tumor/Epithelial
MET05:49	Tumor/Epithelial
MET05:50	Myeloid
MET05:51	Tumor/Epithelial
MET05:52	Myeloid
MET05:53	Tumor/Epithelial
MET05:54	Tumor/Epithelial
MET05:55	Tumor/Epithelial
MET05:56	Tumor/Epithelial
MET05:57	Tumor/Epithelial
MET05:58	Tumor/Epithelial
MET05:59	Tumor/Epithelial
MET05:60	Tumor/Epithelial
MET05:61	Unknown
MET05:62	Tumor/Epithelial
MET05:63	Tumor/Epithelial
MET05:64	Tumor/Epithelial
MET05:65	Tumor/Epithelial
MET05:66	Tumor/Epithelial
MET05:67	Tumor/Epithelial
MET05:68	Tumor/Epithelial
MET05:69	Tumor/Epithelial
MET05:70	Myeloid
MET05:71	Tumor/Epithelial
MET05:72	Tumor/Epithelial
MET05:73	Tumor/Epithelial
MET05:74	Tumor/Epithelial
MET05:75	Tumor/Epithelial
MET05:76	Tumor/Epithelial
MET05:77	Tumor/Epithelial
MET05:78	Tumor/Epithelial
MET05:79	T/NK
MET05:80	Tumor/Epithelial
MET05:81	Tumor/Epithelial
MET05:82	Tumor/Epithelial
MET05:83	Tumor/Epithelial
MET05:84	Tumor/Epithelial
MET05:85	Tumor/Epithelial
MET05:86	Tumor/Epithelial
MET05:87	Tumor/Epithelial
MET05:88	Tumor/Epithelial
MET05:89	Tumor/Epithelial
MET05:90	Tumor/Epithelial
MET05:91	Tumor/Epithelial
MET05:92	Tumor/Epithelial
MET05:93	Tumor/Epithelial
MET05:94	Tumor/Epithelial
MET05:95	Tumor/Epithelial
MET05:96	Tumor/Epithelial
MET05:97	Unknown
MET05:98	Tumor/Epithelial
MET05:99	Tumor/Epithelial
MET05:100	Myeloid
MET05:101	Tumor/Epithelial
MET05:102	Tumor/Epithelial
MET05:103	Tumor/Epithelial
MET05:104	Tumor/Epithelial
MET05:105	Tumor/Epithelial
MET05:106	Tumor/Epithelial
MET05:107	Tumor/Epithelial
MET05:108	Tumor/Epithelial
MET05:109	Tumor/Epithelial
MET05:110	Unknown
MET05:111	Tumor/Epithelial
MET05:112	Tumor/Epithelial
MET05:113	Tumor/Epithelial
MET05:114	Tumor/Epithelial
MET05:115	Tumor/Epithelial
MET05:116	Tumor/Epithelial
MET05:117	Tumor/Epithelial
MET05:118	Tumor/Epithelial
MET05:119	Tumor/Epithelial
MET05:120	Tumor/Epithelial
MET05:121	Tumor/Epithelial
MET05:122	Tumor/Epithelial
MET05:123	Tumor/Epithelial
MET05:124	Tumor/Epithelial
MET05:125	Tumor/Epithelial
MET05:126	Tumor/Epithelial
MET05:127	Tumor/Epithelial
MET05:128	Tumor/Epithelial
MET05:129	Tumor/Epithelial
MET05:130	Tumor/Epithelial
MET05:131	Tumor/Epithelial
MET05:132	Tumor/Epithelial
MET05:133	Tumor/Epithelial
MET05:134	Tumor/Epithelial
MET05:135	Tumor/Epithelial
MET05:136	Tumor/Epithelial
MET05:137	Myeloid
MET05:138	Tumor/Epithelial
MET05:139	Tumor/Epithelial
MET05:140	Tumor/Epithelial
MET05:141	Tumor/Epithelial
MET05:142	Tumor/Epithelial
MET05:143	Tumor/Epithelial
MET05:144	Myeloid
MET05:145	Tumor/Epithelial
MET05:146	Tumor/Epithelial
MET05:147	Tumor/Epithelial
MET05:148	Myeloid
MET05:149	Tumor/Epithelial
MET05:150	Tumor/Epithelial
MET05:151	Tumor/Epithelial
MET05:152	Tumor/Epithelial
MET05:153	Tumor/Epithelial
MET05:154	Tumor/Epithelial
MET05:155	Tumor/Epithelial
MET05:156	Tumor/Epithelial
MET05:157	Tumor/Epithelial
MET05:158	Tumor/Epithelial
MET05:159	Tumor/Epithelial
MET05:160	Tumor/Epithelial
MET05:161	Tumor/Epithelial
MET05:162	Tumor/Epithelial
MET05:163	Tumor/Epithelial
MET05:164	Tumor/Epithelial
MET05:165	Tumor/Epithelial
MET05:166	Tumor/Epithelial
MET05:167	Tumor/Epithelial
MET05:168	Tumor/Epithelial
MET05:169	Myeloid
MET05:170	Tumor/Epithelial
MET05:171	Tumor/Epithelial
MET05:172	Tumor/Epithelial
MET05:173	Tumor/Epithelial
MET05:174	Tumor/Epithelial
MET05:175	Tumor/Epithelial
MET05:176	Tumor/Epithelial
MET05:177	Tumor/Epithelial
MET05:178	Tumor/Epithelial
MET05:179	Unknown
MET05:180	Tumor/Epithelial
MET05:181	Tumor/Epithelial
MET05:182	Tumor/Epithelial
MET05:183	Tumor/Epithelial
MET05:184	Tumor/Epithelial
MET05:185	Tumor/Epithelial
MET05:186	Tumor/Epithelial
MET05:187	Unknown
MET05:188	Tumor/Epithelial
MET05:189	Tumor/Epithelial
MET05:190	Tumor/Epithelial
MET05:191	Tumor/Epithelial
MET05:192	Tumor/Epithelial
MET05:193	Tumor/Epithelial
MET05:194	Tumor/Epithelial
MET05:195	Tumor/Epithelial
MET05:196	Tumor/Epithelial
MET05:197	Tumor/Epithelial
MET05:198	Tumor/Epithelial
MET05:199	Tumor/Epithelial
MET05:200	Tumor/Epithelial
MET05:201	Tumor/Epithelial
MET05:202	Tumor/Epithelial
MET05:203	Tumor/Epithelial
MET05:204	Tumor/Epithelial
MET05:205	Tumor/Epithelial
MET05:206	Tumor/Epithelial
MET05:207	Myeloid
MET05:208	Tumor/Epithelial
MET05:209	Tumor/Epithelial
MET05:210	Tumor/Epithelial
MET05:211	Tumor/Epithelial
MET05:212	Tumor/Epithelial
MET05:213	Unknown
MET05:214	Unknown
MET05:215	Tumor/Epithelial
MET05:216	Tumor/Epithelial
MET05:217	Tumor/Epithelial
MET05:218	Tumor/Epithelial
MET05:219	Tumor/Epithelial
MET05:220	Tumor/Epithelial
MET05:221	Tumor/Epithelial
MET05:222	Tumor/Epithelial
MET05:223	Tumor/Epithelial
MET05:224	Tumor/Epithelial
MET05:225	Tumor/Epithelial
MET05:226	Tumor/Epithelial
MET05:227	Tumor/Epithelial
MET05:228	Tumor/Epithelial
MET05:229	Tumor/Epithelial
MET05:230	Tumor/Epithelial
MET05:231	Tumor/Epithelial
MET05:232	Tumor/Epithelial
MET05:233	Tumor/Epithelial
MET05:234	Tumor/Epithelial
MET05:235	Tumor/Epithelial
MET05:236	Tumor/Epithelial
MET05:237	Tumor/Epithelial
MET05:238	Tumor/Epithelial
MET05:239	Tumor/Epithelial
MET05:240	Tumor/Epithelial
MET05:241	Tumor/Epithelial
MET05:242	Tumor/Epithelial
MET05:243	Tumor/Epithelial
MET05:244	Tumor/Epithelial
MET05:245	Tumor/Epithelial
MET05:246	Tumor/Epithelial
MET05:247	Tumor/Epithelial
MET05:248	Tumor/Epithelial
MET05:249	Tumor/Epithelial
MET05:250	Tumor/Epithelial
MET05:251	Tumor/Epithelial
MET05:252	Tumor/Epithelial
MET05:253	Tumor/Epithelial
MET05:254	Tumor/Epithelial
MET05:255	Tumor/Epithelial
MET05:256	Tumor/Epithelial
MET05:257	Tumor/Epithelial
MET05:258	Tumor/Epithelial
MET05:259	Tumor/Epithelial
MET05:260	Tumor/Epithelial
MET05:261	Tumor/Epithelial
MET05:262	Tumor/Epithelial
MET05:263	Tumor/Epithelial
MET05:264	Tumor/Epithelial
MET05:265	Tumor/Epithelial
MET05:266	Tumor/Epithelial
MET05:267	Tumor/Epithelial
MET05:268	Tumor/Epithelial
MET05:269	Tumor/Epithelial
MET05:270	Tumor/Epithelial
MET05:271	Myeloid
MET05:272	Tumor/Epithelial
MET05:273	Myeloid
MET05:274	Tumor/Epithelial
MET05:275	Tumor/Epithelial
MET05:276	Myeloid
MET05:277	Tumor/Epithelial
MET05:278	Tumor/Epithelial
MET05:279	Tumor/Epithelial
MET05:280	Tumor/Epithelial
MET05:281	Tumor/Epithelial
MET05:282	Tumor/Epithelial
MET05:283	Tumor/Epithelial
MET05:284	Tumor/Epithelial
MET05:285	Tumor/Epithelial
MET05:286	Tumor/Epithelial
MET05:287	Tumor/Epithelial
MET05:288	Tumor/Epithelial
MET05:289	Tumor/Epithelial
MET05:290	Tumor/Epithelial
MET05:291	Tumor/Epithelial
MET05:292	Tumor/Epithelial
MET05:293	Tumor/Epithelial
MET05:294	Tumor/Epithelial
MET05:295	Tumor/Epithelial
MET05:296	Tumor/Epithelial
MET05:297	Tumor/Epithelial
MET05:298	Unknown
MET05:299	Tumor/Epithelial
MET05:300	Unknown
MET05:301	Tumor/Epithelial
MET05:302	Tumor/Epithelial
MET05:303	Tumor/Epithelial
MET05:304	Tumor/Epithelial
MET05:305	Tumor/Epithelial
MET05:306	Tumor/Epithelial
MET05:307	Myeloid
MET05:308	Tumor/Epithelial
MET05:309	Tumor/Epithelial
MET05:310	Tumor/Epithelial
MET05:311	Tumor/Epithelial
MET05:312	Tumor/Epithelial
MET05:313	Tumor/Epithelial
MET05:314	Tumor/Epithelial
MET05:315	Tumor/Epithelial
MET05:316	Tumor/Epithelial
MET05:317	Tumor/Epithelial
MET05:318	Tumor/Epithelial
MET05:319	Tumor/Epithelial
MET05:320	Tumor/Epithelial
MET05:321	Tumor/Epithelial
MET05:322	Tumor/Epithelial
MET05:323	Tumor/Epithelial
MET05:324	T/NK
MET05:325	Tumor/Epithelial
MET05:326	Tumor/Epithelial
MET05:327	Tumor/Epithelial
MET05:328	Myeloid
MET05:329	Tumor/Epithelial
MET05:330	Tumor/Epithelial
MET05:331	Tumor/Epithelial
MET05:332	Myeloid
MET05:333	Tumor/Epithelial
MET05:334	Tumor/Epithelial
MET05:335	Tumor/Epithelial
MET05:336	Tumor/Epithelial
MET05:337	Tumor/Epithelial
MET05:338	Myeloid
MET05:339	Tumor/Epithelial
MET05:340	Tumor/Epithelial
MET05:341	Tumor/Epithelial
MET05:342	Myeloid
MET05:343	Tumor/Epithelial
MET05:344	Tumor/Epithelial
MET05:345	Tumor/Epithelial
MET05:346	Tumor/Epithelial
MET05:347	Tumor/Epithelial
MET05:348	Tumor/Epithelial
MET05:349	Tumor/Epithelial
MET05:350	Tumor/Epithelial
MET05:351	Tumor/Epithelial
MET05:352	Tumor/Epithelial
MET05:353	Tumor/Epithelial
MET05:354	T/NK
MET05:355	Tumor/Epithelial
MET05:356	Tumor/Epithelial
MET05:357	Tumor/Epithelial
MET05:358	Tumor/Epithelial
MET05:359	Tumor/Epithelial
MET05:360	Tumor/Epithelial
MET05:361	Tumor/Epithelial
MET05:362	Tumor/Epithelial
MET05:363	Tumor/Epithelial
MET05:364	Unknown
MET05:365	Myeloid
MET05:366	Tumor/Epithelial
MET05:367	Tumor/Epithelial
MET05:368	Tumor/Epithelial
MET05:369	Tumor/Epithelial
MET05:370	Tumor/Epithelial
MET05:371	Tumor/Epithelial
MET05:372	Tumor/Epithelial
MET05:373	Tumor/Epithelial
MET05:374	Tumor/Epithelial
MET05:375	Tumor/Epithelial
MET05:376	Tumor/Epithelial
MET05:377	Tumor/Epithelial
MET05:378	Tumor/Epithelial
MET05:379	Tumor/Epithelial
MET05:380	Tumor/Epithelial
MET05:381	Myeloid
MET05:382	Tumor/Epithelial
MET05:383	Tumor/Epithelial
MET05:384	Tumor/Epithelial
MET05:385	Tumor/Epithelial
MET05:386	Tumor/Epithelial
MET05:387	Tumor/Epithelial
MET05:388	Tumor/Epithelial
MET05:389	Tumor/Epithelial
MET05:390	Tumor/Epithelial
MET05:391	Tumor/Epithelial
MET05:392	Tumor/Epithelial
MET05:393	Tumor/Epithelial
MET05:394	Tumor/Epithelial
MET05:395	Tumor/Epithelial
MET05:396	Tumor/Epithelial
MET05:397	Tumor/Epithelial
MET05:398	Tumor/Epithelial
MET05:399	Tumor/Epithelial
MET05:400	Myeloid
MET05:401	Tumor/Epithelial
MET05:402	Tumor/Epithelial
MET05:403	Unknown
MET05:404	Myeloid
MET05:405	Tumor/Epithelial
MET05:406	Tumor/Epithelial
MET05:407	Tumor/Epithelial
MET05:408	Tumor/Epithelial
MET05:409	Tumor/Epithelial
MET05:410	Tumor/Epithelial
MET05:411	Tumor/Epithelial
MET05:412	Myeloid
MET05:413	Tumor/Epithelial
MET05:414	Tumor/Epithelial
MET05:415	Tumor/Epithelial
MET05:416	Tumor/Epithelial
MET05:417	Tumor/Epithelial
MET05:418	Tumor/Epithelial
MET05:419	Tumor/Epithelial
MET05:420	Tumor/Epithelial
MET05:421	Tumor/Epithelial
MET05:422	Tumor/Epithelial
MET05:423	Tumor/Epithelial
MET05:424	Tumor/Epithelial
MET05:425	Tumor/Epithelial
MET05:426	Tumor/Epithelial
MET05:427	Tumor/Epithelial
MET05:428	Tumor/Epithelial
MET05:429	Myeloid
MET05:430	Tumor/Epithelial
MET05:431	Myeloid
MET05:432	Tumor/Epithelial
MET05:433	Tumor/Epithelial
MET05:434	Tumor/Epithelial
MET05:435	Tumor/Epithelial
MET05:436	Unknown
MET05:437	Tumor/Epithelial
MET05:438	Tumor/Epithelial
MET05:439	Tumor/Epithelial
MET05:440	Tumor/Epithelial
MET05:441	Tumor/Epithelial
MET05:442	Tumor/Epithelial
MET05:443	Tumor/Epithelial
MET05:444	Tumor/Epithelial
MET05:445	Tumor/Epithelial
MET05:446	Tumor/Epithelial
MET05:447	Tumor/Epithelial
MET05:448	Tumor/Epithelial
MET05:449	T/NK
MET05:450	Tumor/Epithelial
MET05:451	Unknown
MET05:452	Unknown
MET05:453	Tumor/Epithelial
MET05:454	Tumor/Epithelial
MET05:455	Myeloid
MET05:456	Myeloid
MET05:457	Tumor/Epithelial
MET05:458	Tumor/Epithelial
MET05:459	Tumor/Epithelial
MET05:460	Tumor/Epithelial
MET05:461	Tumor/Epithelial
MET05:462	Tumor/Epithelial
MET05:463	Tumor/Epithelial
MET05:464	Tumor/Epithelial
MET05:465	Tumor/Epithelial
MET05:466	Tumor/Epithelial
MET05:467	Tumor/Epithelial
MET05:468	Tumor/Epithelial
MET05:469	Tumor/Epithelial
MET05:470	Tumor/Epithelial
MET05:471	Tumor/Epithelial
MET05:472	Tumor/Epithelial
MET05:473	Tumor/Epithelial
MET05:474	Tumor/Epithelial
MET05:475	Tumor/Epithelial
MET05:476	Tumor/Epithelial
MET05:477	Tumor/Epithelial
MET05:478	Tumor/Epithelial
MET05:479	Tumor/Epithelial
MET05:480	Tumor/Epithelial
MET05:481	Tumor/Epithelial
MET05:482	Tumor/Epithelial
MET05:483	Tumor/Epithelial
MET05:484	T/NK
MET05:485	Tumor/Epithelial
MET05:486	Tumor/Epithelial
MET05:487	Tumor/Epithelial
MET05:488	Tumor/Epithelial
MET05:489	Tumor/Epithelial
MET05:490	Tumor/Epithelial
MET05:491	Tumor/Epithelial
MET05:492	Myeloid
MET05:493	Tumor/Epithelial
MET05:494	Tumor/Epithelial
MET05:495	Tumor/Epithelial
MET05:496	Tumor/Epithelial
MET05:497	Tumor/Epithelial
MET05:498	Tumor/Epithelial
MET05:499	Tumor/Epithelial
MET05:500	Tumor/Epithelial
MET05:501	Tumor/Epithelial
MET05:502	Tumor/Epithelial
MET05:503	Myeloid
MET05:504	Tumor/Epithelial
MET05:505	Tumor/Epithelial
MET05:506	Tumor/Epithelial
MET05:507	Tumor/Epithelial
MET05:508	Tumor/Epithelial
MET05:509	Tumor/Epithelial
MET05:510	Tumor/Epithelial
MET05:511	Tumor/Epithelial
MET05:512	Tumor/Epithelial
MET05:513	Tumor/Epithelial
MET05:514	Tumor/Epithelial
MET05:515	Tumor/Epithelial
MET05:516	Tumor/Epithelial
MET05:517	Tumor/Epithelial
MET05:518	Tumor/Epithelial
MET05:519	Tumor/Epithelial
MET05:520	Tumor/Epithelial
MET05:521	Tumor/Epithelial
MET05:522	Tumor/Epithelial
MET05:523	Tumor/Epithelial
MET05:524	Tumor/Epithelial
MET05:525	Tumor/Epithelial
MET05:526	Tumor/Epithelial
MET05:527	Tumor/Epithelial
MET05:528	Tumor/Epithelial
MET05:529	Tumor/Epithelial
MET05:530	Tumor/Epithelial
MET05:531	Myeloid
MET05:532	Tumor/Epithelial
MET05:533	Tumor/Epithelial
MET05:534	Unknown
MET05:535	Tumor/Epithelial
MET05:536	Tumor/Epithelial
MET05:537	Tumor/Epithelial
MET05:538	Tumor/Epithelial
MET05:539	Tumor/Epithelial
MET05:540	Tumor/Epithelial
MET05:541	Tumor/Epithelial
MET05:542	Tumor/Epithelial
MET05:543	Unknown
MET05:544	Tumor/Epithelial
MET05:545	Myeloid
MET05:546	Tumor/Epithelial
MET05:547	Tumor/Epithelial
MET05:548	Tumor/Epithelial
MET05:549	Tumor/Epithelial
MET05:550	Tumor/Epithelial
MET05:551	Tumor/Epithelial
MET05:552	Tumor/Epithelial
MET05:553	Tumor/Epithelial
MET05:554	Unknown
MET05:555	Tumor/Epithelial
MET05:556	Tumor/Epithelial
MET05:557	Tumor/Epithelial
MET05:558	Tumor/Epithelial
MET05:559	Tumor/Epithelial
MET05:560	Tumor/Epithelial
MET05:561	Tumor/Epithelial
MET05:562	Tumor/Epithelial
MET05:563	Tumor/Epithelial
MET05:564	Tumor/Epithelial
MET05:565	Tumor/Epithelial
MET05:566	Tumor/Epithelial
MET05:567	T/NK
MET05:568	Tumor/Epithelial
MET05:569	Tumor/Epithelial
MET05:570	Myeloid
MET05:571	Tumor/Epithelial
MET05:572	Tumor/Epithelial
MET05:573	Tumor/Epithelial
MET05:574	Tumor/Epithelial
MET05:575	Tumor/Epithelial
MET05:576	Tumor/Epithelial
MET05:577	Tumor/Epithelial
MET05:578	Tumor/Epithelial
MET05:579	Tumor/Epithelial
MET05:580	Tumor/Epithelial
MET05:581	Tumor/Epithelial
MET05:582	Tumor/Epithelial
MET05:583	Tumor/Epithelial
MET05:584	Tumor/Epithelial
MET05:585	Tumor/Epithelial
MET05:586	Tumor/Epithelial
MET05:587	Tumor/Epithelial
MET05:588	Tumor/Epithelial
MET05:589	Myeloid
MET05:590	Tumor/Epithelial
MET05:591	Unknown
MET05:592	Tumor/Epithelial
MET05:593	Tumor/Epithelial
MET05:594	Tumor/Epithelial
MET05:595	Tumor/Epithelial
MET05:596	Tumor/Epithelial
MET05:597	Tumor/Epithelial
MET05:598	Tumor/Epithelial
MET05:599	Tumor/Epithelial
MET05:600	Tumor/Epithelial
MET05:601	Tumor/Epithelial
MET05:602	Tumor/Epithelial
MET05:603	Tumor/Epithelial
MET05:604	Tumor/Epithelial
MET05:605	Tumor/Epithelial
MET05:606	Tumor/Epithelial
MET05:607	Tumor/Epithelial
MET05:608	Tumor/Epithelial
MET05:609	Tumor/Epithelial
MET05:610	Tumor/Epithelial
MET05:611	Tumor/Epithelial
MET05:612	Tumor/Epithelial
MET05:613	Tumor/Epithelial
MET05:614	Tumor/Epithelial
MET05:615	Tumor/Epithelial
MET05:616	Tumor/Epithelial
MET05:617	Tumor/Epithelial
MET05:618	Tumor/Epithelial
MET05:619	Tumor/Epithelial
MET05:620	Tumor/Epithelial
MET05:621	Tumor/Epithelial
MET05:622	Tumor/Epithelial
MET05:623	Tumor/Epithelial
MET05:624	Myeloid
MET05:625	Tumor/Epithelial
MET05:626	Tumor/Epithelial
MET05:627	Tumor/Epithelial
MET05:628	Tumor/Epithelial
MET05:629	Myeloid
MET05:630	Tumor/Epithelial
MET05:631	Myeloid
MET05:632	Tumor/Epithelial
MET05:633	Tumor/Epithelial
MET05:634	Tumor/Epithelial
MET05:635	Tumor/Epithelial
MET05:636	Myeloid
MET05:637	Tumor/Epithelial
MET05:638	T/NK
MET05:639	Tumor/Epithelial
MET05:640	Tumor/Epithelial
MET05:641	Tumor/Epithelial
MET05:642	Tumor/Epithelial
MET05:643	Tumor/Epithelial
MET05:644	Tumor/Epithelial
MET05:645	Tumor/Epithelial
MET05:646	Tumor/Epithelial
MET05:647	Tumor/Epithelial
MET05:648	Tumor/Epithelial
MET05:649	Tumor/Epithelial
MET05:650	Tumor/Epithelial
MET05:651	Tumor/Epithelial
MET05:652	Tumor/Epithelial
MET05:653	Tumor/Epithelial
MET05:654	Tumor/Epithelial
MET05:655	Tumor/Epithelial
MET05:656	Tumor/Epithelial
MET05:657	Tumor/Epithelial
MET05:658	Tumor/Epithelial
MET05:659	Tumor/Epithelial
MET05:660	Tumor/Epithelial
MET05:661	Tumor/Epithelial
MET05:662	Tumor/Epithelial
MET05:663	Tumor/Epithelial
MET05:664	Tumor/Epithelial
MET05:665	Tumor/Epithelial
MET05:666	Tumor/Epithelial
MET05:667	Tumor/Epithelial
MET05:668	Myeloid
MET05:669	Tumor/Epithelial
MET05:670	Tumor/Epithelial
MET05:671	Tumor/Epithelial
MET05:672	Tumor/Epithelial
MET05:673	Tumor/Epithelial
MET05:674	Tumor/Epithelial
MET05:675	Tumor/Epithelial
MET05:676	Tumor/Epithelial
MET05:677	Tumor/Epithelial
MET05:678	Myeloid
MET05:679	Tumor/Epithelial
MET05:680	Tumor/Epithelial
MET05:681	Myeloid
MET05:682	Tumor/Epithelial
MET05:683	Tumor/Epithelial
MET05:684	Tumor/Epithelial
MET05:685	Tumor/Epithelial
MET05:686	Tumor/Epithelial
MET05:687	Tumor/Epithelial
MET05:688	Tumor/Epithelial
MET05:689	Myeloid
MET05:690	Tumor/Epithelial
MET05:691	Tumor/Epithelial
MET05:692	Tumor/Epithelial
MET05:693	Tumor/Epithelial
MET05:694	Tumor/Epithelial
MET05:695	Tumor/Epithelial
MET05:696	Tumor/Epithelial
MET05:697	Tumor/Epithelial
MET05:698	Myeloid
MET05:699	Tumor/Epithelial
MET05:700	Tumor/Epithelial
MET05:701	Tumor/Epithelial
MET05:702	Tumor/Epithelial
MET05:703	Myeloid
MET05:704	Tumor/Epithelial
MET05:705	Tumor/Epithelial
MET05:706	Tumor/Epithelial
MET05:707	Tumor/Epithelial
MET05:708	Tumor/Epithelial
MET05:709	Tumor/Epithelial
MET05:710	Tumor/Epithelial
MET05:711	Tumor/Epithelial
MET05:712	Tumor/Epithelial
MET05:713	Tumor/Epithelial
MET05:714	Unknown
MET05:715	Tumor/Epithelial
MET05:716	Tumor/Epithelial
MET05:717	Tumor/Epithelial
MET05:718	Tumor/Epithelial
MET05:719	Tumor/Epithelial
MET05:720	Myeloid
MET05:721	Myeloid
MET05:722	Tumor/Epithelial
MET05:723	Tumor/Epithelial
MET05:724	Tumor/Epithelial
MET05:725	Tumor/Epithelial
MET05:726	Myeloid
MET05:727	Tumor/Epithelial
MET05:728	Tumor/Epithelial
MET05:729	Tumor/Epithelial
MET05:730	Tumor/Epithelial
MET05:731	Tumor/Epithelial
MET05:732	Tumor/Epithelial
MET05:733	Tumor/Epithelial
MET05:734	Tumor/Epithelial
MET05:735	Tumor/Epithelial
MET05:736	Unknown
MET05:737	Tumor/Epithelial
MET05:738	Tumor/Epithelial
MET05:739	Tumor/Epithelial
MET05:740	Tumor/Epithelial
MET05:741	Tumor/Epithelial
MET05:742	Tumor/Epithelial
MET05:743	Tumor/Epithelial
MET05:744	Tumor/Epithelial
MET05:745	Tumor/Epithelial
MET05:746	Tumor/Epithelial
MET05:747	Tumor/Epithelial
MET05:748	Tumor/Epithelial
MET05:749	Tumor/Epithelial
MET05:750	Tumor/Epithelial
MET05:751	Tumor/Epithelial
MET05:752	Tumor/Epithelial
MET05:753	Tumor/Epithelial
MET05:754	Tumor/Epithelial
MET05:755	Tumor/Epithelial
MET05:756	Myeloid
MET05:757	Tumor/Epithelial
MET05:758	Tumor/Epithelial
MET05:759	Tumor/Epithelial
MET05:760	Tumor/Epithelial
MET05:761	Tumor/Epithelial
MET05:762	Tumor/Epithelial
MET05:763	Tumor/Epithelial
MET05:764	Tumor/Epithelial
MET05:765	Tumor/Epithelial
MET05:766	Tumor/Epithelial
MET05:767	Myeloid
MET05:768	T/NK
MET05:769	Tumor/Epithelial
MET05:770	Unknown
MET05:771	Tumor/Epithelial
MET05:772	Tumor/Epithelial
MET05:773	Tumor/Epithelial
MET05:774	Tumor/Epithelial
MET05:775	Tumor/Epithelial
MET05:776	Tumor/Epithelial
MET05:777	Tumor/Epithelial
MET05:778	Unknown
MET05:779	Tumor/Epithelial
MET05:780	Myeloid
MET05:781	Tumor/Epithelial
MET05:782	Tumor/Epithelial
MET05:783	Tumor/Epithelial
MET05:784	Tumor/Epithelial
MET05:785	Tumor/Epithelial
MET05:786	Tumor/Epithelial
MET05:787	Myeloid
MET05:788	Tumor/Epithelial
MET05:789	Tumor/Epithelial
MET05:790	Tumor/Epithelial
MET05:791	Tumor/Epithelial
MET05:792	Tumor/Epithelial
MET05:793	Tumor/Epithelial
MET05:794	Tumor/Epithelial
MET05:795	Tumor/Epithelial
MET05:796	Tumor/Epithelial
MET05:797	Tumor/Epithelial
MET05:798	Tumor/Epithelial
MET05:799	Tumor/Epithelial
MET05:800	Tumor/Epithelial
MET05:801	Tumor/Epithelial
MET05:802	Tumor/Epithelial
MET05:803	Tumor/Epithelial
MET05:804	Tumor/Epithelial
MET05:805	Tumor/Epithelial
MET05:806	Tumor/Epithelial
MET05:807	Tumor/Epithelial
MET05:808	B/Plasma
MET05:809	Unknown
MET05:810	Tumor/Epithelial
MET05:811	Tumor/Epithelial
MET05:812	Myeloid
MET05:813	Tumor/Epithelial
MET05:814	Tumor/Epithelial
MET05:815	Tumor/Epithelial
MET05:816	Tumor/Epithelial
MET05:817	Tumor/Epithelial
MET05:818	Tumor/Epithelial
MET05:819	Tumor/Epithelial
MET05:820	Tumor/Epithelial
MET05:821	Myeloid
MET05:822	Tumor/Epithelial
MET05:823	Tumor/Epithelial
MET05:824	Tumor/Epithelial
MET05:825	Tumor/Epithelial
MET05:826	Tumor/Epithelial
MET05:827	Tumor/Epithelial
MET05:828	Tumor/Epithelial
MET05:829	Tumor/Epithelial
MET05:830	T/NK
MET05:831	Tumor/Epithelial
MET05:832	Tumor/Epithelial
MET05:833	Tumor/Epithelial
MET05:834	Tumor/Epithelial
MET05:835	Tumor/Epithelial
MET05:836	Tumor/Epithelial
MET05:837	Tumor/Epithelial
MET05:838	Tumor/Epithelial
MET05:839	Tumor/Epithelial
MET05:840	Tumor/Epithelial
MET05:841	Myeloid
MET05:842	Tumor/Epithelial
MET05:843	Tumor/Epithelial
MET05:844	Tumor/Epithelial
MET05:845	Tumor/Epithelial
MET05:846	Tumor/Epithelial
MET05:847	Tumor/Epithelial
MET05:848	Tumor/Epithelial
MET05:849	Tumor/Epithelial
MET05:850	Tumor/Epithelial
MET05:851	Tumor/Epithelial
MET05:852	Tumor/Epithelial
MET05:853	Tumor/Epithelial
MET05:854	Tumor/Epithelial
MET05:855	Tumor/Epithelial
MET05:856	Myeloid
MET05:857	Tumor/Epithelial
MET05:858	Tumor/Epithelial
MET05:859	Tumor/Epithelial
MET05:860	Tumor/Epithelial
MET05:861	Tumor/Epithelial
MET05:862	Unknown
MET05:863	Tumor/Epithelial
MET05:864	Tumor/Epithelial
MET05:865	Tumor/Epithelial
MET05:866	Tumor/Epithelial
MET05:867	Tumor/Epithelial
MET05:868	T/NK
MET05:869	Tumor/Epithelial
MET05:870	Tumor/Epithelial
MET05:871	Tumor/Epithelial
MET05:872	Tumor/Epithelial
MET05:873	Tumor/Epithelial
MET05:874	Tumor/Epithelial
MET05:875	Tumor/Epithelial
MET05:876	Tumor/Epithelial
MET05:877	T/NK
MET05:878	Tumor/Epithelial
MET05:879	Tumor/Epithelial
MET05:880	Tumor/Epithelial
MET05:881	Tumor/Epithelial
MET05:882	Tumor/Epithelial
MET05:883	Tumor/Epithelial
MET05:884	Tumor/Epithelial
MET05:885	Tumor/Epithelial
MET05:886	Tumor/Epithelial
MET05:887	Tumor/Epithelial
MET05:888	Unknown
MET05:889	Tumor/Epithelial
MET05:890	Tumor/Epithelial
MET05:891	Tumor/Epithelial
MET05:892	Tumor/Epithelial
MET05:893	Myeloid
MET05:894	Tumor/Epithelial
MET05:895	Tumor/Epithelial
MET05:896	Tumor/Epithelial
MET05:897	Myeloid
MET05:898	Tumor/Epithelial
MET05:899	Tumor/Epithelial
MET05:900	Tumor/Epithelial
MET05:901	Myeloid
MET05:902	Tumor/Epithelial
MET05:903	Tumor/Epithelial
MET05:904	Tumor/Epithelial
MET05:905	Tumor/Epithelial
MET05:906	Tumor/Epithelial
MET05:907	Tumor/Epithelial
MET05:908	Tumor/Epithelial
MET05:909	Tumor/Epithelial
MET05:910	Tumor/Epithelial
MET05:911	Tumor/Epithelial
MET05:912	Tumor/Epithelial
MET05:913	Myeloid
MET05:914	Tumor/Epithelial
MET05:915	Myeloid
MET05:916	Tumor/Epithelial
MET05:917	Tumor/Epithelial
MET05:918	Tumor/Epithelial
MET05:919	Tumor/Epithelial
MET05:920	Tumor/Epithelial
MET05:921	Tumor/Epithelial
MET05:922	Tumor/Epithelial
MET05:923	Tumor/Epithelial
MET05:924	Tumor/Epithelial
MET05:925	Tumor/Epithelial
MET05:926	Tumor/Epithelial
MET05:927	Tumor/Epithelial
MET05:928	Tumor/Epithelial
MET05:929	Tumor/Epithelial
MET05:930	Tumor/Epithelial
MET05:931	Tumor/Epithelial
MET05:932	Myeloid
MET05:933	Tumor/Epithelial
MET05:934	Myeloid
MET05:935	Tumor/Epithelial
MET05:936	Tumor/Epithelial
MET05:937	Tumor/Epithelial
MET05:938	Tumor/Epithelial
MET05:939	Tumor/Epithelial
MET05:940	Tumor/Epithelial
MET05:941	Tumor/Epithelial
MET05:942	Unknown
MET05:943	Tumor/Epithelial
MET05:944	Tumor/Epithelial
MET05:945	Tumor/Epithelial
MET05:946	Tumor/Epithelial
MET05:947	Tumor/Epithelial
MET05:948	Tumor/Epithelial
MET05:949	Tumor/Epithelial
MET05:950	Tumor/Epithelial
MET05:951	Tumor/Epithelial
MET05:952	Tumor/Epithelial
MET05:953	Tumor/Epithelial
MET05:954	Tumor/Epithelial
MET05:955	Tumor/Epithelial
MET05:956	Tumor/Epithelial
MET05:957	Tumor/Epithelial
MET05:958	Tumor/Epithelial
MET05:959	Tumor/Epithelial
MET05:960	Tumor/Epithelial
MET05:961	Tumor/Epithelial
MET05:962	Tumor/Epithelial
MET05:963	Tumor/Epithelial
MET05:964	Tumor/Epithelial
MET05:965	Tumor/Epithelial
MET05:966	Myeloid
MET05:967	Tumor/Epithelial
MET05:968	Tumor/Epithelial
MET05:969	Tumor/Epithelial
MET05:970	Tumor/Epithelial
MET05:971	Tumor/Epithelial
MET05:972	Tumor/Epithelial
MET05:973	Tumor/Epithelial
MET05:974	Tumor/Epithelial
MET05:975	Tumor/Epithelial
MET05:976	Tumor/Epithelial
MET05:977	Tumor/Epithelial
MET05:978	Tumor/Epithelial
MET05:979	Tumor/Epithelial
MET05:980	Tumor/Epithelial
MET05:981	Tumor/Epithelial
MET05:982	Tumor/Epithelial
MET05:983	Tumor/Epithelial
MET05:984	Unknown
MET05:985	Tumor/Epithelial
MET05:986	Tumor/Epithelial
MET05:987	Tumor/Epithelial
MET05:988	Tumor/Epithelial
MET05:989	Tumor/Epithelial
MET05:990	Tumor/Epithelial
MET05:991	Tumor/Epithelial
MET05:992	Myeloid
MET05:993	Tumor/Epithelial
MET05:994	Tumor/Epithelial
MET05:995	Tumor/Epithelial
MET05:996	Tumor/Epithelial
MET05:997	Tumor/Epithelial
MET05:998	Tumor/Epithelial
MET05:999	Tumor/Epithelial
MET05:1000	Tumor/Epithelial
MET05:1001	Tumor/Epithelial
MET05:1002	Tumor/Epithelial
MET05:1003	Tumor/Epithelial
MET05:1004	Tumor/Epithelial
MET05:1005	Tumor/Epithelial
MET05:1006	Tumor/Epithelial
MET05:1007	Tumor/Epithelial
MET05:1008	Tumor/Epithelial
MET05:1009	Tumor/Epithelial
MET05:1010	Tumor/Epithelial
MET05:1011	Myeloid
MET05:1012	Tumor/Epithelial
MET05:1013	Tumor/Epithelial
MET05:1014	Tumor/Epithelial
MET05:1015	Tumor/Epithelial
MET05:1016	Tumor/Epithelial
MET05:1017	Tumor/Epithelial
MET05:1018	Tumor/Epithelial
MET05:1019	Tumor/Epithelial
MET05:1020	Myeloid
MET05:1021	Tumor/Epithelial
MET05:1022	Tumor/Epithelial
MET05:1023	Tumor/Epithelial
MET05:1024	Tumor/Epithelial
MET05:1025	Tumor/Epithelial
MET05:1026	Tumor/Epithelial
MET05:1027	Unknown
MET05:1028	Tumor/Epithelial
MET05:1029	T/NK
MET05:1030	Tumor/Epithelial
MET05:1031	Tumor/Epithelial
MET05:1032	Tumor/Epithelial
MET05:1033	Tumor/Epithelial
MET05:1034	Tumor/Epithelial
MET05:1035	Tumor/Epithelial
MET05:1036	Tumor/Epithelial
MET05:1037	Tumor/Epithelial
MET05:1038	Tumor/Epithelial
MET05:1039	Tumor/Epithelial
MET05:1040	Tumor/Epithelial
MET05:1041	Tumor/Epithelial
MET05:1042	Tumor/Epithelial
MET05:1043	Tumor/Epithelial
MET05:1044	Tumor/Epithelial
MET05:1045	Tumor/Epithelial
MET05:1046	Tumor/Epithelial
MET05:1047	Myeloid
MET05:1048	Tumor/Epithelial
MET05:1049	Unknown
MET05:1050	Tumor/Epithelial
MET05:1051	Tumor/Epithelial
MET05:1052	Tumor/Epithelial
MET05:1053	Tumor/Epithelial
MET05:1054	Tumor/Epithelial
MET05:1055	Tumor/Epithelial
MET05:1056	Tumor/Epithelial
MET05:1057	Tumor/Epithelial
MET05:1058	Tumor/Epithelial
MET05:1059	Tumor/Epithelial
MET05:1060	Myeloid
MET05:1061	Tumor/Epithelial
MET05:1062	Tumor/Epithelial
MET05:1063	Tumor/Epithelial
MET05:1064	Tumor/Epithelial
MET05:1065	Tumor/Epithelial
MET05:1066	Tumor/Epithelial
MET05:1067	Tumor/Epithelial
MET05:1068	Tumor/Epithelial
MET05:1069	Tumor/Epithelial
MET05:1070	Tumor/Epithelial
MET05:1071	Tumor/Epithelial
MET05:1072	Unknown
MET05:1073	Tumor/Epithelial
MET05:1074	Tumor/Epithelial
MET05:1075	Tumor/Epithelial
MET05:1076	Tumor/Epithelial
MET05:1077	Tumor/Epithelial
MET05:1078	Tumor/Epithelial
MET05:1079	Tumor/Epithelial
MET05:1080	Tumor/Epithelial
MET05:1081	Tumor/Epithelial
MET05:1082	Tumor/Epithelial
MET05:1083	Tumor/Epithelial
MET05:1084	Tumor/Epithelial
MET05:1085	Tumor/Epithelial
MET05:1086	Tumor/Epithelial
MET05:1087	Tumor/Epithelial
MET05:1088	Tumor/Epithelial
MET05:1089	Tumor/Epithelial
MET05:1090	Tumor/Epithelial
MET05:1091	Tumor/Epithelial
MET05:1092	Tumor/Epithelial
MET05:1093	Tumor/Epithelial
MET05:1094	Tumor/Epithelial
MET05:1095	Tumor/Epithelial
MET05:1096	Myeloid
MET05:1097	Tumor/Epithelial
MET05:1098	Unknown
MET05:1099	Tumor/Epithelial
MET05:1100	Tumor/Epithelial
MET05:1101	Tumor/Epithelial
MET05:1102	Tumor/Epithelial
MET05:1103	Tumor/Epithelial
MET05:1104	Tumor/Epithelial
MET05:1105	Tumor/Epithelial
MET05:1106	Tumor/Epithelial
MET05:1107	Tumor/Epithelial
MET05:1108	Tumor/Epithelial
MET05:1109	Tumor/Epithelial
MET05:1110	Tumor/Epithelial
MET05:1111	Tumor/Epithelial
MET05:1112	Tumor/Epithelial
MET05:1113	Tumor/Epithelial
MET05:1114	Tumor/Epithelial
MET05:1115	Tumor/Epithelial
MET05:1116	Tumor/Epithelial
MET05:1117	Tumor/Epithelial
MET05:1118	Tumor/Epithelial
MET05:1119	Tumor/Epithelial
MET05:1120	Myeloid
MET05:1121	Tumor/Epithelial
MET05:1122	T/NK
MET05:1123	Tumor/Epithelial
MET05:1124	Tumor/Epithelial
MET05:1125	Tumor/Epithelial
MET05:1126	Tumor/Epithelial
MET05:1127	Tumor/Epithelial
MET05:1128	Tumor/Epithelial
MET05:1129	Tumor/Epithelial
MET05:1130	Tumor/Epithelial
MET05:1131	Tumor/Epithelial
MET05:1132	Tumor/Epithelial
MET05:1133	Tumor/Epithelial
MET05:1134	Tumor/Epithelial
MET05:1135	Tumor/Epithelial
MET05:1136	Tumor/Epithelial
MET05:1137	Tumor/Epithelial
MET05:1138	Tumor/Epithelial
MET05:1139	Tumor/Epithelial
MET05:1140	Tumor/Epithelial
MET05:1141	Tumor/Epithelial
MET05:1142	Tumor/Epithelial
MET05:1143	Tumor/Epithelial
MET05:1144	Tumor/Epithelial
MET05:1145	Unknown
MET05:1146	Tumor/Epithelial
MET05:1147	Tumor/Epithelial
MET05:1148	Tumor/Epithelial
MET05:1149	Tumor/Epithelial
MET05:1150	Myeloid
MET05:1151	Tumor/Epithelial
MET05:1152	Tumor/Epithelial
MET05:1153	Tumor/Epithelial
MET05:1154	Tumor/Epithelial
MET05:1155	Tumor/Epithelial
MET05:1156	Tumor/Epithelial
MET05:1157	Tumor/Epithelial
MET05:1158	Tumor/Epithelial
MET05:1159	Tumor/Epithelial
MET05:1160	Tumor/Epithelial
MET05:1161	Myeloid
MET05:1162	Unknown
MET05:1163	Tumor/Epithelial
MET05:1164	Tumor/Epithelial
MET05:1165	Tumor/Epithelial
MET05:1166	Tumor/Epithelial
MET05:1167	Tumor/Epithelial
MET05:1168	Tumor/Epithelial
MET05:1169	Tumor/Epithelial
MET05:1170	Tumor/Epithelial
MET05:1171	Tumor/Epithelial
MET05:1172	Tumor/Epithelial
MET05:1173	Tumor/Epithelial
MET05:1174	Tumor/Epithelial
MET05:1175	Unknown
MET05:1176	Tumor/Epithelial
MET05:1177	Tumor/Epithelial
MET05:1178	Myeloid
MET05:1179	Tumor/Epithelial
MET05:1180	Tumor/Epithelial
MET05:1181	Tumor/Epithelial
MET05:1182	Tumor/Epithelial
MET05:1183	Tumor/Epithelial
MET05:1184	Tumor/Epithelial
MET05:1185	Tumor/Epithelial
MET05:1186	Tumor/Epithelial
MET05:1187	Tumor/Epithelial
MET05:1188	Tumor/Epithelial
MET05:1189	Myeloid
MET05:1190	Tumor/Epithelial
MET05:1191	Tumor/Epithelial
MET05:1192	Tumor/Epithelial
MET05:1193	Tumor/Epithelial
MET05:1194	Tumor/Epithelial
MET05:1195	Tumor/Epithelial
MET05:1196	Tumor/Epithelial
MET05:1197	Tumor/Epithelial
MET05:1198	Tumor/Epithelial
MET05:1199	Tumor/Epithelial
MET05:1200	Tumor/Epithelial
MET05:1201	Tumor/Epithelial
MET05:1202	Tumor/Epithelial
MET05:1203	Tumor/Epithelial
MET05:1204	Tumor/Epithelial
MET05:1205	Tumor/Epithelial
MET05:1206	Tumor/Epithelial
MET05:1207	Tumor/Epithelial
MET05:1208	Tumor/Epithelial
MET05:1209	Tumor/Epithelial
MET05:1210	Tumor/Epithelial
MET05:1211	Tumor/Epithelial
MET05:1212	Tumor/Epithelial
MET05:1213	Tumor/Epithelial
MET05:1214	Tumor/Epithelial
MET05:1215	Tumor/Epithelial
MET05:1216	Tumor/Epithelial
MET05:1217	Tumor/Epithelial
MET05:1218	Tumor/Epithelial
MET05:1219	Tumor/Epithelial
MET05:1220	Tumor/Epithelial
MET05:1221	T/NK
MET05:1222	Tumor/Epithelial
MET05:1223	Tumor/Epithelial
MET05:1224	Tumor/Epithelial
MET05:1225	Tumor/Epithelial
MET05:1226	Tumor/Epithelial
MET05:1227	Myeloid
MET05:1228	Tumor/Epithelial
MET05:1229	Unknown
MET05:1230	Tumor/Epithelial
MET05:1231	Tumor/Epithelial
MET05:1232	Tumor/Epithelial
MET05:1233	Tumor/Epithelial
MET05:1234	Tumor/Epithelial
MET05:1235	Tumor/Epithelial
MET05:1236	T/NK
MET05:1237	Tumor/Epithelial
MET05:1238	Tumor/Epithelial
MET05:1239	Tumor/Epithelial
MET05:1240	Tumor/Epithelial
MET05:1241	Tumor/Epithelial
MET05:1242	Tumor/Epithelial
MET05:1243	Tumor/Epithelial
MET05:1244	Tumor/Epithelial
MET05:1245	Tumor/Epithelial
MET05:1246	Tumor/Epithelial
MET05:1247	Tumor/Epithelial
MET05:1248	Tumor/Epithelial
MET05:1249	Myeloid
MET05:1250	Tumor/Epithelial
MET05:1251	Tumor/Epithelial
MET05:1252	Unknown
MET05:1253	Tumor/Epithelial
MET05:1254	Tumor/Epithelial
MET05:1255	Tumor/Epithelial
MET05:1256	Tumor/Epithelial
MET05:1257	Tumor/Epithelial
MET05:1258	Tumor/Epithelial
MET05:1259	Tumor/Epithelial
MET05:1260	Tumor/Epithelial
MET05:1261	Tumor/Epithelial
MET05:1262	Tumor/Epithelial
MET05:1263	Tumor/Epithelial
MET05:1264	Tumor/Epithelial
MET05:1265	Tumor/Epithelial
MET05:1266	Tumor/Epithelial
MET05:1267	Tumor/Epithelial
MET05:1268	Tumor/Epithelial
MET05:1269	Tumor/Epithelial
MET05:1270	Tumor/Epithelial
MET05:1271	Tumor/Epithelial
MET05:1272	Tumor/Epithelial
MET05:1273	Tumor/Epithelial
MET05:1274	Tumor/Epithelial
MET05:1275	Tumor/Epithelial
MET05:1276	Myeloid
MET05:1277	Tumor/Epithelial
MET05:1278	Tumor/Epithelial
MET05:1279	Tumor/Epithelial
MET05:1280	Tumor/Epithelial
MET05:1281	Tumor/Epithelial
MET05:1282	Tumor/Epithelial
MET05:1283	Tumor/Epithelial
MET05:1284	Tumor/Epithelial
MET05:1285	Tumor/Epithelial
MET05:1286	Tumor/Epithelial
MET05:1287	Tumor/Epithelial
MET05:1288	Tumor/Epithelial
MET05:1289	Tumor/Epithelial
MET05:1290	Tumor/Epithelial
MET05:1291	Tumor/Epithelial
MET05:1292	Tumor/Epithelial
MET05:1293	Tumor/Epithelial
MET05:1294	Tumor/Epithelial
MET05:1295	Myeloid
MET05:1296	Tumor/Epithelial
MET05:1297	Tumor/Epithelial
MET05:1298	Tumor/Epithelial
MET05:1299	Tumor/Epithelial
MET05:1300	Tumor/Epithelial
MET05:1301	Tumor/Epithelial
MET05:1302	Unknown
MET05:1303	Tumor/Epithelial
MET05:1304	T/NK
MET05:1305	Tumor/Epithelial
MET05:1306	Tumor/Epithelial
MET05:1307	Tumor/Epithelial
MET05:1308	Tumor/Epithelial
MET05:1309	Tumor/Epithelial
MET05:1310	Tumor/Epithelial
MET05:1311	Tumor/Epithelial
MET05:1312	Myeloid
MET05:1313	Tumor/Epithelial
MET05:1314	Tumor/Epithelial
MET05:1315	Tumor/Epithelial
MET05:1316	Tumor/Epithelial
MET05:1317	Tumor/Epithelial
MET05:1318	Tumor/Epithelial
MET05:1319	Tumor/Epithelial
MET05:1320	Tumor/Epithelial
MET05:1321	Myeloid
MET05:1322	Tumor/Epithelial
MET05:1323	Tumor/Epithelial
MET05:1324	Tumor/Epithelial
MET05:1325	Tumor/Epithelial
MET05:1326	Tumor/Epithelial
MET05:1327	Tumor/Epithelial
MET05:1328	Tumor/Epithelial
MET05:1329	Tumor/Epithelial
MET05:1330	Tumor/Epithelial
MET05:1331	Tumor/Epithelial
MET05:1332	Tumor/Epithelial
MET05:1333	Tumor/Epithelial
MET05:1334	Tumor/Epithelial
MET05:1335	Tumor/Epithelial
MET05:1336	Tumor/Epithelial
MET05:1337	Tumor/Epithelial
MET05:1338	Tumor/Epithelial
MET05:1339	Tumor/Epithelial
MET05:1340	Tumor/Epithelial
MET05:1341	Tumor/Epithelial
MET05:1342	Tumor/Epithelial
MET05:1343	Tumor/Epithelial
MET05:1344	Tumor/Epithelial
MET05:1345	Tumor/Epithelial
MET05:1346	Tumor/Epithelial
MET05:1347	Tumor/Epithelial
MET05:1348	Tumor/Epithelial
MET05:1349	Tumor/Epithelial
MET05:1350	Tumor/Epithelial
MET05:1351	Tumor/Epithelial
MET05:1352	Tumor/Epithelial
MET05:1353	Tumor/Epithelial
MET05:1354	Tumor/Epithelial
MET05:1355	Tumor/Epithelial
MET05:1356	Myeloid
MET05:1357	Tumor/Epithelial
MET05:1358	Tumor/Epithelial
MET05:1359	Tumor/Epithelial
MET05:1360	Tumor/Epithelial
MET05:1361	Tumor/Epithelial
MET05:1362	Unknown
MET05:1363	Tumor/Epithelial
MET05:1364	Tumor/Epithelial
MET05:1365	Tumor/Epithelial
MET05:1366	Tumor/Epithelial
MET05:1367	Tumor/Epithelial
MET05:1368	Tumor/Epithelial
MET05:1369	Myeloid
MET05:1370	Tumor/Epithelial
MET05:1371	Tumor/Epithelial
MET05:1372	Unknown
MET05:1373	Tumor/Epithelial
MET05:1374	Myeloid
MET05:1375	Tumor/Epithelial
MET05:1376	Tumor/Epithelial
MET05:1377	Tumor/Epithelial
MET05:1378	Myeloid
MET05:1379	Tumor/Epithelial
MET05:1380	Tumor/Epithelial
MET05:1381	Tumor/Epithelial
MET05:1382	T/NK
MET05:1383	Tumor/Epithelial
MET05:1384	Tumor/Epithelial
MET05:1385	Tumor/Epithelial
MET05:1386	Tumor/Epithelial
MET05:1387	Tumor/Epithelial
MET05:1388	Tumor/Epithelial
MET05:1389	Tumor/Epithelial
MET05:1390	Tumor/Epithelial
MET05:1391	Tumor/Epithelial
MET05:1392	Tumor/Epithelial
MET05:1393	Tumor/Epithelial
MET05:1394	Tumor/Epithelial
MET05:1395	Tumor/Epithelial
MET05:1396	Tumor/Epithelial
MET05:1397	Tumor/Epithelial
MET05:1398	Tumor/Epithelial
MET05:1399	Tumor/Epithelial
MET05:1400	Tumor/Epithelial
MET05:1401	Unknown
MET05:1402	Tumor/Epithelial
MET05:1403	Tumor/Epithelial
MET05:1404	Tumor/Epithelial
MET05:1405	Tumor/Epithelial
MET05:1406	Tumor/Epithelial
MET05:1407	Tumor/Epithelial
MET05:1408	Tumor/Epithelial
MET05:1409	Tumor/Epithelial
MET05:1410	Tumor/Epithelial
MET05:1411	Unknown
MET05:1412	Tumor/Epithelial
MET05:1413	Tumor/Epithelial
MET05:1414	Tumor/Epithelial
MET05:1415	Tumor/Epithelial
MET05:1416	Myeloid
MET05:1417	Tumor/Epithelial
MET05:1418	Tumor/Epithelial
MET05:1419	T/NK
MET05:1420	Tumor/Epithelial
MET05:1421	Tumor/Epithelial
MET05:1422	Tumor/Epithelial
MET05:1423	Tumor/Epithelial
MET05:1424	Tumor/Epithelial
MET05:1425	Tumor/Epithelial
MET05:1426	Tumor/Epithelial
MET05:1427	Tumor/Epithelial
MET05:1428	Tumor/Epithelial
MET05:1429	Tumor/Epithelial
MET05:1430	Tumor/Epithelial
MET05:1431	Myeloid
MET05:1432	Tumor/Epithelial
MET05:1433	Tumor/Epithelial
MET05:1434	Tumor/Epithelial
MET05:1435	T/NK
MET05:1436	Tumor/Epithelial
MET05:1437	Tumor/Epithelial
MET05:1438	Tumor/Epithelial
MET05:1439	Tumor/Epithelial
MET05:1440	Tumor/Epithelial
MET05:1441	Tumor/Epithelial
MET05:1442	Tumor/Epithelial
MET05:1443	Tumor/Epithelial
MET05:1444	Tumor/Epithelial
MET05:1445	Tumor/Epithelial
MET05:1446	Tumor/Epithelial
MET05:1447	Tumor/Epithelial
MET05:1448	Tumor/Epithelial
MET05:1449	Tumor/Epithelial
MET05:1450	Unknown
MET05:1451	Tumor/Epithelial
MET05:1452	Tumor/Epithelial
MET05:1453	Tumor/Epithelial
MET05:1454	Tumor/Epithelial
MET05:1455	Tumor/Epithelial
MET05:1456	Tumor/Epithelial
MET05:1457	Tumor/Epithelial
MET05:1458	Tumor/Epithelial
MET05:1459	Tumor/Epithelial
MET05:1460	Tumor/Epithelial
MET05:1461	Tumor/Epithelial
MET05:1462	Tumor/Epithelial
MET05:1463	Tumor/Epithelial
MET05:1464	Tumor/Epithelial
MET05:1465	Tumor/Epithelial
MET05:1466	Myeloid
MET05:1467	Tumor/Epithelial
MET05:1468	Myeloid
MET05:1469	Myeloid
MET05:1470	Tumor/Epithelial
MET05:1471	Tumor/Epithelial
MET05:1472	Tumor/Epithelial
MET05:1473	Myeloid
MET05:1474	Tumor/Epithelial
MET05:1475	Tumor/Epithelial
MET05:1476	Myeloid
MET05:1477	Tumor/Epithelial
MET05:1478	Tumor/Epithelial
MET05:1479	Tumor/Epithelial
MET05:1480	Tumor/Epithelial
MET05:1481	Tumor/Epithelial
MET05:1482	Tumor/Epithelial
MET05:1483	Tumor/Epithelial
MET05:1484	Tumor/Epithelial
MET05:1485	Tumor/Epithelial
MET05:1486	Tumor/Epithelial
MET05:1487	Tumor/Epithelial
MET05:1488	Tumor/Epithelial
MET05:1489	Tumor/Epithelial
MET05:1490	Tumor/Epithelial
MET05:1491	Tumor/Epithelial
MET05:1492	Tumor/Epithelial
MET05:1493	Tumor/Epithelial
MET05:1494	Tumor/Epithelial
MET05:1495	Tumor/Epithelial
MET05:1496	Tumor/Epithelial
MET05:1497	Tumor/Epithelial
MET05:1498	Tumor/Epithelial
MET05:1499	Tumor/Epithelial
MET05:1500	Tumor/Epithelial
MET05:1501	Tumor/Epithelial
MET05:1502	Tumor/Epithelial
MET05:1503	Tumor/Epithelial
MET05:1504	Tumor/Epithelial
MET05:1505	Tumor/Epithelial
MET05:1506	Tumor/Epithelial
MET05:1507	Tumor/Epithelial
MET05:1508	Tumor/Epithelial
MET05:1509	Tumor/Epithelial
MET05:1510	Tumor/Epithelial
MET05:1511	Tumor/Epithelial
MET05:1512	Tumor/Epithelial
MET05:1513	Tumor/Epithelial
MET05:1514	Tumor/Epithelial
MET05:1515	Tumor/Epithelial
MET05:1516	Tumor/Epithelial
MET05:1517	Tumor/Epithelial
MET05:1518	Tumor/Epithelial
MET05:1519	Tumor/Epithelial
MET05:1520	Tumor/Epithelial
MET05:1521	Tumor/Epithelial
MET05:1522	Tumor/Epithelial
MET05:1523	Tumor/Epithelial
MET05:1524	Myeloid
MET05:1525	Tumor/Epithelial
MET05:1526	Tumor/Epithelial
MET05:1527	Tumor/Epithelial
MET05:1528	Tumor/Epithelial
MET05:1529	Tumor/Epithelial
MET05:1530	Tumor/Epithelial
MET05:1531	Tumor/Epithelial
MET05:1532	Tumor/Epithelial
MET05:1533	Tumor/Epithelial
MET05:1534	Tumor/Epithelial
MET05:1535	Tumor/Epithelial
MET05:1536	Tumor/Epithelial
MET05:1537	Tumor/Epithelial
MET05:1538	Tumor/Epithelial
MET05:1539	Tumor/Epithelial
MET05:1540	Tumor/Epithelial
MET05:1541	Tumor/Epithelial
MET05:1542	Tumor/Epithelial
MET05:1543	Tumor/Epithelial
MET05:1544	Tumor/Epithelial
MET05:1545	Tumor/Epithelial
MET05:1546	Tumor/Epithelial
MET05:1547	Tumor/Epithelial
MET05:1548	Tumor/Epithelial
MET05:1549	Tumor/Epithelial
MET05:1550	Tumor/Epithelial
MET05:1551	Tumor/Epithelial
MET05:1552	Tumor/Epithelial
MET05:1553	Tumor/Epithelial
MET05:1554	Tumor/Epithelial
MET05:1555	Tumor/Epithelial
MET05:1556	Tumor/Epithelial
MET05:1557	Tumor/Epithelial
MET05:1558	Tumor/Epithelial
MET05:1559	Tumor/Epithelial
MET05:1560	Tumor/Epithelial
MET05:1561	Tumor/Epithelial
MET05:1562	Tumor/Epithelial
MET05:1563	Myeloid
MET05:1564	Tumor/Epithelial
MET05:1565	Tumor/Epithelial
MET05:1566	Tumor/Epithelial
MET05:1567	Tumor/Epithelial
MET05:1568	Tumor/Epithelial
MET05:1569	Tumor/Epithelial
MET05:1570	Tumor/Epithelial
MET05:1571	Tumor/Epithelial
MET05:1572	Myeloid
MET05:1573	Myeloid
MET05:1574	Tumor/Epithelial
MET05:1575	Tumor/Epithelial
MET05:1576	Tumor/Epithelial
MET05:1577	Tumor/Epithelial
MET05:1578	Tumor/Epithelial
MET05:1579	Tumor/Epithelial
MET05:1580	Tumor/Epithelial
MET05:1581	Myeloid
MET05:1582	Tumor/Epithelial
MET05:1583	Tumor/Epithelial
MET05:1584	Tumor/Epithelial
MET05:1585	Tumor/Epithelial
MET05:1586	Tumor/Epithelial
MET05:1587	Tumor/Epithelial
MET05:1588	Tumor/Epithelial
MET05:1589	Myeloid
MET05:1590	Tumor/Epithelial
MET05:1591	Tumor/Epithelial
MET05:1592	Tumor/Epithelial
MET05:1593	Tumor/Epithelial
MET05:1594	Tumor/Epithelial
MET05:1595	Myeloid
MET05:1596	Tumor/Epithelial
MET05:1597	Tumor/Epithelial
MET05:1598	Tumor/Epithelial
MET05:1599	Tumor/Epithelial
MET05:1600	Myeloid
MET05:1601	Tumor/Epithelial
MET05:1602	Tumor/Epithelial
MET05:1603	Tumor/Epithelial
MET05:1604	Tumor/Epithelial
MET05:1605	Tumor/Epithelial
MET05:1606	Tumor/Epithelial
MET05:1607	Tumor/Epithelial
MET05:1608	Tumor/Epithelial
MET05:1609	Tumor/Epithelial
MET05:1610	Tumor/Epithelial
MET05:1611	Tumor/Epithelial
MET05:1612	Tumor/Epithelial
MET05:1613	Myeloid
MET05:1614	Tumor/Epithelial
MET05:1615	Tumor/Epithelial
MET05:1616	Tumor/Epithelial
MET05:1617	Tumor/Epithelial
MET05:1618	Tumor/Epithelial
MET05:1619	Tumor/Epithelial
MET05:1620	Tumor/Epithelial
MET05:1621	Tumor/Epithelial
MET05:1622	Tumor/Epithelial
MET05:1623	Tumor/Epithelial
MET05:1624	Tumor/Epithelial
MET05:1625	Tumor/Epithelial
MET05:1626	Tumor/Epithelial
MET05:1627	Tumor/Epithelial
MET05:1628	Tumor/Epithelial
MET05:1629	Tumor/Epithelial
MET05:1630	Tumor/Epithelial
MET05:1631	Tumor/Epithelial
MET05:1632	Myeloid
MET05:1633	T/NK
MET05:1634	Tumor/Epithelial
MET05:1635	Tumor/Epithelial
MET05:1636	Tumor/Epithelial
MET05:1637	Tumor/Epithelial
MET05:1638	Unknown
MET05:1639	Tumor/Epithelial
MET05:1640	T/NK
MET05:1641	Tumor/Epithelial
MET05:1642	Tumor/Epithelial
MET05:1643	Tumor/Epithelial
MET05:1644	Unknown
MET05:1645	Tumor/Epithelial
MET05:1646	Tumor/Epithelial
MET05:1647	Tumor/Epithelial
MET05:1648	Tumor/Epithelial
MET05:1649	Tumor/Epithelial
MET05:1650	Myeloid
MET05:1651	Tumor/Epithelial
MET05:1652	Tumor/Epithelial
MET05:1653	Tumor/Epithelial
MET05:1654	Tumor/Epithelial
MET05:1655	Tumor/Epithelial
MET05:1656	Tumor/Epithelial
MET05:1657	Tumor/Epithelial
MET05:1658	Tumor/Epithelial
MET05:1659	Tumor/Epithelial
MET05:1660	Tumor/Epithelial
MET05:1661	Tumor/Epithelial
MET05:1662	Tumor/Epithelial
MET05:1663	Tumor/Epithelial
MET05:1664	Tumor/Epithelial
MET05:1665	Tumor/Epithelial
MET05:1666	Tumor/Epithelial
MET05:1667	Tumor/Epithelial
MET05:1668	Tumor/Epithelial
MET05:1669	Tumor/Epithelial
MET05:1670	Tumor/Epithelial
MET05:1671	Tumor/Epithelial
MET05:1672	Tumor/Epithelial
MET05:1673	Tumor/Epithelial
MET05:1674	Tumor/Epithelial
MET05:1675	Tumor/Epithelial
MET05:1676	Tumor/Epithelial
MET05:1677	Tumor/Epithelial
MET05:1678	Tumor/Epithelial
MET05:1679	Tumor/Epithelial
MET05:1680	Tumor/Epithelial
MET05:1681	Tumor/Epithelial
MET05:1682	Tumor/Epithelial
MET05:1683	Tumor/Epithelial
MET05:1684	T/NK
MET05:1685	Tumor/Epithelial
MET05:1686	Tumor/Epithelial
MET05:1687	Tumor/Epithelial
MET05:1688	Tumor/Epithelial
MET05:1689	Tumor/Epithelial
MET05:1690	Tumor/Epithelial
MET05:1691	Tumor/Epithelial
MET05:1692	Tumor/Epithelial
MET05:1693	Tumor/Epithelial
MET05:1694	Tumor/Epithelial
MET05:1695	Tumor/Epithelial
MET05:1696	Tumor/Epithelial
MET05:1697	Tumor/Epithelial
MET05:1698	Tumor/Epithelial
MET05:1699	Tumor/Epithelial
MET05:1700	Tumor/Epithelial
MET05:1701	Tumor/Epithelial
MET05:1702	Tumor/Epithelial
MET05:1703	Tumor/Epithelial
MET05:1704	Unknown
MET05:1705	Tumor/Epithelial
MET05:1706	Tumor/Epithelial
MET05:1707	Tumor/Epithelial
MET05:1708	Tumor/Epithelial
MET05:1709	Tumor/Epithelial
MET05:1710	Tumor/Epithelial
MET05:1711	Tumor/Epithelial
MET05:1712	Unknown
MET05:1713	Tumor/Epithelial
MET05:1714	Tumor/Epithelial
MET05:1715	Tumor/Epithelial
MET05:1716	Tumor/Epithelial
MET05:1717	Tumor/Epithelial
MET05:1718	Tumor/Epithelial
MET05:1719	Myeloid
MET05:1720	Tumor/Epithelial
MET05:1721	Tumor/Epithelial
MET05:1722	Myeloid
MET05:1723	Tumor/Epithelial
MET05:1724	Tumor/Epithelial
MET05:1725	Tumor/Epithelial
MET05:1726	Tumor/Epithelial
MET05:1727	Myeloid
MET05:1728	Unknown
MET05:1729	Tumor/Epithelial
MET05:1730	Tumor/Epithelial
MET05:1731	Tumor/Epithelial
MET05:1732	Tumor/Epithelial
MET05:1733	Tumor/Epithelial
MET05:1734	Tumor/Epithelial
MET05:1735	Tumor/Epithelial
MET05:1736	Tumor/Epithelial
MET05:1737	Tumor/Epithelial
MET05:1738	Tumor/Epithelial
MET05:1739	Myeloid
MET05:1740	Tumor/Epithelial
MET05:1741	Tumor/Epithelial
MET05:1742	Tumor/Epithelial
MET05:1743	Tumor/Epithelial
MET05:1744	Tumor/Epithelial
MET05:1745	T/NK
MET05:1746	Tumor/Epithelial
MET05:1747	Tumor/Epithelial
MET05:1748	Tumor/Epithelial
MET05:1749	Tumor/Epithelial
MET05:1750	Tumor/Epithelial
MET05:1751	Tumor/Epithelial
MET05:1752	Tumor/Epithelial
MET05:1753	Tumor/Epithelial
MET05:1754	Tumor/Epithelial
MET05:1755	Tumor/Epithelial
MET05:1756	Tumor/Epithelial
MET05:1757	Tumor/Epithelial
MET05:1758	Tumor/Epithelial
MET05:1759	Tumor/Epithelial
MET05:1760	Tumor/Epithelial
MET05:1761	Tumor/Epithelial
MET05:1762	Tumor/Epithelial
MET05:1763	Tumor/Epithelial
MET05:1764	Tumor/Epithelial
MET05:1765	Tumor/Epithelial
MET05:1766	Tumor/Epithelial
MET05:1767	Tumor/Epithelial
MET05:1768	Myeloid
MET05:1769	Tumor/Epithelial
MET05:1770	Tumor/Epithelial
MET05:1771	Tumor/Epithelial
MET05:1772	Tumor/Epithelial
MET05:1773	Tumor/Epithelial
MET05:1774	Tumor/Epithelial
MET05:1775	Tumor/Epithelial
MET05:1776	Tumor/Epithelial
MET05:1777	Tumor/Epithelial
MET05:1778	Tumor/Epithelial
MET05:1779	Tumor/Epithelial
MET05:1780	Tumor/Epithelial
MET05:1781	Tumor/Epithelial
MET05:1782	Tumor/Epithelial
MET05:1783	Tumor/Epithelial
MET05:1784	Tumor/Epithelial
MET05:1785	Tumor/Epithelial
MET05:1786	Tumor/Epithelial
MET05:1787	Tumor/Epithelial
MET05:1788	Tumor/Epithelial
MET05:1789	Tumor/Epithelial
MET05:1790	Tumor/Epithelial
MET05:1791	Myeloid
MET05:1792	Tumor/Epithelial
MET05:1793	Tumor/Epithelial
MET05:1794	Tumor/Epithelial
MET05:1795	Tumor/Epithelial
MET05:1796	Tumor/Epithelial
MET05:1797	Tumor/Epithelial
MET05:1798	Tumor/Epithelial
MET05:1799	Tumor/Epithelial
MET05:1800	Tumor/Epithelial
MET05:1801	Tumor/Epithelial
MET05:1802	Tumor/Epithelial
MET05:1803	Tumor/Epithelial
MET05:1804	Tumor/Epithelial
MET05:1805	Tumor/Epithelial
MET05:1806	Tumor/Epithelial
MET05:1807	Tumor/Epithelial
MET05:1808	Tumor/Epithelial
MET05:1809	Tumor/Epithelial
MET05:1810	Tumor/Epithelial
MET05:1811	Tumor/Epithelial
MET05:1812	Tumor/Epithelial
MET05:1813	Tumor/Epithelial
MET05:1814	Tumor/Epithelial
MET05:1815	Tumor/Epithelial
MET05:1816	Tumor/Epithelial
MET05:1817	Myeloid
MET05:1818	Myeloid
MET05:1819	Tumor/Epithelial
MET05:1820	Tumor/Epithelial
MET05:1821	Myeloid
MET05:1822	Tumor/Epithelial
MET05:1823	Tumor/Epithelial
MET05:1824	Tumor/Epithelial
MET05:1825	Tumor/Epithelial
MET05:1826	Tumor/Epithelial
MET05:1827	Unknown
MET05:1828	Tumor/Epithelial
MET05:1829	Tumor/Epithelial
MET05:1830	Tumor/Epithelial
MET05:1831	Tumor/Epithelial
MET05:1832	Tumor/Epithelial
MET05:1833	Tumor/Epithelial
MET05:1834	Tumor/Epithelial
MET05:1835	Tumor/Epithelial
MET05:1836	Tumor/Epithelial
MET05:1837	Tumor/Epithelial
MET05:1838	Tumor/Epithelial
MET05:1839	Myeloid
MET05:1840	Tumor/Epithelial
MET05:1841	Tumor/Epithelial
MET05:1842	Tumor/Epithelial
MET05:1843	Tumor/Epithelial
MET05:1844	Tumor/Epithelial
MET05:1845	Tumor/Epithelial
MET05:1846	Tumor/Epithelial
MET05:1847	Tumor/Epithelial
MET05:1848	Tumor/Epithelial
MET05:1849	Tumor/Epithelial
MET05:1850	Tumor/Epithelial
MET05:1851	Tumor/Epithelial
MET05:1852	Tumor/Epithelial
MET05:1853	Tumor/Epithelial
MET05:1854	Tumor/Epithelial
MET05:1855	Tumor/Epithelial
MET05:1856	Tumor/Epithelial
MET05:1857	Tumor/Epithelial
MET05:1858	Tumor/Epithelial
MET05:1859	Tumor/Epithelial
MET05:1860	Tumor/Epithelial
MET05:1861	Tumor/Epithelial
MET05:1862	Tumor/Epithelial
MET05:1863	Tumor/Epithelial
MET05:1864	Tumor/Epithelial
MET05:1865	Tumor/Epithelial
MET05:1866	Tumor/Epithelial
MET05:1867	Tumor/Epithelial
MET05:1868	Tumor/Epithelial
MET05:1869	Tumor/Epithelial
MET05:1870	Tumor/Epithelial
MET05:1871	Tumor/Epithelial
MET05:1872	Tumor/Epithelial
MET05:1873	Tumor/Epithelial
MET05:1874	Tumor/Epithelial
MET05:1875	Unknown
MET05:1876	Tumor/Epithelial
MET05:1877	Tumor/Epithelial
MET05:1878	Tumor/Epithelial
MET05:1879	Tumor/Epithelial
MET05:1880	Tumor/Epithelial
MET05:1881	Tumor/Epithelial
MET05:1882	Tumor/Epithelial
MET05:1883	Tumor/Epithelial
MET05:1884	Tumor/Epithelial
MET05:1885	Tumor/Epithelial
MET05:1886	Tumor/Epithelial
MET05:1887	Tumor/Epithelial
MET05:1888	Tumor/Epithelial
MET05:1889	Tumor/Epithelial
MET05:1890	Tumor/Epithelial
MET05:1891	Tumor/Epithelial
MET05:1892	Tumor/Epithelial
MET05:1893	Tumor/Epithelial
MET05:1894	Tumor/Epithelial
MET05:1895	Tumor/Epithelial
MET05:1896	Myeloid
MET05:1897	Tumor/Epithelial
MET05:1898	Tumor/Epithelial
MET05:1899	Tumor/Epithelial
MET05:1900	Tumor/Epithelial
MET05:1901	Tumor/Epithelial
MET05:1902	Tumor/Epithelial
MET05:1903	Tumor/Epithelial
MET05:1904	Tumor/Epithelial
MET05:1905	Tumor/Epithelial
MET05:1906	Tumor/Epithelial
MET05:1907	Myeloid
MET05:1908	Tumor/Epithelial
MET05:1909	Tumor/Epithelial
MET05:1910	Tumor/Epithelial
MET05:1911	Tumor/Epithelial
MET05:1912	Tumor/Epithelial
MET05:1913	Tumor/Epithelial
MET05:1914	Tumor/Epithelial
MET05:1915	Tumor/Epithelial
MET05:1916	Tumor/Epithelial
MET05:1917	Tumor/Epithelial
MET05:1918	Tumor/Epithelial
MET05:1919	Tumor/Epithelial
MET05:1920	Tumor/Epithelial
MET05:1921	Tumor/Epithelial
MET05:1922	Tumor/Epithelial
MET05:1923	Tumor/Epithelial
MET05:1924	Myeloid
MET05:1925	Tumor/Epithelial
MET05:1926	Tumor/Epithelial
MET05:1927	Tumor/Epithelial
MET05:1928	Tumor/Epithelial
MET05:1929	Tumor/Epithelial
MET05:1930	Tumor/Epithelial
MET05:1931	Tumor/Epithelial
MET05:1932	Tumor/Epithelial
MET05:1933	Tumor/Epithelial
MET05:1934	Tumor/Epithelial
MET05:1935	Tumor/Epithelial
MET05:1936	Tumor/Epithelial
MET05:1937	Tumor/Epithelial
MET05:1938	Tumor/Epithelial
MET05:1939	Tumor/Epithelial
MET05:1940	Tumor/Epithelial
MET05:1941	Tumor/Epithelial
MET05:1942	Tumor/Epithelial
MET05:1943	Tumor/Epithelial
MET05:1944	Tumor/Epithelial
MET05:1945	Myeloid
MET05:1946	Tumor/Epithelial
MET05:1947	Tumor/Epithelial
MET05:1948	Tumor/Epithelial
MET05:1949	Tumor/Epithelial
MET05:1950	Tumor/Epithelial
MET05:1951	Tumor/Epithelial
MET05:1952	Tumor/Epithelial
MET05:1953	Tumor/Epithelial
MET05:1954	Tumor/Epithelial
MET05:1955	Tumor/Epithelial
MET05:1956	Tumor/Epithelial
MET05:1957	Tumor/Epithelial
MET05:1958	Tumor/Epithelial
MET05:1959	Tumor/Epithelial
MET05:1960	Tumor/Epithelial
MET05:1961	Myeloid
MET05:1962	Tumor/Epithelial
MET05:1963	Tumor/Epithelial
MET05:1964	Tumor/Epithelial
MET05:1965	Tumor/Epithelial
MET05:1966	Tumor/Epithelial
MET05:1967	Tumor/Epithelial
MET05:1968	Unknown
MET05:1969	Unknown
MET05:1970	Tumor/Epithelial
MET05:1971	Tumor/Epithelial
MET05:1972	Tumor/Epithelial
MET05:1973	Tumor/Epithelial
MET05:1974	Tumor/Epithelial
MET05:1975	Tumor/Epithelial
MET05:1976	Tumor/Epithelial
MET05:1977	Tumor/Epithelial
MET05:1978	Tumor/Epithelial
MET05:1979	Tumor/Epithelial
MET05:1980	Tumor/Epithelial
MET05:1981	Tumor/Epithelial
MET05:1982	Tumor/Epithelial
MET05:1983	Tumor/Epithelial
MET05:1984	Tumor/Epithelial
MET05:1985	Tumor/Epithelial
MET05:1986	Tumor/Epithelial
MET05:1987	Tumor/Epithelial
MET05:1988	Tumor/Epithelial
MET05:1989	Tumor/Epithelial
MET05:1990	Tumor/Epithelial
MET05:1991	Tumor/Epithelial
MET05:1992	Tumor/Epithelial
MET05:1993	Unknown
MET05:1994	Tumor/Epithelial
MET05:1995	Tumor/Epithelial
MET05:1996	Tumor/Epithelial
MET05:1997	Tumor/Epithelial
MET05:1998	Tumor/Epithelial
MET05:1999	Tumor/Epithelial
MET05:2000	Tumor/Epithelial
MET05:2001	Tumor/Epithelial
MET05:2002	Tumor/Epithelial
MET05:2003	Unknown
MET05:2004	Myeloid
MET05:2005	Tumor/Epithelial
MET05:2006	Tumor/Epithelial
MET05:2007	Tumor/Epithelial
MET05:2008	Tumor/Epithelial
MET05:2009	Tumor/Epithelial
MET05:2010	Tumor/Epithelial
MET05:2011	Tumor/Epithelial
MET05:2012	Tumor/Epithelial
MET05:2013	Tumor/Epithelial
MET05:2014	Tumor/Epithelial
MET05:2015	Tumor/Epithelial
MET05:2016	Myeloid
MET05:2017	Tumor/Epithelial
MET05:2018	Tumor/Epithelial
MET05:2019	Tumor/Epithelial
MET05:2020	Tumor/Epithelial
MET05:2021	Myeloid
MET05:2022	Tumor/Epithelial
MET05:2023	Tumor/Epithelial
MET05:2024	Tumor/Epithelial
MET05:2025	Tumor/Epithelial
MET05:2026	Tumor/Epithelial
MET05:2027	Tumor/Epithelial
MET05:2028	Tumor/Epithelial
MET05:2029	Tumor/Epithelial
MET05:2030	Tumor/Epithelial
MET05:2031	Tumor/Epithelial
MET05:2032	Tumor/Epithelial
MET05:2033	Myeloid
MET05:2034	Unknown
MET05:2035	Myeloid
MET05:2036	Tumor/Epithelial
MET05:2037	Tumor/Epithelial
MET05:2038	Unknown
MET05:2039	Tumor/Epithelial
MET05:2040	Tumor/Epithelial
MET05:2041	Tumor/Epithelial
MET05:2042	Tumor/Epithelial
MET05:2043	Unknown
MET05:2044	Tumor/Epithelial
MET05:2045	Tumor/Epithelial
MET05:2046	Tumor/Epithelial
MET05:2047	Tumor/Epithelial
MET05:2048	Tumor/Epithelial
MET05:2049	Tumor/Epithelial
MET05:2050	Tumor/Epithelial
MET05:2051	T/NK
MET05:2052	Tumor/Epithelial
MET05:2053	Myeloid
MET05:2054	Myeloid
MET05:2055	Tumor/Epithelial
MET05:2056	Tumor/Epithelial
MET05:2057	Tumor/Epithelial
MET05:2058	Tumor/Epithelial
MET05:2059	Tumor/Epithelial
MET05:2060	Tumor/Epithelial
MET05:2061	Tumor/Epithelial
MET05:2062	Tumor/Epithelial
MET05:2063	Tumor/Epithelial
MET05:2064	B/Plasma
MET05:2065	Tumor/Epithelial
MET05:2066	Tumor/Epithelial
MET05:2067	Tumor/Epithelial
MET05:2068	Tumor/Epithelial
MET05:2069	Tumor/Epithelial
MET05:2070	Tumor/Epithelial
MET05:2071	Tumor/Epithelial
MET05:2072	Tumor/Epithelial
MET05:2073	Tumor/Epithelial
MET05:2074	Tumor/Epithelial
MET05:2075	Tumor/Epithelial
MET05:2076	Tumor/Epithelial
MET05:2077	Tumor/Epithelial
MET05:2078	Tumor/Epithelial
MET05:2079	Myeloid
MET05:2080	Tumor/Epithelial
MET05:2081	Tumor/Epithelial
MET05:2082	Tumor/Epithelial
MET05:2083	Tumor/Epithelial
MET05:2084	Tumor/Epithelial
MET05:2085	Tumor/Epithelial
MET05:2086	Tumor/Epithelial
MET05:2087	Tumor/Epithelial
MET05:2088	Tumor/Epithelial
MET05:2089	Tumor/Epithelial
MET05:2090	Tumor/Epithelial
MET05:2091	Tumor/Epithelial
MET05:2092	Tumor/Epithelial
MET05:2093	Tumor/Epithelial
MET05:2094	Tumor/Epithelial
MET05:2095	Tumor/Epithelial
MET05:2096	Tumor/Epithelial
MET05:2097	Myeloid
MET05:2098	Tumor/Epithelial
MET05:2099	Tumor/Epithelial
MET05:2100	Myeloid
MET05:2101	Tumor/Epithelial
MET05:2102	Tumor/Epithelial
MET05:2103	Tumor/Epithelial
MET05:2104	Tumor/Epithelial
MET05:2105	B/Plasma
MET05:2106	Myeloid
MET05:2107	Tumor/Epithelial
MET05:2108	Tumor/Epithelial
MET05:2109	Tumor/Epithelial
MET05:2110	Tumor/Epithelial
MET05:2111	Tumor/Epithelial
MET05:2112	Tumor/Epithelial
MET05:2113	Tumor/Epithelial
MET05:2114	Tumor/Epithelial
MET05:2115	Tumor/Epithelial
MET05:2116	Tumor/Epithelial
MET05:2117	Myeloid
MET05:2118	Tumor/Epithelial
MET05:2119	Myeloid
MET05:2120	Tumor/Epithelial
MET05:2121	Tumor/Epithelial
MET05:2122	Tumor/Epithelial
MET05:2123	Tumor/Epithelial
MET05:2124	Tumor/Epithelial
MET05:2125	Tumor/Epithelial
MET05:2126	Tumor/Epithelial
MET05:2127	Tumor/Epithelial
MET05:2128	Tumor/Epithelial
MET05:2129	Tumor/Epithelial
MET05:2130	Tumor/Epithelial
MET05:2131	Tumor/Epithelial
MET05:2132	Tumor/Epithelial
MET05:2133	Tumor/Epithelial
MET05:2134	Tumor/Epithelial
MET05:2135	Tumor/Epithelial
MET05:2136	Tumor/Epithelial
MET05:2137	Tumor/Epithelial
MET05:2138	Tumor/Epithelial
MET05:2139	Tumor/Epithelial
MET05:2140	Tumor/Epithelial
MET05:2141	Tumor/Epithelial
MET05:2142	Tumor/Epithelial
MET05:2143	Tumor/Epithelial
MET05:2144	Myeloid
MET05:2145	Unknown
MET05:2146	Myeloid
MET05:2147	Myeloid
MET05:2148	Tumor/Epithelial
MET05:2149	Tumor/Epithelial
MET05:2150	Tumor/Epithelial
MET05:2151	Tumor/Epithelial
MET05:2152	Tumor/Epithelial
MET05:2153	Tumor/Epithelial
MET05:2154	Tumor/Epithelial
MET05:2155	Tumor/Epithelial
MET05:2156	Tumor/Epithelial
MET05:2157	Unknown
MET05:2158	Tumor/Epithelial
MET05:2159	Tumor/Epithelial
MET05:2160	Tumor/Epithelial
MET05:2161	Tumor/Epithelial
MET05:2162	Myeloid
MET05:2163	Tumor/Epithelial
MET05:2164	Tumor/Epithelial
MET05:2165	Tumor/Epithelial
MET05:2166	Tumor/Epithelial
MET05:2167	Endothelial
MET05:2168	Tumor/Epithelial
MET05:2169	Tumor/Epithelial
MET05:2170	Tumor/Epithelial
MET05:2171	Tumor/Epithelial
MET05:2172	Myeloid
MET05:2173	Tumor/Epithelial
MET05:2174	Tumor/Epithelial
MET05:2175	Tumor/Epithelial
MET05:2176	Myeloid
MET05:2177	Tumor/Epithelial
MET05:2178	Tumor/Epithelial
MET05:2179	Tumor/Epithelial
MET05:2180	Tumor/Epithelial
MET05:2181	Tumor/Epithelial
MET05:2182	Tumor/Epithelial
MET05:2183	Tumor/Epithelial
MET05:2184	Myeloid
MET05:2185	Tumor/Epithelial
MET05:2186	Tumor/Epithelial
MET05:2187	Tumor/Epithelial
MET05:2188	Tumor/Epithelial
MET05:2189	Tumor/Epithelial
MET05:2190	Tumor/Epithelial
MET05:2191	Unknown
MET05:2192	Tumor/Epithelial
MET05:2193	Tumor/Epithelial
MET05:2194	Tumor/Epithelial
MET05:2195	Tumor/Epithelial
MET05:2196	Tumor/Epithelial
MET05:2197	Tumor/Epithelial
MET05:2198	Tumor/Epithelial
MET05:2199	Tumor/Epithelial
MET05:2200	Tumor/Epithelial
MET05:2201	Tumor/Epithelial
MET05:2202	Tumor/Epithelial
MET05:2203	Tumor/Epithelial
MET05:2204	Unknown
MET05:2205	Tumor/Epithelial
MET05:2206	Tumor/Epithelial
MET05:2207	Tumor/Epithelial
MET05:2208	Tumor/Epithelial
MET05:2209	Tumor/Epithelial
MET05:2210	Tumor/Epithelial
MET05:2211	Myeloid
MET05:2212	Tumor/Epithelial
MET05:2213	Tumor/Epithelial
MET05:2214	Tumor/Epithelial
MET05:2215	Tumor/Epithelial
MET05:2216	Tumor/Epithelial
MET05:2217	Tumor/Epithelial
MET05:2218	Tumor/Epithelial
MET05:2219	Tumor/Epithelial
MET05:2220	Tumor/Epithelial
MET05:2221	Tumor/Epithelial
MET05:2222	Tumor/Epithelial
MET05:2223	Tumor/Epithelial
MET05:2224	Tumor/Epithelial
MET05:2225	Tumor/Epithelial
MET05:2226	Myeloid
MET05:2227	Tumor/Epithelial
MET05:2228	Unknown
MET05:2229	Tumor/Epithelial
MET05:2230	Tumor/Epithelial
MET05:2231	Tumor/Epithelial
MET05:2232	Tumor/Epithelial
MET05:2233	Tumor/Epithelial
MET05:2234	Tumor/Epithelial
MET05:2235	Tumor/Epithelial
MET05:2236	Tumor/Epithelial
MET05:2237	Myeloid
MET05:2238	Tumor/Epithelial
MET05:2239	Tumor/Epithelial
MET05:2240	Tumor/Epithelial
MET05:2241	Tumor/Epithelial
MET05:2242	Tumor/Epithelial
MET05:2243	Tumor/Epithelial
MET05:2244	Tumor/Epithelial
MET05:2245	Tumor/Epithelial
MET05:2246	Tumor/Epithelial
MET05:2247	Tumor/Epithelial
MET05:2248	Tumor/Epithelial
MET05:2249	Tumor/Epithelial
MET05:2250	Tumor/Epithelial
MET05:2251	Tumor/Epithelial
MET05:2252	Tumor/Epithelial
MET05:2253	Tumor/Epithelial
MET05:2254	Tumor/Epithelial
MET05:2255	Tumor/Epithelial
MET05:2256	Tumor/Epithelial
MET05:2257	Tumor/Epithelial
MET05:2258	Tumor/Epithelial
MET05:2259	Tumor/Epithelial
MET05:2260	Tumor/Epithelial
MET05:2261	Tumor/Epithelial
MET05:2262	Tumor/Epithelial
MET05:2263	Tumor/Epithelial
MET05:2264	Tumor/Epithelial
MET05:2265	Tumor/Epithelial
MET05:2266	Tumor/Epithelial
MET05:2267	Tumor/Epithelial
MET05:2268	Tumor/Epithelial
MET05:2269	Tumor/Epithelial
MET05:2270	Myeloid
MET05:2271	Tumor/Epithelial
MET05:2272	Tumor/Epithelial
MET05:2273	Unknown
MET05:2274	Tumor/Epithelial
MET05:2275	Tumor/Epithelial
MET05:2276	Tumor/Epithelial
MET05:2277	Tumor/Epithelial
MET05:2278	Tumor/Epithelial
MET05:2279	Tumor/Epithelial
MET05:2280	Tumor/Epithelial
MET05:2281	Myeloid
MET05:2282	Tumor/Epithelial
MET05:2283	Tumor/Epithelial
MET05:2284	Tumor/Epithelial
MET05:2285	Myeloid
MET05:2286	Tumor/Epithelial
MET05:2287	Tumor/Epithelial
MET05:2288	Tumor/Epithelial
MET05:2289	Tumor/Epithelial
MET05:2290	Tumor/Epithelial
MET05:2291	Tumor/Epithelial
MET05:2292	Tumor/Epithelial
MET05:2293	Tumor/Epithelial
MET05:2294	Tumor/Epithelial
MET05:2295	Tumor/Epithelial
MET05:2296	Tumor/Epithelial
MET05:2297	Tumor/Epithelial
MET05:2298	Tumor/Epithelial
MET05:2299	Tumor/Epithelial
MET05:2300	Tumor/Epithelial
MET05:2301	Tumor/Epithelial
MET05:2302	Tumor/Epithelial
MET05:2303	Tumor/Epithelial
MET05:2304	Tumor/Epithelial
MET05:2305	Tumor/Epithelial
MET05:2306	Tumor/Epithelial
MET05:2307	Tumor/Epithelial
MET05:2308	Tumor/Epithelial
MET05:2309	Tumor/Epithelial
MET05:2310	Tumor/Epithelial
MET05:2311	Tumor/Epithelial
MET05:2312	Tumor/Epithelial
MET05:2313	Tumor/Epithelial
MET05:2314	Tumor/Epithelial
MET05:2315	Tumor/Epithelial
MET05:2316	Tumor/Epithelial
MET05:2317	Tumor/Epithelial
MET05:2318	Tumor/Epithelial
MET05:2319	Tumor/Epithelial
MET05:2320	Tumor/Epithelial
MET05:2321	Unknown
MET05:2322	Tumor/Epithelial
MET05:2323	Tumor/Epithelial
MET05:2324	Tumor/Epithelial
MET05:2325	Myeloid
MET05:2326	Tumor/Epithelial
MET05:2327	Tumor/Epithelial
MET05:2328	Tumor/Epithelial
MET05:2329	Tumor/Epithelial
MET05:2330	Tumor/Epithelial
MET05:2331	Tumor/Epithelial
MET05:2332	Tumor/Epithelial
MET05:2333	Tumor/Epithelial
MET05:2334	Tumor/Epithelial
MET05:2335	Tumor/Epithelial
MET05:2336	Tumor/Epithelial
MET05:2337	Tumor/Epithelial
MET05:2338	Tumor/Epithelial
MET05:2339	Tumor/Epithelial
MET05:2340	Tumor/Epithelial
MET05:2341	Tumor/Epithelial
MET05:2342	Tumor/Epithelial
MET05:2343	Myeloid
MET05:2344	Tumor/Epithelial
MET05:2345	Tumor/Epithelial
MET05:2346	Tumor/Epithelial
MET05:2347	Tumor/Epithelial
MET05:2348	Tumor/Epithelial
MET05:2349	Tumor/Epithelial
MET05:2350	Myeloid
MET05:2351	Tumor/Epithelial
MET05:2352	Tumor/Epithelial
MET05:2353	Tumor/Epithelial
MET05:2354	Myeloid
MET05:2355	Tumor/Epithelial
MET05:2356	Tumor/Epithelial
MET05:2357	Tumor/Epithelial
MET05:2358	Tumor/Epithelial
MET05:2359	Myeloid
MET05:2360	Tumor/Epithelial
MET05:2361	Tumor/Epithelial
MET05:2362	Tumor/Epithelial
MET05:2363	Tumor/Epithelial
MET05:2364	Unknown
MET05:2365	Tumor/Epithelial
MET05:2366	Tumor/Epithelial
MET05:2367	Tumor/Epithelial
MET05:2368	Tumor/Epithelial
MET05:2369	Tumor/Epithelial
MET05:2370	Tumor/Epithelial
MET05:2371	Tumor/Epithelial
MET05:2372	Tumor/Epithelial
MET05:2373	Tumor/Epithelial
MET05:2374	Tumor/Epithelial
MET05:2375	Tumor/Epithelial
MET05:2376	Tumor/Epithelial
MET05:2377	Tumor/Epithelial
MET05:2378	Tumor/Epithelial
MET05:2379	Tumor/Epithelial
MET05:2380	Tumor/Epithelial
MET05:2381	Tumor/Epithelial
MET05:2382	Tumor/Epithelial
MET05:2383	Myeloid
MET05:2384	Tumor/Epithelial
MET05:2385	Tumor/Epithelial
MET05:2386	Tumor/Epithelial
MET05:2387	Tumor/Epithelial
MET05:2388	Tumor/Epithelial
MET05:2389	Tumor/Epithelial
MET05:2390	Tumor/Epithelial
MET05:2391	Tumor/Epithelial
MET05:2392	Tumor/Epithelial
MET05:2393	Tumor/Epithelial
MET05:2394	Tumor/Epithelial
MET05:2395	Tumor/Epithelial
MET05:2396	Tumor/Epithelial
MET05:2397	Tumor/Epithelial
MET05:2398	Tumor/Epithelial
MET05:2399	Tumor/Epithelial
MET05:2400	Tumor/Epithelial
MET05:2401	Tumor/Epithelial
MET05:2402	Tumor/Epithelial
MET05:2403	Myeloid
MET05:2404	Myeloid
MET05:2405	Tumor/Epithelial
MET05:2406	Tumor/Epithelial
MET05:2407	Tumor/Epithelial
MET05:2408	Tumor/Epithelial
MET05:2409	Tumor/Epithelial
MET05:2410	Tumor/Epithelial
MET05:2411	Tumor/Epithelial
MET05:2412	Tumor/Epithelial
MET05:2413	Tumor/Epithelial
MET05:2414	Tumor/Epithelial
MET05:2415	Tumor/Epithelial
MET05:2416	Tumor/Epithelial
MET05:2417	Tumor/Epithelial
MET05:2418	Tumor/Epithelial
MET05:2419	Tumor/Epithelial
MET05:2420	Tumor/Epithelial
MET05:2421	Tumor/Epithelial
MET05:2422	Myeloid
MET05:2423	Tumor/Epithelial
MET05:2424	Tumor/Epithelial
MET05:2425	Tumor/Epithelial
MET05:2426	Tumor/Epithelial
MET05:2427	Myeloid
MET05:2428	Tumor/Epithelial
MET05:2429	Tumor/Epithelial
MET05:2430	Tumor/Epithelial
MET05:2431	Unknown
MET05:2432	Tumor/Epithelial
MET05:2433	Tumor/Epithelial
MET05:2434	Tumor/Epithelial
MET05:2435	Tumor/Epithelial
MET05:2436	Tumor/Epithelial
MET05:2437	Tumor/Epithelial
MET05:2438	Tumor/Epithelial
MET05:2439	Tumor/Epithelial
MET05:2440	Myeloid
MET05:2441	Myeloid
MET05:2442	Tumor/Epithelial
MET05:2443	Tumor/Epithelial
MET05:2444	Tumor/Epithelial
MET05:2445	Tumor/Epithelial
MET05:2446	Tumor/Epithelial
MET05:2447	Tumor/Epithelial
MET05:2448	Tumor/Epithelial
MET05:2449	Tumor/Epithelial
MET05:2450	Tumor/Epithelial
MET05:2451	Tumor/Epithelial
MET05:2452	Tumor/Epithelial
MET05:2453	Tumor/Epithelial
MET05:2454	Tumor/Epithelial
MET05:2455	Tumor/Epithelial
MET05:2456	Tumor/Epithelial
MET05:2457	Tumor/Epithelial
MET05:2458	Tumor/Epithelial
MET05:2459	Tumor/Epithelial
MET05:2460	Tumor/Epithelial
MET05:2461	Tumor/Epithelial
MET05:2462	Tumor/Epithelial
MET05:2463	Tumor/Epithelial
MET05:2464	Tumor/Epithelial
MET05:2465	Tumor/Epithelial
MET05:2466	Myeloid
MET05:2467	Tumor/Epithelial
MET05:2468	Tumor/Epithelial
MET05:2469	Tumor/Epithelial
MET05:2470	Tumor/Epithelial
MET05:2471	Tumor/Epithelial
MET05:2472	Tumor/Epithelial
MET05:2473	Tumor/Epithelial
MET05:2474	Tumor/Epithelial
MET05:2475	Tumor/Epithelial
MET05:2476	Tumor/Epithelial
MET05:2477	Tumor/Epithelial
MET05:2478	Tumor/Epithelial
MET05:2479	Tumor/Epithelial
MET05:2480	Tumor/Epithelial
MET05:2481	Tumor/Epithelial
MET05:2482	Tumor/Epithelial
MET05:2483	Tumor/Epithelial
MET05:2484	Tumor/Epithelial
MET05:2485	Tumor/Epithelial
MET05:2486	Tumor/Epithelial
MET05:2487	Tumor/Epithelial
MET05:2488	Tumor/Epithelial
MET05:2489	Tumor/Epithelial
MET05:2490	Tumor/Epithelial
MET05:2491	Unknown
MET05:2492	Tumor/Epithelial
MET05:2493	Tumor/Epithelial
MET05:2494	Tumor/Epithelial
MET05:2495	Tumor/Epithelial
MET05:2496	Tumor/Epithelial
MET05:2497	Tumor/Epithelial
MET05:2498	Tumor/Epithelial
MET05:2499	Tumor/Epithelial
MET05:2500	Tumor/Epithelial
MET05:2501	Tumor/Epithelial
MET05:2502	Tumor/Epithelial
MET05:2503	Tumor/Epithelial
MET05:2504	Tumor/Epithelial
MET05:2505	Tumor/Epithelial
MET05:2506	Tumor/Epithelial
MET05:2507	Tumor/Epithelial
MET05:2508	Tumor/Epithelial
MET05:2509	Tumor/Epithelial
MET05:2510	Tumor/Epithelial
MET05:2511	Tumor/Epithelial
MET05:2512	Tumor/Epithelial
MET05:2513	Tumor/Epithelial
MET05:2514	Tumor/Epithelial
MET05:2515	Tumor/Epithelial
MET05:2516	Tumor/Epithelial
MET05:2517	Tumor/Epithelial
MET05:2518	Tumor/Epithelial
MET05:2519	Tumor/Epithelial
MET05:2520	Tumor/Epithelial
MET05:2521	Tumor/Epithelial
MET05:2522	Tumor/Epithelial
MET05:2523	Myeloid
MET05:2524	Tumor/Epithelial
MET05:2525	Tumor/Epithelial
MET05:2526	Tumor/Epithelial
MET05:2527	Tumor/Epithelial
MET05:2528	Tumor/Epithelial
MET05:2529	Myeloid
MET05:2530	Myeloid
MET05:2531	Tumor/Epithelial
MET05:2532	Tumor/Epithelial
MET05:2533	Tumor/Epithelial
MET05:2534	Tumor/Epithelial
MET05:2535	Tumor/Epithelial
MET05:2536	Tumor/Epithelial
MET05:2537	Tumor/Epithelial
MET05:2538	Myeloid
MET05:2539	Tumor/Epithelial
MET05:2540	Tumor/Epithelial
MET05:2541	Tumor/Epithelial
MET05:2542	Tumor/Epithelial
MET05:2543	Tumor/Epithelial
MET05:2544	Unknown
MET05:2545	Myeloid
MET05:2546	Tumor/Epithelial
MET05:2547	Tumor/Epithelial
MET05:2548	Tumor/Epithelial
MET05:2549	Tumor/Epithelial
MET05:2550	Tumor/Epithelial
MET05:2551	Tumor/Epithelial
MET05:2552	Tumor/Epithelial
MET05:2553	Tumor/Epithelial
MET05:2554	Tumor/Epithelial
MET05:2555	Tumor/Epithelial
MET05:2556	Tumor/Epithelial
MET05:2557	Tumor/Epithelial
MET05:2558	Tumor/Epithelial
MET05:2559	Tumor/Epithelial
MET05:2560	Tumor/Epithelial
MET05:2561	Tumor/Epithelial
MET05:2562	Unknown
MET05:2563	Tumor/Epithelial
MET05:2564	Myeloid
MET05:2565	Tumor/Epithelial
MET05:2566	Tumor/Epithelial
MET05:2567	Tumor/Epithelial
MET05:2568	Tumor/Epithelial
MET05:2569	Tumor/Epithelial
MET05:2570	Tumor/Epithelial
MET05:2571	Tumor/Epithelial
MET05:2572	Tumor/Epithelial
MET05:2573	Tumor/Epithelial
MET05:2574	Tumor/Epithelial
MET05:2575	Tumor/Epithelial
MET05:2576	Tumor/Epithelial
MET05:2577	Tumor/Epithelial
MET05:2578	Tumor/Epithelial
MET05:2579	Tumor/Epithelial
MET05:2580	Tumor/Epithelial
MET05:2581	Tumor/Epithelial
MET05:2582	Tumor/Epithelial
MET05:2583	Tumor/Epithelial
MET05:2584	Tumor/Epithelial
MET05:2585	Tumor/Epithelial
MET05:2586	Tumor/Epithelial
MET05:2587	Myeloid
MET05:2588	Tumor/Epithelial
MET05:2589	Tumor/Epithelial
MET05:2590	Tumor/Epithelial
MET05:2591	Tumor/Epithelial
MET05:2592	Tumor/Epithelial
MET05:2593	Tumor/Epithelial
MET05:2594	Unknown
MET05:2595	Tumor/Epithelial
MET05:2596	Tumor/Epithelial
MET05:2597	Tumor/Epithelial
MET05:2598	Tumor/Epithelial
MET05:2599	Tumor/Epithelial
MET05:2600	Tumor/Epithelial
MET05:2601	Tumor/Epithelial
MET05:2602	Tumor/Epithelial
MET05:2603	Tumor/Epithelial
MET05:2604	Tumor/Epithelial
MET05:2605	Tumor/Epithelial
MET05:2606	Tumor/Epithelial
MET05:2607	Tumor/Epithelial
MET05:2608	Tumor/Epithelial
MET05:2609	Tumor/Epithelial
MET05:2610	Tumor/Epithelial
MET05:2611	Tumor/Epithelial
MET05:2612	Tumor/Epithelial
MET05:2613	Tumor/Epithelial
MET05:2614	Tumor/Epithelial
MET05:2615	Tumor/Epithelial
MET05:2616	Tumor/Epithelial
MET05:2617	Tumor/Epithelial
MET05:2618	Tumor/Epithelial
MET05:2619	Myeloid
MET05:2620	Tumor/Epithelial
MET05:2621	T/NK
MET05:2622	Myeloid
MET05:2623	Tumor/Epithelial
MET05:2624	Tumor/Epithelial
MET05:2625	Tumor/Epithelial
MET05:2626	Tumor/Epithelial
MET05:2627	Tumor/Epithelial
MET05:2628	Tumor/Epithelial
MET05:2629	Unknown
MET05:2630	Tumor/Epithelial
MET05:2631	Tumor/Epithelial
MET05:2632	Tumor/Epithelial
MET05:2633	Tumor/Epithelial
MET05:2634	Tumor/Epithelial
MET05:2635	Tumor/Epithelial
MET05:2636	Tumor/Epithelial
MET05:2637	Unknown
MET05:2638	Myeloid
MET05:2639	Myeloid
MET05:2640	Tumor/Epithelial
MET05:2641	Tumor/Epithelial
MET05:2642	Tumor/Epithelial
MET05:2643	Tumor/Epithelial
MET05:2644	Tumor/Epithelial
MET05:2645	Tumor/Epithelial
MET05:2646	Tumor/Epithelial
MET05:2647	Tumor/Epithelial
MET05:2648	Tumor/Epithelial
MET05:2649	Tumor/Epithelial
MET05:2650	Tumor/Epithelial
MET05:2651	Tumor/Epithelial
MET05:2652	Tumor/Epithelial
MET05:2653	Tumor/Epithelial
MET05:2654	Tumor/Epithelial
MET05:2655	Tumor/Epithelial
MET05:2656	Tumor/Epithelial
MET05:2657	Tumor/Epithelial
MET05:2658	Tumor/Epithelial
MET05:2659	Tumor/Epithelial
MET05:2660	Tumor/Epithelial
MET05:2661	Tumor/Epithelial
MET05:2662	Tumor/Epithelial
MET05:2663	Tumor/Epithelial
MET05:2664	Tumor/Epithelial
MET05:2665	Tumor/Epithelial
MET05:2666	Tumor/Epithelial
MET05:2667	Tumor/Epithelial
MET05:2668	Tumor/Epithelial
MET05:2669	Tumor/Epithelial
MET05:2670	Tumor/Epithelial
MET05:2671	Tumor/Epithelial
MET05:2672	Tumor/Epithelial
MET05:2673	Tumor/Epithelial
MET05:2674	Tumor/Epithelial
MET05:2675	Myeloid
MET05:2676	Tumor/Epithelial
MET05:2677	Tumor/Epithelial
MET05:2678	Unknown
MET05:2679	Tumor/Epithelial
MET05:2680	Tumor/Epithelial
MET05:2681	Tumor/Epithelial
MET05:2682	Myeloid
MET05:2683	Tumor/Epithelial
MET05:2684	Tumor/Epithelial
MET05:2685	Tumor/Epithelial
MET05:2686	Tumor/Epithelial
MET05:2687	Tumor/Epithelial
MET05:2688	Tumor/Epithelial
MET05:2689	Tumor/Epithelial
MET05:2690	Tumor/Epithelial
MET05:2691	Tumor/Epithelial
MET05:2692	Tumor/Epithelial
MET05:2693	Tumor/Epithelial
MET05:2694	Tumor/Epithelial
MET05:2695	Myeloid
MET05:2696	Tumor/Epithelial
MET05:2697	Tumor/Epithelial
MET05:2698	Tumor/Epithelial
MET05:2699	Tumor/Epithelial
MET05:2700	Tumor/Epithelial
MET05:2701	Myeloid
MET05:2702	Tumor/Epithelial
MET05:2703	Tumor/Epithelial
MET05:2704	Tumor/Epithelial
MET05:2705	Myeloid
MET05:2706	Tumor/Epithelial
MET05:2707	Tumor/Epithelial
MET05:2708	Tumor/Epithelial
MET05:2709	Tumor/Epithelial
MET05:2710	Tumor/Epithelial
MET05:2711	Tumor/Epithelial
MET05:2712	Tumor/Epithelial
MET05:2713	Tumor/Epithelial
MET05:2714	Tumor/Epithelial
MET05:2715	Tumor/Epithelial
MET05:2716	Tumor/Epithelial
MET05:2717	Tumor/Epithelial
MET05:2718	Tumor/Epithelial
MET05:2719	Tumor/Epithelial
MET05:2720	Myeloid
MET05:2721	Tumor/Epithelial
MET05:2722	Tumor/Epithelial
MET05:2723	Tumor/Epithelial
MET05:2724	Tumor/Epithelial
MET05:2725	Tumor/Epithelial
MET05:2726	Tumor/Epithelial
MET05:2727	Tumor/Epithelial
MET05:2728	Tumor/Epithelial
MET05:2729	Tumor/Epithelial
MET05:2730	Tumor/Epithelial
MET05:2731	Tumor/Epithelial
MET05:2732	Tumor/Epithelial
MET05:2733	Myeloid
MET05:2734	Tumor/Epithelial
MET05:2735	Tumor/Epithelial
MET05:2736	Tumor/Epithelial
MET05:2737	Tumor/Epithelial
MET05:2738	Tumor/Epithelial
MET05:2739	Tumor/Epithelial
MET05:2740	Tumor/Epithelial
MET05:2741	Tumor/Epithelial
MET05:2742	Tumor/Epithelial
MET05:2743	Tumor/Epithelial
MET05:2744	Tumor/Epithelial
MET05:2745	Myeloid
MET05:2746	Tumor/Epithelial
MET05:2747	Tumor/Epithelial
MET05:2748	Tumor/Epithelial
MET05:2749	Tumor/Epithelial
MET05:2750	Tumor/Epithelial
MET05:2751	Tumor/Epithelial
MET05:2752	Tumor/Epithelial
MET05:2753	Tumor/Epithelial
MET05:2754	Tumor/Epithelial
MET05:2755	Myeloid
MET05:2756	Tumor/Epithelial
MET05:2757	Tumor/Epithelial
MET05:2758	Tumor/Epithelial
MET05:2759	Tumor/Epithelial
MET05:2760	Tumor/Epithelial
MET05:2761	Tumor/Epithelial
MET05:2762	Tumor/Epithelial
MET05:2763	Tumor/Epithelial
MET05:2764	Tumor/Epithelial
MET05:2765	Tumor/Epithelial
MET05:2766	Myeloid
MET05:2767	Tumor/Epithelial
MET05:2768	Tumor/Epithelial
MET05:2769	Tumor/Epithelial
MET05:2770	Tumor/Epithelial
MET05:2771	Tumor/Epithelial
MET05:2772	Tumor/Epithelial
MET05:2773	Tumor/Epithelial
MET05:2774	Tumor/Epithelial
MET05:2775	Tumor/Epithelial
MET05:2776	Tumor/Epithelial
MET05:2777	Tumor/Epithelial
MET05:2778	Myeloid
MET05:2779	Tumor/Epithelial
MET05:2780	Tumor/Epithelial
MET05:2781	Unknown
MET05:2782	Tumor/Epithelial
MET05:2783	Tumor/Epithelial
MET05:2784	Tumor/Epithelial
MET05:2785	Tumor/Epithelial
MET05:2786	Tumor/Epithelial
MET05:2787	Tumor/Epithelial
MET05:2788	Tumor/Epithelial
MET05:2789	Tumor/Epithelial
MET05:2790	Tumor/Epithelial
MET05:2791	Tumor/Epithelial
MET05:2792	Myeloid
MET05:2793	Tumor/Epithelial
MET05:2794	Tumor/Epithelial
MET05:2795	Tumor/Epithelial
MET05:2796	Tumor/Epithelial
MET05:2797	Tumor/Epithelial
MET05:2798	Tumor/Epithelial
MET05:2799	Myeloid
MET05:2800	Myeloid
MET05:2801	Tumor/Epithelial
MET05:2802	Tumor/Epithelial
MET05:2803	Tumor/Epithelial
MET05:2804	Tumor/Epithelial
MET05:2805	Tumor/Epithelial
MET05:2806	Tumor/Epithelial
MET05:2807	Tumor/Epithelial
MET05:2808	Tumor/Epithelial
MET05:2809	Tumor/Epithelial
MET05:2810	Tumor/Epithelial
MET05:2811	Tumor/Epithelial
MET05:2812	Tumor/Epithelial
MET05:2813	Tumor/Epithelial
MET05:2814	Tumor/Epithelial
MET05:2815	Tumor/Epithelial
MET05:2816	Tumor/Epithelial
MET05:2817	Tumor/Epithelial
MET05:2818	Myeloid
MET05:2819	Tumor/Epithelial
MET05:2820	Tumor/Epithelial
MET05:2821	Tumor/Epithelial
MET05:2822	Tumor/Epithelial
MET05:2823	Tumor/Epithelial
MET05:2824	Tumor/Epithelial
MET05:2825	Tumor/Epithelial
MET05:2826	Tumor/Epithelial
MET05:2827	Tumor/Epithelial
MET05:2828	Tumor/Epithelial
MET05:2829	Tumor/Epithelial
MET05:2830	Tumor/Epithelial
MET05:2831	Tumor/Epithelial
MET05:2832	Tumor/Epithelial
MET05:2833	Tumor/Epithelial
MET05:2834	Myeloid
MET05:2835	Tumor/Epithelial
MET05:2836	Unknown
MET05:2837	Tumor/Epithelial
MET05:2838	Tumor/Epithelial
MET05:2839	Tumor/Epithelial
MET05:2840	Tumor/Epithelial
MET05:2841	Tumor/Epithelial
MET05:2842	Tumor/Epithelial
MET05:2843	Tumor/Epithelial
MET05:2844	Myeloid
MET05:2845	Tumor/Epithelial
MET05:2846	Tumor/Epithelial
MET05:2847	Tumor/Epithelial
MET05:2848	Myeloid
MET05:2849	Tumor/Epithelial
MET05:2850	Tumor/Epithelial
MET05:2851	Tumor/Epithelial
MET05:2852	Tumor/Epithelial
MET05:2853	Tumor/Epithelial
MET05:2854	Tumor/Epithelial
MET05:2855	Unknown
MET05:2856	Tumor/Epithelial
MET05:2857	Tumor/Epithelial
MET05:2858	Tumor/Epithelial
MET05:2859	Tumor/Epithelial
MET05:2860	Tumor/Epithelial
MET05:2861	Tumor/Epithelial
MET05:2862	Tumor/Epithelial
MET05:2863	Tumor/Epithelial
MET05:2864	Tumor/Epithelial
MET05:2865	Tumor/Epithelial
MET05:2866	Tumor/Epithelial
MET05:2867	Tumor/Epithelial
MET05:2868	Tumor/Epithelial
MET05:2869	Tumor/Epithelial
MET05:2870	Tumor/Epithelial
MET05:2871	Tumor/Epithelial
MET05:2872	Tumor/Epithelial
MET05:2873	Tumor/Epithelial
MET05:2874	Tumor/Epithelial
MET05:2875	Tumor/Epithelial
MET05:2876	Tumor/Epithelial
MET05:2877	Tumor/Epithelial
MET05:2878	Tumor/Epithelial
MET05:2879	Myeloid
MET05:2880	Tumor/Epithelial
MET05:2881	Tumor/Epithelial
MET05:2882	Tumor/Epithelial
MET05:2883	Tumor/Epithelial
MET05:2884	Tumor/Epithelial
MET05:2885	Tumor/Epithelial
MET06:1	Tumor/Epithelial
MET06:2	Tumor/Epithelial
MET06:3	Tumor/Epithelial
MET06:4	Tumor/Epithelial
MET06:5	Tumor/Epithelial
MET06:6	Tumor/Epithelial
MET06:7	Myeloid
MET06:8	Tumor/Epithelial
MET06:9	Tumor/Epithelial
MET06:10	Tumor/Epithelial
MET06:11	Tumor/Epithelial
MET06:12	Tumor/Epithelial
MET06:13	Tumor/Epithelial
MET06:14	Unknown
MET06:15	Tumor/Epithelial
MET06:16	Myeloid
MET06:17	Tumor/Epithelial
MET06:18	Tumor/Epithelial
MET06:19	Tumor/Epithelial
MET06:20	Tumor/Epithelial
MET06:21	Tumor/Epithelial
MET06:22	Tumor/Epithelial
MET06:23	Tumor/Epithelial
MET06:24	Myeloid
MET06:25	Tumor/Epithelial
MET06:26	Tumor/Epithelial
MET06:27	Tumor/Epithelial
MET06:28	Tumor/Epithelial
MET06:29	Tumor/Epithelial
MET06:30	Tumor/Epithelial
MET06:31	Tumor/Epithelial
MET06:32	Tumor/Epithelial
MET06:33	Tumor/Epithelial
MET06:34	Tumor/Epithelial
MET06:35	Tumor/Epithelial
MET06:36	Tumor/Epithelial
MET06:37	Tumor/Epithelial
MET06:38	Tumor/Epithelial
MET06:39	Tumor/Epithelial
MET06:40	Tumor/Epithelial
MET06:41	Tumor/Epithelial
MET06:42	Tumor/Epithelial
MET06:43	Tumor/Epithelial
MET06:44	Tumor/Epithelial
MET06:45	Tumor/Epithelial
MET06:46	Tumor/Epithelial
MET06:47	Tumor/Epithelial
MET06:48	Tumor/Epithelial
MET06:49	Tumor/Epithelial
MET06:50	T/NK
MET06:51	Tumor/Epithelial
MET06:52	Tumor/Epithelial
MET06:53	Tumor/Epithelial
MET06:54	Tumor/Epithelial
MET06:55	Tumor/Epithelial
MET06:56	Tumor/Epithelial
MET06:57	Tumor/Epithelial
MET06:58	Tumor/Epithelial
MET06:59	Tumor/Epithelial
MET06:60	Tumor/Epithelial
MET06:61	Tumor/Epithelial
MET06:62	Tumor/Epithelial
MET06:63	Tumor/Epithelial
MET06:64	Tumor/Epithelial
MET06:65	Tumor/Epithelial
MET06:66	Tumor/Epithelial
MET06:67	Tumor/Epithelial
MET06:68	Tumor/Epithelial
MET06:69	Tumor/Epithelial
MET06:70	Tumor/Epithelial
MET06:71	Tumor/Epithelial
MET06:72	Tumor/Epithelial
MET06:73	Tumor/Epithelial
MET06:74	Tumor/Epithelial
MET06:75	Tumor/Epithelial
MET06:76	Tumor/Epithelial
MET06:77	Tumor/Epithelial
MET06:78	Tumor/Epithelial
MET06:79	Tumor/Epithelial
MET06:80	Tumor/Epithelial
MET06:81	Tumor/Epithelial
MET06:82	Tumor/Epithelial
MET06:83	Tumor/Epithelial
MET06:84	Tumor/Epithelial
MET06:85	Tumor/Epithelial
MET06:86	Tumor/Epithelial
MET06:87	Tumor/Epithelial
MET06:88	Tumor/Epithelial
MET06:89	Tumor/Epithelial
MET06:90	Tumor/Epithelial
MET06:91	Tumor/Epithelial
MET06:92	Tumor/Epithelial
MET06:93	Tumor/Epithelial
MET06:94	Tumor/Epithelial
MET06:95	Tumor/Epithelial
MET06:96	Tumor/Epithelial
MET06:97	Tumor/Epithelial
MET06:98	Tumor/Epithelial
MET06:99	Tumor/Epithelial
MET06:100	Tumor/Epithelial
MET06:101	Tumor/Epithelial
MET06:102	Tumor/Epithelial
MET06:103	Tumor/Epithelial
MET06:104	Tumor/Epithelial
MET06:105	Tumor/Epithelial
MET06:106	Tumor/Epithelial
MET06:107	Tumor/Epithelial
MET06:108	Myeloid
MET06:109	Tumor/Epithelial
MET06:110	Tumor/Epithelial
MET06:111	Tumor/Epithelial
MET06:112	Tumor/Epithelial
MET06:113	Tumor/Epithelial
MET06:114	Tumor/Epithelial
MET06:115	Tumor/Epithelial
MET06:116	Tumor/Epithelial
MET06:117	Tumor/Epithelial
MET06:118	Tumor/Epithelial
MET06:119	Myeloid
MET06:120	Tumor/Epithelial
MET06:121	Myeloid
MET06:122	Tumor/Epithelial
MET06:123	Tumor/Epithelial
MET06:124	Myeloid
MET06:125	Tumor/Epithelial
MET06:126	Tumor/Epithelial
MET06:127	Tumor/Epithelial
MET06:128	Tumor/Epithelial
MET06:129	Tumor/Epithelial
MET06:130	Tumor/Epithelial
MET06:131	Tumor/Epithelial
MET06:132	Tumor/Epithelial
MET06:133	Tumor/Epithelial
MET06:134	Tumor/Epithelial
MET06:135	Unknown
MET06:136	Tumor/Epithelial
MET06:137	Tumor/Epithelial
MET06:138	Tumor/Epithelial
MET06:139	Tumor/Epithelial
MET06:140	Tumor/Epithelial
MET06:141	Tumor/Epithelial
MET06:142	Tumor/Epithelial
MET06:143	Tumor/Epithelial
MET06:144	Tumor/Epithelial
MET06:145	Tumor/Epithelial
MET06:146	Tumor/Epithelial
MET06:147	Tumor/Epithelial
MET06:148	Tumor/Epithelial
MET06:149	Tumor/Epithelial
MET06:150	Tumor/Epithelial
MET06:151	Tumor/Epithelial
MET06:152	Tumor/Epithelial
MET06:153	Tumor/Epithelial
MET06:154	T/NK
MET06:155	Tumor/Epithelial
MET06:156	Tumor/Epithelial
MET06:157	Tumor/Epithelial
MET06:158	Tumor/Epithelial
MET06:159	Tumor/Epithelial
MET06:160	Tumor/Epithelial
MET06:161	Tumor/Epithelial
MET06:162	Tumor/Epithelial
MET06:163	Tumor/Epithelial
MET06:164	Tumor/Epithelial
MET06:165	Tumor/Epithelial
MET06:166	Tumor/Epithelial
MET06:167	Tumor/Epithelial
MET06:168	Tumor/Epithelial
MET06:169	Tumor/Epithelial
MET06:170	Tumor/Epithelial
MET06:171	Tumor/Epithelial
MET06:172	Tumor/Epithelial
MET06:173	Tumor/Epithelial
MET06:174	Tumor/Epithelial
MET06:175	Tumor/Epithelial
MET06:176	Tumor/Epithelial
MET06:177	Tumor/Epithelial
MET06:178	Tumor/Epithelial
MET06:179	Myeloid
MET06:180	Tumor/Epithelial
MET06:181	Tumor/Epithelial
MET06:182	Tumor/Epithelial
MET06:183	Tumor/Epithelial
MET06:184	Tumor/Epithelial
MET06:185	Tumor/Epithelial
MET06:186	Tumor/Epithelial
MET06:187	Tumor/Epithelial
MET06:188	Tumor/Epithelial
MET06:189	Tumor/Epithelial
MET06:190	Tumor/Epithelial
MET06:191	Tumor/Epithelial
MET06:192	Tumor/Epithelial
MET06:193	Tumor/Epithelial
MET06:194	Tumor/Epithelial
MET06:195	Tumor/Epithelial
MET06:196	Myeloid
MET06:197	Tumor/Epithelial
MET06:198	Tumor/Epithelial
MET06:199	Tumor/Epithelial
MET06:200	Tumor/Epithelial
MET06:201	Tumor/Epithelial
MET06:202	Tumor/Epithelial
MET06:203	Tumor/Epithelial
MET06:204	Tumor/Epithelial
MET06:205	Tumor/Epithelial
MET06:206	Tumor/Epithelial
MET06:207	Tumor/Epithelial
MET06:208	Tumor/Epithelial
MET06:209	Tumor/Epithelial
MET06:210	Tumor/Epithelial
MET06:211	Tumor/Epithelial
MET06:212	Tumor/Epithelial
MET06:213	Tumor/Epithelial
MET06:214	Tumor/Epithelial
MET06:215	Tumor/Epithelial
MET06:216	Tumor/Epithelial
MET06:217	Tumor/Epithelial
MET06:218	T/NK
MET06:219	Tumor/Epithelial
MET06:220	Tumor/Epithelial
MET06:221	Tumor/Epithelial
MET06:222	Tumor/Epithelial
MET06:223	Tumor/Epithelial
MET06:224	Tumor/Epithelial
MET06:225	Tumor/Epithelial
MET06:226	Tumor/Epithelial
MET06:227	Tumor/Epithelial
MET06:228	Tumor/Epithelial
MET06:229	Myeloid
MET06:230	Tumor/Epithelial
MET06:231	Tumor/Epithelial
MET06:232	Tumor/Epithelial
MET06:233	Tumor/Epithelial
MET06:234	Tumor/Epithelial
MET06:235	Tumor/Epithelial
MET06:236	Tumor/Epithelial
MET06:237	Tumor/Epithelial
MET06:238	Tumor/Epithelial
MET06:239	Tumor/Epithelial
MET06:240	Tumor/Epithelial
MET06:241	Unknown
MET06:242	Myeloid
MET06:243	Tumor/Epithelial
MET06:244	Unknown
MET06:245	Tumor/Epithelial
MET06:246	Tumor/Epithelial
MET06:247	Tumor/Epithelial
MET06:248	Tumor/Epithelial
MET06:249	Tumor/Epithelial
MET06:250	Tumor/Epithelial
MET06:251	Tumor/Epithelial
MET06:252	Tumor/Epithelial
MET06:253	Tumor/Epithelial
MET06:254	Tumor/Epithelial
MET06:255	Tumor/Epithelial
MET06:256	Tumor/Epithelial
MET06:257	Tumor/Epithelial
MET06:258	Tumor/Epithelial
MET06:259	Tumor/Epithelial
MET06:260	Tumor/Epithelial
MET06:261	Tumor/Epithelial
MET06:262	Tumor/Epithelial
MET06:263	Myeloid
MET06:264	Tumor/Epithelial
MET06:265	Tumor/Epithelial
MET06:266	Tumor/Epithelial
MET06:267	Tumor/Epithelial
MET06:268	Tumor/Epithelial
MET06:269	Tumor/Epithelial
MET06:270	Tumor/Epithelial
MET06:271	Tumor/Epithelial
MET06:272	Tumor/Epithelial
MET06:273	Myeloid
MET06:274	Tumor/Epithelial
MET06:275	Tumor/Epithelial
MET06:276	Tumor/Epithelial
MET06:277	Tumor/Epithelial
MET06:278	Tumor/Epithelial
MET06:279	Tumor/Epithelial
MET06:280	Tumor/Epithelial
MET06:281	Tumor/Epithelial
MET06:282	T/NK
MET06:283	Tumor/Epithelial
MET06:284	Tumor/Epithelial
MET06:285	Tumor/Epithelial
MET06:286	Tumor/Epithelial
MET06:287	Tumor/Epithelial
MET06:288	Tumor/Epithelial
MET06:289	Tumor/Epithelial
MET06:290	Tumor/Epithelial
MET06:291	Tumor/Epithelial
MET06:292	Tumor/Epithelial
MET06:293	Tumor/Epithelial
MET06:294	Tumor/Epithelial
MET06:295	Tumor/Epithelial
MET06:296	Tumor/Epithelial
MET06:297	Tumor/Epithelial
MET06:298	Tumor/Epithelial
MET06:299	Tumor/Epithelial
MET06:300	Tumor/Epithelial
MET06:301	Tumor/Epithelial
MET06:302	Tumor/Epithelial
MET06:303	Tumor/Epithelial
MET06:304	Tumor/Epithelial
MET06:305	Tumor/Epithelial
MET06:306	Tumor/Epithelial
MET06:307	Tumor/Epithelial
MET06:308	Tumor/Epithelial
MET06:309	Myeloid
MET06:310	Tumor/Epithelial
MET06:311	Tumor/Epithelial
MET06:312	Tumor/Epithelial
MET06:313	Tumor/Epithelial
MET06:314	Tumor/Epithelial
MET06:315	Myeloid
MET06:316	Tumor/Epithelial
MET06:317	Tumor/Epithelial
MET06:318	Tumor/Epithelial
MET06:319	Tumor/Epithelial
MET06:320	Tumor/Epithelial
MET06:321	Tumor/Epithelial
MET06:322	Tumor/Epithelial
MET06:323	Tumor/Epithelial
MET06:324	Tumor/Epithelial
MET06:325	Tumor/Epithelial
MET06:326	Tumor/Epithelial
MET06:327	Tumor/Epithelial
MET06:328	Tumor/Epithelial
MET06:329	Tumor/Epithelial
MET06:330	Tumor/Epithelial
MET06:331	B/Plasma
MET06:332	Tumor/Epithelial
MET06:333	Tumor/Epithelial
MET06:334	Tumor/Epithelial
MET06:335	Tumor/Epithelial
MET06:336	Tumor/Epithelial
MET06:337	Myeloid
MET06:338	Tumor/Epithelial
MET06:339	Tumor/Epithelial
MET06:340	Tumor/Epithelial
MET06:341	Tumor/Epithelial
MET06:342	Tumor/Epithelial
MET06:343	Tumor/Epithelial
MET06:344	Tumor/Epithelial
MET06:345	Tumor/Epithelial
MET06:346	Tumor/Epithelial
MET06:347	Tumor/Epithelial
MET06:348	Tumor/Epithelial
MET06:349	Tumor/Epithelial
MET06:350	Tumor/Epithelial
MET06:351	Tumor/Epithelial
MET06:352	Tumor/Epithelial
MET06:353	Tumor/Epithelial
MET06:354	Unknown
MET06:355	Tumor/Epithelial
MET06:356	Tumor/Epithelial
MET06:357	Tumor/Epithelial
MET06:358	Tumor/Epithelial
MET06:359	Tumor/Epithelial
MET06:360	Tumor/Epithelial
MET06:361	Tumor/Epithelial
MET06:362	Tumor/Epithelial
MET06:363	Tumor/Epithelial
MET06:364	Tumor/Epithelial
MET06:365	Tumor/Epithelial
MET06:366	Tumor/Epithelial
MET06:367	T/NK
MET06:368	Tumor/Epithelial
MET06:369	Tumor/Epithelial
MET06:370	Tumor/Epithelial
MET06:371	Myeloid
MET06:372	Tumor/Epithelial
MET06:373	Tumor/Epithelial
MET06:374	Tumor/Epithelial
MET06:375	Tumor/Epithelial
MET06:376	Tumor/Epithelial
MET06:377	Tumor/Epithelial
MET06:378	Tumor/Epithelial
MET06:379	Tumor/Epithelial
MET06:380	T/NK
MET06:381	Tumor/Epithelial
MET06:382	Tumor/Epithelial
MET06:383	Tumor/Epithelial
MET06:384	Tumor/Epithelial
MET06:385	Myeloid
MET06:386	Tumor/Epithelial
MET06:387	Tumor/Epithelial
MET06:388	Myeloid
MET06:389	T/NK
MET06:390	Myeloid
MET06:391	Tumor/Epithelial
MET06:392	Tumor/Epithelial
MET06:393	Tumor/Epithelial
MET06:394	Tumor/Epithelial
MET06:395	Tumor/Epithelial
MET06:396	Tumor/Epithelial
MET06:397	Tumor/Epithelial
MET06:398	Tumor/Epithelial
MET06:399	Tumor/Epithelial
MET06:400	Tumor/Epithelial
MET06:401	Tumor/Epithelial
MET06:402	Tumor/Epithelial
MET06:403	Tumor/Epithelial
MET06:404	Tumor/Epithelial
MET06:405	Tumor/Epithelial
MET06:406	Tumor/Epithelial
MET06:407	Tumor/Epithelial
MET06:408	Tumor/Epithelial
MET06:409	Tumor/Epithelial
MET06:410	Tumor/Epithelial
MET06:411	Tumor/Epithelial
MET06:412	Tumor/Epithelial
MET06:413	Tumor/Epithelial
MET06:414	Tumor/Epithelial
MET06:415	Tumor/Epithelial
MET06:416	T/NK
MET06:417	Tumor/Epithelial
MET06:418	Tumor/Epithelial
MET06:419	Tumor/Epithelial
MET06:420	Tumor/Epithelial
MET06:421	Tumor/Epithelial
MET06:422	Tumor/Epithelial
MET06:423	Tumor/Epithelial
MET06:424	Tumor/Epithelial
MET06:425	Tumor/Epithelial
MET06:426	T/NK
MET06:427	Tumor/Epithelial
MET06:428	Tumor/Epithelial
MET06:429	Myeloid
MET06:430	Tumor/Epithelial
MET06:431	Tumor/Epithelial
MET06:432	Tumor/Epithelial
MET06:433	Myeloid
MET06:434	Tumor/Epithelial
MET06:435	Tumor/Epithelial
MET06:436	Tumor/Epithelial
MET06:437	Tumor/Epithelial
MET06:438	Tumor/Epithelial
MET06:439	Tumor/Epithelial
MET06:440	Tumor/Epithelial
MET06:441	Tumor/Epithelial
MET06:442	Tumor/Epithelial
MET06:443	Tumor/Epithelial
MET06:444	Tumor/Epithelial
MET06:445	Tumor/Epithelial
MET06:446	Tumor/Epithelial
MET06:447	Tumor/Epithelial
MET06:448	Tumor/Epithelial
MET06:449	Tumor/Epithelial
MET06:450	Tumor/Epithelial
MET06:451	Tumor/Epithelial
MET06:452	Tumor/Epithelial
MET06:453	Tumor/Epithelial
MET06:454	Tumor/Epithelial
MET06:455	Tumor/Epithelial
MET06:456	Tumor/Epithelial
MET06:457	Tumor/Epithelial
MET06:458	Tumor/Epithelial
MET06:459	Tumor/Epithelial
MET06:460	Tumor/Epithelial
MET06:461	Tumor/Epithelial
MET06:462	B/Plasma
MET06:463	Tumor/Epithelial
MET06:464	Myeloid
MET06:465	Tumor/Epithelial
MET06:466	Tumor/Epithelial
MET06:467	Tumor/Epithelial
MET06:468	T/NK
MET06:469	Tumor/Epithelial
MET06:470	Tumor/Epithelial
MET06:471	Tumor/Epithelial
MET06:472	Tumor/Epithelial
MET06:473	Tumor/Epithelial
MET06:474	T/NK
MET06:475	Myeloid
MET06:476	Tumor/Epithelial
MET06:477	Tumor/Epithelial
MET06:478	Tumor/Epithelial
MET06:479	Tumor/Epithelial
MET06:480	Tumor/Epithelial
MET06:481	Tumor/Epithelial
MET06:482	Myeloid
MET06:483	Tumor/Epithelial
MET06:484	Tumor/Epithelial
MET06:485	Unknown
MET06:486	Tumor/Epithelial
MET06:487	Tumor/Epithelial
MET06:488	Tumor/Epithelial
MET06:489	Tumor/Epithelial
MET06:490	Tumor/Epithelial
MET06:491	Tumor/Epithelial
MET06:492	Tumor/Epithelial
MET06:493	Tumor/Epithelial
MET06:494	Tumor/Epithelial
MET06:495	Tumor/Epithelial
MET06:496	Myeloid
MET06:497	Tumor/Epithelial
MET06:498	Tumor/Epithelial
MET06:499	Tumor/Epithelial
MET06:500	Tumor/Epithelial
MET06:501	Tumor/Epithelial
MET06:502	Tumor/Epithelial
MET06:503	T/NK
MET06:504	Tumor/Epithelial
MET06:505	Tumor/Epithelial
MET06:506	Tumor/Epithelial
MET06:507	Tumor/Epithelial
MET06:508	Tumor/Epithelial
MET06:509	Tumor/Epithelial
MET06:510	Tumor/Epithelial
MET06:511	Tumor/Epithelial
MET06:512	Tumor/Epithelial
MET06:513	Tumor/Epithelial
MET06:514	Tumor/Epithelial
MET06:515	Tumor/Epithelial
MET06:516	Tumor/Epithelial
MET06:517	Tumor/Epithelial
MET06:518	Tumor/Epithelial
MET06:519	T/NK
MET06:520	Tumor/Epithelial
MET06:521	Tumor/Epithelial
MET06:522	Tumor/Epithelial
MET06:523	Tumor/Epithelial
MET06:524	Myeloid
MET06:525	Tumor/Epithelial
MET06:526	Tumor/Epithelial
MET06:527	Myeloid
MET06:528	Tumor/Epithelial
MET06:529	Tumor/Epithelial
MET06:530	Tumor/Epithelial
MET06:531	Tumor/Epithelial
MET06:532	Tumor/Epithelial
MET06:533	Tumor/Epithelial
MET06:534	Tumor/Epithelial
MET06:535	Tumor/Epithelial
MET06:536	Tumor/Epithelial
MET06:537	Tumor/Epithelial
MET06:538	Tumor/Epithelial
MET06:539	Tumor/Epithelial
MET06:540	Tumor/Epithelial
MET06:541	Tumor/Epithelial
MET06:542	Tumor/Epithelial
MET06:543	Tumor/Epithelial
MET06:544	Tumor/Epithelial
MET06:545	Tumor/Epithelial
MET06:546	Tumor/Epithelial
MET06:547	Tumor/Epithelial
MET06:548	Tumor/Epithelial
MET06:549	Tumor/Epithelial
MET06:550	Tumor/Epithelial
MET06:551	Tumor/Epithelial
MET06:552	Tumor/Epithelial
MET06:553	Tumor/Epithelial
MET06:554	T/NK
MET06:555	Tumor/Epithelial
MET06:556	Tumor/Epithelial
MET06:557	Tumor/Epithelial
MET06:558	Tumor/Epithelial
MET06:559	Tumor/Epithelial
MET06:560	Tumor/Epithelial
MET06:561	Tumor/Epithelial
MET06:562	Tumor/Epithelial
MET06:563	Tumor/Epithelial
MET06:564	Tumor/Epithelial
MET06:565	Tumor/Epithelial
MET06:566	Tumor/Epithelial
MET06:567	Tumor/Epithelial
MET06:568	T/NK
MET06:569	Unknown
MET06:570	Tumor/Epithelial
MET06:571	Tumor/Epithelial
MET06:572	Tumor/Epithelial
MET06:573	Tumor/Epithelial
MET06:574	Tumor/Epithelial
MET06:575	T/NK
MET06:576	T/NK
MET06:577	Tumor/Epithelial
MET06:578	Tumor/Epithelial
MET06:579	Tumor/Epithelial
MET06:580	Tumor/Epithelial
MET06:581	Myeloid
MET06:582	Tumor/Epithelial
MET06:583	Tumor/Epithelial
MET06:584	Tumor/Epithelial
MET06:585	Tumor/Epithelial
MET06:586	Tumor/Epithelial
MET06:587	Tumor/Epithelial
MET06:588	Tumor/Epithelial
MET06:589	Tumor/Epithelial
MET06:590	Tumor/Epithelial
MET06:591	Tumor/Epithelial
MET06:592	Tumor/Epithelial
MET06:593	Tumor/Epithelial
MET06:594	Tumor/Epithelial
MET06:595	Tumor/Epithelial
MET06:596	Tumor/Epithelial
MET06:597	Tumor/Epithelial
MET06:598	Tumor/Epithelial
MET06:599	Tumor/Epithelial
MET06:600	Tumor/Epithelial
MET06:601	T/NK
MET06:602	Tumor/Epithelial
MET06:603	Tumor/Epithelial
MET06:604	Tumor/Epithelial
MET06:605	Tumor/Epithelial
MET06:606	Tumor/Epithelial
MET06:607	Tumor/Epithelial
MET06:608	Tumor/Epithelial
MET06:609	Tumor/Epithelial
MET06:610	Tumor/Epithelial
MET06:611	Tumor/Epithelial
MET06:612	Tumor/Epithelial
MET06:613	Tumor/Epithelial
MET06:614	Tumor/Epithelial
MET06:615	Unknown
MET06:616	Tumor/Epithelial
MET06:617	Tumor/Epithelial
MET06:618	Tumor/Epithelial
MET06:619	Tumor/Epithelial
MET06:620	Tumor/Epithelial
MET06:621	Tumor/Epithelial
MET06:622	Tumor/Epithelial
MET06:623	Tumor/Epithelial
MET06:624	Tumor/Epithelial
MET06:625	Tumor/Epithelial
MET06:626	Tumor/Epithelial
MET06:627	Tumor/Epithelial
MET06:628	Tumor/Epithelial
MET06:629	Tumor/Epithelial
MET06:630	Tumor/Epithelial
MET06:631	Tumor/Epithelial
MET06:632	Tumor/Epithelial
MET06:633	Tumor/Epithelial
MET06:634	Tumor/Epithelial
MET06:635	Tumor/Epithelial
MET06:636	Tumor/Epithelial
MET06:637	Tumor/Epithelial
MET06:638	Tumor/Epithelial
MET06:639	Tumor/Epithelial
MET06:640	Tumor/Epithelial
MET06:641	Tumor/Epithelial
MET06:642	Tumor/Epithelial
MET06:643	Tumor/Epithelial
MET06:644	Tumor/Epithelial
MET06:645	Tumor/Epithelial
MET06:646	Tumor/Epithelial
MET06:647	Tumor/Epithelial
MET06:648	Tumor/Epithelial
MET06:649	Tumor/Epithelial
MET06:650	Tumor/Epithelial
MET06:651	Tumor/Epithelial
MET06:652	Tumor/Epithelial
MET06:653	Tumor/Epithelial
MET06:654	Tumor/Epithelial
MET06:655	Tumor/Epithelial
MET06:656	Tumor/Epithelial
MET06:657	Tumor/Epithelial
MET06:658	Tumor/Epithelial
MET06:659	Tumor/Epithelial
MET06:660	Tumor/Epithelial
MET06:661	Tumor/Epithelial
MET06:662	Tumor/Epithelial
MET06:663	Tumor/Epithelial
MET06:664	Tumor/Epithelial
MET06:665	Tumor/Epithelial
MET06:666	Tumor/Epithelial
MET06:667	Tumor/Epithelial
MET06:668	Tumor/Epithelial
MET06:669	Tumor/Epithelial
MET06:670	Tumor/Epithelial
MET06:671	Tumor/Epithelial
MET06:672	Tumor/Epithelial
MET06:673	Tumor/Epithelial
MET06:674	Tumor/Epithelial
MET06:675	Tumor/Epithelial
MET06:676	Tumor/Epithelial
MET06:677	Tumor/Epithelial
MET06:678	Tumor/Epithelial
MET06:679	Tumor/Epithelial
MET06:680	Tumor/Epithelial
MET06:681	Tumor/Epithelial
MET06:682	B/Plasma
MET06:683	Tumor/Epithelial
MET06:684	Tumor/Epithelial
MET06:685	Tumor/Epithelial
MET06:686	Tumor/Epithelial
MET06:687	Tumor/Epithelial
MET06:688	Myeloid
MET06:689	Tumor/Epithelial
MET06:690	Myeloid
MET06:691	Tumor/Epithelial
MET06:692	Tumor/Epithelial
MET06:693	Myeloid
MET06:694	Tumor/Epithelial
MET06:695	Tumor/Epithelial
MET06:696	Tumor/Epithelial
MET06:697	Tumor/Epithelial
MET06:698	Tumor/Epithelial
MET06:699	Tumor/Epithelial
MET06:700	Tumor/Epithelial
MET06:701	Tumor/Epithelial
MET06:702	Tumor/Epithelial
MET06:703	Tumor/Epithelial
MET06:704	Tumor/Epithelial
MET06:705	Tumor/Epithelial
MET06:706	Tumor/Epithelial
MET06:707	Tumor/Epithelial
MET06:708	Tumor/Epithelial
MET06:709	Myeloid
MET06:710	Tumor/Epithelial
MET06:711	Myeloid
MET06:712	T/NK
MET06:713	Tumor/Epithelial
MET06:714	Tumor/Epithelial
MET06:715	Tumor/Epithelial
MET06:716	Tumor/Epithelial
MET06:717	Tumor/Epithelial
MET06:718	Tumor/Epithelial
MET06:719	Tumor/Epithelial
MET06:720	Tumor/Epithelial
MET06:721	Tumor/Epithelial
MET06:722	Tumor/Epithelial
MET06:723	Tumor/Epithelial
MET06:724	Tumor/Epithelial
MET06:725	Tumor/Epithelial
MET06:726	Tumor/Epithelial
MET06:727	Myeloid
MET06:728	Tumor/Epithelial
MET06:729	Tumor/Epithelial
MET06:730	Tumor/Epithelial
MET06:731	Tumor/Epithelial
MET06:732	Tumor/Epithelial
MET06:733	Tumor/Epithelial
MET06:734	Tumor/Epithelial
MET06:735	Myeloid
MET06:736	Tumor/Epithelial
MET06:737	Tumor/Epithelial
MET06:738	Tumor/Epithelial
MET06:739	Tumor/Epithelial
MET06:740	Tumor/Epithelial
MET06:741	Tumor/Epithelial
MET06:742	T/NK
MET06:743	Tumor/Epithelial
MET06:744	Tumor/Epithelial
MET06:745	Tumor/Epithelial
MET06:746	Tumor/Epithelial
MET06:747	Tumor/Epithelial
MET06:748	Tumor/Epithelial
MET06:749	Tumor/Epithelial
MET06:750	Tumor/Epithelial
MET06:751	Tumor/Epithelial
MET06:752	Tumor/Epithelial
MET06:753	Tumor/Epithelial
MET06:754	Tumor/Epithelial
MET06:755	Tumor/Epithelial
MET06:756	Tumor/Epithelial
MET06:757	Tumor/Epithelial
MET06:758	Tumor/Epithelial
MET06:759	Tumor/Epithelial
MET06:760	Tumor/Epithelial
MET06:761	Tumor/Epithelial
MET06:762	Tumor/Epithelial
MET06:763	Tumor/Epithelial
MET06:764	Tumor/Epithelial
MET06:765	Tumor/Epithelial
MET06:766	Tumor/Epithelial
MET06:767	Tumor/Epithelial
MET06:768	T/NK
MET06:769	Tumor/Epithelial
MET06:770	Tumor/Epithelial
MET06:771	Tumor/Epithelial
MET06:772	Tumor/Epithelial
MET06:773	Tumor/Epithelial
MET06:774	Myeloid
MET06:775	Tumor/Epithelial
MET06:776	Tumor/Epithelial
MET06:777	Tumor/Epithelial
MET06:778	Tumor/Epithelial
MET06:779	Tumor/Epithelial
MET06:780	Tumor/Epithelial
MET06:781	Tumor/Epithelial
MET06:782	Tumor/Epithelial
MET06:783	Tumor/Epithelial
MET06:784	Tumor/Epithelial
MET06:785	Tumor/Epithelial
MET06:786	Tumor/Epithelial
MET06:787	Tumor/Epithelial
MET06:788	Tumor/Epithelial
MET06:789	Tumor/Epithelial
MET06:790	Tumor/Epithelial
MET06:791	Tumor/Epithelial
MET06:792	Tumor/Epithelial
MET06:793	Tumor/Epithelial
MET06:794	Tumor/Epithelial
MET06:795	Myeloid
MET06:796	Tumor/Epithelial
MET06:797	Tumor/Epithelial
MET06:798	Tumor/Epithelial
MET06:799	Myeloid
MET06:800	Tumor/Epithelial
MET06:801	Tumor/Epithelial
MET06:802	Tumor/Epithelial
MET06:803	Tumor/Epithelial
MET06:804	Tumor/Epithelial
MET06:805	Tumor/Epithelial
MET06:806	Tumor/Epithelial
MET06:807	Tumor/Epithelial
MET06:808	Tumor/Epithelial
MET06:809	Tumor/Epithelial
MET06:810	Tumor/Epithelial
MET06:811	Tumor/Epithelial
MET06:812	Tumor/Epithelial
MET06:813	Tumor/Epithelial
MET06:814	Tumor/Epithelial
MET06:815	T/NK
MET06:816	Tumor/Epithelial
MET06:817	Tumor/Epithelial
MET06:818	Tumor/Epithelial
MET06:819	Tumor/Epithelial
MET06:820	Tumor/Epithelial
MET06:821	Tumor/Epithelial
MET06:822	Tumor/Epithelial
MET06:823	Tumor/Epithelial
MET06:824	Tumor/Epithelial
MET06:825	Tumor/Epithelial
MET06:826	Tumor/Epithelial
MET06:827	Tumor/Epithelial
MET06:828	Tumor/Epithelial
MET06:829	Tumor/Epithelial
MET06:830	Tumor/Epithelial
MET06:831	Tumor/Epithelial
MET06:832	Tumor/Epithelial
MET06:833	Tumor/Epithelial
MET06:834	Tumor/Epithelial
MET06:835	Tumor/Epithelial
MET06:836	Tumor/Epithelial
MET06:837	Tumor/Epithelial
MET06:838	Tumor/Epithelial
MET06:839	Tumor/Epithelial
MET06:840	Tumor/Epithelial
MET06:841	Tumor/Epithelial
MET06:842	Tumor/Epithelial
MET06:843	Tumor/Epithelial
MET06:844	Tumor/Epithelial
MET06:845	Tumor/Epithelial
MET06:846	Tumor/Epithelial
MET06:847	Tumor/Epithelial
MET06:848	Tumor/Epithelial
MET06:849	Tumor/Epithelial
MET06:850	Tumor/Epithelial
MET06:851	Tumor/Epithelial
MET06:852	Tumor/Epithelial
MET06:853	Myeloid
MET06:854	Tumor/Epithelial
MET06:855	Tumor/Epithelial
MET06:856	Tumor/Epithelial
MET06:857	Tumor/Epithelial
MET06:858	Tumor/Epithelial
MET06:859	Tumor/Epithelial
MET06:860	Tumor/Epithelial
MET06:861	Tumor/Epithelial
MET06:862	Tumor/Epithelial
MET06:863	Tumor/Epithelial
MET06:864	Myeloid
MET06:865	Tumor/Epithelial
MET06:866	Tumor/Epithelial
MET06:867	Tumor/Epithelial
MET06:868	Tumor/Epithelial
MET06:869	Tumor/Epithelial
MET06:870	Tumor/Epithelial
MET06:871	Tumor/Epithelial
MET06:872	Tumor/Epithelial
MET06:873	Tumor/Epithelial
MET06:874	Tumor/Epithelial
MET06:875	Tumor/Epithelial
MET06:876	Tumor/Epithelial
MET06:877	Tumor/Epithelial
MET06:878	Tumor/Epithelial
MET06:879	Tumor/Epithelial
MET06:880	Tumor/Epithelial
MET06:881	Tumor/Epithelial
MET06:882	Tumor/Epithelial
MET06:883	Tumor/Epithelial
MET06:884	Tumor/Epithelial
MET06:885	Myeloid
MET06:886	Tumor/Epithelial
MET06:887	T/NK
MET06:888	Tumor/Epithelial
MET06:889	Tumor/Epithelial
MET06:890	Tumor/Epithelial
MET06:891	Tumor/Epithelial
MET06:892	Tumor/Epithelial
MET06:893	Tumor/Epithelial
MET06:894	Tumor/Epithelial
MET06:895	Tumor/Epithelial
MET06:896	Tumor/Epithelial
MET06:897	Tumor/Epithelial
MET06:898	Tumor/Epithelial
MET06:899	Tumor/Epithelial
MET06:900	Tumor/Epithelial
MET06:901	Tumor/Epithelial
MET06:902	Tumor/Epithelial
MET06:903	Tumor/Epithelial
MET06:904	Tumor/Epithelial
MET06:905	Tumor/Epithelial
MET06:906	Tumor/Epithelial
MET06:907	Tumor/Epithelial
MET06:908	Tumor/Epithelial
MET06:909	Tumor/Epithelial
MET06:910	Tumor/Epithelial
MET06:911	Tumor/Epithelial
MET06:912	Tumor/Epithelial
MET06:913	Myeloid
MET06:914	Tumor/Epithelial
MET06:915	Tumor/Epithelial
MET06:916	Myeloid
MET06:917	Tumor/Epithelial
MET06:918	Tumor/Epithelial
MET06:919	Tumor/Epithelial
MET06:920	Tumor/Epithelial
MET06:921	Tumor/Epithelial
MET06:922	Tumor/Epithelial
MET06:923	Tumor/Epithelial
MET06:924	Tumor/Epithelial
MET06:925	Tumor/Epithelial
MET06:926	Tumor/Epithelial
MET06:927	Tumor/Epithelial
MET06:928	Tumor/Epithelial
MET06:929	Tumor/Epithelial
MET06:930	Myeloid
MET06:931	T/NK
MET06:932	Tumor/Epithelial
MET06:933	Tumor/Epithelial
MET06:934	Tumor/Epithelial
MET06:935	Tumor/Epithelial
MET06:936	Tumor/Epithelial
MET06:937	T/NK
MET06:938	Tumor/Epithelial
MET06:939	Tumor/Epithelial
MET06:940	Tumor/Epithelial
MET06:941	Tumor/Epithelial
MET06:942	T/NK
MET06:943	Tumor/Epithelial
MET06:944	Tumor/Epithelial
MET06:945	Tumor/Epithelial
MET06:946	Tumor/Epithelial
MET06:947	Tumor/Epithelial
MET06:948	Tumor/Epithelial
MET06:949	Tumor/Epithelial
MET06:950	Tumor/Epithelial
MET06:951	Tumor/Epithelial
MET06:952	Tumor/Epithelial
MET06:953	Tumor/Epithelial
MET06:954	Tumor/Epithelial
MET06:955	Tumor/Epithelial
MET06:956	Tumor/Epithelial
MET06:957	Tumor/Epithelial
MET06:958	Tumor/Epithelial
MET06:959	Tumor/Epithelial
MET06:960	Tumor/Epithelial
MET06:961	Tumor/Epithelial
MET06:962	Tumor/Epithelial
MET06:963	Tumor/Epithelial
MET06:964	Tumor/Epithelial
MET06:965	Tumor/Epithelial
MET06:966	Tumor/Epithelial
MET06:967	Tumor/Epithelial
MET06:968	Tumor/Epithelial
MET06:969	Tumor/Epithelial
MET06:970	Tumor/Epithelial
MET06:971	Tumor/Epithelial
MET06:972	Tumor/Epithelial
MET06:973	Tumor/Epithelial
MET06:974	T/NK
MET06:975	Tumor/Epithelial
MET06:976	Tumor/Epithelial
MET06:977	Tumor/Epithelial
MET06:978	Tumor/Epithelial
MET06:979	Tumor/Epithelial
MET06:980	Tumor/Epithelial
MET06:981	Tumor/Epithelial
MET06:982	Tumor/Epithelial
MET06:983	Tumor/Epithelial
MET06:984	Myeloid
MET06:985	Tumor/Epithelial
MET06:986	Tumor/Epithelial
MET06:987	Tumor/Epithelial
MET06:988	Tumor/Epithelial
MET06:989	Tumor/Epithelial
MET06:990	Tumor/Epithelial
MET06:991	Tumor/Epithelial
MET06:992	Tumor/Epithelial
MET06:993	Tumor/Epithelial
MET06:994	Tumor/Epithelial
MET06:995	Tumor/Epithelial
MET06:996	Tumor/Epithelial
MET06:997	Tumor/Epithelial
MET06:998	Myeloid
MET06:999	Tumor/Epithelial
MET06:1000	Tumor/Epithelial
MET06:1001	Tumor/Epithelial
MET06:1002	Tumor/Epithelial
MET06:1003	Tumor/Epithelial
MET06:1004	Tumor/Epithelial
MET06:1005	Tumor/Epithelial
MET06:1006	Tumor/Epithelial
MET06:1007	Tumor/Epithelial
MET06:1008	Tumor/Epithelial
MET06:1009	Tumor/Epithelial
MET06:1010	Tumor/Epithelial
MET06:1011	Tumor/Epithelial
MET06:1012	Tumor/Epithelial
MET06:1013	Tumor/Epithelial
MET06:1014	Tumor/Epithelial
MET06:1015	Tumor/Epithelial
MET06:1016	Tumor/Epithelial
MET06:1017	Tumor/Epithelial
MET06:1018	Tumor/Epithelial
MET06:1019	Myeloid
MET06:1020	Tumor/Epithelial
MET06:1021	Tumor/Epithelial
MET06:1022	Myeloid
MET06:1023	Tumor/Epithelial
MET06:1024	T/NK
MET06:1025	T/NK
MET06:1026	Tumor/Epithelial
MET06:1027	Tumor/Epithelial
MET06:1028	Tumor/Epithelial
MET06:1029	Tumor/Epithelial
MET06:1030	Tumor/Epithelial
MET06:1031	Tumor/Epithelial
MET06:1032	Tumor/Epithelial
MET06:1033	Tumor/Epithelial
MET06:1034	B/Plasma
MET06:1035	Tumor/Epithelial
MET06:1036	Tumor/Epithelial
MET06:1037	Tumor/Epithelial
MET06:1038	Tumor/Epithelial
MET06:1039	Tumor/Epithelial
MET06:1040	T/NK
MET06:1041	Tumor/Epithelial
MET06:1042	Tumor/Epithelial
MET06:1043	Myeloid
MET06:1044	Tumor/Epithelial
MET06:1045	Tumor/Epithelial
MET06:1046	Tumor/Epithelial
MET06:1047	Tumor/Epithelial
MET06:1048	Tumor/Epithelial
MET06:1049	Tumor/Epithelial
MET06:1050	Tumor/Epithelial
MET06:1051	Tumor/Epithelial
MET06:1052	Tumor/Epithelial
MET06:1053	Tumor/Epithelial
MET06:1054	Tumor/Epithelial
MET06:1055	Tumor/Epithelial
MET06:1056	Tumor/Epithelial
MET06:1057	Tumor/Epithelial
MET06:1058	Tumor/Epithelial
MET06:1059	Tumor/Epithelial
MET06:1060	Tumor/Epithelial
MET06:1061	Tumor/Epithelial
MET06:1062	Tumor/Epithelial
MET06:1063	Tumor/Epithelial
MET06:1064	Tumor/Epithelial
MET06:1065	Tumor/Epithelial
MET06:1066	Tumor/Epithelial
MET06:1067	Tumor/Epithelial
MET06:1068	Tumor/Epithelial
MET06:1069	Tumor/Epithelial
MET06:1070	Tumor/Epithelial
MET06:1071	Tumor/Epithelial
MET06:1072	Tumor/Epithelial
MET06:1073	Tumor/Epithelial
MET06:1074	Tumor/Epithelial
MET06:1075	Myeloid
MET06:1076	Tumor/Epithelial
MET06:1077	Tumor/Epithelial
MET06:1078	Tumor/Epithelial
MET06:1079	Tumor/Epithelial
MET06:1080	Tumor/Epithelial
MET06:1081	Tumor/Epithelial
MET06:1082	Tumor/Epithelial
MET06:1083	Tumor/Epithelial
MET06:1084	Tumor/Epithelial
MET06:1085	Tumor/Epithelial
MET06:1086	Tumor/Epithelial
MET06:1087	Tumor/Epithelial
MET06:1088	Tumor/Epithelial
MET06:1089	Tumor/Epithelial
MET06:1090	Tumor/Epithelial
MET06:1091	Tumor/Epithelial
MET06:1092	Tumor/Epithelial
MET06:1093	Tumor/Epithelial
MET06:1094	Tumor/Epithelial
MET06:1095	Tumor/Epithelial
MET06:1096	Tumor/Epithelial
MET06:1097	Tumor/Epithelial
MET06:1098	Tumor/Epithelial
MET06:1099	Tumor/Epithelial
MET06:1100	Tumor/Epithelial
MET06:1101	Tumor/Epithelial
MET06:1102	Tumor/Epithelial
MET06:1103	Tumor/Epithelial
MET06:1104	Tumor/Epithelial
MET06:1105	Tumor/Epithelial
MET06:1106	Tumor/Epithelial
MET06:1107	Tumor/Epithelial
MET06:1108	Tumor/Epithelial
MET06:1109	Tumor/Epithelial
MET06:1110	Tumor/Epithelial
MET06:1111	Tumor/Epithelial
MET06:1112	Tumor/Epithelial
MET06:1113	Tumor/Epithelial
MET06:1114	Tumor/Epithelial
MET06:1115	Tumor/Epithelial
MET06:1116	Tumor/Epithelial
MET06:1117	Tumor/Epithelial
MET06:1118	Tumor/Epithelial
MET06:1119	Tumor/Epithelial
MET06:1120	Tumor/Epithelial
MET06:1121	Tumor/Epithelial
MET06:1122	Tumor/Epithelial
MET06:1123	Tumor/Epithelial
MET06:1124	Tumor/Epithelial
MET06:1125	Tumor/Epithelial
MET06:1126	Tumor/Epithelial
MET06:1127	Tumor/Epithelial
MET06:1128	Tumor/Epithelial
MET06:1129	Tumor/Epithelial
MET06:1130	Tumor/Epithelial
MET06:1131	Tumor/Epithelial
MET06:1132	Tumor/Epithelial
MET06:1133	Tumor/Epithelial
MET06:1134	Tumor/Epithelial
MET06:1135	Tumor/Epithelial
MET06:1136	Tumor/Epithelial
MET06:1137	Tumor/Epithelial
MET06:1138	Tumor/Epithelial
MET06:1139	Tumor/Epithelial
MET06:1140	Tumor/Epithelial
MET06:1141	Tumor/Epithelial
MET06:1142	Unknown
MET06:1143	Tumor/Epithelial
MET06:1144	Tumor/Epithelial
MET06:1145	Tumor/Epithelial
MET06:1146	Tumor/Epithelial
MET06:1147	Tumor/Epithelial
MET06:1148	Tumor/Epithelial
MET06:1149	Tumor/Epithelial
MET06:1150	Tumor/Epithelial
MET06:1151	Tumor/Epithelial
MET06:1152	Tumor/Epithelial
MET06:1153	Tumor/Epithelial
MET06:1154	Tumor/Epithelial
MET06:1155	Tumor/Epithelial
MET06:1156	Tumor/Epithelial
MET06:1157	Tumor/Epithelial
MET06:1158	Tumor/Epithelial
MET06:1159	Myeloid
MET06:1160	Tumor/Epithelial
MET06:1161	Tumor/Epithelial
MET06:1162	Tumor/Epithelial
MET06:1163	Tumor/Epithelial
MET06:1164	Myeloid
MET06:1165	Tumor/Epithelial
MET06:1166	T/NK
MET06:1167	Tumor/Epithelial
MET06:1168	Tumor/Epithelial
MET06:1169	Tumor/Epithelial
MET06:1170	Tumor/Epithelial
MET06:1171	B/Plasma
MET06:1172	Tumor/Epithelial
MET06:1173	Tumor/Epithelial
MET06:1174	Tumor/Epithelial
MET06:1175	Tumor/Epithelial
MET06:1176	Tumor/Epithelial
MET06:1177	Tumor/Epithelial
MET06:1178	Tumor/Epithelial
MET06:1179	Tumor/Epithelial
MET06:1180	Tumor/Epithelial
MET06:1181	Tumor/Epithelial
MET06:1182	Tumor/Epithelial
MET06:1183	Tumor/Epithelial
MET06:1184	Tumor/Epithelial
MET06:1185	Tumor/Epithelial
MET06:1186	Tumor/Epithelial
MET06:1187	Tumor/Epithelial
MET06:1188	Tumor/Epithelial
MET06:1189	Tumor/Epithelial
MET06:1190	Myeloid
MET06:1191	Tumor/Epithelial
MET06:1192	Tumor/Epithelial
MET06:1193	Tumor/Epithelial
MET06:1194	Tumor/Epithelial
MET06:1195	Tumor/Epithelial
MET06:1196	Tumor/Epithelial
MET06:1197	Tumor/Epithelial
MET06:1198	Tumor/Epithelial
MET06:1199	Tumor/Epithelial
MET06:1200	T/NK
MET06:1201	Tumor/Epithelial
MET06:1202	Tumor/Epithelial
MET06:1203	Tumor/Epithelial
MET06:1204	Tumor/Epithelial
MET06:1205	Tumor/Epithelial
MET06:1206	Tumor/Epithelial
MET06:1207	Tumor/Epithelial
MET06:1208	Myeloid
MET06:1209	Tumor/Epithelial
MET06:1210	Tumor/Epithelial
MET06:1211	Tumor/Epithelial
MET06:1212	Tumor/Epithelial
MET06:1213	Tumor/Epithelial
MET06:1214	Tumor/Epithelial
MET06:1215	Tumor/Epithelial
MET06:1216	Tumor/Epithelial
MET06:1217	Tumor/Epithelial
MET06:1218	Tumor/Epithelial
MET06:1219	Tumor/Epithelial
MET06:1220	T/NK
MET06:1221	Tumor/Epithelial
MET06:1222	Tumor/Epithelial
MET06:1223	Tumor/Epithelial
MET06:1224	Tumor/Epithelial
MET06:1225	Tumor/Epithelial
MET06:1226	Tumor/Epithelial
MET06:1227	Tumor/Epithelial
MET06:1228	Tumor/Epithelial
MET06:1229	Tumor/Epithelial
MET06:1230	Tumor/Epithelial
MET06:1231	Tumor/Epithelial
MET06:1232	Tumor/Epithelial
MET06:1233	Myeloid
MET06:1234	Tumor/Epithelial
MET06:1235	Tumor/Epithelial
MET06:1236	Tumor/Epithelial
MET06:1237	Tumor/Epithelial
MET06:1238	Myeloid
MET06:1239	Tumor/Epithelial
MET06:1240	Tumor/Epithelial
MET06:1241	Tumor/Epithelial
MET06:1242	Tumor/Epithelial
MET06:1243	Tumor/Epithelial
MET06:1244	Unknown
MET06:1245	Tumor/Epithelial
MET06:1246	Tumor/Epithelial
MET06:1247	Tumor/Epithelial
MET06:1248	Tumor/Epithelial
MET06:1249	Tumor/Epithelial
MET06:1250	Tumor/Epithelial
MET06:1251	Tumor/Epithelial
MET06:1252	Tumor/Epithelial
MET06:1253	Tumor/Epithelial
MET06:1254	Tumor/Epithelial
MET06:1255	Tumor/Epithelial
MET06:1256	Tumor/Epithelial
MET06:1257	Tumor/Epithelial
MET06:1258	Myeloid
MET06:1259	Tumor/Epithelial
MET06:1260	Tumor/Epithelial
MET06:1261	Tumor/Epithelial
MET06:1262	Tumor/Epithelial
MET06:1263	Tumor/Epithelial
MET06:1264	Tumor/Epithelial
MET06:1265	Tumor/Epithelial
MET06:1266	Tumor/Epithelial
MET06:1267	Tumor/Epithelial
MET06:1268	Tumor/Epithelial
MET06:1269	Tumor/Epithelial
MET06:1270	Tumor/Epithelial
MET06:1271	Tumor/Epithelial
MET06:1272	Tumor/Epithelial
MET06:1273	Tumor/Epithelial
MET06:1274	Tumor/Epithelial
MET06:1275	Tumor/Epithelial
MET06:1276	Unknown
MET06:1277	CAF/Fibroblast
MET06:1278	Tumor/Epithelial
MET06:1279	Tumor/Epithelial
MET06:1280	Tumor/Epithelial
MET06:1281	Tumor/Epithelial
MET06:1282	Tumor/Epithelial
MET06:1283	Tumor/Epithelial
MET06:1284	Tumor/Epithelial
MET06:1285	Tumor/Epithelial
MET06:1286	Tumor/Epithelial
MET06:1287	Tumor/Epithelial
MET06:1288	Tumor/Epithelial
MET06:1289	Myeloid
MET06:1290	Tumor/Epithelial
MET06:1291	Tumor/Epithelial
MET06:1292	Tumor/Epithelial
MET06:1293	Tumor/Epithelial
MET06:1294	Myeloid
MET06:1295	Tumor/Epithelial
MET06:1296	Tumor/Epithelial
MET06:1297	Tumor/Epithelial
MET06:1298	Tumor/Epithelial
MET06:1299	Tumor/Epithelial
MET06:1300	Tumor/Epithelial
MET06:1301	Tumor/Epithelial
MET06:1302	Tumor/Epithelial
MET06:1303	Tumor/Epithelial
MET06:1304	Tumor/Epithelial
MET06:1305	Tumor/Epithelial
MET06:1306	Tumor/Epithelial
MET06:1307	Tumor/Epithelial
MET06:1308	Tumor/Epithelial
MET06:1309	Tumor/Epithelial
MET06:1310	Myeloid
MET06:1311	T/NK
MET06:1312	Tumor/Epithelial
MET06:1313	Tumor/Epithelial
MET06:1314	Tumor/Epithelial
MET06:1315	Tumor/Epithelial
MET06:1316	Tumor/Epithelial
MET06:1317	Tumor/Epithelial
MET06:1318	Tumor/Epithelial
MET06:1319	Tumor/Epithelial
MET06:1320	Tumor/Epithelial
MET06:1321	Tumor/Epithelial
MET06:1322	Tumor/Epithelial
MET06:1323	Tumor/Epithelial
MET06:1324	Tumor/Epithelial
MET06:1325	Tumor/Epithelial
MET06:1326	Tumor/Epithelial
MET06:1327	Tumor/Epithelial
MET06:1328	T/NK
MET06:1329	Tumor/Epithelial
MET06:1330	Tumor/Epithelial
MET06:1331	Tumor/Epithelial
MET06:1332	Tumor/Epithelial
MET06:1333	Tumor/Epithelial
MET06:1334	Tumor/Epithelial
MET06:1335	Tumor/Epithelial
MET06:1336	Unknown
MET06:1337	T/NK
MET06:1338	Tumor/Epithelial
MET06:1339	Tumor/Epithelial
MET06:1340	Tumor/Epithelial
MET06:1341	Tumor/Epithelial
MET06:1342	Tumor/Epithelial
MET06:1343	Tumor/Epithelial
MET06:1344	Tumor/Epithelial
MET06:1345	T/NK
MET06:1346	Tumor/Epithelial
MET06:1347	Tumor/Epithelial
MET06:1348	Tumor/Epithelial
MET06:1349	T/NK
MET06:1350	Tumor/Epithelial
MET06:1351	Tumor/Epithelial
MET06:1352	Tumor/Epithelial
MET06:1353	Tumor/Epithelial
MET06:1354	Tumor/Epithelial
MET06:1355	T/NK
MET06:1356	Tumor/Epithelial
MET06:1357	Tumor/Epithelial
MET06:1358	Tumor/Epithelial
MET06:1359	Tumor/Epithelial
MET06:1360	Tumor/Epithelial
MET06:1361	Tumor/Epithelial
MET06:1362	Tumor/Epithelial
MET06:1363	Tumor/Epithelial
MET06:1364	Tumor/Epithelial
MET06:1365	Tumor/Epithelial
MET06:1366	Myeloid
MET06:1367	Tumor/Epithelial
MET06:1368	Myeloid
MET06:1369	Tumor/Epithelial
MET06:1370	T/NK
MET06:1371	Tumor/Epithelial
MET06:1372	Tumor/Epithelial
MET06:1373	T/NK
MET06:1374	Tumor/Epithelial
MET06:1375	Myeloid
MET06:1376	Tumor/Epithelial
MET06:1377	Tumor/Epithelial
MET06:1378	Tumor/Epithelial
MET06:1379	Tumor/Epithelial
MET06:1380	Tumor/Epithelial
MET06:1381	Tumor/Epithelial
MET06:1382	Tumor/Epithelial
MET06:1383	Tumor/Epithelial
MET06:1384	Tumor/Epithelial
MET06:1385	Tumor/Epithelial
MET06:1386	Tumor/Epithelial
MET06:1387	Tumor/Epithelial
MET06:1388	Tumor/Epithelial
MET06:1389	Tumor/Epithelial
MET06:1390	Tumor/Epithelial
MET06:1391	Tumor/Epithelial
MET06:1392	Myeloid
MET06:1393	Tumor/Epithelial
MET06:1394	Tumor/Epithelial
MET06:1395	Tumor/Epithelial
MET06:1396	Tumor/Epithelial
MET06:1397	Tumor/Epithelial
MET06:1398	Tumor/Epithelial
MET06:1399	Tumor/Epithelial
MET06:1400	Tumor/Epithelial
MET06:1401	Tumor/Epithelial
MET06:1402	Tumor/Epithelial
MET06:1403	Tumor/Epithelial
MET06:1404	Tumor/Epithelial
MET06:1405	Tumor/Epithelial
MET06:1406	T/NK
MET06:1407	Tumor/Epithelial
MET06:1408	Tumor/Epithelial
MET06:1409	Tumor/Epithelial
MET06:1410	Tumor/Epithelial
MET06:1411	Myeloid
MET06:1412	Tumor/Epithelial
MET06:1413	Tumor/Epithelial
MET06:1414	Tumor/Epithelial
MET06:1415	Tumor/Epithelial
MET06:1416	Myeloid
MET06:1417	Tumor/Epithelial
MET06:1418	Tumor/Epithelial
MET06:1419	Tumor/Epithelial
MET06:1420	Tumor/Epithelial
MET06:1421	Tumor/Epithelial
MET06:1422	Tumor/Epithelial
MET06:1423	Tumor/Epithelial
MET06:1424	Tumor/Epithelial
MET06:1425	Tumor/Epithelial
MET06:1426	Tumor/Epithelial
MET06:1427	Tumor/Epithelial
MET06:1428	Tumor/Epithelial
MET06:1429	Tumor/Epithelial
MET06:1430	Tumor/Epithelial
MET06:1431	Tumor/Epithelial
MET06:1432	Tumor/Epithelial
MET06:1433	Tumor/Epithelial
MET06:1434	Tumor/Epithelial
MET06:1435	Tumor/Epithelial
MET06:1436	Tumor/Epithelial
MET06:1437	Myeloid
MET06:1438	Tumor/Epithelial
MET06:1439	Tumor/Epithelial
MET06:1440	Tumor/Epithelial
MET06:1441	Tumor/Epithelial
MET06:1442	Tumor/Epithelial
MET06:1443	Tumor/Epithelial
MET06:1444	Tumor/Epithelial
MET06:1445	Tumor/Epithelial
MET06:1446	Tumor/Epithelial
MET06:1447	Tumor/Epithelial
MET06:1448	T/NK
MET06:1449	Tumor/Epithelial
MET06:1450	Tumor/Epithelial
MET06:1451	Tumor/Epithelial
MET06:1452	Tumor/Epithelial
MET06:1453	Tumor/Epithelial
MET06:1454	Tumor/Epithelial
MET06:1455	Tumor/Epithelial
MET06:1456	Tumor/Epithelial
MET06:1457	Tumor/Epithelial
MET06:1458	Tumor/Epithelial
MET06:1459	Tumor/Epithelial
MET06:1460	Tumor/Epithelial
MET06:1461	Tumor/Epithelial
MET06:1462	Tumor/Epithelial
MET06:1463	Tumor/Epithelial
MET06:1464	Tumor/Epithelial
MET06:1465	Tumor/Epithelial
MET06:1466	Tumor/Epithelial
MET06:1467	Tumor/Epithelial
MET06:1468	Tumor/Epithelial
MET06:1469	Tumor/Epithelial
MET06:1470	Tumor/Epithelial
MET06:1471	Tumor/Epithelial
MET06:1472	Tumor/Epithelial
MET06:1473	Tumor/Epithelial
MET06:1474	Tumor/Epithelial
MET06:1475	Tumor/Epithelial
MET06:1476	Tumor/Epithelial
MET06:1477	Tumor/Epithelial
MET06:1478	Tumor/Epithelial
MET06:1479	Tumor/Epithelial
MET06:1480	Tumor/Epithelial
MET06:1481	Tumor/Epithelial
MET06:1482	Tumor/Epithelial
MET06:1483	Tumor/Epithelial
MET06:1484	Tumor/Epithelial
MET06:1485	Tumor/Epithelial
MET06:1486	Tumor/Epithelial
MET06:1487	Tumor/Epithelial
MET06:1488	Tumor/Epithelial
MET06:1489	Tumor/Epithelial
MET06:1490	Tumor/Epithelial
MET06:1491	Tumor/Epithelial
MET06:1492	Tumor/Epithelial
MET06:1493	Tumor/Epithelial
MET06:1494	Tumor/Epithelial
MET06:1495	Tumor/Epithelial
MET06:1496	Tumor/Epithelial
MET06:1497	Tumor/Epithelial
MET06:1498	Tumor/Epithelial
MET06:1499	Tumor/Epithelial
MET06:1500	Tumor/Epithelial
MET06:1501	Tumor/Epithelial
MET06:1502	Tumor/Epithelial
MET06:1503	Tumor/Epithelial
MET06:1504	Tumor/Epithelial
MET06:1505	Tumor/Epithelial
MET06:1506	Tumor/Epithelial
MET06:1507	Tumor/Epithelial
MET06:1508	Tumor/Epithelial
MET06:1509	Tumor/Epithelial
MET06:1510	Tumor/Epithelial
MET06:1511	Tumor/Epithelial
MET06:1512	Tumor/Epithelial
MET06:1513	Unknown
MET06:1514	Tumor/Epithelial
MET06:1515	Myeloid
MET06:1516	Tumor/Epithelial
MET06:1517	Tumor/Epithelial
MET06:1518	Tumor/Epithelial
MET06:1519	Tumor/Epithelial
MET06:1520	Tumor/Epithelial
MET06:1521	Tumor/Epithelial
MET06:1522	Tumor/Epithelial
MET06:1523	Tumor/Epithelial
MET06:1524	Tumor/Epithelial
MET06:1525	Tumor/Epithelial
MET06:1526	Tumor/Epithelial
MET06:1527	Tumor/Epithelial
MET06:1528	Tumor/Epithelial
MET06:1529	Tumor/Epithelial
MET06:1530	Tumor/Epithelial
MET06:1531	Tumor/Epithelial
MET06:1532	Tumor/Epithelial
MET06:1533	Tumor/Epithelial
MET06:1534	Tumor/Epithelial
MET06:1535	Tumor/Epithelial
MET06:1536	Tumor/Epithelial
MET06:1537	Tumor/Epithelial
MET06:1538	Tumor/Epithelial
MET06:1539	Tumor/Epithelial
MET06:1540	Tumor/Epithelial
MET06:1541	Tumor/Epithelial
MET06:1542	Tumor/Epithelial
MET06:1543	Tumor/Epithelial
MET06:1544	Tumor/Epithelial
MET06:1545	Tumor/Epithelial
MET06:1546	Tumor/Epithelial
MET06:1547	Tumor/Epithelial
MET06:1548	Tumor/Epithelial
MET06:1549	Tumor/Epithelial
MET06:1550	Tumor/Epithelial
MET06:1551	Tumor/Epithelial
MET06:1552	Tumor/Epithelial
MET06:1553	Tumor/Epithelial
MET06:1554	Tumor/Epithelial
MET06:1555	Tumor/Epithelial
MET06:1556	Tumor/Epithelial
MET06:1557	Tumor/Epithelial
MET06:1558	Tumor/Epithelial
MET06:1559	Tumor/Epithelial
MET06:1560	Tumor/Epithelial
MET06:1561	Tumor/Epithelial
MET06:1562	Tumor/Epithelial
MET06:1563	Tumor/Epithelial
MET06:1564	Tumor/Epithelial
MET06:1565	Tumor/Epithelial
MET06:1566	Tumor/Epithelial
MET06:1567	Tumor/Epithelial
MET06:1568	Tumor/Epithelial
MET06:1569	Tumor/Epithelial
MET06:1570	Tumor/Epithelial
MET06:1571	Tumor/Epithelial
MET06:1572	Myeloid
MET06:1573	Tumor/Epithelial
MET06:1574	Tumor/Epithelial
MET06:1575	Tumor/Epithelial
MET06:1576	Tumor/Epithelial
MET06:1577	Tumor/Epithelial
MET06:1578	Tumor/Epithelial
MET06:1579	Tumor/Epithelial
MET06:1580	Tumor/Epithelial
MET06:1581	Tumor/Epithelial
MET06:1582	Tumor/Epithelial
MET06:1583	Tumor/Epithelial
MET06:1584	Tumor/Epithelial
MET06:1585	Tumor/Epithelial
MET06:1586	Tumor/Epithelial
MET06:1587	Tumor/Epithelial
MET06:1588	Tumor/Epithelial
MET06:1589	Tumor/Epithelial
MET06:1590	Tumor/Epithelial
MET06:1591	Myeloid
MET06:1592	Myeloid
MET06:1593	Tumor/Epithelial
MET06:1594	Tumor/Epithelial
MET06:1595	Tumor/Epithelial
MET06:1596	Tumor/Epithelial
MET06:1597	Tumor/Epithelial
MET06:1598	Tumor/Epithelial
MET06:1599	Tumor/Epithelial
MET06:1600	Tumor/Epithelial
MET06:1601	Tumor/Epithelial
MET06:1602	Tumor/Epithelial
MET06:1603	Myeloid
MET06:1604	Tumor/Epithelial
MET06:1605	Tumor/Epithelial
MET06:1606	Myeloid
MET06:1607	Tumor/Epithelial
MET06:1608	Tumor/Epithelial
MET06:1609	Tumor/Epithelial
MET06:1610	Tumor/Epithelial
MET06:1611	Tumor/Epithelial
MET06:1612	Tumor/Epithelial
MET06:1613	Tumor/Epithelial
MET06:1614	Tumor/Epithelial
MET06:1615	Tumor/Epithelial
MET06:1616	Tumor/Epithelial
MET06:1617	Myeloid
MET06:1618	Tumor/Epithelial
MET06:1619	Tumor/Epithelial
MET06:1620	Tumor/Epithelial
MET06:1621	Tumor/Epithelial
MET06:1622	Tumor/Epithelial
MET06:1623	Tumor/Epithelial
MET06:1624	Tumor/Epithelial
MET06:1625	Tumor/Epithelial
MET06:1626	Tumor/Epithelial
MET06:1627	Tumor/Epithelial
MET06:1628	Tumor/Epithelial
MET06:1629	Tumor/Epithelial
MET06:1630	Tumor/Epithelial
MET06:1631	Tumor/Epithelial
MET06:1632	Myeloid
MET06:1633	Tumor/Epithelial
MET06:1634	Tumor/Epithelial
MET06:1635	Tumor/Epithelial
MET06:1636	Tumor/Epithelial
MET06:1637	Tumor/Epithelial
MET06:1638	Tumor/Epithelial
MET06:1639	Tumor/Epithelial
MET06:1640	Tumor/Epithelial
MET06:1641	Tumor/Epithelial
MET06:1642	Tumor/Epithelial
MET06:1643	Tumor/Epithelial
MET06:1644	Tumor/Epithelial
MET06:1645	Tumor/Epithelial
MET06:1646	Tumor/Epithelial
MET06:1647	Tumor/Epithelial
MET06:1648	Tumor/Epithelial
MET06:1649	Tumor/Epithelial
MET06:1650	Tumor/Epithelial
MET06:1651	Tumor/Epithelial
MET06:1652	Tumor/Epithelial
MET06:1653	Tumor/Epithelial
MET06:1654	Tumor/Epithelial
MET06:1655	Tumor/Epithelial
MET06:1656	Tumor/Epithelial
MET06:1657	Tumor/Epithelial
MET06:1658	Tumor/Epithelial
MET06:1659	Tumor/Epithelial
MET06:1660	Tumor/Epithelial
MET06:1661	Tumor/Epithelial
MET06:1662	Tumor/Epithelial
MET06:1663	Tumor/Epithelial
MET06:1664	Tumor/Epithelial
MET06:1665	Tumor/Epithelial
MET06:1666	Tumor/Epithelial
MET06:1667	Myeloid
MET06:1668	Tumor/Epithelial
MET06:1669	Tumor/Epithelial
MET06:1670	Tumor/Epithelial
MET06:1671	Tumor/Epithelial
MET06:1672	Tumor/Epithelial
MET06:1673	Tumor/Epithelial
MET06:1674	Tumor/Epithelial
MET06:1675	Tumor/Epithelial
MET06:1676	Tumor/Epithelial
MET06:1677	Tumor/Epithelial
MET06:1678	Tumor/Epithelial
MET06:1679	Tumor/Epithelial
MET06:1680	Tumor/Epithelial
MET06:1681	Tumor/Epithelial
MET06:1682	Tumor/Epithelial
MET06:1683	Tumor/Epithelial
MET06:1684	Tumor/Epithelial
MET06:1685	Tumor/Epithelial
MET06:1686	Tumor/Epithelial
MET06:1687	Tumor/Epithelial
MET06:1688	Tumor/Epithelial
MET06:1689	Tumor/Epithelial
MET06:1690	Tumor/Epithelial
MET06:1691	Tumor/Epithelial
MET06:1692	Tumor/Epithelial
MET06:1693	Tumor/Epithelial
MET06:1694	Myeloid
MET06:1695	Tumor/Epithelial
MET06:1696	Tumor/Epithelial
MET06:1697	Tumor/Epithelial
MET06:1698	Tumor/Epithelial
MET06:1699	Tumor/Epithelial
MET06:1700	Tumor/Epithelial
MET06:1701	Tumor/Epithelial
MET06:1702	Tumor/Epithelial
MET06:1703	Tumor/Epithelial
MET06:1704	Tumor/Epithelial
MET06:1705	Tumor/Epithelial
MET06:1706	Tumor/Epithelial
MET06:1707	Tumor/Epithelial
MET06:1708	Tumor/Epithelial
MET06:1709	Tumor/Epithelial
MET06:1710	Tumor/Epithelial
MET06:1711	Tumor/Epithelial
MET06:1712	Myeloid
MET06:1713	Tumor/Epithelial
MET06:1714	Tumor/Epithelial
MET06:1715	Tumor/Epithelial
MET06:1716	Tumor/Epithelial
MET06:1717	Tumor/Epithelial
MET06:1718	Tumor/Epithelial
MET06:1719	Tumor/Epithelial
MET06:1720	Tumor/Epithelial
MET06:1721	Tumor/Epithelial
MET06:1722	Tumor/Epithelial
MET06:1723	Tumor/Epithelial
MET06:1724	Tumor/Epithelial
MET06:1725	Tumor/Epithelial
MET06:1726	Tumor/Epithelial
MET06:1727	Tumor/Epithelial
MET06:1728	Tumor/Epithelial
MET06:1729	Tumor/Epithelial
MET06:1730	Tumor/Epithelial
MET06:1731	Tumor/Epithelial
MET06:1732	Tumor/Epithelial
MET06:1733	Tumor/Epithelial
MET06:1734	Tumor/Epithelial
MET06:1735	Tumor/Epithelial
MET06:1736	Tumor/Epithelial
MET06:1737	Tumor/Epithelial
MET06:1738	Tumor/Epithelial
MET06:1739	Tumor/Epithelial
MET06:1740	T/NK
MET06:1741	Tumor/Epithelial
MET06:1742	Tumor/Epithelial
MET06:1743	Tumor/Epithelial
MET06:1744	Tumor/Epithelial
MET06:1745	Tumor/Epithelial
MET06:1746	Tumor/Epithelial
MET06:1747	Tumor/Epithelial
MET06:1748	Tumor/Epithelial
MET06:1749	Tumor/Epithelial
MET06:1750	Tumor/Epithelial
MET06:1751	Tumor/Epithelial
MET06:1752	Tumor/Epithelial
MET06:1753	Tumor/Epithelial
MET06:1754	Tumor/Epithelial
MET06:1755	Tumor/Epithelial
MET06:1756	Tumor/Epithelial
MET06:1757	Tumor/Epithelial
MET06:1758	Tumor/Epithelial
MET06:1759	Tumor/Epithelial
MET06:1760	Tumor/Epithelial
MET06:1761	Tumor/Epithelial
MET06:1762	Tumor/Epithelial
MET06:1763	Tumor/Epithelial
MET06:1764	Tumor/Epithelial
MET06:1765	Tumor/Epithelial
MET06:1766	Tumor/Epithelial
MET06:1767	Tumor/Epithelial
MET06:1768	Tumor/Epithelial
MET06:1769	Tumor/Epithelial
MET06:1770	Tumor/Epithelial
MET06:1771	Tumor/Epithelial
MET06:1772	Tumor/Epithelial
MET06:1773	Tumor/Epithelial
MET06:1774	Tumor/Epithelial
MET06:1775	Tumor/Epithelial
MET06:1776	Tumor/Epithelial
MET06:1777	Tumor/Epithelial
MET06:1778	Myeloid
MET06:1779	Tumor/Epithelial
MET06:1780	Tumor/Epithelial
MET06:1781	Tumor/Epithelial
MET06:1782	Tumor/Epithelial
MET06:1783	Tumor/Epithelial
MET06:1784	Tumor/Epithelial
MET06:1785	Tumor/Epithelial
MET06:1786	Tumor/Epithelial
MET06:1787	Tumor/Epithelial
MET06:1788	Tumor/Epithelial
MET06:1789	Tumor/Epithelial
MET06:1790	Tumor/Epithelial
MET06:1791	Tumor/Epithelial
MET06:1792	Tumor/Epithelial
MET06:1793	Tumor/Epithelial
MET06:1794	Tumor/Epithelial
MET06:1795	Tumor/Epithelial
MET06:1796	Tumor/Epithelial
MET06:1797	Tumor/Epithelial
MET06:1798	Tumor/Epithelial
MET06:1799	Tumor/Epithelial
MET06:1800	Unknown
MET06:1801	Tumor/Epithelial
MET06:1802	Tumor/Epithelial
MET06:1803	Tumor/Epithelial
MET06:1804	Tumor/Epithelial
MET06:1805	Tumor/Epithelial
MET06:1806	Tumor/Epithelial
MET06:1807	Tumor/Epithelial
MET06:1808	Tumor/Epithelial
MET06:1809	Myeloid
MET06:1810	Tumor/Epithelial
MET06:1811	Unknown
MET06:1812	Tumor/Epithelial
MET06:1813	Tumor/Epithelial
MET06:1814	Myeloid
MET06:1815	Tumor/Epithelial
MET06:1816	Tumor/Epithelial
MET06:1817	Tumor/Epithelial
MET06:1818	Tumor/Epithelial
MET06:1819	Tumor/Epithelial
MET06:1820	Tumor/Epithelial
MET06:1821	Tumor/Epithelial
MET06:1822	Tumor/Epithelial
MET06:1823	Tumor/Epithelial
MET06:1824	Tumor/Epithelial
MET06:1825	Unknown
MET06:1826	Tumor/Epithelial
MET06:1827	Myeloid
MET06:1828	Tumor/Epithelial
MET06:1829	Tumor/Epithelial
MET06:1830	Tumor/Epithelial
MET06:1831	Tumor/Epithelial
MET06:1832	Tumor/Epithelial
MET06:1833	Tumor/Epithelial
MET06:1834	Tumor/Epithelial
MET06:1835	Tumor/Epithelial
MET06:1836	Tumor/Epithelial
MET06:1837	Tumor/Epithelial
MET06:1838	Tumor/Epithelial
MET06:1839	Tumor/Epithelial
MET06:1840	Tumor/Epithelial
MET06:1841	Tumor/Epithelial
MET06:1842	Tumor/Epithelial
MET06:1843	Myeloid
MET06:1844	Tumor/Epithelial
MET06:1845	Tumor/Epithelial
MET06:1846	Tumor/Epithelial
MET06:1847	Tumor/Epithelial
MET06:1848	Tumor/Epithelial
MET06:1849	Tumor/Epithelial
MET06:1850	Tumor/Epithelial
MET06:1851	Tumor/Epithelial
MET06:1852	Tumor/Epithelial
MET06:1853	Tumor/Epithelial
MET06:1854	Tumor/Epithelial
MET06:1855	Tumor/Epithelial
MET06:1856	Tumor/Epithelial
MET06:1857	Tumor/Epithelial
MET06:1858	Tumor/Epithelial
MET06:1859	Tumor/Epithelial
MET06:1860	Tumor/Epithelial
MET06:1861	Tumor/Epithelial
MET06:1862	Tumor/Epithelial
MET06:1863	Tumor/Epithelial
MET06:1864	Tumor/Epithelial
MET06:1865	Tumor/Epithelial
MET06:1866	Tumor/Epithelial
MET06:1867	Tumor/Epithelial
MET06:1868	Tumor/Epithelial
MET06:1869	Tumor/Epithelial
MET06:1870	Tumor/Epithelial
MET06:1871	Tumor/Epithelial
MET06:1872	Tumor/Epithelial
MET06:1873	Tumor/Epithelial
MET06:1874	Tumor/Epithelial
MET06:1875	Tumor/Epithelial
MET06:1876	Tumor/Epithelial
MET06:1877	Tumor/Epithelial
MET06:1878	Tumor/Epithelial
MET06:1879	Tumor/Epithelial
MET06:1880	Tumor/Epithelial
MET06:1881	Tumor/Epithelial
MET06:1882	Tumor/Epithelial
MET06:1883	Tumor/Epithelial
MET06:1884	Tumor/Epithelial
MET06:1885	Tumor/Epithelial
MET06:1886	Tumor/Epithelial
MET06:1887	Tumor/Epithelial
MET06:1888	Tumor/Epithelial
MET06:1889	Tumor/Epithelial
MET06:1890	Tumor/Epithelial
MET06:1891	Tumor/Epithelial
MET06:1892	Tumor/Epithelial
MET06:1893	Tumor/Epithelial
MET06:1894	Tumor/Epithelial
MET06:1895	Tumor/Epithelial
MET06:1896	Tumor/Epithelial
MET06:1897	Tumor/Epithelial
MET06:1898	Tumor/Epithelial
MET06:1899	Tumor/Epithelial
MET06:1900	Tumor/Epithelial
MET06:1901	Tumor/Epithelial
MET06:1902	Tumor/Epithelial
MET06:1903	Tumor/Epithelial
MET06:1904	Tumor/Epithelial
MET06:1905	Tumor/Epithelial
MET06:1906	Tumor/Epithelial
MET06:1907	Tumor/Epithelial
MET06:1908	Myeloid
MET06:1909	Tumor/Epithelial
MET06:1910	Tumor/Epithelial
MET06:1911	Tumor/Epithelial
MET06:1912	Tumor/Epithelial
MET06:1913	Tumor/Epithelial
MET06:1914	Myeloid
MET06:1915	Tumor/Epithelial
MET06:1916	Tumor/Epithelial
MET06:1917	Tumor/Epithelial
MET06:1918	Myeloid
MET06:1919	Tumor/Epithelial
MET06:1920	Tumor/Epithelial
MET06:1921	Tumor/Epithelial
MET06:1922	Tumor/Epithelial
MET06:1923	Tumor/Epithelial
MET06:1924	Tumor/Epithelial
MET06:1925	Tumor/Epithelial
MET06:1926	Tumor/Epithelial
MET06:1927	Tumor/Epithelial
MET06:1928	Tumor/Epithelial
MET06:1929	Tumor/Epithelial
MET06:1930	Tumor/Epithelial
MET06:1931	Tumor/Epithelial
MET06:1932	Tumor/Epithelial
MET06:1933	Tumor/Epithelial
MET06:1934	Tumor/Epithelial
MET06:1935	Tumor/Epithelial
MET06:1936	Tumor/Epithelial
MET06:1937	Tumor/Epithelial
MET06:1938	Tumor/Epithelial
MET06:1939	Tumor/Epithelial
MET06:1940	Tumor/Epithelial
MET06:1941	Myeloid
MET06:1942	Tumor/Epithelial
MET06:1943	Tumor/Epithelial
MET06:1944	Tumor/Epithelial
MET06:1945	Tumor/Epithelial
MET06:1946	Tumor/Epithelial
MET06:1947	Tumor/Epithelial
MET06:1948	Tumor/Epithelial
MET06:1949	Myeloid
MET06:1950	Tumor/Epithelial
MET06:1951	Tumor/Epithelial
MET06:1952	Tumor/Epithelial
MET06:1953	Tumor/Epithelial
MET06:1954	Tumor/Epithelial
MET06:1955	Tumor/Epithelial
MET06:1956	Tumor/Epithelial
MET06:1957	Tumor/Epithelial
MET06:1958	Tumor/Epithelial
MET06:1959	Tumor/Epithelial
MET06:1960	Tumor/Epithelial
MET06:1961	Tumor/Epithelial
MET06:1962	Tumor/Epithelial
MET06:1963	Tumor/Epithelial
MET06:1964	Tumor/Epithelial
MET06:1965	Tumor/Epithelial
MET06:1966	T/NK
MET06:1967	Tumor/Epithelial
MET06:1968	Tumor/Epithelial
MET06:1969	Tumor/Epithelial
MET06:1970	Tumor/Epithelial
MET06:1971	Tumor/Epithelial
MET06:1972	Tumor/Epithelial
MET06:1973	Tumor/Epithelial
MET06:1974	Myeloid
MET06:1975	Tumor/Epithelial
MET06:1976	Tumor/Epithelial
MET06:1977	Tumor/Epithelial
MET06:1978	Tumor/Epithelial
MET06:1979	Tumor/Epithelial
MET06:1980	Tumor/Epithelial
MET06:1981	Tumor/Epithelial
MET06:1982	Tumor/Epithelial
MET06:1983	Tumor/Epithelial
MET06:1984	Tumor/Epithelial
MET06:1985	Tumor/Epithelial
MET06:1986	Tumor/Epithelial
MET06:1987	Tumor/Epithelial
MET06:1988	Tumor/Epithelial
MET06:1989	Tumor/Epithelial
MET06:1990	Tumor/Epithelial
MET06:1991	Tumor/Epithelial
MET06:1992	Tumor/Epithelial
MET06:1993	Tumor/Epithelial
MET06:1994	Tumor/Epithelial
MET06:1995	Tumor/Epithelial
MET06:1996	Tumor/Epithelial
MET06:1997	Tumor/Epithelial
MET06:1998	Tumor/Epithelial
MET06:1999	Tumor/Epithelial
MET06:2000	Tumor/Epithelial
MET06:2001	Tumor/Epithelial
MET06:2002	Tumor/Epithelial
MET06:2003	Tumor/Epithelial
MET06:2004	Tumor/Epithelial
MET06:2005	Tumor/Epithelial
MET06:2006	Tumor/Epithelial
MET06:2007	Tumor/Epithelial
MET06:2008	Tumor/Epithelial
MET06:2009	Tumor/Epithelial
MET06:2010	Tumor/Epithelial
MET06:2011	Tumor/Epithelial
MET06:2012	Tumor/Epithelial
MET06:2013	Tumor/Epithelial
MET06:2014	Tumor/Epithelial
MET06:2015	Tumor/Epithelial
MET06:2016	Tumor/Epithelial
MET06:2017	Tumor/Epithelial
MET06:2018	Tumor/Epithelial
MET06:2019	Tumor/Epithelial
MET06:2020	Tumor/Epithelial
MET06:2021	Tumor/Epithelial
MET06:2022	Tumor/Epithelial
MET06:2023	Tumor/Epithelial
MET06:2024	Tumor/Epithelial
MET06:2025	T/NK
MET06:2026	Tumor/Epithelial
MET06:2027	T/NK
MET06:2028	Tumor/Epithelial
MET06:2029	Tumor/Epithelial
MET06:2030	Myeloid
MET06:2031	Tumor/Epithelial
MET06:2032	Tumor/Epithelial
MET06:2033	T/NK
MET06:2034	Tumor/Epithelial
MET06:2035	Myeloid
MET06:2036	Tumor/Epithelial
MET06:2037	Tumor/Epithelial
MET06:2038	Tumor/Epithelial
MET06:2039	Tumor/Epithelial
MET06:2040	Tumor/Epithelial
MET06:2041	Tumor/Epithelial
MET06:2042	Tumor/Epithelial
MET06:2043	Tumor/Epithelial
MET06:2044	Tumor/Epithelial
MET06:2045	Tumor/Epithelial
MET06:2046	Unknown
MET06:2047	Tumor/Epithelial
MET06:2048	Tumor/Epithelial
MET06:2049	Tumor/Epithelial
MET06:2050	Tumor/Epithelial
MET06:2051	Tumor/Epithelial
MET06:2052	Tumor/Epithelial
MET06:2053	Tumor/Epithelial
MET06:2054	Tumor/Epithelial
MET06:2055	Tumor/Epithelial
MET06:2056	Tumor/Epithelial
MET06:2057	Tumor/Epithelial
MET06:2058	Tumor/Epithelial
MET06:2059	Tumor/Epithelial
MET06:2060	Tumor/Epithelial
MET06:2061	Tumor/Epithelial
MET06:2062	Tumor/Epithelial
MET06:2063	Tumor/Epithelial
MET06:2064	Tumor/Epithelial
MET06:2065	Tumor/Epithelial
MET06:2066	Tumor/Epithelial
MET06:2067	Tumor/Epithelial
MET06:2068	Unknown
MET06:2069	Tumor/Epithelial
MET06:2070	Tumor/Epithelial
MET06:2071	Tumor/Epithelial
MET06:2072	Tumor/Epithelial
MET06:2073	Tumor/Epithelial
MET06:2074	Tumor/Epithelial
MET06:2075	Tumor/Epithelial
MET06:2076	Tumor/Epithelial
MET06:2077	Myeloid
MET06:2078	Tumor/Epithelial
MET06:2079	Tumor/Epithelial
MET06:2080	Tumor/Epithelial
MET06:2081	Tumor/Epithelial
MET06:2082	Tumor/Epithelial
MET06:2083	Tumor/Epithelial
MET06:2084	Tumor/Epithelial
MET06:2085	Myeloid
MET06:2086	Tumor/Epithelial
MET06:2087	Tumor/Epithelial
MET06:2088	Tumor/Epithelial
MET06:2089	Tumor/Epithelial
MET06:2090	Tumor/Epithelial
MET06:2091	Tumor/Epithelial
MET06:2092	Unknown
MET06:2093	Tumor/Epithelial
MET06:2094	Unknown
MET06:2095	Tumor/Epithelial
MET06:2096	Tumor/Epithelial
MET06:2097	Tumor/Epithelial
MET06:2098	Tumor/Epithelial
MET06:2099	Tumor/Epithelial
MET06:2100	Tumor/Epithelial
MET06:2101	Tumor/Epithelial
MET06:2102	Myeloid
MET06:2103	Tumor/Epithelial
MET06:2104	Tumor/Epithelial
MET06:2105	Tumor/Epithelial
MET06:2106	Tumor/Epithelial
MET06:2107	Tumor/Epithelial
MET06:2108	Tumor/Epithelial
MET06:2109	Tumor/Epithelial
MET06:2110	Tumor/Epithelial
MET06:2111	Tumor/Epithelial
MET06:2112	Tumor/Epithelial
MET06:2113	Tumor/Epithelial
MET06:2114	Tumor/Epithelial
MET06:2115	T/NK
MET06:2116	Tumor/Epithelial
MET06:2117	Myeloid
MET06:2118	Tumor/Epithelial
MET06:2119	Unknown
MET06:2120	Tumor/Epithelial
MET06:2121	Tumor/Epithelial
MET06:2122	Tumor/Epithelial
MET06:2123	Tumor/Epithelial
MET06:2124	Tumor/Epithelial
MET06:2125	Tumor/Epithelial
MET06:2126	Tumor/Epithelial
MET06:2127	Tumor/Epithelial
MET06:2128	Tumor/Epithelial
MET06:2129	Myeloid
MET06:2130	Tumor/Epithelial
MET06:2131	Tumor/Epithelial
MET06:2132	Tumor/Epithelial
MET06:2133	Tumor/Epithelial
MET06:2134	Tumor/Epithelial
MET06:2135	Tumor/Epithelial
MET06:2136	Tumor/Epithelial
MET06:2137	Tumor/Epithelial
MET06:2138	Tumor/Epithelial
MET06:2139	Myeloid
MET06:2140	T/NK
MET06:2141	Tumor/Epithelial
MET06:2142	Tumor/Epithelial
MET06:2143	Tumor/Epithelial
MET06:2144	Tumor/Epithelial
MET06:2145	Tumor/Epithelial
MET06:2146	Tumor/Epithelial
MET06:2147	Myeloid
MET06:2148	Tumor/Epithelial
MET06:2149	Tumor/Epithelial
MET06:2150	Tumor/Epithelial
MET06:2151	Tumor/Epithelial
MET06:2152	Myeloid
MET06:2153	Tumor/Epithelial
MET06:2154	Tumor/Epithelial
MET06:2155	Tumor/Epithelial
MET06:2156	Tumor/Epithelial
MET06:2157	Tumor/Epithelial
MET06:2158	Tumor/Epithelial
MET06:2159	Tumor/Epithelial
MET06:2160	Tumor/Epithelial
MET06:2161	Tumor/Epithelial
MET06:2162	Tumor/Epithelial
MET06:2163	Tumor/Epithelial
MET06:2164	Tumor/Epithelial
MET06:2165	Tumor/Epithelial
MET06:2166	Tumor/Epithelial
MET06:2167	Tumor/Epithelial
MET06:2168	Tumor/Epithelial
MET06:2169	Tumor/Epithelial
MET06:2170	Tumor/Epithelial
MET06:2171	Tumor/Epithelial
MET06:2172	Tumor/Epithelial
MET06:2173	Myeloid
MET06:2174	Tumor/Epithelial
MET06:2175	Tumor/Epithelial
MET06:2176	Tumor/Epithelial
MET06:2177	Tumor/Epithelial
MET06:2178	Tumor/Epithelial
MET06:2179	Tumor/Epithelial
MET06:2180	Tumor/Epithelial
MET06:2181	Tumor/Epithelial
MET06:2182	Tumor/Epithelial
MET06:2183	Tumor/Epithelial
MET06:2184	Tumor/Epithelial
MET06:2185	Tumor/Epithelial
MET06:2186	Tumor/Epithelial
MET06:2187	Tumor/Epithelial
MET06:2188	Tumor/Epithelial
MET06:2189	Tumor/Epithelial
MET06:2190	Myeloid
MET06:2191	Tumor/Epithelial
MET06:2192	Tumor/Epithelial
MET06:2193	Tumor/Epithelial
MET06:2194	Tumor/Epithelial
MET06:2195	Tumor/Epithelial
MET06:2196	Tumor/Epithelial
MET06:2197	Tumor/Epithelial
MET06:2198	Myeloid
MET06:2199	Tumor/Epithelial
MET06:2200	Tumor/Epithelial
MET06:2201	Tumor/Epithelial
MET06:2202	Tumor/Epithelial
MET06:2203	Tumor/Epithelial
MET06:2204	Tumor/Epithelial
MET06:2205	Tumor/Epithelial
MET06:2206	Tumor/Epithelial
MET06:2207	Tumor/Epithelial
MET06:2208	Tumor/Epithelial
MET06:2209	Tumor/Epithelial
MET06:2210	Tumor/Epithelial
MET06:2211	Tumor/Epithelial
MET06:2212	Tumor/Epithelial
MET06:2213	Tumor/Epithelial
MET06:2214	Tumor/Epithelial
MET06:2215	Tumor/Epithelial
MET06:2216	Tumor/Epithelial
MET06:2217	Tumor/Epithelial
MET06:2218	Tumor/Epithelial
MET06:2219	Tumor/Epithelial
MET06:2220	Tumor/Epithelial
MET06:2221	Tumor/Epithelial
MET06:2222	Tumor/Epithelial
MET06:2223	Tumor/Epithelial
MET06:2224	Tumor/Epithelial
MET06:2225	Unknown
MET06:2226	Tumor/Epithelial
MET06:2227	Tumor/Epithelial
MET06:2228	Tumor/Epithelial
MET06:2229	Tumor/Epithelial
MET06:2230	Tumor/Epithelial
MET06:2231	Tumor/Epithelial
MET06:2232	Tumor/Epithelial
MET06:2233	Tumor/Epithelial
MET06:2234	Tumor/Epithelial
MET06:2235	Tumor/Epithelial
MET06:2236	Tumor/Epithelial
MET06:2237	Tumor/Epithelial
MET06:2238	Tumor/Epithelial
MET06:2239	Tumor/Epithelial
MET06:2240	Tumor/Epithelial
MET06:2241	Tumor/Epithelial
MET06:2242	Tumor/Epithelial
MET06:2243	Tumor/Epithelial
MET06:2244	Tumor/Epithelial
MET06:2245	Tumor/Epithelial
MET06:2246	Tumor/Epithelial
MET06:2247	Tumor/Epithelial
MET06:2248	Tumor/Epithelial
MET06:2249	Tumor/Epithelial
MET06:2250	Tumor/Epithelial
MET06:2251	Tumor/Epithelial
MET06:2252	Tumor/Epithelial
MET06:2253	Tumor/Epithelial
MET06:2254	Tumor/Epithelial
MET06:2255	Tumor/Epithelial
MET06:2256	Tumor/Epithelial
MET06:2257	Tumor/Epithelial
MET06:2258	Tumor/Epithelial
MET06:2259	Tumor/Epithelial
MET06:2260	Myeloid
MET06:2261	Tumor/Epithelial
MET06:2262	Tumor/Epithelial
MET06:2263	Tumor/Epithelial
MET06:2264	Tumor/Epithelial
MET06:2265	Tumor/Epithelial
MET06:2266	Tumor/Epithelial
MET06:2267	Tumor/Epithelial
MET06:2268	Tumor/Epithelial
MET06:2269	Tumor/Epithelial
MET06:2270	Tumor/Epithelial
MET06:2271	Tumor/Epithelial
MET06:2272	Tumor/Epithelial
MET06:2273	Tumor/Epithelial
MET06:2274	Myeloid
MET06:2275	Tumor/Epithelial
MET06:2276	Unknown
MET06:2277	Tumor/Epithelial
MET06:2278	Tumor/Epithelial
MET06:2279	Tumor/Epithelial
MET06:2280	Tumor/Epithelial
MET06:2281	Tumor/Epithelial
MET06:2282	Tumor/Epithelial
MET06:2283	Tumor/Epithelial
MET06:2284	Tumor/Epithelial
MET06:2285	Tumor/Epithelial
MET06:2286	Tumor/Epithelial
MET06:2287	Tumor/Epithelial
MET06:2288	Tumor/Epithelial
MET06:2289	Tumor/Epithelial
MET06:2290	Tumor/Epithelial
MET06:2291	Tumor/Epithelial
MET06:2292	Tumor/Epithelial
MET06:2293	Tumor/Epithelial
MET06:2294	Tumor/Epithelial
MET06:2295	Tumor/Epithelial
MET06:2296	Tumor/Epithelial
MET06:2297	Tumor/Epithelial
MET06:2298	Tumor/Epithelial
MET06:2299	Tumor/Epithelial
MET06:2300	Tumor/Epithelial
MET06:2301	Tumor/Epithelial
MET06:2302	Tumor/Epithelial
MET06:2303	Tumor/Epithelial
MET06:2304	Tumor/Epithelial
MET06:2305	Tumor/Epithelial
MET06:2306	B/Plasma
MET06:2307	Tumor/Epithelial
MET06:2308	Tumor/Epithelial
MET06:2309	Tumor/Epithelial
MET06:2310	Tumor/Epithelial
MET06:2311	Tumor/Epithelial
MET06:2312	Tumor/Epithelial
MET06:2313	T/NK
MET06:2314	Tumor/Epithelial
MET06:2315	Tumor/Epithelial
MET06:2316	Tumor/Epithelial
MET06:2317	Tumor/Epithelial
MET06:2318	Myeloid
MET06:2319	Tumor/Epithelial
MET06:2320	Tumor/Epithelial
MET06:2321	Tumor/Epithelial
MET06:2322	Tumor/Epithelial
MET06:2323	Tumor/Epithelial
MET06:2324	T/NK
MET06:2325	Tumor/Epithelial
MET06:2326	Tumor/Epithelial
MET06:2327	Tumor/Epithelial
MET06:2328	Tumor/Epithelial
MET06:2329	Tumor/Epithelial
MET06:2330	Tumor/Epithelial
MET06:2331	Tumor/Epithelial
MET06:2332	T/NK
MET06:2333	Tumor/Epithelial
MET06:2334	Tumor/Epithelial
MET06:2335	Tumor/Epithelial
MET06:2336	Tumor/Epithelial
MET06:2337	Tumor/Epithelial
MET06:2338	Tumor/Epithelial
MET06:2339	Tumor/Epithelial
MET06:2340	Tumor/Epithelial
MET06:2341	Myeloid
MET06:2342	Tumor/Epithelial
MET06:2343	Tumor/Epithelial
MET06:2344	Tumor/Epithelial
MET06:2345	Tumor/Epithelial
MET06:2346	Tumor/Epithelial
MET06:2347	Tumor/Epithelial
MET06:2348	Tumor/Epithelial
MET06:2349	Tumor/Epithelial
MET06:2350	Tumor/Epithelial
MET06:2351	Myeloid
MET06:2352	Tumor/Epithelial
MET06:2353	Tumor/Epithelial
MET06:2354	Tumor/Epithelial
MET06:2355	Tumor/Epithelial
MET06:2356	Tumor/Epithelial
MET06:2357	T/NK
MET06:2358	Tumor/Epithelial
MET06:2359	Tumor/Epithelial
MET06:2360	Tumor/Epithelial
MET06:2361	Tumor/Epithelial
MET06:2362	Myeloid
MET06:2363	Tumor/Epithelial
MET06:2364	Tumor/Epithelial
MET06:2365	Tumor/Epithelial
MET06:2366	Tumor/Epithelial
MET06:2367	Tumor/Epithelial
MET06:2368	Tumor/Epithelial
MET06:2369	Tumor/Epithelial
MET06:2370	Tumor/Epithelial
MET06:2371	Tumor/Epithelial
MET06:2372	Tumor/Epithelial
MET06:2373	Tumor/Epithelial
MET06:2374	Tumor/Epithelial
MET06:2375	Tumor/Epithelial
MET06:2376	Tumor/Epithelial
MET06:2377	Tumor/Epithelial
MET06:2378	Tumor/Epithelial
MET06:2379	Myeloid
MET06:2380	Tumor/Epithelial
MET06:2381	T/NK
MET06:2382	Tumor/Epithelial
MET06:2383	Tumor/Epithelial
MET06:2384	Tumor/Epithelial
MET06:2385	Tumor/Epithelial
MET06:2386	Tumor/Epithelial
MET06:2387	Tumor/Epithelial
MET06:2388	Tumor/Epithelial
MET06:2389	Tumor/Epithelial
MET06:2390	Tumor/Epithelial
MET06:2391	Tumor/Epithelial
MET06:2392	Tumor/Epithelial
MET06:2393	Tumor/Epithelial
MET06:2394	Tumor/Epithelial
MET06:2395	Tumor/Epithelial
MET06:2396	Tumor/Epithelial
MET06:2397	Tumor/Epithelial
MET06:2398	Tumor/Epithelial
MET06:2399	Tumor/Epithelial
MET06:2400	Tumor/Epithelial
MET06:2401	Tumor/Epithelial
MET06:2402	Tumor/Epithelial
MET06:2403	Tumor/Epithelial
MET06:2404	Tumor/Epithelial
MET06:2405	Tumor/Epithelial
MET06:2406	Tumor/Epithelial
MET06:2407	Tumor/Epithelial
MET06:2408	Tumor/Epithelial
MET06:2409	Tumor/Epithelial
MET06:2410	Tumor/Epithelial
MET06:2411	Tumor/Epithelial
MET06:2412	Tumor/Epithelial
MET06:2413	Tumor/Epithelial
MET06:2414	Tumor/Epithelial
MET06:2415	Tumor/Epithelial
MET06:2416	T/NK
MET06:2417	Tumor/Epithelial
MET06:2418	Tumor/Epithelial
MET06:2419	Tumor/Epithelial
MET06:2420	Tumor/Epithelial
MET06:2421	Tumor/Epithelial
MET06:2422	Tumor/Epithelial
MET06:2423	Tumor/Epithelial
MET06:2424	Tumor/Epithelial
MET06:2425	Tumor/Epithelial
MET06:2426	Tumor/Epithelial
MET06:2427	Tumor/Epithelial
MET06:2428	Tumor/Epithelial
MET06:2429	Tumor/Epithelial
MET06:2430	Tumor/Epithelial
MET06:2431	Tumor/Epithelial
MET06:2432	Tumor/Epithelial
MET06:2433	Tumor/Epithelial
MET06:2434	Tumor/Epithelial
MET06:2435	Tumor/Epithelial
MET06:2436	Tumor/Epithelial
MET06:2437	Tumor/Epithelial
MET06:2438	Tumor/Epithelial
MET06:2439	Tumor/Epithelial
MET06:2440	Tumor/Epithelial
MET06:2441	Tumor/Epithelial
MET06:2442	Tumor/Epithelial
MET06:2443	Tumor/Epithelial
MET06:2444	Tumor/Epithelial
MET06:2445	Tumor/Epithelial
MET06:2446	Tumor/Epithelial
MET06:2447	Tumor/Epithelial
MET06:2448	Tumor/Epithelial
MET06:2449	Tumor/Epithelial
MET06:2450	Myeloid
MET06:2451	Tumor/Epithelial
MET06:2452	Tumor/Epithelial
MET06:2453	T/NK
MET06:2454	Tumor/Epithelial
MET06:2455	Tumor/Epithelial
MET06:2456	Tumor/Epithelial
MET06:2457	Myeloid
MET06:2458	Tumor/Epithelial
MET06:2459	Tumor/Epithelial
MET06:2460	Tumor/Epithelial
MET06:2461	Tumor/Epithelial
MET06:2462	Tumor/Epithelial
MET06:2463	Tumor/Epithelial
MET06:2464	Tumor/Epithelial
MET06:2465	Tumor/Epithelial
MET06:2466	Tumor/Epithelial
MET06:2467	Tumor/Epithelial
MET06:2468	Tumor/Epithelial
MET06:2469	Tumor/Epithelial
MET06:2470	Tumor/Epithelial
MET06:2471	Tumor/Epithelial
MET06:2472	Tumor/Epithelial
MET06:2473	Tumor/Epithelial
MET06:2474	Tumor/Epithelial
MET06:2475	Tumor/Epithelial
MET06:2476	Tumor/Epithelial
MET06:2477	Tumor/Epithelial
MET06:2478	Tumor/Epithelial
MET06:2479	Tumor/Epithelial
MET06:2480	Tumor/Epithelial
MET06:2481	Tumor/Epithelial
MET06:2482	Tumor/Epithelial
MET06:2483	Tumor/Epithelial
MET06:2484	Tumor/Epithelial
MET06:2485	Tumor/Epithelial
MET06:2486	Tumor/Epithelial
MET06:2487	Tumor/Epithelial
MET06:2488	Myeloid
MET06:2489	Tumor/Epithelial
MET06:2490	Tumor/Epithelial
MET06:2491	Tumor/Epithelial
MET06:2492	Tumor/Epithelial
MET06:2493	Tumor/Epithelial
MET06:2494	Tumor/Epithelial
