relative_path	release_target	size_bytes	size_mb	sha256	reason
figures/.gitkeep	generated_not_tracked	1	1e-06	01ba4719c80b6fe911b091a7c05124b64eeece964e09c058ef8f9805daca546b	regenerable manuscript figure
figures/communication_curl_network.pdf	generated_not_tracked	16540	0.015774	b073f4b3256badbd3b574094988745e59f5f8b5e7697fa19becc98f2ae5198b8	regenerable manuscript figure
figures/publication_figure1_sheafsignal_concept.pdf	generated_not_tracked	22467	0.021426	fd3cd956004c7763cf659e83fa79275944c91385f93d7d0ba09ed9a9c6b837ee	regenerable manuscript figure
figures/publication_figure2_component_recovery.pdf	generated_not_tracked	12772	0.01218	d27d0bae33fc7323045428d8b40bd3e11455e3aac6c54c12c46fa077569754fc	regenerable manuscript figure
figures/publication_figure3_tme_summary.pdf	generated_not_tracked	16396	0.015636	4433361f7e627aba625e94094bb44d66305f94ee285ef4539269c699d62da972	regenerable manuscript figure
figures/publication_figure4_gse154778_claim_gating.pdf	generated_not_tracked	26116	0.024906	c9461ca39fb42433c2a5044d5d320eb75e56134230184184c3d69c76ae7755db	regenerable manuscript figure
figures/publication_figure5_comparator_alignment.pdf	generated_not_tracked	27548	0.026272	9c686841c833a585f843ffa5088179284562f93d48ab6574c3488f6673758c73	regenerable manuscript figure
figures/publication_figure_component_recovery.pdf	generated_not_tracked	12772	0.01218	d27d0bae33fc7323045428d8b40bd3e11455e3aac6c54c12c46fa077569754fc	regenerable manuscript figure
figures/publication_figure_tme_summary.pdf	generated_not_tracked	16396	0.015636	4433361f7e627aba625e94094bb44d66305f94ee285ef4539269c699d62da972	regenerable manuscript figure
.dockerignore	github	636	0.000607	8915615143660b2bde42cb1ed6b254baba3817d67cff8d3eebf853397a0890e8	small auxiliary repository file
.github/workflows/ci.yml	github	1306	0.001245	0463b84bd57868f02e5e9d764d14ca13ef91e83bb0983ad5e754986fd6c75c9b	small auxiliary repository file
.gitignore	github	1685	0.001607	204c11d6ed8351e0679ed4be19229dcf1951a2cdbd0c47001d356747e29e2a7a	code, metadata, manifest, or small benchmark result
.zenodo.json	github	1696	0.001617	960a755359497f4f71315429f184117c2249dc20e94bf67b82b1d45167d8a25a	small auxiliary repository file
CITATION.cff	github	903	0.000861	a654b36dc67c687b6c886961f1614cb36122b9008f8b7aa17f910fcb13756aac	small auxiliary repository file
CODE_OF_CONDUCT.md	github	332	0.000317	c447674c50bcbab379b1a6598a92c2e47545fe6e099649dde0bcdd4c455fffaa	small auxiliary repository file
CONTRIBUTING.md	github	782	0.000746	69d163067a20f0e45c279a5a7b350d0e69844aefe6965d96cf62636caa200908	small auxiliary repository file
Dockerfile	github	415	0.000396	a736236b8c78dc92d9fb7d2bec8e1b490159169098ac7bb6f54df6c59d2c551a	small auxiliary repository file
LICENSE	github	1081	0.001031	131bd9b2ac43993bca4e8329dc8819b9e6848ffa70891678128538673e03b755	code, metadata, manifest, or small benchmark result
MANIFEST.in	github	122	0.000116	b028987b777b967998da4d0f2282bc8196788a7ea373ea7aa15405a541c417a5	small auxiliary repository file
Makefile	github	761	0.000726	c069075bffdd6e0c866fe2c7eae0543ba9e8d51c3f2ce894e212f053661146e7	small auxiliary repository file
PROJECT_STATUS.md	github	32718	0.031202	d448ea35aa1a4fcc3e704dee03c12aa350f065822a4bb40e0834145fa0e3ec81	code, metadata, manifest, or small benchmark result
README.md	github	30215	0.028815	99b150f763468ab3b4e79b2784d41ae9000616937b420aa7ca128651eadcc759	code, metadata, manifest, or small benchmark result
benchmarks/README.md	github	1758	0.001677	78435fdfc81ce426e385577f44a22b74f48ead374db26f69a5582f3f56c50986	small auxiliary repository file
benchmarks/results/BENCHMARK_RESULT_CONTRACT_AUDIT.tsv	github	1611	0.001536	2643ae56595ccc0fcdf66faddd43ab8e5bd9740e471f4458398c39ab9cf000b6	code, metadata, manifest, or small benchmark result
benchmarks/results/BENCHMARK_RESULT_CONTRACT_REPORT.md	github	397	0.000379	cae8f8697a910172b2a1ed9fab131b375be54fb0b8b0106fe07e02528140aa1e	code, metadata, manifest, or small benchmark result
benchmarks/results/comparator_input_exports.csv	github	2437	0.002324	d13a19ead158cf010817f4eb06418084d3ffa6286da6c5e9dab321d1598cd61e	code, metadata, manifest, or small benchmark result
benchmarks/results/comparator_readiness_matrix.csv	github	1304	0.001244	6c1a86b7e3fc0e36b26a594d57bb7ed192b41e51e58591066bfee364791bf271	code, metadata, manifest, or small benchmark result
benchmarks/results/component_recovery.csv	github	399	0.000381	6572c7c9ce9bf592fd7560d41c6c49b5dcfbb4dd051582e85b3b3a869e40ec26	code, metadata, manifest, or small benchmark result
benchmarks/results/confirmatory_10000/CONFIRMATORY_PERMUTATION_STATUS.md	github	2600	0.00248	eb7daeeea095e5e50dc12351fe46728b5827b7e67c004ae1eccb5d87f97ef611	code, metadata, manifest, or small benchmark result
benchmarks/results/confirmatory_10000/component_recovery.csv	github	399	0.000381	6572c7c9ce9bf592fd7560d41c6c49b5dcfbb4dd051582e85b3b3a869e40ec26	code, metadata, manifest, or small benchmark result
benchmarks/results/confirmatory_10000/confirmatory_permutation_readiness.tsv	github	516	0.000492	e361a1833c2c95b6eca7c1ee3b0faad95bf7d0c53211e6ecb7a104174ac15ce8	code, metadata, manifest, or small benchmark result
benchmarks/results/confirmatory_10000/confirmatory_permutation_subset.tsv	github	2058	0.001963	4a9948956c0b110cb4337dde1509336451410e99238ca8e65f1c0828782c84a7	code, metadata, manifest, or small benchmark result
benchmarks/results/confirmatory_10000/gse154778_pdac_scrna/comparators/lr_product_baseline_edges.csv	github	2913	0.002778	46f2e3b9d6773523571d5297a331d9b69416dbbd220c9c8af532946b6258c330	code, metadata, manifest, or small benchmark result
benchmarks/results/confirmatory_10000/gse154778_pdac_scrna/comparators/sheafsignal_vs_lr_product_baseline.csv	github	5536	0.00528	1cf807513f82e601808e569af990b910714fcafc467e306245ef2e77f206ca0b	code, metadata, manifest, or small benchmark result
benchmarks/results/confirmatory_10000/gse154778_pdac_scrna/results/cellular_sheaf_laplacian.csv	github	418	0.000399	57ca47766eaef73c630c5854dfe7edca16fe457753cb2d2e084f8aeea5c8e6ea	code, metadata, manifest, or small benchmark result
benchmarks/results/confirmatory_10000/gse154778_pdac_scrna/results/cellular_sheaf_restrictions.csv	github	1576	0.001503	0240d5c253ae41fea38bc2bf9340ab4e3356acfa85d129344bd16d4976123927	code, metadata, manifest, or small benchmark result
benchmarks/results/confirmatory_10000/gse154778_pdac_scrna/results/frustration_permutation_pvalues.csv	github	661	0.00063	8802182abbb82065802b43617b8a773e3c105ff63311f47badf1c1ca397b0063	code, metadata, manifest, or small benchmark result
benchmarks/results/confirmatory_10000/gse154778_pdac_scrna/results/global_permutation_pvalues.csv	github	536	0.000511	7faa10aada8566b74de5057a1a5b35155da67fd3a76875459870b07a9df5c977	code, metadata, manifest, or small benchmark result
benchmarks/results/confirmatory_10000/gse154778_pdac_scrna/results/hodge_decomposition_scores.csv	github	1644	0.001568	c404152b71c3d72df5248e7834b36132ab9eb05c991c9a454b647427f5f4d9a5	code, metadata, manifest, or small benchmark result
benchmarks/results/confirmatory_10000/gse154778_pdac_scrna/results/provenance.json	github	1725	0.001645	1570047f6899c3a5a5719c21cc83e29a102b15f3d66d8c146a7f4748e98d7b96	code, metadata, manifest, or small benchmark result
benchmarks/results/confirmatory_10000/gse154778_pdac_scrna/results/sheaf_energy_by_edge.csv	github	11596	0.011059	e6e42dc103c5c687dc33285c67ccaf82aab8bb12878b05222c8476cc6c14f339	code, metadata, manifest, or small benchmark result
benchmarks/results/confirmatory_10000/gse154778_pdac_scrna/results/sheaf_energy_permutation_pvalues.csv	github	3024	0.002884	de04ab25cc2a52b011c700f7b8ea85514e591bc83cd24b9004b4baf20196c2a9	code, metadata, manifest, or small benchmark result
benchmarks/results/confirmatory_10000/pooled_fdr/POOLED_FDR_AUDIT_REPORT.md	github	383	0.000365	f61968d9c0e62da3eb12c85682ebbad21491876b2cf293ff97647be268e4929b	code, metadata, manifest, or small benchmark result
benchmarks/results/confirmatory_10000/pooled_fdr/pooled_fdr_audit.csv	github	6661	0.006352	0d97e0af15bf854b09197fb9da49fcbab7579ec3f3bdbfc04f42eca317c49503	code, metadata, manifest, or small benchmark result
benchmarks/results/confirmatory_10000/public_tme_sheafsignal_summary.csv	github	483	0.000461	3a8fb9acc02f0c28952c96c1670ee665c2a5b5d81e5095c3072bc8ff63e8188e	code, metadata, manifest, or small benchmark result
benchmarks/results/confirmatory_10000/run_confirmatory_10000_commands.sh	github	514	0.00049	0b0d7c1969fa37c3bd63af2b0a9a737659ce3a837bcf19fbd8e2abd5cb50f1b9	code, metadata, manifest, or small benchmark result
benchmarks/results/confirmatory_10000/spatial_frustration_hotspots.csv	github	55	5.2e-05	7b938c6fc3635b97cdc9ebfb64ea86752d310072c77b99d68559f558e56615f2	code, metadata, manifest, or small benchmark result
benchmarks/results/confirmatory_10000/tool_comparison.csv	github	1503	0.001433	595c788c22625eda4589734d95575c43081ea9cd99540fbe573a8175509b0aa1	code, metadata, manifest, or small benchmark result
benchmarks/results/demo_synthetic/comparators/lr_product_baseline_edges.csv	github	2754	0.002626	3d346d02c6af537ecc2e44559a0d1c59839179c1eb0c941ac0c4d7523fd07666	code, metadata, manifest, or small benchmark result
benchmarks/results/demo_synthetic/comparators/sheafsignal_vs_lr_product_baseline.csv	github	5445	0.005193	c279774d2d0b4dc288c75431f60817ece1285d19ccc21d8b8949e0c83953e4e0	code, metadata, manifest, or small benchmark result
benchmarks/results/demo_synthetic/results/frustration_permutation_pvalues.csv	github	621	0.000592	8b580c5ec812ca13a1ed41bcf4b7880c06bc2bab04e21b85d872c4350803400c	code, metadata, manifest, or small benchmark result
benchmarks/results/demo_synthetic/results/global_permutation_pvalues.csv	github	531	0.000506	5d4de814939777070a0652f582009dcd92274fb3e9e42aed763d139a4b71bc8a	code, metadata, manifest, or small benchmark result
benchmarks/results/demo_synthetic/results/hodge_decomposition_scores.csv	github	1335	0.001273	6a693d5a607ec4d42aa2bc071274c44d39db4922a2bfe9ab881abd280aa8b662	code, metadata, manifest, or small benchmark result
benchmarks/results/demo_synthetic/results/sheaf_energy_by_edge.csv	github	7573	0.007222	a7a4f4f4d505bf073978825cfb4aef12e89097778f0922f36c211c2763ecba17	code, metadata, manifest, or small benchmark result
benchmarks/results/demo_synthetic/results/sheaf_energy_permutation_pvalues.csv	github	2451	0.002337	f063c6e967bb56734dbefc290d4803b780662ea98beb1057060ee8ae02e6bf6d	code, metadata, manifest, or small benchmark result
benchmarks/results/external_comparator_environment_status.csv	github	682	0.00065	499489e699e706b6ec08b22253b029edd97a68681a8c370d43a5b7ac4f7e6461	code, metadata, manifest, or small benchmark result
benchmarks/results/external_comparator_execution_plan.csv	github	2044	0.001949	5f5419c1184d1200a4632083e9ff1fc86c919866d69cac4fa75cd2d0aca9eeda	code, metadata, manifest, or small benchmark result
benchmarks/results/external_comparator_gate_summary.csv	github	624	0.000595	dad134334bc0d0fff5603be443f7890f6c348c8732741d1483c00c7ee4165e38	code, metadata, manifest, or small benchmark result
benchmarks/results/gradient_chain_edges.csv	github	68	6.5e-05	c87b0ec287ab89d863cdccfcdaf70fc888b1fcc03d13d3f1488569c014c78762	code, metadata, manifest, or small benchmark result
benchmarks/results/gse103322_hnsc_scrna/comparators/cellchat_run/cellchat_run_status.tsv	github	133	0.000127	25fa481eecec0ecbada24911eaab006c5ec0d4ab8187e3c81e45b0d53912fead	code, metadata, manifest, or small benchmark result
benchmarks/results/gse103322_hnsc_scrna/comparators/cellphonedb_run/cellphonedb_command.txt	github	412	0.000393	9d5597ee2c3529118a04a692b0a92edf4c7cdfd445a7102872e75e1c01dbcbb9	code, metadata, manifest, or small benchmark result
benchmarks/results/gse103322_hnsc_scrna/comparators/cellphonedb_run/cellphonedb_counts.tsv	github	1637198	1.561354	8b5e463b7aa7a5c6fb9b6b53f8dff4015eb1bc1d6a6fb97ea75ad56fd32662de	code, metadata, manifest, or small benchmark result
benchmarks/results/gse103322_hnsc_scrna/comparators/cellphonedb_run/cellphonedb_meta.tsv	github	229789	0.219144	1d906a8830ff085bf0b78aa16223a1dad1ee6cf3082169840de9f1d85d6e3cb5	code, metadata, manifest, or small benchmark result
benchmarks/results/gse103322_hnsc_scrna/comparators/cellphonedb_run/cellphonedb_run_metadata.json	github	387	0.000369	924b4f6a4dd34bd75df31c6ee614a3844ac4e0f44fb463dbf69103b1c9b9c7c4	code, metadata, manifest, or small benchmark result
benchmarks/results/gse103322_hnsc_scrna/comparators/lr_product_baseline_edges.csv	github	12711	0.012122	b4d556e3ed11fc9d0cb679b8f43305668c5a76838043722ac99b8f2903c43c02	code, metadata, manifest, or small benchmark result
benchmarks/results/gse103322_hnsc_scrna/comparators/sheafsignal_vs_lr_product_baseline.csv	github	24397	0.023267	f19f81773e5f0c4762c0ee0fed77277a468ec261ae5dfc8514a75cbbec25a5f3	code, metadata, manifest, or small benchmark result
benchmarks/results/gse103322_hnsc_scrna/replication/GSE103322_REPLICATION_SUPPLEMENT_REPORT.md	github	1406	0.001341	3194615e986665370fda023a2686e3441648c4df07702fac357d68e4ed4c08da	code, metadata, manifest, or small benchmark result
benchmarks/results/gse103322_hnsc_scrna/replication/gse103322_claim_boundary.tsv	github	846	0.000807	8b6c922b388f5b4b48d8f93e765e9b65764c01d512504be3899632b6c0ef8c58	code, metadata, manifest, or small benchmark result
benchmarks/results/gse103322_hnsc_scrna/replication/gse103322_replication_readiness.tsv	github	880	0.000839	f3b93cb4990603b85ac5a4ae6eccd3933aefb0ed7d7d4ca0e8157002b4296815	code, metadata, manifest, or small benchmark result
benchmarks/results/gse103322_hnsc_scrna/replication/gse103322_replication_summary.tsv	github	679	0.000648	89d6f605cda403fecdab2254c022f7b47701e240e31c33f9aee316854c478037	code, metadata, manifest, or small benchmark result
benchmarks/results/gse103322_hnsc_scrna/replication/run_gse103322_replication_1000_commands.sh	github	544	0.000519	ee0eadc265cee4258fcbaa2e43c7b72f411f6e547cdb648c530e961e79b2265d	code, metadata, manifest, or small benchmark result
benchmarks/results/gse103322_hnsc_scrna/results/frustration_permutation_pvalues.csv	github	1091	0.00104	81cd017e0c38607429688beafce98fc1f2eaba24232b07536dab8abcf7110ca0	code, metadata, manifest, or small benchmark result
benchmarks/results/gse103322_hnsc_scrna/results/global_permutation_pvalues.csv	github	498	0.000475	b4fcf8803c2d75e9afae772f352fe45d8943f53c66819ccbd547924b202bdcc7	code, metadata, manifest, or small benchmark result
benchmarks/results/gse103322_hnsc_scrna/results/hodge_decomposition_scores.csv	github	2250	0.002146	3e4b049284ad9f7a3b81547b45ac623b5e402d6f41910e5789add99b6bac0fdb	code, metadata, manifest, or small benchmark result
benchmarks/results/gse103322_hnsc_scrna/results/sheaf_energy_by_edge.csv	github	34345	0.032754	4ed9d5a3d11d5f827deff5c32e5e1ebe6f20e4257baa342ff76358c41fa7fbf1	code, metadata, manifest, or small benchmark result
benchmarks/results/gse103322_hnsc_scrna/results/sheaf_energy_permutation_pvalues.csv	github	11763	0.011218	4b6d76914ad3c6d5b92d2dbbd728f78adbc15122e98a586785b0c35bdcfa5087	code, metadata, manifest, or small benchmark result
benchmarks/results/gse103322_replication_1000/component_recovery.csv	github	399	0.000381	6572c7c9ce9bf592fd7560d41c6c49b5dcfbb4dd051582e85b3b3a869e40ec26	code, metadata, manifest, or small benchmark result
benchmarks/results/gse103322_replication_1000/gse103322_hnsc_scrna/comparators/lr_product_baseline_edges.csv	github	12711	0.012122	b4d556e3ed11fc9d0cb679b8f43305668c5a76838043722ac99b8f2903c43c02	code, metadata, manifest, or small benchmark result
benchmarks/results/gse103322_replication_1000/gse103322_hnsc_scrna/comparators/sheafsignal_vs_lr_product_baseline.csv	github	24381	0.023252	c7e04e6f108d7ade937d0ff58b5cd16b2a42dbea11b22499bfe3ebceff7bbfab	code, metadata, manifest, or small benchmark result
benchmarks/results/gse103322_replication_1000/gse103322_hnsc_scrna/results/cellular_sheaf_laplacian.csv	github	1442	0.001375	eab2dd444c77085e317dc2592251c9377f7ac66e814561b347c8c16c5a94434d	code, metadata, manifest, or small benchmark result
benchmarks/results/gse103322_replication_1000/gse103322_hnsc_scrna/results/cellular_sheaf_restrictions.csv	github	6860	0.006542	bf61dfc7b856b5887063d11a222dc02c3af26b9fffe609e221ebc2781d123525	code, metadata, manifest, or small benchmark result
benchmarks/results/gse103322_replication_1000/gse103322_hnsc_scrna/results/frustration_permutation_pvalues.csv	github	1065	0.001016	bf819b0ed165b4cda09747f48391949d99a99a6bde7e7bc32e1cc65b92308386	code, metadata, manifest, or small benchmark result
benchmarks/results/gse103322_replication_1000/gse103322_hnsc_scrna/results/global_permutation_pvalues.csv	github	525	0.000501	5d5598872a8fc407f6d1af0549c88a4771b83503f93a4be6cae8f5c1bd163f5a	code, metadata, manifest, or small benchmark result
benchmarks/results/gse103322_replication_1000/gse103322_hnsc_scrna/results/hodge_decomposition_scores.csv	github	2491	0.002376	3c8fe035f9e82e95a6431f34619beb353c928b6fa0c241b7b65f896be694c188	code, metadata, manifest, or small benchmark result
benchmarks/results/gse103322_replication_1000/gse103322_hnsc_scrna/results/provenance.json	github	1697	0.001618	633369515cfe5ac8acf477f00c880e1f5ba18ca4579ea30f03bbe62b030c1eb5	code, metadata, manifest, or small benchmark result
benchmarks/results/gse103322_replication_1000/gse103322_hnsc_scrna/results/sheaf_energy_by_edge.csv	github	49680	0.047379	29354b9976c5ae01e2af2377437316f5b34837c677789299ece972797e7d695d	code, metadata, manifest, or small benchmark result
benchmarks/results/gse103322_replication_1000/gse103322_hnsc_scrna/results/sheaf_energy_permutation_pvalues.csv	github	12698	0.01211	37af9948f5e83b99b710e96bf4e9819ac729e1baade2eec18e5ab9cc9b315079	code, metadata, manifest, or small benchmark result
benchmarks/results/gse103322_replication_1000/pooled_fdr/POOLED_FDR_AUDIT_REPORT.md	github	392	0.000374	44b06997801a73335ce9aa8ea78ee30102df9af79887685c44a5b35f94c43e2e	code, metadata, manifest, or small benchmark result
benchmarks/results/gse103322_replication_1000/pooled_fdr/pooled_fdr_audit.csv	github	26535	0.025306	12e56d56191def0b7fab2b662a02a8155d0b32033b55ff6d00e18e3556bf7d5f	code, metadata, manifest, or small benchmark result
benchmarks/results/gse103322_replication_1000/public_tme_sheafsignal_summary.csv	github	510	0.000486	76b29cb163ff3d6189f49b896b49af65470f080ae09f16c72729ae566fce8752	code, metadata, manifest, or small benchmark result
benchmarks/results/gse103322_replication_1000/tool_comparison.csv	github	1503	0.001433	85eb9ee76f1265d7358b1a533f2492eeb9ba08a7be9667fd6551879b57b3ade9	code, metadata, manifest, or small benchmark result
benchmarks/results/gse154778_pdac_scrna/comparator_inputs/README.md	github	1307	0.001246	8e7e5757f39c2163a9fe04583a0e9397ce251ebe6adce5fca72358b49c45e66a	code, metadata, manifest, or small benchmark result
benchmarks/results/gse154778_pdac_scrna/comparator_inputs/cell_type_counts.csv	github	376	0.000359	40febc602909107603b2cc557c7b2494ef1ee07d1ad609e5a8dd5d592e12bb95	code, metadata, manifest, or small benchmark result
benchmarks/results/gse154778_pdac_scrna/comparator_inputs/cell_type_profiles.csv	github	5727	0.005462	e0f4bc9b00d338a7c0165187ac749d78cb6400e5d0bd7ff03b6cbcee6de640d2	code, metadata, manifest, or small benchmark result
benchmarks/results/gse154778_pdac_scrna/comparator_inputs/external_comparator_template.csv	github	62	5.9e-05	8467bc94433c885c6288b17451a4294e49466724853e2ac250d54de0de44dda3	code, metadata, manifest, or small benchmark result
benchmarks/results/gse154778_pdac_scrna/comparator_inputs/ligand_receptor_pairs.csv	github	696	0.000664	43ef0bd1e23593d4c71df7ecdffddcf6b80c34106b89e3d32a851a882f76a806	code, metadata, manifest, or small benchmark result
benchmarks/results/gse154778_pdac_scrna/comparator_inputs/manifest.tsv	github	984	0.000938	3f16acf6968cb23d8fcdd7424cbdf15d47e3de650ef47ddae78387e37306591d	code, metadata, manifest, or small benchmark result
benchmarks/results/gse154778_pdac_scrna/comparator_inputs/sheafsignal_edge_template.csv	github	9597	0.009152	e5bb8094e7e3c4d603c826adf66f73e1b1fcfbcefc19277189a076424b3e1c27	code, metadata, manifest, or small benchmark result
benchmarks/results/gse154778_pdac_scrna/comparators/cellchat_edges.csv	github	4139	0.003947	b1dd56e7cd02ff72ff41f9155f6d57cd68d23452b2d16274e6b08b5f17f650e1	code, metadata, manifest, or small benchmark result
benchmarks/results/gse154778_pdac_scrna/comparators/cellchat_run/cellchat_communication.csv	github	7249	0.006913	4f3d1d072427848ea4d3046dd4d4e38747ecc9e274dcd97bc20c898fa317b3f7	code, metadata, manifest, or small benchmark result
benchmarks/results/gse154778_pdac_scrna/comparators/cellchat_run/cellchat_run_status.tsv	github	29	2.8e-05	d995778b845a953ff0d152b4e3bd1cc1bf9872a208110c161baebf36d69aea21	code, metadata, manifest, or small benchmark result
benchmarks/results/gse154778_pdac_scrna/comparators/cellphonedb_edges.csv	github	3938	0.003756	d6075d083b29dab05ae0d081cec718c22567ca372464909469f23cf72e15a82f	code, metadata, manifest, or small benchmark result
benchmarks/results/gse154778_pdac_scrna/comparators/cellphonedb_run/cellphonedb_command.txt	github	480	0.000458	c041d35ef4614fe0b05723494dbe6b249b68c87a4436650f3f09b36532981a1a	code, metadata, manifest, or small benchmark result
benchmarks/results/gse154778_pdac_scrna/comparators/cellphonedb_run/cellphonedb_counts.tsv	github	3186110	3.038511	ba3aff3d6be1346d523ccd570aa333998f605df419153dc9d51cb2900f28425d	code, metadata, manifest, or small benchmark result
benchmarks/results/gse154778_pdac_scrna/comparators/cellphonedb_run/cellphonedb_meta.tsv	github	376427	0.358989	5675d54f61d0560a94c3d790f791f1e1198ba3843a77645e2a4bc0f877eeda95	code, metadata, manifest, or small benchmark result
benchmarks/results/gse154778_pdac_scrna/comparators/cellphonedb_run/cellphonedb_run_metadata.json	github	1081	0.001031	4f06c5ee6b4391134fa408c93bb1587d6b1fb742003af073b2597f490ed4c19a	code, metadata, manifest, or small benchmark result
benchmarks/results/gse154778_pdac_scrna/comparators/cellphonedb_run/statistical_analysis_deconvoluted_05_01_2026_165521.txt	github	1766	0.001684	7c9d3edbd9a5a95cfe7c27a47ba176e7506465e9d5a6068479ad4dd3693efe25	code, metadata, manifest, or small benchmark result
benchmarks/results/gse154778_pdac_scrna/comparators/cellphonedb_run/statistical_analysis_deconvoluted_percents_05_01_2026_165521.txt	github	1764	0.001682	d674c915b2a9ba62c9a9d7a27a6602c7402e9febf890c0625777af901ac475ae	code, metadata, manifest, or small benchmark result
benchmarks/results/gse154778_pdac_scrna/comparators/cellphonedb_run/statistical_analysis_interaction_scores_05_01_2026_165521.txt	github	4073	0.003884	be6f6fff06ea0432169a97b1f14e6234ac4edba88caee78770e050e28d46fb7d	code, metadata, manifest, or small benchmark result
benchmarks/results/gse154778_pdac_scrna/comparators/cellphonedb_run/statistical_analysis_means_05_01_2026_165521.txt	github	4558	0.004347	f60d9078692ba5bf247227e797029cdb359dd2a8d169f70859104eacc66fda69	code, metadata, manifest, or small benchmark result
benchmarks/results/gse154778_pdac_scrna/comparators/cellphonedb_run/statistical_analysis_pvalues_05_01_2026_165521.txt	github	4000	0.003815	db9feea4451bfaf1b1ef5ec6b7f60499c75db7ad86d667597f8bd69ff8102a1e	code, metadata, manifest, or small benchmark result
benchmarks/results/gse154778_pdac_scrna/comparators/cellphonedb_run/statistical_analysis_significant_means_05_01_2026_165521.txt	github	3063	0.002921	7c77271d101e6942d793cf66fbed827bb345fbb3cdbf2fdb2b5630746aa5a2db	code, metadata, manifest, or small benchmark result
benchmarks/results/gse154778_pdac_scrna/comparators/cellphonedb_smoke_100cells/cellphonedb_command.txt	github	512	0.000488	94483a3738935ca13160b52ff34f62cbb40322306478a1f28d68255acf6f1b55	code, metadata, manifest, or small benchmark result
benchmarks/results/gse154778_pdac_scrna/comparators/cellphonedb_smoke_100cells/cellphonedb_counts.tsv	github	21418	0.020426	9b570230bbfe1acd578be3656f35436f622f17d0693467f48e8c419c6de7b964	code, metadata, manifest, or small benchmark result
benchmarks/results/gse154778_pdac_scrna/comparators/cellphonedb_smoke_100cells/cellphonedb_meta.tsv	github	2343	0.002234	7520ad603f3c576cd01a3e2454308b8927d51475748f4b8e187e6e2cddf0f25a	code, metadata, manifest, or small benchmark result
benchmarks/results/gse154778_pdac_scrna/comparators/cellphonedb_smoke_100cells/cellphonedb_run_metadata.json	github	1114	0.001062	8a01998017aa6bf18e86fcef244981b5c99b18467587d5ea214919fa308dabb0	code, metadata, manifest, or small benchmark result
benchmarks/results/gse154778_pdac_scrna/comparators/cellphonedb_smoke_100cells/statistical_analysis_deconvoluted_05_01_2026_164909.txt	github	1196	0.001141	7bd5dfb8ba7b03ce45d22675530982e64cfe3537da3e1cbcdd0aec5a4db6f601	code, metadata, manifest, or small benchmark result
benchmarks/results/gse154778_pdac_scrna/comparators/cellphonedb_smoke_100cells/statistical_analysis_deconvoluted_percents_05_01_2026_164909.txt	github	1196	0.001141	e1b991563f067a7b497e062ffa459db56208fc965aa41031e4396b36629f0c16	code, metadata, manifest, or small benchmark result
benchmarks/results/gse154778_pdac_scrna/comparators/cellphonedb_smoke_100cells/statistical_analysis_interaction_scores_05_01_2026_164909.txt	github	2411	0.002299	58ac421fd81e970c2de2bad41cda42d119d5b0dc4fbf5ca6dc02070ad9882a55	code, metadata, manifest, or small benchmark result
benchmarks/results/gse154778_pdac_scrna/comparators/cellphonedb_smoke_100cells/statistical_analysis_means_05_01_2026_164909.txt	github	2421	0.002309	705ceec8016cc26c7e79448a86a54a042c4842767aa89a69e242213b67224e7d	code, metadata, manifest, or small benchmark result
benchmarks/results/gse154778_pdac_scrna/comparators/cellphonedb_smoke_100cells/statistical_analysis_pvalues_05_01_2026_164909.txt	github	2334	0.002226	657275a3cb9a5f7d2cdc6891fb0a1b9719a0488770a976e8f4c8c16bc3397bbe	code, metadata, manifest, or small benchmark result
benchmarks/results/gse154778_pdac_scrna/comparators/cellphonedb_smoke_100cells/statistical_analysis_significant_means_05_01_2026_164909.txt	github	2047	0.001952	a92ec1bd3011b79b1e535286df728a39003593e7cbec14e519f2ac4d1b12a9b2	code, metadata, manifest, or small benchmark result
benchmarks/results/gse154778_pdac_scrna/comparators/liana_edges.csv	github	8809	0.008401	9c41461156ea2ba7edc6f988fb1da834f712a4dbc29d538854db1a6a63350196	code, metadata, manifest, or small benchmark result
benchmarks/results/gse154778_pdac_scrna/comparators/liana_run/liana_external_edges.csv	github	67922	0.064775	6f3a0659c83d00f2d89626bd84a9f10dbae69bf6f2e352f4dec3c0bb388ba4f2	code, metadata, manifest, or small benchmark result
benchmarks/results/gse154778_pdac_scrna/comparators/liana_run/liana_raw_results.csv	github	66539	0.063457	6906b763ddbfdbf62c2782106f078866c146e74c69fb7b75beae429cd110d4e7	code, metadata, manifest, or small benchmark result
benchmarks/results/gse154778_pdac_scrna/comparators/liana_run/liana_run_metadata.json	github	551	0.000525	2bec34ce8f5ae52b1c08fe3228e28fa31030c0ef37976474ee110bf404fa3f0e	code, metadata, manifest, or small benchmark result
benchmarks/results/gse154778_pdac_scrna/comparators/lr_product_baseline_edges.csv	github	9668	0.00922	3071de753891308619a64b8460aa8a7653c3b763c31d7bb0ed74660abf6bac18	code, metadata, manifest, or small benchmark result
benchmarks/results/gse154778_pdac_scrna/comparators/mechanistic_target_prior_run/mechanistic_target_prior_metadata.json	github	574	0.000547	eafbb1218e3368b2f9fe2668ab5818bb65cd62ca6f5d18deb1ac90a0c2094bb3	code, metadata, manifest, or small benchmark result
benchmarks/results/gse154778_pdac_scrna/comparators/mechanistic_target_prior_run/mechanistic_target_prior_raw_edges.csv	github	146083	0.139316	b7b4ef75724c939e5bad4b7d6fcb170989f7a31ce74fd9f6616962375b54c9ea	code, metadata, manifest, or small benchmark result
benchmarks/results/gse154778_pdac_scrna/comparators/mechanistictargetprior_edges.csv	github	8177	0.007798	035639b88d2f21405b0a69efe6673246c58e626385ad925fa0f509ac45529405	code, metadata, manifest, or small benchmark result
benchmarks/results/gse154778_pdac_scrna/comparators/nichenet_edges.csv	github	7370	0.007029	3d92e3d6bee92bd830a0ab37b4e2171a6ed72d42108439abcb4fe3b9ec0108cb	code, metadata, manifest, or small benchmark result
benchmarks/results/gse154778_pdac_scrna/comparators/nichenet_prior_run/nichenet_prior_metadata.json	github	599	0.000571	fa41cdfa44aa7d985924e383a08b8b58d04ac3d2555073420af0c9b3ad78f4c1	code, metadata, manifest, or small benchmark result
benchmarks/results/gse154778_pdac_scrna/comparators/nichenet_prior_run/nichenet_prior_raw_edges.csv	github	66708	0.063618	0277608f3f66192159eb29fd02db258ca0d346622d30a93b253ae556af77664f	code, metadata, manifest, or small benchmark result
benchmarks/results/gse154778_pdac_scrna/comparators/sheafsignal_vs_cellchat.csv	github	15910	0.015173	6d52d93ee870caa62568decf05a2902b09285c4a3f2b5a3ba46606e889428834	code, metadata, manifest, or small benchmark result
benchmarks/results/gse154778_pdac_scrna/comparators/sheafsignal_vs_cellphonedb.csv	github	15678	0.014952	452f1d1999f305cf1217d56890dc8ba49f532793b245a2acdbe86b2b66719672	code, metadata, manifest, or small benchmark result
benchmarks/results/gse154778_pdac_scrna/comparators/sheafsignal_vs_liana.csv	github	16952	0.016167	7580f4bd1ef7d4abe22c685f51b017b47fbaefe532ff2af5467f0a1a6c4d1f89	code, metadata, manifest, or small benchmark result
benchmarks/results/gse154778_pdac_scrna/comparators/sheafsignal_vs_lr_product_baseline.csv	github	18638	0.017775	5e2b2b5553534b89469b7f7cad09d713c65ceff23f7fd057cedc6c66b4e633da	code, metadata, manifest, or small benchmark result
benchmarks/results/gse154778_pdac_scrna/comparators/sheafsignal_vs_mechanistictargetprior.csv	github	16051	0.015307	3c838865d37a97c661743f8d88c3b36a03a00baab0d246df445566049c7572b0	code, metadata, manifest, or small benchmark result
benchmarks/results/gse154778_pdac_scrna/comparators/sheafsignal_vs_nichenet.csv	github	15228	0.014523	573c744081d22bc61c054c62781d051f3fdc63f223763bcc46b8b0b4fe6e08b0	code, metadata, manifest, or small benchmark result
benchmarks/results/gse154778_pdac_scrna/qc/annotation_confidence.csv	github	1248	0.00119	47850532cbc72207da01dbc0073c2eb7a9997fe7e792591b0b43027db76a30a3	code, metadata, manifest, or small benchmark result
benchmarks/results/gse154778_pdac_scrna/qc/annotation_confidence.pdf	github	15468	0.014751	6b844ede7831532cf52597ebb504bbbcf9eb333503980943f83024c5e0ce73b9	code, metadata, manifest, or small benchmark result
benchmarks/results/gse154778_pdac_scrna/qc/cell_type_counts.csv	github	239	0.000228	e037c2aa189e8e3cf0a9fbdae082464e9713758a41055126accc0ff6c3e69dfc	code, metadata, manifest, or small benchmark result
benchmarks/results/gse154778_pdac_scrna/qc/cell_type_counts.pdf	github	14901	0.014211	725e96e3a91511d668c957db1d7a4dc858962e33d5a50e5cea6f46d1abb81be5	code, metadata, manifest, or small benchmark result
benchmarks/results/gse154778_pdac_scrna/qc/claim_gating_by_cell_type.csv	github	2404	0.002293	32a89006a64f0d325ddfa0771c033c26c778e1687ae9a33083290e42c6b5764f	code, metadata, manifest, or small benchmark result
benchmarks/results/gse154778_pdac_scrna/qc/frustration_annotation_overlay.csv	github	1628	0.001553	ef31013fa703e13c15dc118d3a838aac896138117afe7a993620c1d0146f34a3	code, metadata, manifest, or small benchmark result
benchmarks/results/gse154778_pdac_scrna/qc/frustration_annotation_overlay.pdf	github	17028	0.016239	70228499b3e5e54a2eedba77219b27cb2e6693656321a1f3f4933d1abd99e05e	code, metadata, manifest, or small benchmark result
benchmarks/results/gse154778_pdac_scrna/qc/marker_heatmap.csv	github	4592	0.004379	3809c5b919e08079f72d69aeaafa6cd8cd3dd6fb89706a4edeba9b3b456f8d21	code, metadata, manifest, or small benchmark result
benchmarks/results/gse154778_pdac_scrna/qc/marker_heatmap.pdf	github	22890	0.02183	d369389e49aba45068e021d1592559511aa0859b5b0213304a56aa1eed9bf14c	code, metadata, manifest, or small benchmark result
benchmarks/results/gse154778_pdac_scrna/qc/myeloid_claim_readiness_summary.csv	github	1245	0.001187	a5e67c1f8ec11806496a8c905c46e94fae814b885b70f515d8c62ff7f4aa6b37	code, metadata, manifest, or small benchmark result
benchmarks/results/gse154778_pdac_scrna/qc/qc_summary.csv	github	479	0.000457	55b97f93161d6e3ffc5db16e3d1d1543520dad5772fc7fc6c07e61f6f31090d4	code, metadata, manifest, or small benchmark result
benchmarks/results/gse154778_pdac_scrna/qc/sample_support_by_cell_type.csv	github	1491	0.001422	d376d0814c694d8df4a086ac2405de5c2ba5f207ec007d7a248e570dfb3cbf3e	code, metadata, manifest, or small benchmark result
benchmarks/results/gse154778_pdac_scrna/reannotation/GSE154778_REANNOTATION_READINESS_REPORT.md	github	287	0.000274	e0a9767a70b99a67261b6056f5c64eba4a5047004c17c8b1f240738c8bdbaa42	code, metadata, manifest, or small benchmark result
benchmarks/results/gse154778_pdac_scrna/reannotation/progress.log	github	599	0.000571	dd656dd53cb4846fd57c748991634ef5a844e80c0b4e5c656247918c4327805a	code, metadata, manifest, or small benchmark result
benchmarks/results/gse154778_pdac_scrna/reannotation/reannotation_readiness.csv	github	818	0.00078	8c4b1ce9ba8c09d1028a814ceb0cd15bd5a3b1dd97c433cfd4cc14ed7d2f1168	code, metadata, manifest, or small benchmark result
benchmarks/results/gse154778_pdac_scrna/reannotation/scanpy_cell_annotations.csv	github	4402010	4.198084	a3f57ca741f0ea357a563c037b255a47c6d0a2f3d1511b7b8281bacb7e35615b	code, metadata, manifest, or small benchmark result
benchmarks/results/gse154778_pdac_scrna/reannotation/scanpy_cluster_marker_labels.csv	github	1142	0.001089	12e0fdfefdc7ee58f65b5094712565c44feee3c8d80256479fb02ad60bfb550c	code, metadata, manifest, or small benchmark result
benchmarks/results/gse154778_pdac_scrna/reannotation/scanpy_reannotation_run_summary.csv	github	466	0.000444	e2815f6e12141707dab2ac27e7f62076a4bc53996c4c8059895653ae9be7368b	code, metadata, manifest, or small benchmark result
benchmarks/results/gse154778_pdac_scrna/reannotation/scanpy_sample_lesion_annotation_counts.csv	github	3789	0.003613	b864e40d0f61f49f60300f435fedf47d289a342d2ffa28d597c3b0dae7142f08	code, metadata, manifest, or small benchmark result
benchmarks/results/gse154778_pdac_scrna/reannotation_full_cells/GSE154778_REANNOTATION_READINESS_REPORT.md	github	287	0.000274	e0a9767a70b99a67261b6056f5c64eba4a5047004c17c8b1f240738c8bdbaa42	code, metadata, manifest, or small benchmark result
benchmarks/results/gse154778_pdac_scrna/reannotation_full_cells/progress_test.log	github	4	4e-06	9f2a59a60e65fbcd5a3e1b7248adf92890ce3a32b19e43fb4751c2657196de13	code, metadata, manifest, or small benchmark result
benchmarks/results/gse154778_pdac_scrna/reannotation_full_cells/reannotation_readiness.csv	github	818	0.00078	8c4b1ce9ba8c09d1028a814ceb0cd15bd5a3b1dd97c433cfd4cc14ed7d2f1168	code, metadata, manifest, or small benchmark result
benchmarks/results/gse154778_pdac_scrna/results/frustration_permutation_pvalues.csv	github	977	0.000932	11af5de2aa1928e342409a5d1ce26bec87a726905dd5e9297c618b9e610cac56	code, metadata, manifest, or small benchmark result
benchmarks/results/gse154778_pdac_scrna/results/global_permutation_pvalues.csv	github	511	0.000487	e9031c6c7eba3046df911279f45b3afa03ad6c56da686880ac18b811c6a2c280	code, metadata, manifest, or small benchmark result
benchmarks/results/gse154778_pdac_scrna/results/hodge_decomposition_scores.csv	github	2030	0.001936	4d02fd7ec149af145da2ad222440741ebb2bfb19a27e10a3f4124859e9332c0c	code, metadata, manifest, or small benchmark result
benchmarks/results/gse154778_pdac_scrna/results/sheaf_energy_by_edge.csv	github	25886	0.024687	af4b5063030b6a98ee27934c05767f770174bf7714d14e243c271d2c463ff154	code, metadata, manifest, or small benchmark result
benchmarks/results/gse154778_pdac_scrna/results/sheaf_energy_permutation_pvalues.csv	github	8783	0.008376	b58133b7b216aa4648f0ee317833ed9eab5c375d9d63f098ba2be53962c312fb	code, metadata, manifest, or small benchmark result
benchmarks/results/gse154778_pdac_scrna/stability/bootstrap_frustration_by_cell_type.csv	github	107527	0.102546	ded43274997393caf8649b9671d48612515118ff12c8430a59f14cdd46f95d05	code, metadata, manifest, or small benchmark result
benchmarks/results/gse154778_pdac_scrna/stability/bootstrap_frustration_stability.pdf	github	15219	0.014514	31dcc294fd082b2852864824d52ec6b76f8984d620cb2f666d3386c2ea78e6a6	code, metadata, manifest, or small benchmark result
benchmarks/results/gse154778_pdac_scrna/stability/bootstrap_frustration_summary.csv	github	1265	0.001206	9d67862a9de3f8de02ffdc48eb4eaf0f023a9b3dca658fde6c70d96896f05831	code, metadata, manifest, or small benchmark result
benchmarks/results/gse154778_pdac_scrna/stability/bootstrap_global_scores.csv	github	26396	0.025173	91fe917b4de8aed2f8cc9533c2e275a0209c69171644905c95d8dda47fe5ebc6	code, metadata, manifest, or small benchmark result
benchmarks/results/gse154778_pdac_scrna/stability/sample_level_frustration.csv	github	4516	0.004307	593c1822685923195da08dbb8c972b383c74e559dde6eada75db76942c59bf83	code, metadata, manifest, or small benchmark result
benchmarks/results/gse154778_pdac_scrna/stability/sample_level_myeloid_stability.pdf	github	15264	0.014557	fd0ac94134644a0b8260b71cae14116bbbf0674473cd192ce7a5665df340d013	code, metadata, manifest, or small benchmark result
benchmarks/results/gse154778_pdac_scrna/stability/sample_level_myeloid_stability_summary.csv	github	825	0.000787	58e642e7e0de88bc0a7fc7bfe184c1faa62004c3afd35d2576c04aa4d87e50ce	code, metadata, manifest, or small benchmark result
benchmarks/results/gse154778_pdac_scrna/stratified/lesion_edge_sheaf_energy.csv	github	15341	0.01463	18370c1bca0a04b2d368e423af261db97a0735f3261dca501f1debb3eadf3bb9	code, metadata, manifest, or small benchmark result
benchmarks/results/gse154778_pdac_scrna/stratified/lesion_frustration_by_cell_type.csv	github	2213	0.00211	b10b94ef50ce88eaa5c1eec512c325e26e1e3085831dcc5762acae2af9367f2a	code, metadata, manifest, or small benchmark result
benchmarks/results/gse154778_pdac_scrna/stratified/lesion_frustration_scores.pdf	github	15353	0.014642	bdca5002058e84ae83e8625a639fc1f24e616ae878dd6bbeab4e1e065fd588b7	code, metadata, manifest, or small benchmark result
benchmarks/results/gse154778_pdac_scrna/stratified/lesion_sheafsignal_summary.csv	github	809	0.000772	b33e4ba8256576e946a7676791e80d00a4f54e252ae4f2fa2d66e1cd5fbba55d	code, metadata, manifest, or small benchmark result
benchmarks/results/gse176078_brca_scrna/comparator_inputs/README.md	github	1307	0.001246	4f42059f8ff2fb6d5c6a4eb056c81bfcd863d0c03a8f3629f9eeec188413414c	code, metadata, manifest, or small benchmark result
benchmarks/results/gse176078_brca_scrna/comparator_inputs/cell_type_counts.csv	github	648	0.000618	afce30060d215bc4812eb77b0e5b0a7712316a26fff322b207dd8a9ee608cdba	code, metadata, manifest, or small benchmark result
benchmarks/results/gse176078_brca_scrna/comparator_inputs/cell_type_profiles.csv	github	8821	0.008412	ef6f2330f69ec9c2e2b3586679d4eddc186f0250147aa51cc75b09d62fa5ab6e	code, metadata, manifest, or small benchmark result
benchmarks/results/gse176078_brca_scrna/comparator_inputs/external_comparator_template.csv	github	62	5.9e-05	8467bc94433c885c6288b17451a4294e49466724853e2ac250d54de0de44dda3	code, metadata, manifest, or small benchmark result
benchmarks/results/gse176078_brca_scrna/comparator_inputs/ligand_receptor_pairs.csv	github	696	0.000664	43ef0bd1e23593d4c71df7ecdffddcf6b80c34106b89e3d32a851a882f76a806	code, metadata, manifest, or small benchmark result
benchmarks/results/gse176078_brca_scrna/comparator_inputs/manifest.tsv	github	984	0.000938	74bce9b353200c1f48fb307990c50bf4300c9156a12852dab02cf9a04bd497de	code, metadata, manifest, or small benchmark result
benchmarks/results/gse176078_brca_scrna/comparator_inputs/sheafsignal_edge_template.csv	github	12931	0.012332	55bef580e6c0374036ff63e062e22d39108d2dd9261c621084e883a6fff03e92	code, metadata, manifest, or small benchmark result
benchmarks/results/gse176078_brca_scrna/comparators/cellchat_edges.csv	github	6695	0.006385	b97919f25b9159473321f56dc3a60e4ac414587586d4259fbfb652208084370e	code, metadata, manifest, or small benchmark result
benchmarks/results/gse176078_brca_scrna/comparators/cellchat_run/cellchat_communication.csv	github	10641	0.010148	3545d8608b9dd4c5316a386a479abe50390e8c78a9c01c039e0152947b0f651d	code, metadata, manifest, or small benchmark result
benchmarks/results/gse176078_brca_scrna/comparators/cellchat_run/cellchat_run_status.tsv	github	29	2.8e-05	ff290cb71a0c11cdc105a9ad788bc6df7a2833206c6961fa2078c43f33bf5a0b	code, metadata, manifest, or small benchmark result
benchmarks/results/gse176078_brca_scrna/comparators/cellphonedb_edges.csv	github	4951	0.004722	4e3d25400b6a8101bccac1da62af6d4aa1c82d2764cfb5371da3ca17e554103f	code, metadata, manifest, or small benchmark result
benchmarks/results/gse176078_brca_scrna/comparators/cellphonedb_run/cellphonedb_command.txt	github	480	0.000458	07e816de75370de490e77b50a661e1936a7f7a284fa02bbb69e85ff511dd5607	code, metadata, manifest, or small benchmark result
benchmarks/results/gse176078_brca_scrna/comparators/cellphonedb_run/cellphonedb_meta.tsv	github	3676073	3.505776	40b9b1c86ad9ffefa3d182076db2cd170fbb818b3808f66f8db6bdce1583f1e2	code, metadata, manifest, or small benchmark result
benchmarks/results/gse176078_brca_scrna/comparators/cellphonedb_run/cellphonedb_run_metadata.json	github	1081	0.001031	d76648aa7147d7850415fd3d1c9968a169b8bc7ecfe57297001b22f61142b940	code, metadata, manifest, or small benchmark result
benchmarks/results/gse176078_brca_scrna/comparators/cellphonedb_run/statistical_analysis_deconvoluted_05_01_2026_170912.txt	github	1912	0.001823	7c02536c426da29fc14bec42bbdef69ce40a859ac5abfb8dcfb021148660b86e	code, metadata, manifest, or small benchmark result
benchmarks/results/gse176078_brca_scrna/comparators/cellphonedb_run/statistical_analysis_deconvoluted_percents_05_01_2026_170912.txt	github	1904	0.001816	a2a7965f1c4c88c53a06f5d25cc88c42509353b81aad41fa4a4a47a92e247702	code, metadata, manifest, or small benchmark result
benchmarks/results/gse176078_brca_scrna/comparators/cellphonedb_run/statistical_analysis_interaction_scores_05_01_2026_170912.txt	github	5095	0.004859	f779a7b7ca5d659c86de9dde4fac723b3fc084fd339d8d23bafb61e8c66914ea	code, metadata, manifest, or small benchmark result
benchmarks/results/gse176078_brca_scrna/comparators/cellphonedb_run/statistical_analysis_means_05_01_2026_170912.txt	github	5930	0.005655	aa667bf8b0bc8f2d14ffde7693aac889cdea6bffc5661aebbf64733063619087	code, metadata, manifest, or small benchmark result
benchmarks/results/gse176078_brca_scrna/comparators/cellphonedb_run/statistical_analysis_pvalues_05_01_2026_170912.txt	github	4956	0.004726	635ce028cd4daeb335e9888000dfea0f76d6dbc488ef64788a87251906045b70	code, metadata, manifest, or small benchmark result
benchmarks/results/gse176078_brca_scrna/comparators/cellphonedb_run/statistical_analysis_significant_means_05_01_2026_170912.txt	github	3729	0.003556	6ae303fb85c8a16ce8e721fe5bd8577feed61a73da9e605687beaad1e68bfb17	code, metadata, manifest, or small benchmark result
benchmarks/results/gse176078_brca_scrna/comparators/liana_edges.csv	github	11424	0.010895	8cbab8483abbd499c47e8e3d4e356d03fea37518a3d866823d5443e209cccb06	code, metadata, manifest, or small benchmark result
benchmarks/results/gse176078_brca_scrna/comparators/liana_run/liana_external_edges.csv	github	58513	0.055802	7b1394de4cc3d2aeca58282f865152e56640658a8dc6ecdef31de3658a076899	code, metadata, manifest, or small benchmark result
benchmarks/results/gse176078_brca_scrna/comparators/liana_run/liana_raw_results.csv	github	51939	0.049533	2df880719b7eb51c5b77852b6772abeaa50589abaeab94ffbb9d2323e4c1c6f4	code, metadata, manifest, or small benchmark result
benchmarks/results/gse176078_brca_scrna/comparators/liana_run/liana_run_metadata.json	github	335	0.000319	81269847872d419260f7d8935fe76260363e2d3539d843a02ab05ed405f456f0	code, metadata, manifest, or small benchmark result
benchmarks/results/gse176078_brca_scrna/comparators/lr_product_baseline_edges.csv	github	13035	0.012431	9b2fa2abd33c025d41de7660358a9119405d983b0d9105685311b5b0446306a9	code, metadata, manifest, or small benchmark result
benchmarks/results/gse176078_brca_scrna/comparators/mechanistic_target_prior_run/mechanistic_target_prior_metadata.json	github	574	0.000547	b1fcbe7d3ad751e036a3781fdb5e5cdab5f9c5d96450787c668d51be9da351c5	code, metadata, manifest, or small benchmark result
benchmarks/results/gse176078_brca_scrna/comparators/mechanistic_target_prior_run/mechanistic_target_prior_raw_edges.csv	github	229434	0.218805	19bd1646d3be74fdf01529764bc782f031c61538e6d0a986ca1d092674886b98	code, metadata, manifest, or small benchmark result
benchmarks/results/gse176078_brca_scrna/comparators/mechanistictargetprior_edges.csv	github	10912	0.010406	c037229b7dcc10823836f9e6f0ec353bcd1ff889b8361174be4476cbfb24ee13	code, metadata, manifest, or small benchmark result
benchmarks/results/gse176078_brca_scrna/comparators/nichenet_edges.csv	github	9999	0.009536	4d8df9b5c7795f1c4e09bfd5c1d62c6a692efc9778dd3e2dc798be3a2d35a941	code, metadata, manifest, or small benchmark result
benchmarks/results/gse176078_brca_scrna/comparators/nichenet_prior_run/nichenet_prior_metadata.json	github	599	0.000571	92d54ab5d654c2b186c7d6b59f693adcf53922dfad16d6a5ed10c2e00c541160	code, metadata, manifest, or small benchmark result
benchmarks/results/gse176078_brca_scrna/comparators/nichenet_prior_run/nichenet_prior_raw_edges.csv	github	109774	0.104689	80a00f778ace79817724c76f5a4dfe71adb21b101e7ab62bf06d876811f2268b	code, metadata, manifest, or small benchmark result
benchmarks/results/gse176078_brca_scrna/comparators/sheafsignal_vs_cellchat.csv	github	22239	0.021209	2d324fd584d58b70149e3699c8b8a2fecee4e8d269aeda5010725458166f5781	code, metadata, manifest, or small benchmark result
benchmarks/results/gse176078_brca_scrna/comparators/sheafsignal_vs_cellphonedb.csv	github	20410	0.019464	5db8e992fa86b82b03d9edd813908df843f81d24e8f25e9ef5abfdb8105e52d9	code, metadata, manifest, or small benchmark result
benchmarks/results/gse176078_brca_scrna/comparators/sheafsignal_vs_liana.csv	github	22153	0.021127	25a9b85d96e1593e2381f810a976b65ae897845f47bf2d12d09305269bc913b1	code, metadata, manifest, or small benchmark result
benchmarks/results/gse176078_brca_scrna/comparators/sheafsignal_vs_lr_product_baseline.csv	github	24766	0.023619	e9b3f0b5cd866ec16499cbf2d35c937dc03ed41d38081665f1df355a26d98f18	code, metadata, manifest, or small benchmark result
benchmarks/results/gse176078_brca_scrna/comparators/sheafsignal_vs_mechanistictargetprior.csv	github	21282	0.020296	02b08c714d7c4147550a2bb3751b350ed635c4017a0e8a8dd5b91a0144407488	code, metadata, manifest, or small benchmark result
benchmarks/results/gse176078_brca_scrna/comparators/sheafsignal_vs_nichenet.csv	github	20439	0.019492	33a41b800bb5dfe4ff8342fb8e3e1856a0cafb8d3302da26162b6769a52af4c4	code, metadata, manifest, or small benchmark result
benchmarks/results/gse176078_brca_scrna/results/frustration_permutation_pvalues.csv	github	1095	0.001044	e01466afb3c739687c3882d99792518ed9147bc65dc6ab5386208a621b62cf7c	code, metadata, manifest, or small benchmark result
benchmarks/results/gse176078_brca_scrna/results/global_permutation_pvalues.csv	github	500	0.000477	5b7931244d20a4e5b873a9a867202afb820dd63a01c56639d872a6603ea89550	code, metadata, manifest, or small benchmark result
benchmarks/results/gse176078_brca_scrna/results/hodge_decomposition_scores.csv	github	2258	0.002153	570bb1f574dd84b94ab709063995aba4b0d5b77d42cecbacaa7ac01fdfbdd038	code, metadata, manifest, or small benchmark result
benchmarks/results/gse176078_brca_scrna/results/sheaf_energy_by_edge.csv	github	33917	0.032346	0e868b48ecefbea7a572bb42f1ce7984a011f467b99b6b0e151c2606548f1765	code, metadata, manifest, or small benchmark result
benchmarks/results/gse176078_brca_scrna/results/sheaf_energy_permutation_pvalues.csv	github	11164	0.010647	9387d00ae1442dfb11daa980655301af308113689dbd168c41d37417f367401c	code, metadata, manifest, or small benchmark result
benchmarks/results/gse72056_melanoma_scrna/comparator_inputs/README.md	github	1313	0.001252	7d71eb82497359d0e4d6dfc541993a4ff524c1314115f504804d3e9db1019fcf	code, metadata, manifest, or small benchmark result
benchmarks/results/gse72056_melanoma_scrna/comparator_inputs/cell_type_counts.csv	github	156	0.000149	7a867b59dbb958a5b8291147cf952e8169ee3f1cf5640ffa5a6b596aea090775	code, metadata, manifest, or small benchmark result
benchmarks/results/gse72056_melanoma_scrna/comparator_inputs/cell_type_profiles.csv	github	6957	0.006635	1d0ab49ad538cf8f2079345cd47a2f4ad4d008e975b7c5cc1620218f853505da	code, metadata, manifest, or small benchmark result
benchmarks/results/gse72056_melanoma_scrna/comparator_inputs/external_comparator_template.csv	github	62	5.9e-05	8467bc94433c885c6288b17451a4294e49466724853e2ac250d54de0de44dda3	code, metadata, manifest, or small benchmark result
benchmarks/results/gse72056_melanoma_scrna/comparator_inputs/ligand_receptor_pairs.csv	github	696	0.000664	43ef0bd1e23593d4c71df7ecdffddcf6b80c34106b89e3d32a851a882f76a806	code, metadata, manifest, or small benchmark result
benchmarks/results/gse72056_melanoma_scrna/comparator_inputs/manifest.tsv	github	1020	0.000973	37a98e235f0d13bfe2d6041bacff56aaec219cb65f103ae577bf39e2bd0f270e	code, metadata, manifest, or small benchmark result
benchmarks/results/gse72056_melanoma_scrna/comparator_inputs/sheafsignal_edge_template.csv	github	9539	0.009097	0482a1b0bb714527c9d3ef53948723d8791ac1c1f5907a7dd03776976e3ad169	code, metadata, manifest, or small benchmark result
benchmarks/results/gse72056_melanoma_scrna/comparators/cellchat_edges.csv	github	8887	0.008475	3759e41bbf77de77da765aacb9e09f4f2e5ba25396974422fcef7d7228e73de9	code, metadata, manifest, or small benchmark result
benchmarks/results/gse72056_melanoma_scrna/comparators/cellchat_run/cellchat_communication.csv	github	20342	0.0194	609fa4355c3759c311e4dd94c204470c1aca8c64b2910bb0af4255a485f31d93	code, metadata, manifest, or small benchmark result
benchmarks/results/gse72056_melanoma_scrna/comparators/cellchat_run/cellchat_run_status.tsv	github	30	2.9e-05	02018d4f7161f19a10f5dac6983308b5b8b78e90781f11079910a94b1ba8527f	code, metadata, manifest, or small benchmark result
benchmarks/results/gse72056_melanoma_scrna/comparators/cellphonedb_edges.csv	github	5776	0.005508	a76de6caaf0c8033abbcdb03211a6623118a64126eb070ff864e30c58e0fa967	code, metadata, manifest, or small benchmark result
benchmarks/results/gse72056_melanoma_scrna/comparators/cellphonedb_run/cellphonedb_command.txt	github	489	0.000466	4bd5ae616fbe35e6af68334da3806dd798024e8dda6f4daf3b762c88782226cc	code, metadata, manifest, or small benchmark result
benchmarks/results/gse72056_melanoma_scrna/comparators/cellphonedb_run/cellphonedb_counts.tsv	github	1295319	1.235312	cb2579c1011244697ed9b9b5f37f619eefa1be2967de1fbb0cfa65057591dfe9	code, metadata, manifest, or small benchmark result
benchmarks/results/gse72056_melanoma_scrna/comparators/cellphonedb_run/cellphonedb_meta.tsv	github	193421	0.184461	970f78d21c59046994c345873bee92ee23dc02b64dd0f5c83564839cf18543f7	code, metadata, manifest, or small benchmark result
benchmarks/results/gse72056_melanoma_scrna/comparators/cellphonedb_run/cellphonedb_run_metadata.json	github	1093	0.001042	30d6a55354d07c570c816b212c9f60f02b237cd9fe34d85291cf961a847cbac8	code, metadata, manifest, or small benchmark result
benchmarks/results/gse72056_melanoma_scrna/comparators/cellphonedb_run/statistical_analysis_deconvoluted_05_01_2026_165143.txt	github	1778	0.001696	9a14686e30104376ac5f507bc0f50ccbe65de3e4667c07e46c5c7b29a55938a6	code, metadata, manifest, or small benchmark result
benchmarks/results/gse72056_melanoma_scrna/comparators/cellphonedb_run/statistical_analysis_deconvoluted_percents_05_01_2026_165143.txt	github	1776	0.001694	878819387896f4c23f74cba0e839c911cfe5ffd16eae2c8dbee8829bedd43a7d	code, metadata, manifest, or small benchmark result
benchmarks/results/gse72056_melanoma_scrna/comparators/cellphonedb_run/statistical_analysis_interaction_scores_05_01_2026_165143.txt	github	4202	0.004007	20cba5ea421f9ac850a2a5d5ef6d40f246a46e69c440afaa3126fc69c66bd5c3	code, metadata, manifest, or small benchmark result
benchmarks/results/gse72056_melanoma_scrna/comparators/cellphonedb_run/statistical_analysis_means_05_01_2026_165143.txt	github	4631	0.004416	c1b56af96da71735cc97140bf3d62703928303b8100132ddcb6f49aebaf7990e	code, metadata, manifest, or small benchmark result
benchmarks/results/gse72056_melanoma_scrna/comparators/cellphonedb_run/statistical_analysis_pvalues_05_01_2026_165143.txt	github	3998	0.003813	2863114026f4fd27ac4e8a552802fca456bb42ab5898cbf0e047919fa87bd856	code, metadata, manifest, or small benchmark result
benchmarks/results/gse72056_melanoma_scrna/comparators/cellphonedb_run/statistical_analysis_significant_means_05_01_2026_165143.txt	github	3162	0.003016	0f8054fdce75c5ca3a0b60e6e6630113c4c4a546aefd2efb98c14ed781eb0b10	code, metadata, manifest, or small benchmark result
benchmarks/results/gse72056_melanoma_scrna/comparators/liana_edges.csv	github	8415	0.008025	7328bec107d2690b1d60a8c03ebd117a75999363072f2b0284092c2dc416b682	code, metadata, manifest, or small benchmark result
benchmarks/results/gse72056_melanoma_scrna/comparators/liana_run/liana_external_edges.csv	github	47023	0.044845	033aeda28e16e5331b50d1375fd004f258ce93b51da201cf22cf3e6cddde8445	code, metadata, manifest, or small benchmark result
benchmarks/results/gse72056_melanoma_scrna/comparators/liana_run/liana_raw_results.csv	github	46166	0.044027	c651895aeecf52d34ecbe51359a8d0a9e0563fb669a3c4edd926d5d26d84d08a	code, metadata, manifest, or small benchmark result
benchmarks/results/gse72056_melanoma_scrna/comparators/liana_run/liana_run_metadata.json	github	339	0.000323	8caa78acd47f613139999138a50465fad0d471ed487dccfaac265181e889629c	code, metadata, manifest, or small benchmark result
benchmarks/results/gse72056_melanoma_scrna/comparators/lr_product_baseline_edges.csv	github	9699	0.00925	0ab37e1f18d7b73336593442940984cf2cc487f663b1ea9d64699f195ed64fa9	code, metadata, manifest, or small benchmark result
benchmarks/results/gse72056_melanoma_scrna/comparators/mechanistic_target_prior_run/mechanistic_target_prior_metadata.json	github	580	0.000553	867b08aff2ee3c4be7ff70a2de0d98be3e06184763ebcadf8777bdeb94237c72	code, metadata, manifest, or small benchmark result
benchmarks/results/gse72056_melanoma_scrna/comparators/mechanistic_target_prior_run/mechanistic_target_prior_raw_edges.csv	github	156609	0.149354	6af0a4cfeca4c9ecd00e6063d079a0844bd642764f46df2fa51c46e8d85c1c80	code, metadata, manifest, or small benchmark result
benchmarks/results/gse72056_melanoma_scrna/comparators/mechanistictargetprior_edges.csv	github	8158	0.00778	53a53a5e39c34807149d9fd92740c8970d1b2706162c362fe3a639d62f5a58f8	code, metadata, manifest, or small benchmark result
benchmarks/results/gse72056_melanoma_scrna/comparators/nichenet_edges.csv	github	7482	0.007135	2a1750be24bf66b2b80d34c3fa323c9b7299d078efcead21be708386233ed49a	code, metadata, manifest, or small benchmark result
benchmarks/results/gse72056_melanoma_scrna/comparators/nichenet_prior_run/nichenet_prior_metadata.json	github	605	0.000577	8b30d403164a97fc7e471cf7e928735835f4588f6d6adcdd2b08b9ff9f94d48f	code, metadata, manifest, or small benchmark result
benchmarks/results/gse72056_melanoma_scrna/comparators/nichenet_prior_run/nichenet_prior_raw_edges.csv	github	72387	0.069034	61edd64cf35b1d43a4791b945d778b963f56a819332660f7d711da7cf8648115	code, metadata, manifest, or small benchmark result
benchmarks/results/gse72056_melanoma_scrna/comparators/sheafsignal_vs_cellchat.csv	github	20069	0.019139	ed97db7af0df4a2c16bdbbb7bc2eb8c051049f1914c1a6df9fe8ec01a9a771aa	code, metadata, manifest, or small benchmark result
benchmarks/results/gse72056_melanoma_scrna/comparators/sheafsignal_vs_cellphonedb.csv	github	16858	0.016077	f6d40278773367bbe2c6ebf2ce01c4bc36cc42a2422f2c978ce29669b4d42e50	code, metadata, manifest, or small benchmark result
benchmarks/results/gse72056_melanoma_scrna/comparators/sheafsignal_vs_liana.csv	github	16634	0.015863	4f3f0a6508d0e084c7f83e204f1147682e17b1a98ee8286011f2a76fc48e58bb	code, metadata, manifest, or small benchmark result
benchmarks/results/gse72056_melanoma_scrna/comparators/sheafsignal_vs_lr_product_baseline.csv	github	18498	0.017641	bf76dc30e09e7ff1dfcaec95c992bf0b98496d3fa26dc6315fed52aff9d71da9	code, metadata, manifest, or small benchmark result
benchmarks/results/gse72056_melanoma_scrna/comparators/sheafsignal_vs_mechanistictargetprior.csv	github	16121	0.015374	86f1499d437c202bec3c364ac9ff51351d4c4eb51a3b335d457eb44023d402f3	code, metadata, manifest, or small benchmark result
benchmarks/results/gse72056_melanoma_scrna/comparators/sheafsignal_vs_nichenet.csv	github	15459	0.014743	10306df2ebfa901c1d7f0eacc48d19f57e5d1fc78cfcc2bc4cfc8f2517311121	code, metadata, manifest, or small benchmark result
benchmarks/results/gse72056_melanoma_scrna/results/frustration_permutation_pvalues.csv	github	969	0.000924	7da81dae46a9cc2f6b4db701889581b684a37f44d17cd91d3333a0ae554da454	code, metadata, manifest, or small benchmark result
benchmarks/results/gse72056_melanoma_scrna/results/global_permutation_pvalues.csv	github	500	0.000477	7289aaca09bcaafd91dba29718530e88bf201516fea1ce19080daaf3be1bb7a7	code, metadata, manifest, or small benchmark result
benchmarks/results/gse72056_melanoma_scrna/results/hodge_decomposition_scores.csv	github	2029	0.001935	a51d3d182110511ac957fe6b4c8f251a5f4a751e2d68412b9fe77ed80c50df45	code, metadata, manifest, or small benchmark result
benchmarks/results/gse72056_melanoma_scrna/results/sheaf_energy_by_edge.csv	github	25800	0.024605	3dd5810bc24bc0f36e88fb836cd94ee648924a185758bb797334f635cd394c79	code, metadata, manifest, or small benchmark result
benchmarks/results/gse72056_melanoma_scrna/results/sheaf_energy_permutation_pvalues.csv	github	8792	0.008385	879bc37732abbb4f963557ed68402bdd733e95f2ee197b41c7fd76fc83a1af4f	code, metadata, manifest, or small benchmark result
benchmarks/results/harmonic_ring_edges.csv	github	79	7.5e-05	9b941a510b28f025d709588ded790bef2569c0c2d87b3906bda8444e563865de	code, metadata, manifest, or small benchmark result
benchmarks/results/mixed_edges.csv	github	183	0.000175	44ae3450379843df49403fd84d629d047b83cdf843a7fafd963a0f606e18347c	code, metadata, manifest, or small benchmark result
benchmarks/results/public_dataset_preparation_plan.csv	github	612	0.000584	dd417f5fccb7deb864a1a366b82ef15f0d3ff9270bb6b062bf70bd78bba181c3	code, metadata, manifest, or small benchmark result
benchmarks/results/public_tme_sheafsignal_summary.csv	github	1514	0.001444	461cdd5fbecb2fa4b426ea4ff4913c16c7759a8f68c48b43e95b800204590b62	code, metadata, manifest, or small benchmark result
benchmarks/results/reviewer_objection_response_table.csv	github	4473	0.004266	9505a816a32805da490bd44f3329ba3b30c0bbca07da440eb28a446b19c951aa	code, metadata, manifest, or small benchmark result
benchmarks/results/round2_hardening/component_recovery.csv	github	399	0.000381	6572c7c9ce9bf592fd7560d41c6c49b5dcfbb4dd051582e85b3b3a869e40ec26	code, metadata, manifest, or small benchmark result
benchmarks/results/round2_hardening/gse154778_pdac_scrna/comparators/lr_product_baseline_edges.csv	github	2913	0.002778	46f2e3b9d6773523571d5297a331d9b69416dbbd220c9c8af532946b6258c330	code, metadata, manifest, or small benchmark result
benchmarks/results/round2_hardening/gse154778_pdac_scrna/comparators/sheafsignal_vs_lr_product_baseline.csv	github	5536	0.00528	1cf807513f82e601808e569af990b910714fcafc467e306245ef2e77f206ca0b	code, metadata, manifest, or small benchmark result
benchmarks/results/round2_hardening/gse154778_pdac_scrna/qc/annotation_confidence.csv	github	1248	0.00119	47850532cbc72207da01dbc0073c2eb7a9997fe7e792591b0b43027db76a30a3	code, metadata, manifest, or small benchmark result
benchmarks/results/round2_hardening/gse154778_pdac_scrna/qc/annotation_confidence.pdf	github	15468	0.014751	7081fb1ad21217cb68983ec5e75357eee5debf1bb5a2f95efdf0ba5dde93faab	code, metadata, manifest, or small benchmark result
benchmarks/results/round2_hardening/gse154778_pdac_scrna/qc/cell_type_counts.csv	github	239	0.000228	e037c2aa189e8e3cf0a9fbdae082464e9713758a41055126accc0ff6c3e69dfc	code, metadata, manifest, or small benchmark result
benchmarks/results/round2_hardening/gse154778_pdac_scrna/qc/cell_type_counts.pdf	github	14901	0.014211	6f0712b9ced473804fff14d11692c2debc45d600e82b22633523d5b89b4157ab	code, metadata, manifest, or small benchmark result
benchmarks/results/round2_hardening/gse154778_pdac_scrna/qc/claim_gating_by_cell_type.csv	github	2403	0.002292	d9e71af812691f2f1ebe27bdb9b0e4aeaa0ff2be3d89c25fd90ed467f066df23	code, metadata, manifest, or small benchmark result
benchmarks/results/round2_hardening/gse154778_pdac_scrna/qc/frustration_annotation_overlay.csv	github	1628	0.001553	ef31013fa703e13c15dc118d3a838aac896138117afe7a993620c1d0146f34a3	code, metadata, manifest, or small benchmark result
benchmarks/results/round2_hardening/gse154778_pdac_scrna/qc/frustration_annotation_overlay.pdf	github	17028	0.016239	cb79bcac189b9a06568e3678319ebfdd53e418276b0411daf62fb50d0932a1f3	code, metadata, manifest, or small benchmark result
benchmarks/results/round2_hardening/gse154778_pdac_scrna/qc/marker_heatmap.csv	github	4592	0.004379	3809c5b919e08079f72d69aeaafa6cd8cd3dd6fb89706a4edeba9b3b456f8d21	code, metadata, manifest, or small benchmark result
benchmarks/results/round2_hardening/gse154778_pdac_scrna/qc/marker_heatmap.pdf	github	22890	0.02183	e1706f5fc9246eb5bfac17bef57ec4e37a529b967d7c2238720aef7abb1ad1ba	code, metadata, manifest, or small benchmark result
benchmarks/results/round2_hardening/gse154778_pdac_scrna/qc/myeloid_claim_readiness_summary.csv	github	1245	0.001187	a5e67c1f8ec11806496a8c905c46e94fae814b885b70f515d8c62ff7f4aa6b37	code, metadata, manifest, or small benchmark result
benchmarks/results/round2_hardening/gse154778_pdac_scrna/qc/qc_summary.csv	github	479	0.000457	55b97f93161d6e3ffc5db16e3d1d1543520dad5772fc7fc6c07e61f6f31090d4	code, metadata, manifest, or small benchmark result
benchmarks/results/round2_hardening/gse154778_pdac_scrna/qc/sample_support_by_cell_type.csv	github	1491	0.001422	d376d0814c694d8df4a086ac2405de5c2ba5f207ec007d7a248e570dfb3cbf3e	code, metadata, manifest, or small benchmark result
benchmarks/results/round2_hardening/gse154778_pdac_scrna/results/cellular_sheaf_laplacian.csv	github	418	0.000399	57ca47766eaef73c630c5854dfe7edca16fe457753cb2d2e084f8aeea5c8e6ea	code, metadata, manifest, or small benchmark result
benchmarks/results/round2_hardening/gse154778_pdac_scrna/results/cellular_sheaf_restrictions.csv	github	1576	0.001503	0240d5c253ae41fea38bc2bf9340ab4e3356acfa85d129344bd16d4976123927	code, metadata, manifest, or small benchmark result
benchmarks/results/round2_hardening/gse154778_pdac_scrna/results/frustration_permutation_pvalues.csv	github	653	0.000623	065cbe723b9831af77edcb6d65f197fff07da987bfa3e54256b1f86456e185d4	code, metadata, manifest, or small benchmark result
benchmarks/results/round2_hardening/gse154778_pdac_scrna/results/global_permutation_pvalues.csv	github	527	0.000503	4095dc85a4e9b3862ab932041ebdf409f34271550b171b72b5f6443b57c3c137	code, metadata, manifest, or small benchmark result
benchmarks/results/round2_hardening/gse154778_pdac_scrna/results/hodge_decomposition_scores.csv	github	1636	0.00156	54d1a0ee8c5c5319f869600fd25d8e04626b5a13613354c3aa4ca88146a71103	code, metadata, manifest, or small benchmark result
benchmarks/results/round2_hardening/gse154778_pdac_scrna/results/provenance.json	github	1721	0.001641	4c0e268f8203c4c99c885e40e231c7bbb11313336b7a1ff5b09d600e18bb915f	code, metadata, manifest, or small benchmark result
benchmarks/results/round2_hardening/gse154778_pdac_scrna/results/sheaf_energy_by_edge.csv	github	11565	0.011029	54db8c6cb65774c682eaa9ac48f337a16dff24fd3aa30ef66f11f9724f0fc443	code, metadata, manifest, or small benchmark result
benchmarks/results/round2_hardening/gse154778_pdac_scrna/results/sheaf_energy_permutation_pvalues.csv	github	2993	0.002854	795a8fcd9d7ea1015857b79841fc3e293652fccb6e555dd421474a1fcca83cf6	code, metadata, manifest, or small benchmark result
benchmarks/results/round2_hardening/gse154778_pdac_scrna/stability/bootstrap_frustration_by_cell_type.csv	github	107527	0.102546	ded43274997393caf8649b9671d48612515118ff12c8430a59f14cdd46f95d05	code, metadata, manifest, or small benchmark result
benchmarks/results/round2_hardening/gse154778_pdac_scrna/stability/bootstrap_frustration_stability.pdf	github	15219	0.014514	b89dabc0779a0d7060a6828f40c494107172309d07153145b58a731a9cd6c435	code, metadata, manifest, or small benchmark result
benchmarks/results/round2_hardening/gse154778_pdac_scrna/stability/bootstrap_frustration_summary.csv	github	1265	0.001206	9d67862a9de3f8de02ffdc48eb4eaf0f023a9b3dca658fde6c70d96896f05831	code, metadata, manifest, or small benchmark result
benchmarks/results/round2_hardening/gse154778_pdac_scrna/stability/bootstrap_global_scores.csv	github	26396	0.025173	91fe917b4de8aed2f8cc9533c2e275a0209c69171644905c95d8dda47fe5ebc6	code, metadata, manifest, or small benchmark result
benchmarks/results/round2_hardening/gse154778_pdac_scrna/stability/sample_level_frustration.csv	github	4516	0.004307	593c1822685923195da08dbb8c972b383c74e559dde6eada75db76942c59bf83	code, metadata, manifest, or small benchmark result
benchmarks/results/round2_hardening/gse154778_pdac_scrna/stability/sample_level_myeloid_stability.pdf	github	15264	0.014557	e8630ffa279a4b4e00a11b601ed2650c8735b3b16f3459e8b74eff76b7222ab9	code, metadata, manifest, or small benchmark result
benchmarks/results/round2_hardening/gse154778_pdac_scrna/stability/sample_level_myeloid_stability_summary.csv	github	825	0.000787	58e642e7e0de88bc0a7fc7bfe184c1faa62004c3afd35d2576c04aa4d87e50ce	code, metadata, manifest, or small benchmark result
benchmarks/results/round2_hardening/gse154778_pdac_scrna/stratified/lesion_edge_sheaf_energy.csv	github	15341	0.01463	18370c1bca0a04b2d368e423af261db97a0735f3261dca501f1debb3eadf3bb9	code, metadata, manifest, or small benchmark result
benchmarks/results/round2_hardening/gse154778_pdac_scrna/stratified/lesion_frustration_by_cell_type.csv	github	2213	0.00211	b10b94ef50ce88eaa5c1eec512c325e26e1e3085831dcc5762acae2af9367f2a	code, metadata, manifest, or small benchmark result
benchmarks/results/round2_hardening/gse154778_pdac_scrna/stratified/lesion_frustration_scores.pdf	github	15353	0.014642	e4645a0604d143b47428be5a23d735f552717f40fe662a53856cc955ffb21a00	code, metadata, manifest, or small benchmark result
benchmarks/results/round2_hardening/gse154778_pdac_scrna/stratified/lesion_sheafsignal_summary.csv	github	809	0.000772	b33e4ba8256576e946a7676791e80d00a4f54e252ae4f2fa2d66e1cd5fbba55d	code, metadata, manifest, or small benchmark result
benchmarks/results/round2_hardening/pooled_fdr/POOLED_FDR_AUDIT_REPORT.md	github	382	0.000364	67cc17a8daabab28b87ce9c50e74ed5dbe5966d889de907244056831554a7bf5	code, metadata, manifest, or small benchmark result
benchmarks/results/round2_hardening/pooled_fdr/pooled_fdr_audit.csv	github	6555	0.006251	7459b47dceac24574a56b7f08eaf246cee04610be8f0ca3de19a54187326ccb8	code, metadata, manifest, or small benchmark result
benchmarks/results/round2_hardening/public_tme_sheafsignal_summary.csv	github	482	0.00046	ca96400eedec9ac90027b7e8b0e2d873338120ec35c7e5243eb110ad6cc92f1a	code, metadata, manifest, or small benchmark result
benchmarks/results/round2_hardening/spatial_frustration_hotspots.csv	github	1221751	1.165153	2047c8b984009df901da31d93aa113b6fb45760078cb5a680740ed49d893a923	code, metadata, manifest, or small benchmark result
benchmarks/results/round2_hardening/tenx_breast_visium/spatial/spatial_frustration_hotspots.csv	github	1231307	1.174266	b4788e75e87792650e3bb595c3616268621743716521d1e302b795e685f1f329	code, metadata, manifest, or small benchmark result
benchmarks/results/round2_hardening/tenx_breast_visium/spatial/spatial_hotspot_summary.csv	github	221	0.000211	d7f81d81591f21f7b27eaf881b198a0f169c79b27d0fc86cc290fa14cf35b21f	code, metadata, manifest, or small benchmark result
benchmarks/results/round2_hardening/tenx_breast_visium/spatial/spatial_sheaf_edges.csv	github	8115387	7.739436	b3ba3bbca0e0fa64eb5e160cc7affe95ced51ca7891cdd246055cd7edf52fac4	code, metadata, manifest, or small benchmark result
benchmarks/results/round2_hardening/tool_comparison.csv	github	1499	0.00143	1df2e89fb88343c5383b1987f071c2f55cd25fadb0754aeaae119dfeae4d4bb6	code, metadata, manifest, or small benchmark result
benchmarks/results/sensitivity/SENSITIVITY_PANEL_REPORT.md	github	295	0.000281	041b2626d7ba3054bd82573c5a0d2de2fa2347a9a6bb53d96140b8b5977db0bb	code, metadata, manifest, or small benchmark result
benchmarks/results/sensitivity/sensitivity_panel.csv	github	5814	0.005545	758d695d504167a0a7b99f5a54169eee906007c1eb89033ce97ebe738856c4a2	code, metadata, manifest, or small benchmark result
benchmarks/results/simulation/sheaf_ground_truth_edges_noise_0.05.csv	github	5993	0.005715	93e02fba4498dd1bbdd149554a0d684ed3fed30d541518df9bb71419990885fc	code, metadata, manifest, or small benchmark result
benchmarks/results/simulation/sheaf_ground_truth_edges_noise_0.1.csv	github	5987	0.00571	c66478eb0dc1aa37516c20c653e647d8bb603b1f2f4aaf80779d1a69924a3181	code, metadata, manifest, or small benchmark result
benchmarks/results/simulation/sheaf_ground_truth_edges_noise_0.csv	github	5141	0.004903	59658630e015012a47c4ccce738b22112683403649b5a025e6d26b29b4cced62	code, metadata, manifest, or small benchmark result
benchmarks/results/simulation/sheaf_ground_truth_recovery.csv	github	4392	0.004189	71817f8807586fc3a7ff5389d837de167012ada0f0c88c9779fd51bb7d1337fb	code, metadata, manifest, or small benchmark result
benchmarks/results/simulation_component_recovery.csv	github	612	0.000584	85895d35636a96ce2941a5bc8a1634ff3b02ba54740f1b213d45f2c2ec1f1025	code, metadata, manifest, or small benchmark result
benchmarks/results/spatial_frustration_hotspots.csv	github	1221751	1.165153	2047c8b984009df901da31d93aa113b6fb45760078cb5a680740ed49d893a923	code, metadata, manifest, or small benchmark result
benchmarks/results/tenx_breast_visium/comparator_inputs/README.md	github	1303	0.001243	92da4d7d69b0c1b9f36d05f61cfccddce6da541724c9fcbbee33180f621ec698	code, metadata, manifest, or small benchmark result
benchmarks/results/tenx_breast_visium/comparator_inputs/cell_type_counts.csv	github	246	0.000235	7597c81cc95681941cf497b4247ef2baf2343832198a8e66b5d37f1e7d4a1792	code, metadata, manifest, or small benchmark result
benchmarks/results/tenx_breast_visium/comparator_inputs/cell_type_profiles.csv	github	5738	0.005472	9c60eb6e0f565388228c16340b36e54c9477358f96f97c24ec172ea18fa8fe29	code, metadata, manifest, or small benchmark result
benchmarks/results/tenx_breast_visium/comparator_inputs/external_comparator_template.csv	github	62	5.9e-05	8467bc94433c885c6288b17451a4294e49466724853e2ac250d54de0de44dda3	code, metadata, manifest, or small benchmark result
benchmarks/results/tenx_breast_visium/comparator_inputs/ligand_receptor_pairs.csv	github	696	0.000664	43ef0bd1e23593d4c71df7ecdffddcf6b80c34106b89e3d32a851a882f76a806	code, metadata, manifest, or small benchmark result
benchmarks/results/tenx_breast_visium/comparator_inputs/manifest.tsv	github	960	0.000916	37274fa24b70681b468b932f74dd18614e9716983d94d7b35fcc3f300d5402c2	code, metadata, manifest, or small benchmark result
benchmarks/results/tenx_breast_visium/comparator_inputs/sheafsignal_edge_template.csv	github	6953	0.006631	c13f27de78c6eba2b4062964d5b818a8b6479341700b3fbc91787ef2e0a972e2	code, metadata, manifest, or small benchmark result
benchmarks/results/tenx_breast_visium/comparators/lr_product_baseline_edges.csv	github	6878	0.006559	cfa380dfb67ed88cb778b26d8125bcc5c66c7a43fe7f7ef3ec2b7977e2456c8b	code, metadata, manifest, or small benchmark result
benchmarks/results/tenx_breast_visium/comparators/sheafsignal_vs_lr_product_baseline.csv	github	13348	0.01273	0933bebfc75bffbde757e2203064e93a96c471a129671639dfef7e89b4f0b452	code, metadata, manifest, or small benchmark result
benchmarks/results/tenx_breast_visium/results/frustration_permutation_pvalues.csv	github	859	0.000819	344526169f17eb3ffdfbcbd2f70fbb55ca60f6a6aea6e01bf0d56103f7a77536	code, metadata, manifest, or small benchmark result
benchmarks/results/tenx_breast_visium/results/global_permutation_pvalues.csv	github	533	0.000508	1bb3def4c5945dd2aebada6605c52a9fa1c0bf06791be880dd57f29ff11f91d2	code, metadata, manifest, or small benchmark result
benchmarks/results/tenx_breast_visium/results/hodge_decomposition_scores.csv	github	1797	0.001714	02b54d81a0c98b5a18bebe483ddbcb7402127e541a8476b7f743e5b68bc99b15	code, metadata, manifest, or small benchmark result
benchmarks/results/tenx_breast_visium/results/sheaf_energy_by_edge.csv	github	18619	0.017756	f523650c526d9a1fb4d9c3c5f43a96f0b60a1444a398f1997773cd92b7840e7f	code, metadata, manifest, or small benchmark result
benchmarks/results/tenx_breast_visium/results/sheaf_energy_permutation_pvalues.csv	github	6356	0.006062	dd90d9dc5f309b5efb524bcedc37dda853d2167d39590ecb65fc7a6a42392ddb	code, metadata, manifest, or small benchmark result
benchmarks/results/tool_comparison.csv	github	13457	0.012834	3be67a2d18f4d5c78d0c94ef41bb4cadda31ecd266c59acdef3d5b546bf4e39d	code, metadata, manifest, or small benchmark result
benchmarks/results/triangle_curl_edges.csv	github	51	4.9e-05	7e1d863d46c274b896695b771881fb0bc774c9e81341744ea2b415fa7222eaec	code, metadata, manifest, or small benchmark result
data/README.md	github	1161	0.001107	a3b06c20f1146a6ee6941feabad416c3b959e01a7c3cb7a7e99c6e4c9049c4b8	small auxiliary repository file
docs/benchmark_plan.md	github	16522	0.015757	d121e30aa32be2e2c7f5b43921eb491eb1d28a01ee8602d93c11b75891c588ed	code, metadata, manifest, or small benchmark result
docs/data_and_code_availability_template.md	github	2335	0.002227	984d95a48e7cf8a6b84fcf65559e849ad273bfeea6dcd14e1737ba6cc5b8891a	code, metadata, manifest, or small benchmark result
docs/github_release_checklist.md	github	1378	0.001314	19ea7705c36418f294bae16e88f3d8a45d68ebc3d4b581c2be00e17d844145b9	code, metadata, manifest, or small benchmark result
docs/github_zenodo_authorization_guide.md	github	4105	0.003915	363ca0a4aeee5cf5f0e03782b1e86f2f796ef6071946209ce6af1110265f9427	code, metadata, manifest, or small benchmark result
docs/method_note.md	github	2744	0.002617	a373114be5744bf2e116e01e04fa13dec2faa1430026aea31663b4488ffd3d19	code, metadata, manifest, or small benchmark result
docs/publication_strategy.md	github	5053	0.004819	2567a7ea3fa76109a69623c655d273a37705a3707014dc242859ea200dd42fdd	code, metadata, manifest, or small benchmark result
docs/reviewer_reproducibility_quickstart.md	github	5468	0.005215	6650d7d06089dd6b47d4d38aa7cb48241932ef0d61f86526f225618e691ffb69	code, metadata, manifest, or small benchmark result
envs/ENVIRONMENT_LOCK_REPORT.md	github	696	0.000664	95c8d51a289e4b589c42a3df35fe4ac1bddb89867ef984c6a3c817a20bcf3214	code, metadata, manifest, or small benchmark result
envs/cellchat_sessionInfo.txt	github	718	0.000685	30c074154a8a9cd9b99954d72b41bee99dda34aba9a28b439db14bcb5ab83beb	code, metadata, manifest, or small benchmark result
envs/cellphonedb_environment.yml	github	130	0.000124	2afc5f4039205395b0e561e44fcd91d88f4511f0a62d9b2a8d113657e8165e45	code, metadata, manifest, or small benchmark result
envs/environment.yml	github	200	0.000191	25b1952ee72a7772a58b25361fca2e5e52c46aa54e769dc3d78a8c0f0e1ead8f	code, metadata, manifest, or small benchmark result
envs/environment_lock_audit.tsv	github	7579	0.007228	ecfb24fc8543f8723eab09de11417eb7f9d5890292b5b6296a4f634f80c193e7	code, metadata, manifest, or small benchmark result
envs/environment_lock_summary.tsv	github	251	0.000239	79a6b6ce7443cfb28800c371131f6abd0ddb9a2169d9aa32ee6d88affff01749	code, metadata, manifest, or small benchmark result
envs/install_cellchat.R	github	715	0.000682	2624502aa5165e7ac2f4e5bc6abb381c52de9433e30aeac098d278337151bf03	code, metadata, manifest, or small benchmark result
envs/install_nichenetr.R	github	633	0.000604	1209f4d4417681eeb91ab0a34e5166661eca116d6b798a11cfd33a6dc71e1bfe	code, metadata, manifest, or small benchmark result
envs/liana_environment.yml	github	226	0.000216	20fcaa3e9a0e627a5146f6b6c478273e73f87962314dc878e6dce8b3e4ea835e	code, metadata, manifest, or small benchmark result
envs/reannotation_environment.yml	github	267	0.000255	f8349de62efa97230bdba67d5a07a9f445cebcf65213d22c24c1ea5055166bea	code, metadata, manifest, or small benchmark result
envs/requirements-core-lock.txt	github	347	0.000331	6fcfab4276c04692162db17ddb52f1939bca1a63806b057aa0efd32b5de99a61	code, metadata, manifest, or small benchmark result
envs/requirements-py311-lock.txt	github	4285	0.004086	4f12cf958cc65d17b6a6d8677cb1f20b20a515f64bdddd14473fbd9f978d1267	code, metadata, manifest, or small benchmark result
examples/demo_expression.csv	github	582	0.000555	981a6bc8fc9bd7db638b6720ddc25490ff2e8d993299979ff3b3ee7510d684e0	code, metadata, manifest, or small benchmark result
examples/demo_ligand_receptor.csv	github	282	0.000269	b07cec6d61a7786e1403befbe21c1dfcde6939bdba1880127ffa695df9f6667e	code, metadata, manifest, or small benchmark result
examples/demo_metadata.csv	github	198	0.000189	2afb4a5f5158d5cc32ad8c99d6eb2e440a46fecd24f36c68d9040c1227824f7f	code, metadata, manifest, or small benchmark result
examples/demo_pathway_genes.txt	github	46	4.4e-05	35c13f1f1861a36d880931770f7df1161e72a27e22acfd297da82fa67a3388be	code, metadata, manifest, or small benchmark result
external_ai_review_packet/EXTERNAL_BETA_REVIEW_TRIAGE_REPORT.md	github	856	0.000816	b480d215937befde07f4d2b3d4340f9d29988a26234e8219ae7357c150c2830f	small auxiliary repository file
external_ai_review_packet/ROUND1_MULTI_AGENT_REVIEW_SUMMARY_2026-05-02.md	github	5121	0.004884	32a87e6ee7c96879955dca360dd70d73d354644585ffbc19da16cdc9e6ee8672	small auxiliary repository file
external_ai_review_packet/ROUND2_HARDENING_STATUS_2026-05-02.md	github	3706	0.003534	c0e115df6e0f6b4765f0b378d6d7da7c06babef394ee528e0af12d76cf272afb	small auxiliary repository file
external_ai_review_packet/ROUND3_RETURNED_REVIEW_TRIAGE_2026-05-02.md	github	2772	0.002644	20f9bd521c37d0c3e84940a931444a3abb8982ec919f6ea37e923e74fa5cba44	small auxiliary repository file
external_ai_review_packet/beta_review_packet_2026-05-02/00_README_FOR_REVIEWERS.md	github	824	0.000786	f8d019aeb6a3351885ece7efdcf32fb43693abc20061dba2044105ae397b3188	small auxiliary repository file
external_ai_review_packet/beta_review_packet_2026-05-02/01_BETA_REVIEW_PACKET_STATUS.md	github	1515	0.001445	e5be809ea1b3c4c4a7afc2536b8536c56abf2d03565dd7e2b744c4fb4b4d008e	small auxiliary repository file
external_ai_review_packet/beta_review_packet_2026-05-02/02_EVIDENCE_FILE_INDEX.tsv	github	5168	0.004929	2cdeae0492592d1e028e2a3b07bf89d832e0e7e7b6f2bbcea7330782b8ec61de	small auxiliary repository file
external_ai_review_packet/beta_review_packet_2026-05-02/03_REVIEWER_CHECKLIST.tsv	github	3144	0.002998	75da8ffb5a33e45b99e986a76ddad443e2cbb491399c7b0e1277c9581a5bd3c0	small auxiliary repository file
external_ai_review_packet/beta_review_packet_2026-05-02/04_AI_REVIEW_PROMPT.md	github	3297	0.003144	3ac121bc83cc6e07ddeb0b3b099c5a9a439ebeea397b3cf671c5fafafcd46245	small auxiliary repository file
external_ai_review_packet/beta_review_packet_2026-05-02/05_REVIEW_FORM_TEMPLATE.md	github	775	0.000739	470823c598e35cfa1ba637a1736d78b7bba8ddb3f964f75d1de1c7732b5b69be	small auxiliary repository file
external_ai_review_packet/beta_review_packet_2026-05-02/06_PACKET_MANIFEST.tsv	github	977	0.000932	54f13f0b89a909c00128be6369fdd63accdf7643b8f938623ed57ea6ace431c1	small auxiliary repository file
external_ai_review_packet/external_beta_review_action_matrix.tsv	github	92	8.8e-05	1feaa92dc6fd6f04cea284a209dd16ee7a13fe7bedd94d942205f9aca3f9b76f	small auxiliary repository file
external_ai_review_packet/external_beta_review_triage.tsv	github	79	7.5e-05	c4cb1ad0ded0918c10fd3b2c3b739f2ec8373cc845d737dce3253de1eb13eb3c	small auxiliary repository file
external_ai_review_packet/round1_review_response_matrix.tsv	github	5509	0.005254	a8bc266a53333d87664f5fa7bcfe1f67e71b77dab4ff4c9915b76954793806b1	small auxiliary repository file
external_ai_review_packet/round3_returned_review_triage.tsv	github	2806	0.002676	bddd9f4a27e495f181c8f9243f6512d1f89d1d71b556edff2fe35c53d9bc4270	small auxiliary repository file
external_ai_review_packet/shareable_review_bundle/SHAREABLE_REVIEW_BUNDLE_MANIFEST.tsv	github	5293	0.005048	fd84d11e0929695d05ff77cfd94b90e970ab966234fc27ab7d50ef2c36f0edb1	small auxiliary repository file
external_ai_review_packet/shareable_review_bundle/SHAREABLE_REVIEW_BUNDLE_REPORT.md	github	958	0.000914	e46a354ce957fdace3a3198951ba4b9f945264b5b76565727362b79a3343e067	small auxiliary repository file
logs/download.log	github	1964	0.001873	165c897762505b0e47a11c26e914d748c91ce61832207e621bf3164e752cccaa	small auxiliary repository file
manuscript/AI_PRE_REVIEW_EXPOSURE_REPORT_2026-05-01.docx	github	46634	0.044474	ce75ecab4e979649cd93c8db8f4410d40d32c9a7c9f5e245e2fd46e4dd7f5e57	code, metadata, manifest, or small benchmark result
manuscript/AI_PRE_REVIEW_EXPOSURE_REPORT_2026-05-01.md	github	18794	0.017923	e8a32d44a3557d8133dc558349a129e164e794abf5566e45b016e2c3f4d81de3	code, metadata, manifest, or small benchmark result
manuscript/CLAIM_SAFETY_AUDIT.tsv	github	67789	0.064649	c6aadd2dce7041e3a411a3119626549b8d5e2d590061bd35576c23e6af225648	code, metadata, manifest, or small benchmark result
manuscript/CLAIM_SAFETY_AUDIT_REPORT.md	github	512	0.000488	9e135e615d9e408d047bc9ac380df8168b2bf4089b12803b07f54eae4ae42a02	code, metadata, manifest, or small benchmark result
manuscript/FINAL_SUBMISSION_BLOCKERS.tsv	github	23877	0.022771	76fb78fd7fd29288daa760d1195999c79d92f1d1ab9464bb181ecf926b20cdd5	code, metadata, manifest, or small benchmark result
manuscript/IF20_50_DISTANCE_REPORT.md	github	11699	0.011157	dd22a196458e518490097b5c9f196a40ed107b38e71d672794db072c1193b9c6	code, metadata, manifest, or small benchmark result
manuscript/IF20_50_GAP_MATRIX.tsv	github	5512	0.005257	ee892094a87ce60664fcdda2c04f3842e293d567e7131089e41dd52f4f1688eb	code, metadata, manifest, or small benchmark result
manuscript/IF20_50_SUPPLEMENTATION_PLAN.tsv	github	3915	0.003734	a7ef85cdf6ca1af80855d965cecb635732f16f7b02b833a22a73b9aa9b2a4ad9	code, metadata, manifest, or small benchmark result
manuscript/JOURNAL_TARGETS_20_50.tsv	github	3618	0.00345	fa07ceb00094a1c12967fbdd20731cc195efbcf26f8a24c27bbc6c3274aa13d4	code, metadata, manifest, or small benchmark result
manuscript/NATURE_METHODS_FORMAT_AUDIT.tsv	github	1945	0.001855	7e26dac3e97763a810ca0622ed24efd3b40ca6d5005f9ff068e983c956aa01f0	code, metadata, manifest, or small benchmark result
manuscript/NATURE_METHODS_FORMAT_AUDIT_REPORT.md	github	1393	0.001328	8e548c36a97e16ea87f268b388034c2bca9e35bf61f35a9a3be04e92e8231ef2	code, metadata, manifest, or small benchmark result
manuscript/NATURE_METHODS_GO_NO_GO_REPORT.md	github	598	0.00057	2d66154833b24608dddaa555c9ac5d44966009e05bcb0f09bc222b3faab0d4e8	code, metadata, manifest, or small benchmark result
manuscript/README.md	github	1266	0.001207	647a29196192d1cf8e1785a957fc22ed3ba21bf28139480bb2e86308ed120c92	code, metadata, manifest, or small benchmark result
manuscript/SCI20_50_ACTION_BOARD.md	github	6069	0.005788	d095bf176ff32d884df220dd2b46ee06797ed232822cb7b44766d84333e222e8	code, metadata, manifest, or small benchmark result
manuscript/SCI20_50_POSITIONING_NOTE.md	github	3438	0.003279	1ef593e6f7b1e7b7c386e55f193c180899115489bd873dc87a3b306561ef8281	code, metadata, manifest, or small benchmark result
manuscript/SCI20_50_SUBMISSION_GATES.tsv	github	4739	0.004519	107cd4a2c546f406c575f546ac362c60043edfd6f1e379ed2809025608e3fdf2	code, metadata, manifest, or small benchmark result
manuscript/SCI_AUTHOR_TODO.md	github	1115	0.001063	78d4b358ffc482e4b36a0dc42b1d561266d7ce83d40cf1b2e9511ae49737b857	code, metadata, manifest, or small benchmark result
manuscript/SCI_COVER_LETTER_NatureMethods.md	github	1714	0.001635	ab8f8a0d99ddbeaf6c38bd251586c656ac276ee4136a9ab816ff386cc44fc49b	code, metadata, manifest, or small benchmark result
manuscript/SCI_MANUSCRIPT_V1.md	github	14662	0.013983	4cf059f6d0b7a844e473e236df3717375198c42070c3f36f7fe69195896ea739	code, metadata, manifest, or small benchmark result
manuscript/SCI_MANUSCRIPT_V1_claim_tracked.md	github	15794	0.015062	001048f8f7802fafff3550a157e2f32e3b390404c2b3b232e38c659b44918c9c	code, metadata, manifest, or small benchmark result
manuscript/SCI_MANUSCRIPT_V2_CHANGELOG.tsv	github	911	0.000869	85110933ee67939567ea80843b28a46048624d3fe0c373ab6db1fe3be054137d	code, metadata, manifest, or small benchmark result
manuscript/SCI_MANUSCRIPT_V2_EDITORIAL_AUDIT.tsv	github	981	0.000936	0f197978ca2fedf95bedb373d331ac5c3ad3cd91b236d42a0305e60e868d29e0	code, metadata, manifest, or small benchmark result
manuscript/SCI_MANUSCRIPT_V2_POLISHED.md	github	17131	0.016337	03580934e55e9cdcb87d2a0aad44eca55ba393085f2e2941994898311534564b	code, metadata, manifest, or small benchmark result
manuscript/SCI_MANUSCRIPT_V2_POLISHED_claim_tracked.md	github	2637	0.002515	9d440d355e5054b039d4924d8f2ce5fdb102bbaa2dbf14cd847bd2972878007e	code, metadata, manifest, or small benchmark result
manuscript/SCI_TITLE_ABSTRACT_KEYWORDS.md	github	1580	0.001507	9788980bd61144fb72606529742785b7ddcdc5b9661b9b648c7c18980513fba3	code, metadata, manifest, or small benchmark result
manuscript/SHEAFSIGNAL_20_50_IF_STATUS_BRIEF_ZH_2026-05-03.md	github	7391	0.007049	46260f93af96a5f342c48b8e47b6280d5a303ba3069647be9f90465fc97f6310	code, metadata, manifest, or small benchmark result
manuscript/SHEAFSIGNAL_LIVE_GANTT_STATUS.md	github	4214	0.004019	a70cbd0653fd72faa0ec0151b58ca9123f4c4f0e2ece7c42299641b712f9aa23	code, metadata, manifest, or small benchmark result
manuscript/SHEAFSIGNAL_LIVE_GANTT_STATUS.tsv	github	1634	0.001558	545b145a278d63e770b7532133eb28903a225d4d72ea8a6f231357ed055b35b0	code, metadata, manifest, or small benchmark result
manuscript/SHEAFSIGNAL_STATUS_DASHBOARD_2026-05-02.md	github	10170	0.009699	4a2092326b6e7a38da80c90dcac5e7844231e658e5fa57e0453ff582df8a8aa9	code, metadata, manifest, or small benchmark result
manuscript/SHEAFSIGNAL_STATUS_DASHBOARD_2026-05-03.md	github	14788	0.014103	16f64034cccb14cbc84cfb52494bac14b4b6e97df32a675bb9d34668ffa7594b	code, metadata, manifest, or small benchmark result
manuscript/SHEAFSIGNAL_STATUS_GATES_2026-05-02.tsv	github	4941	0.004712	896676d7e5064910cdf4982f86e095d7ea4ae92ce9aacc5413d89fe3585b1b9a	code, metadata, manifest, or small benchmark result
manuscript/SUBMISSION_READINESS_REPORT.md	github	10428	0.009945	b126845e510d16fa764bdb7e53a1a7f32fb919eed6f6a13646bba13dd01b116c	code, metadata, manifest, or small benchmark result
manuscript/SUPERGROK_MAJOR_REVISION_RESPONSE_STATUS_2026-05-01.md	github	6406	0.006109	0a40941c6c8a23a13553228dfc112b8aa5766b00f5a090e3c4e6a91d93a893c6	code, metadata, manifest, or small benchmark result
manuscript/claim_hardening/CLAIM_HARDENING_AUDIT.tsv	github	2196	0.002094	8317d1ea39737c245423fb03bfcdf4fa47c91f707a5a064b6e4a4a73dad41f29	code, metadata, manifest, or small benchmark result
manuscript/claim_hardening/CLAIM_HARDENING_REPORT.md	github	185	0.000176	b4fac8ee92db1a9ed2d2a17ffa2fa471e67ceca6916908c063dda7b980f3b4ed	code, metadata, manifest, or small benchmark result
manuscript/comparator_scope/COMPARATOR_SCOPE_AUDIT.tsv	github	3165	0.003018	c7eeb3476ea5e907e4667cf50ef418298dbe7d10e5c113ff6b672153e34f5f3d	code, metadata, manifest, or small benchmark result
manuscript/comparator_scope/COMPARATOR_SCOPE_REPORT.md	github	584	0.000557	154d5ef778c20a0dcfee03351cdf878a73a1743df95e96daf80faade7c23117c	code, metadata, manifest, or small benchmark result
manuscript/external_comparator_gate_summary.tsv	github	622	0.000593	70bf91282fa026c90765cfa8cfbdb3080ddee15ba5fe174e2f6b52faa0c3b254	code, metadata, manifest, or small benchmark result
manuscript/figure_legends/00_figure_legend_inventory.tsv	github	4135	0.003943	afcdb3668f9d0016f0249615202ae54240bb4c8156ea088397fe67803a3d00f4	code, metadata, manifest, or small benchmark result
manuscript/figure_legends/01_main_figure_legends.md	github	3418	0.00326	596a299330d77aca59be18494b6283dd941141299bc64968cc1bc3f71ed9bb63	code, metadata, manifest, or small benchmark result
manuscript/figure_legends/02_supplementary_figure_legends.md	github	33990	0.032415	dad5bdaa0103477a4f0f3f7e4904cb079ae56bc0a43b42a2a3d566472efbb6d1	code, metadata, manifest, or small benchmark result
manuscript/figure_legends/03_figure_source_map.tsv	github	1830	0.001745	17ae4b67950b9b196f421be4487efe42b0ebe14c492384d95b5ed81f60fc0077	code, metadata, manifest, or small benchmark result
manuscript/figure_legends/04_figure_claim_boundary_checklist.tsv	github	2478	0.002363	321226ddf6be892cb37c18685020dd499e1812a8370e6aa5b1af07877688d655	code, metadata, manifest, or small benchmark result
manuscript/figure_manifest.tsv	github	12638	0.012053	e0e0864720bee4fd843faadbf7c13c0e490130c861945be05e186fa75de84642	code, metadata, manifest, or small benchmark result
manuscript/figure_quality/MAIN_FIGURE_QUALITY_AUDIT.tsv	github	1460	0.001392	50375e5c44bd0d973efd9c461d68465b3716aee568554f75c7483612578eb18f	code, metadata, manifest, or small benchmark result
manuscript/figure_quality/MAIN_FIGURE_QUALITY_REPORT.md	github	1056	0.001007	667b1020ea8e0e767228d3ba83aafac48996cc53e0635317d9427f4a6c3bcd08	code, metadata, manifest, or small benchmark result
manuscript/journal_metric_audit/JOURNAL_METRIC_AUDIT.tsv	github	3558	0.003393	aac4618e29ea45a8590458d1c02d7e64c5ac78be76caff6a23bd1d925c8865b2	code, metadata, manifest, or small benchmark result
manuscript/journal_metric_audit/JOURNAL_METRIC_AUDIT_REPORT.md	github	2279	0.002173	58c906aee2d8bc02f4c9ac7c47839a80bc77a99f5115e30b8118549f8e5143af	code, metadata, manifest, or small benchmark result
manuscript/journal_metric_audit/JOURNAL_SUBMISSION_DAY_CHECK_REPORT.md	github	596	0.000568	5147b39dfa0b3d1c6799e34f81263998ae3a19f92b0452e630c2735224eb8024	code, metadata, manifest, or small benchmark result
manuscript/journal_metric_audit/JOURNAL_SUBMISSION_DAY_CHECK_TEMPLATE.tsv	github	1337	0.001275	2600e6b83c088b1e747fbe29f763416b43642f0208020e6cf7fa2bbce674d15f	code, metadata, manifest, or small benchmark result
manuscript/method_reporting/METHOD_REPORTING_AUDIT.tsv	github	2912	0.002777	f6538323072d0334a3ca0c9b891bd4869c452ddeb61fc92142c3233ea8683a2f	code, metadata, manifest, or small benchmark result
manuscript/method_reporting/METHOD_REPORTING_REPORT.md	github	1935	0.001845	44661cb11b3314c3b60835af8949ac34450e6e91c3a96f910907ad5089849ee0	code, metadata, manifest, or small benchmark result
manuscript/method_reporting/REVIEWER_RISK_REGISTER.tsv	github	2845	0.002713	013d32a441680f05f167d228ce6ae961024f34f0ced831494967f5d90e1db735	code, metadata, manifest, or small benchmark result
manuscript/method_reporting/REVIEWER_RISK_REPORT.md	github	3784	0.003609	1e0c2573dbed1c58c3031f2ddbfa1a8ae8eaabbf4f9472d68fba48d1e7d4a4b8	code, metadata, manifest, or small benchmark result
manuscript/nature_methods_package/00_title_page.md	github	486	0.000463	e80ff8ea9a4b26bd7111ae8e19a8303e166d3a57cf068533fb49a064e4957ee8	code, metadata, manifest, or small benchmark result
manuscript/nature_methods_package/01_abstract.md	github	1191	0.001136	0143782f840850956174803b20bb9a7b0353f7507d1d4c4446bb2c238a3ef5d8	code, metadata, manifest, or small benchmark result
manuscript/nature_methods_package/02_cover_letter_draft.md	github	1766	0.001684	5905cc82d49e1c75af356ae0a191968a90e16c4cef83233ac1a1b14826a69587	code, metadata, manifest, or small benchmark result
manuscript/nature_methods_package/03_main_text_skeleton.md	github	3658	0.003489	48ee80adc61f3704c7ead902c0f0e54dd106bfaf83bf16bef33052239195a0fc	code, metadata, manifest, or small benchmark result
manuscript/nature_methods_package/04_methods_skeleton.md	github	1890	0.001802	1b686deb616c99cc1372ce2c2175a7100ca0336c12292d044dc37abc69fae78f	code, metadata, manifest, or small benchmark result
manuscript/nature_methods_package/05_claim_evidence_map.tsv	github	2266	0.002161	f07bd57da032eadb823930f8eea05ffe2635b423f1f651b2ccb186ed1c8c5931	code, metadata, manifest, or small benchmark result
manuscript/nature_methods_package/06_figure_plan.tsv	github	718	0.000685	44ccce838fea8c775ca21363b069c97f028183e6fd74c3324506c7fbbb98394c	code, metadata, manifest, or small benchmark result
manuscript/nature_methods_package/07_submission_checklist.tsv	github	876	0.000835	8a382307dc86f880d6c7e103f8fdf5e9643f84eddfdffdb63fd005e810f6912a	code, metadata, manifest, or small benchmark result
manuscript/nature_methods_package/08_claim_boundaries_and_limitations.md	github	1332	0.00127	57ef90bf459f69869ab54044df8fb763fc7f2f493631e3c39f6b7f55de776a70	code, metadata, manifest, or small benchmark result
manuscript/nature_methods_package/09_full_manuscript_draft.md	github	16641	0.01587	1aa85d46b4fe587d907057d21476903929724fc5f99aab7ebc585a2d1844c7e8	code, metadata, manifest, or small benchmark result
manuscript/nature_methods_package/10_supplementary_information_draft.md	github	2253	0.002149	4031a02dbdad97067f288b797c07de3860837cb0ed415440277da5a181041da2	code, metadata, manifest, or small benchmark result
manuscript/novelty_overlap/SHEAFSIGNAL_NOVELTY_OVERLAP_REPORT.md	github	1494	0.001425	55e14bcc724e060b992e4c34e1bee7e4b0afd738e19d056ba6c74fbe91b1cb75	code, metadata, manifest, or small benchmark result
manuscript/novelty_overlap/SHEAFSIGNAL_NOVELTY_OVERLAP_TABLE.tsv	github	3599	0.003432	2cd91da2991a57c87732dc0ac8720b33df156cc0455b8f26d026dddc893ecd2d	code, metadata, manifest, or small benchmark result
manuscript/presubmission_inquiry/00_one_page_editor_summary.md	github	1638	0.001562	f2772f4f1cf36324fd8e870211ebd95d23dcce61aefa4898b9fb39af7a05f2d9	code, metadata, manifest, or small benchmark result
manuscript/presubmission_inquiry/01_presubmission_inquiry_letter.md	github	2104	0.002007	390fd392dcb034ebfa155a3c3b0259c4a898db8101f95c75e19ea8455d0ef51e	code, metadata, manifest, or small benchmark result
manuscript/presubmission_inquiry/02_editorial_triage_risk_audit.tsv	github	1326	0.001265	99a6ec34f4af1d92f3a49965406337c23d68fa77ecefd19cb9f7f4a2e74f4556	code, metadata, manifest, or small benchmark result
manuscript/presubmission_inquiry/03_novelty_evidence_matrix.tsv	github	1937	0.001847	47d55641d10704f1a96757ecac28760a35b040ca78b0014c9799619f66b6dc01	code, metadata, manifest, or small benchmark result
manuscript/presubmission_inquiry/04_editor_claim_boundary_note.md	github	773	0.000737	c9c1e9049d9c3af519c656d5e3d3fe5fa2f30def3d5ef641a86931edf093d47b	code, metadata, manifest, or small benchmark result
manuscript/provenance/SUBMISSION_PROVENANCE_AUDIT.tsv	github	7510	0.007162	7109f661d4413819546f0afa18ab665218579a180db8582a374b1d00b8714da4	code, metadata, manifest, or small benchmark result
manuscript/provenance/SUBMISSION_PROVENANCE_REPORT.md	github	385	0.000367	b35c56ef0cbd939384b121464b37d6d1cf9dc8c40546a6afd2d56fee17818f8e	code, metadata, manifest, or small benchmark result
manuscript/references/SCI_MANUSCRIPT_V1_referenced.md	github	14789	0.014104	1b36bd79b88a1ee5abcf82b21e807a5e0832a4949497ff2f84a5cc3a6953370f	code, metadata, manifest, or small benchmark result
manuscript/references/SCI_REFERENCES.bib	github	4032	0.003845	71e38ceaded7f5c62c3ba974ddecec83342dd278cfaccddb39f3c217c5f39a62	code, metadata, manifest, or small benchmark result
manuscript/references/SCI_REFERENCES.md	github	2641	0.002519	f0674de7b8683413a0b33060dfb8d5801915b9f8e6c1a6ee3f3a98b3f64d8621	code, metadata, manifest, or small benchmark result
manuscript/references/SCI_REFERENCES_VERIFIED.tsv	github	3550	0.003386	0dafa93af7db3188ec0b112c147d74251eec244819f63d733fd7e5d49ef4f9e9	code, metadata, manifest, or small benchmark result
manuscript/references/SCI_REFERENCE_GAP_REPORT.md	github	391	0.000373	9c1803f5c46f7001db05ec5469e67bfe92d41ebfa6a7adc54bf7dbacaa97702c	code, metadata, manifest, or small benchmark result
manuscript/references/SCI_REFERENCE_PLACEHOLDER_MAP.tsv	github	640	0.00061	80b0966ca9acd975f4a525a1f98522cc4526734bfc03d603c2678eee8b1e2d44	code, metadata, manifest, or small benchmark result
manuscript/response_transfer/00_decision_tree.md	github	2646	0.002523	903802f293a5be44beaeb8e334af406a29d34671b6a2273b2f6cd00dc9a65b6e	code, metadata, manifest, or small benchmark result
manuscript/response_transfer/01_editorial_rejection_response_template.md	github	1231	0.001174	fc6dc746c823c930a26230c4a25782e0e8f70edd277d19844a76c9b70b7567b1	code, metadata, manifest, or small benchmark result
manuscript/response_transfer/02_reviewer_response_skeleton.md	github	1440	0.001373	0525da5f6eda84974b2c56d938a029d50b85ab17a7ebcb9f63d43322c4c7f52d	code, metadata, manifest, or small benchmark result
manuscript/response_transfer/03_transfer_package_by_journal.tsv	github	3909	0.003728	626e8dede2f1e9c4bf3403155d0be71cd94c2b54830364d007b6845eef310283	code, metadata, manifest, or small benchmark result
manuscript/response_transfer/04_target_specific_rewrite_actions.tsv	github	2021	0.001927	d52a48cd4d294586dd61fa4fea7db2b7e2b5e35744c9fafd0a660b560e34ad21	code, metadata, manifest, or small benchmark result
manuscript/response_transfer/05_do_not_claim_checklist.md	github	1560	0.001488	632c0b948944a29eb8ea51ea2093a9dc6da1074e0b33fafd48df6863911af029	code, metadata, manifest, or small benchmark result
manuscript/reviewer_objection_response_table.tsv	github	4490	0.004282	c004cf27c55c34961f7a4380719b83f570f24eece65cf18b2009df834d2f1fdd	code, metadata, manifest, or small benchmark result
manuscript/submission_metadata/AFFILIATIONS_TEMPLATE.tsv	github	184	0.000175	6d26c7aeccd19a4a4b3e6b3e480053609e0a2b814d63d377f279d32bd5e264d5	code, metadata, manifest, or small benchmark result
manuscript/submission_metadata/AUTHOR_CONFIRMATION_CHECKLIST.tsv	github	1608	0.001534	ec89dae689affac162427e520f342c8fa06f411bc638971bf2f66ef9eda0a77d	code, metadata, manifest, or small benchmark result
manuscript/submission_metadata/AUTHOR_CONFIRMATION_FROM_INTAKE_REPORT.md	github	2006	0.001913	c05cd3acdca076bf7ff35ffcbe6285bba058ab9bf9bb1ce881b3d293850b2c80	code, metadata, manifest, or small benchmark result
manuscript/submission_metadata/AUTHOR_CONFIRMATION_PACKET.md	github	2563	0.002444	161483e1853986776ce1f1789f5f06a7522ac9f316b4f44540913e750bfa7e8d	code, metadata, manifest, or small benchmark result
manuscript/submission_metadata/AUTHOR_CONFIRMATION_PREFLIGHT_REPORT.md	github	883	0.000842	cca51dd9fbc7b20f15c4d261dc9616754a6c3356ddb25b2ad5aa2e4a80e26433	code, metadata, manifest, or small benchmark result
manuscript/submission_metadata/AUTHOR_CONFIRMATION_PREFLIGHT_STATUS.tsv	github	1672	0.001595	c6c845ef362953e4c9f972f0a0d2e1092b0abffe06ffc8df714cdcaf19612427	code, metadata, manifest, or small benchmark result
manuscript/submission_metadata/AUTHOR_CONFIRMATION_RESPONSE_APPLY_REPORT.md	github	434	0.000414	d2ad097a8ef71a3b829b60d16c5fdf7ccd952b034163fe51b3c242a14945aa02	code, metadata, manifest, or small benchmark result
manuscript/submission_metadata/AUTHOR_CONFIRMATION_RESPONSE_FROM_INTAKE.tsv	github	2794	0.002665	de339d6d540e9835f5b3f5bf74ec04d64ea82a8e15a9e9234aa0cc9fa2b9201a	code, metadata, manifest, or small benchmark result
manuscript/submission_metadata/AUTHOR_CONFIRMATION_RESPONSE_TEMPLATE.tsv	github	2794	0.002665	de339d6d540e9835f5b3f5bf74ec04d64ea82a8e15a9e9234aa0cc9fa2b9201a	code, metadata, manifest, or small benchmark result
manuscript/submission_metadata/AUTHOR_CONTACT_RECONCILIATION.tsv	github	2585	0.002465	1e8707d9cf9c3555ef6c9d1875f295ae067330a50d90aeba925c958c2362216d	code, metadata, manifest, or small benchmark result
manuscript/submission_metadata/AUTHOR_CONTACT_RECONCILIATION_REPORT.md	github	1632	0.001556	b25b12d4d816b1e6669bb09064c86a486063f18cbd3901d72d3e04ed7fbc5129	code, metadata, manifest, or small benchmark result
manuscript/submission_metadata/AUTHOR_CONTRIBUTIONS_CREDIT_TEMPLATE.tsv	github	614	0.000586	12a7175657fb0912e86080d0881bd9043c57a5fe07b99e0a740bbde39e69905a	code, metadata, manifest, or small benchmark result
manuscript/submission_metadata/AUTHOR_METADATA_TEMPLATE.tsv	github	896	0.000854	bf48ee330f5efb04eada297a2f29a5bedda340400da2a49ba8fa330a5eeefe29	code, metadata, manifest, or small benchmark result
manuscript/submission_metadata/COMPETING_INTERESTS_TEMPLATE.md	github	349	0.000333	bb30d23ba4b83675da7ce9268a11a432a15917eda90be6560fd01cfe35f1525f	code, metadata, manifest, or small benchmark result
manuscript/submission_metadata/ETHICS_AND_DATA_USE_STATEMENT.md	github	1003	0.000957	d1f224072aacf2b9c8a33b921daa81f62b31d88b436dbc3b425af014c456dd00	code, metadata, manifest, or small benchmark result
manuscript/submission_metadata/SUBMISSION_SYSTEM_METADATA_CHECKLIST.tsv	github	960	0.000916	14e968f4ad20e57c1033d98eef64fbfa7a01f0ab4a5867f6a53ab88b79952d10	code, metadata, manifest, or small benchmark result
manuscript/submission_metadata/USER_PROVIDED_AUTHOR_EMAILS_2026-05-03.tsv	github	1448	0.001381	dce18bfd06cecf470e34d9a13f5f27137ddb1230fff4141ea39982a8f724d304	code, metadata, manifest, or small benchmark result
manuscript/submission_upload_package/DOCX_LAYOUT_CHECK.tsv	github	724	0.00069	9f6eb04e2367fd5cbc43e97c89f7d6d27a1c52682fd6fb846fef2c56d0a338a1	code, metadata, manifest, or small benchmark result
manuscript/submission_upload_package/DOCX_TEXT_EXTRACTION_CHECK.md	github	534	0.000509	59c3aef2145b54aa6c5207844653aa51e2c66bbba2de29c4c48d3de25abf1699	code, metadata, manifest, or small benchmark result
manuscript/submission_upload_package/README.md	github	1705	0.001626	1bb5ac3b544a1dd2952f4413ee3ac5ab1461f0d7a0d61b184cdd37fd84cb21de	code, metadata, manifest, or small benchmark result
manuscript/submission_upload_package/SheafSignal_cover_letter_NatureMethods.docx	github	37538	0.035799	9275c036070ab8c71788921dcdd9e6b6d2d56386c284d680f9386e38f495bfb2	code, metadata, manifest, or small benchmark result
manuscript/submission_upload_package/SheafSignal_main_manuscript_v2.docx	github	43009	0.041017	a9e304dddffc900524f7bdf0a31fcee9c8f73e4c77584d924b2e0966e8f6abba	code, metadata, manifest, or small benchmark result
manuscript/submission_upload_package/SheafSignal_supplementary_information.docx	github	37797	0.036046	ac2aef3a6725721da25e3f47941ee12c239d44d52feb54a155151c50e5f6452e	code, metadata, manifest, or small benchmark result
manuscript/submission_upload_package/main_figure_upload_manifest.tsv	github	1306	0.001245	c61959c9acaab34077f7aaafddac3524c203f88b1ddabc24997caab0d5d5e89c	code, metadata, manifest, or small benchmark result
manuscript/submission_upload_package/main_figures/publication_figure1_sheafsignal_concept.pdf	github	22467	0.021426	fd3cd956004c7763cf659e83fa79275944c91385f93d7d0ba09ed9a9c6b837ee	code, metadata, manifest, or small benchmark result
manuscript/submission_upload_package/main_figures/publication_figure2_component_recovery.pdf	github	12772	0.01218	d27d0bae33fc7323045428d8b40bd3e11455e3aac6c54c12c46fa077569754fc	code, metadata, manifest, or small benchmark result
manuscript/submission_upload_package/main_figures/publication_figure3_tme_summary.pdf	github	16396	0.015636	4433361f7e627aba625e94094bb44d66305f94ee285ef4539269c699d62da972	code, metadata, manifest, or small benchmark result
manuscript/submission_upload_package/main_figures/publication_figure4_gse154778_claim_gating.pdf	github	26116	0.024906	c9461ca39fb42433c2a5044d5d320eb75e56134230184184c3d69c76ae7755db	code, metadata, manifest, or small benchmark result
manuscript/submission_upload_package/main_figures/publication_figure5_comparator_alignment.pdf	github	27548	0.026272	9c686841c833a585f843ffa5088179284562f93d48ab6574c3488f6673758c73	code, metadata, manifest, or small benchmark result
manuscript/submission_upload_package/submission_upload_manifest.tsv	github	2888	0.002754	79aba5a305ae9f69190b470d7b4632cbf801ffb7d5aef7c9cd2544fee1e3c7fc	code, metadata, manifest, or small benchmark result
manuscript/submission_upload_package/submission_upload_preflight_checklist.tsv	github	2314	0.002207	2a3d2e13f1565d79163ca515553df64f754087d40ccf8d082fe366b17cb6e3dc	code, metadata, manifest, or small benchmark result
manuscript/supplementary_quality/SUPPLEMENTARY_ARTIFACT_AUDIT.tsv	github	20401	0.019456	01c4ecd46216c408f90a0c1997d1fb0bd47d920ff45c8ba97e933415e8624f59	code, metadata, manifest, or small benchmark result
manuscript/supplementary_quality/SUPPLEMENTARY_ARTIFACT_REPORT.md	github	550	0.000525	33819bf86c2ca2be8ad416f7ead461b9f7774b91d5348d6b12f7af5cb269e67c	code, metadata, manifest, or small benchmark result
manuscript/visium_scope/VISIUM_SCOPE_AUDIT.tsv	github	2630	0.002508	833ecb4d0ee7509113e446de842d2454e5ec72c103c39edac51cf906afab2c7f	code, metadata, manifest, or small benchmark result
manuscript/visium_scope/VISIUM_SCOPE_REPORT.md	github	505	0.000482	2fd76d729d2ac56582b0bdf7fde8dfb0ba5c08fa028ead555a113e82a30a758d	code, metadata, manifest, or small benchmark result
metadata/datasets.tsv	github	4649	0.004434	716b68f05b9caf25d798e8483cdca266fd681941ccf76d14a42d9ad4dc088aa2	code, metadata, manifest, or small benchmark result
metadata/tme_ligand_receptor.csv	github	696	0.000664	43ef0bd1e23593d4c71df7ecdffddcf6b80c34106b89e3d32a851a882f76a806	code, metadata, manifest, or small benchmark result
metadata/tme_ligand_target_prior.csv	github	1914	0.001825	b9febed578368829db354f5d630a23a92139242381eb9b23503076332255d63a	code, metadata, manifest, or small benchmark result
metadata/tme_pathway_genes.txt	github	145	0.000138	54b405024d854b1694e2704e9a5d79b80972496cbafaa62829e41ce15e9834bc	code, metadata, manifest, or small benchmark result
pyproject.toml	github	1919	0.00183	1fe70de51cbcecd1cd872312c180871787a00da055d9a6d49782f55e2d2a04da	code, metadata, manifest, or small benchmark result
results/.gitkeep	github	1	1e-06	01ba4719c80b6fe911b091a7c05124b64eeece964e09c058ef8f9805daca546b	small auxiliary repository file
results/frustration_permutation_pvalues.csv	github	605	0.000577	7fbbb2379b0bda992082cdb9bda5b3557e618ac6d1a38e50d5d5101a5934c1e7	small auxiliary repository file
results/global_permutation_pvalues.csv	github	487	0.000464	1299e210cd359f4df338c12c4aacbac7a921fde9b40a1c35d06eb04dd266e56a	small auxiliary repository file
results/hodge_decomposition_scores.csv	github	1309	0.001248	a7b46a313b877f81a754fa51f2c0e0798c76768de31a54341c889c301ce09b84	small auxiliary repository file
results/sheaf_energy_by_edge.csv	github	7441	0.007096	6ad299fff2b4e476367c5d2b1d174876b07b014191107e68139cb1104d417f57	small auxiliary repository file
results/sheaf_energy_permutation_pvalues.csv	github	2324	0.002216	f9bf7d54ae45655bbd7d8d6c9971c2d02d93484dfa2d87b0bd496228fdade2c1	small auxiliary repository file
scripts/_bootstrap.py	github	280	0.000267	9774ce2acf11b13b2843a4f0753d3852a9dde9d84cdb7a2f8f3563d563885c77	code, metadata, manifest, or small benchmark result
scripts/apply_author_confirmation_response.py	github	8779	0.008372	8ae75b8eeff4b13c6e211b42d359241e9f4b5b1c5af9906aafcc7101d26cdbdb	code, metadata, manifest, or small benchmark result
scripts/apply_external_input_intake.py	github	13170	0.01256	42a2cb8225c7c94575f14d77e8ba2ff9f2df66ca342bce6863755685fe964cd2	code, metadata, manifest, or small benchmark result
scripts/apply_gse154778_scanpy_reannotation.py	github	5233	0.004991	54eb79f91ccb283c3f27f83f3e8f14fd55565803b5ec5102860c4bcdcc9ecba7	code, metadata, manifest, or small benchmark result
scripts/apply_journal_submission_day_check.py	github	7212	0.006878	c3f03ef48db9500dd3b84e4d8b6e62ff35c4de5048df60a944c4547ff359df0e	code, metadata, manifest, or small benchmark result
scripts/bootstrap_gse154778_stability.py	github	12165	0.011601	b8726259e9c1bf6a65247b443fb7bc2dd9321fa571b869cbc70272a5a6b01b9d	code, metadata, manifest, or small benchmark result
scripts/build_confirmatory_permutation_subset.py	github	16805	0.016026	fb91e2fabe858f71071ed1c82b5f98d7fdd4d51dfaeefbb75e0526bd079b20ed	code, metadata, manifest, or small benchmark result
scripts/build_environment_lock.py	github	6670	0.006361	d1c2ef49d2de351b6f50bcbfb5ae2597219776b3e0d68bdbc1c9c8aecb9cd5e6	code, metadata, manifest, or small benchmark result
scripts/build_external_beta_review_packet.py	github	21653	0.02065	4a0cd436f7745b5d75953ccbbc6ad1cb52d50bf695a60031f9e21242cbcc2cc4	code, metadata, manifest, or small benchmark result
scripts/build_external_input_intake.py	github	14389	0.013722	fdd75086a8078d07dbdcf7f104288a60cab1102a232f2676c6937da1c0af5f08	code, metadata, manifest, or small benchmark result
scripts/build_figure_legend_package.py	github	18351	0.017501	826ccce10130f471372b47055a56a86fcc2929a063babc02bef4195fea9e74f5	code, metadata, manifest, or small benchmark result
scripts/build_formal_sci_manuscript.py	github	25518	0.024336	da2780ddd7ff065c9e580445e8b1ad287104961130eb13c9e43e652d36418a0f	code, metadata, manifest, or small benchmark result
scripts/build_gse103322_replication_supplement.py	github	18575	0.017715	fe60906944c76315cda13a5f5acaf1c6bc30f8e30b51aa73663e719b9a183fb7	code, metadata, manifest, or small benchmark result
scripts/build_if20_50_gap_report.py	github	43305	0.041299	8258bc1565619d272def09de833fcdf5a173bb0d7fb4a7166463104855ae490b	code, metadata, manifest, or small benchmark result
scripts/build_journal_metric_audit.py	github	11011	0.010501	ea398916ae217e4227363802f5ffcc42b389f8d0baabca0e87a11fb31476060e	code, metadata, manifest, or small benchmark result
scripts/build_journal_target_board.py	github	10662	0.010168	624802185798f9d35fa348548c19411c710cfaf5507e60c5f7bf78080d0cc642	code, metadata, manifest, or small benchmark result
scripts/build_live_gantt_status.py	github	15193	0.014489	38b95bec2b5e4aa79ee9694d19d0d35e744816ecd38ffbf24c17d3cc6e6621d3	code, metadata, manifest, or small benchmark result
scripts/build_nature_methods_submission_package.py	github	30883	0.029452	d3ddd4c6cda381ec665750dc6709c1b84267b9a65ca569a20872bec449b23846	code, metadata, manifest, or small benchmark result
scripts/build_novelty_overlap_table.py	github	8400	0.008011	dd10fa0426d0d31fddf6657490e8795aa81a8edbcc8f3ce3073fbffa75d71d32	code, metadata, manifest, or small benchmark result
scripts/build_polished_sci_manuscript_v2.py	github	33871	0.032302	c4fa8b480c913bfb2c3efc4ce1184914fe9d3ee9461857d70acab3653429fdc8	code, metadata, manifest, or small benchmark result
scripts/build_pooled_fdr_audit.py	github	3895	0.003715	bd3fb831fb1c929c162d51c38b5806fc0258493a3b8b6f03a5db09fee1d1960a	code, metadata, manifest, or small benchmark result
scripts/build_post_unblock_release_pipeline.py	github	12550	0.011969	0a34314f0c561e52cffee8c42f44c62d659a281a76d14065853a66f30bbb09a0	code, metadata, manifest, or small benchmark result
scripts/build_presubmission_inquiry_package.py	github	13163	0.012553	450c561f11293128b1383d543f9dbc548db7beef7c81fcfb4b24f1d5cb42dab8	code, metadata, manifest, or small benchmark result
scripts/build_reference_package.py	github	13242	0.012629	a2120a17621752b802e8fc53250d3b1ed65d1b1423e613b68cece918e720d7f0	code, metadata, manifest, or small benchmark result
scripts/build_release_unblocker_matrix.py	github	18471	0.017615	75cdf2b8af9f006cb0aa02c16bc7696c9d278ea68cdf3ee70b42919b9c48123e	code, metadata, manifest, or small benchmark result
scripts/build_reproducibility_release.py	github	9051	0.008632	a54dabae3672d7592b362622d52767cb1ba9b8952ae00858bb0c9a04da256f3a	code, metadata, manifest, or small benchmark result
scripts/build_response_transfer_package.py	github	21310	0.020323	c15b7fbb74664dfc967ae2a77634e9c7a21c0aa5b05f3d2a13e99efd809381c8	code, metadata, manifest, or small benchmark result
scripts/build_reviewer_objection_table.py	github	29209	0.027856	3c04eed86661e319705479b0ed4fab7bd19846029d99d7e7548f56d95c73bbe2	code, metadata, manifest, or small benchmark result
scripts/build_sensitivity_panel.py	github	6686	0.006376	e01fed1e0b76fabf962c13925f645f668299e6d4a4e5fec04909382e4a8be207	code, metadata, manifest, or small benchmark result
scripts/build_submission_metadata_templates.py	github	7759	0.0074	5925cc0fbc5463b1ddd3bc87216f77fc644aa31090fb75819e410e027d761036	code, metadata, manifest, or small benchmark result
scripts/build_submission_readiness_report.py	github	10684	0.010189	d85a0103ee7357ac21cd704c54f0506721b4eb7edef2a9f817aeb601a91a43d1	code, metadata, manifest, or small benchmark result
scripts/build_submission_unblocker_handoff.py	github	11703	0.011161	cca9e338656b069bbb253ed707e6dbfc1b14d6d85d7ac0a104a6c1a559bad226	code, metadata, manifest, or small benchmark result
scripts/build_submission_upload_package.py	github	33864	0.032295	a7450dac7fbc14829327eca83b7ea86e8144bce309038edc02178c5bddda3561	code, metadata, manifest, or small benchmark result
scripts/build_user_action_now_packet.py	github	14806	0.01412	3037b0dbfa7b3de2df175ae4c5afcb00d3816c483caf483eabcac0c57344ff41	code, metadata, manifest, or small benchmark result
scripts/build_zenodo_deposition_package.py	github	6940	0.006618	2658267648b09d04d99cb0fbed6eb4dfa208db0af688259dae84f9930349cfb6	code, metadata, manifest, or small benchmark result
scripts/check_author_confirmation_preflight.py	github	7286	0.006948	43b2565a378bf4eb2565cf1e57419bac74c3e75910e1ba0130c0f537e14a79ab	code, metadata, manifest, or small benchmark result
scripts/check_benchmark_result_contracts.py	github	17473	0.016664	d3509e15ffd8c910a6d61ede4ef30177bac42067dbea8dfb94afa81b8d5490a4	code, metadata, manifest, or small benchmark result
scripts/check_claim_safety.py	github	8599	0.008201	490ca52b3dca63c86bed6f254f0ad4fd379536ffb384b943c56856b2218ea8cd	code, metadata, manifest, or small benchmark result
scripts/check_comparator_scope_gate.py	github	10877	0.010373	7f4c718387ffe1cd3b6001a89c11a7003b7a088bc7840337b100a51473800738	code, metadata, manifest, or small benchmark result
scripts/check_external_comparator_readiness.py	github	23427	0.022342	ff03f55d0e5305de21f96daaea4a78186a7a4abe471da2fb5e14de8fcc3e4f76	code, metadata, manifest, or small benchmark result
scripts/check_external_release_authorization.py	github	21445	0.020452	d8ab3c002560a0faeeea20331e97b631057715855b44f80d55ee1e36efc27305	code, metadata, manifest, or small benchmark result
scripts/check_final_submission_blockers.py	github	40041	0.038186	338f1ef8057701ce92183dcc4881a304a78d42f16c2d6b32178b497ae0e91b2a	code, metadata, manifest, or small benchmark result
scripts/check_git_release_readiness.py	github	10272	0.009796	1bcdb366d9caa582659fb0baa0be151920b87b6e6ebf475aa491692659320720	code, metadata, manifest, or small benchmark result
scripts/check_main_figure_quality.py	github	10716	0.01022	21453fd47045097452cdd2b6d46025dc97f8bbcdb9757008bfdeb02386aa3052	code, metadata, manifest, or small benchmark result
scripts/check_manuscript_claim_hardening.py	github	4768	0.004547	0585343374ff2abc6df6bead23e16c8c5989f3dd3f7a0ccf70752d94d096d698	code, metadata, manifest, or small benchmark result
scripts/check_method_reporting_readiness.py	github	25727	0.024535	578c5d5a3fe43e650ef9d5e667333e1078e7865be995dbfb91a3bb9c3eff0c6d	code, metadata, manifest, or small benchmark result
scripts/check_nature_methods_format.py	github	10613	0.010121	e922537450da174bba266a9b5e2c73da494ead709d7dcfef9c3a6a50fa19dbd7	code, metadata, manifest, or small benchmark result
scripts/check_release_metadata_placeholders.py	github	8415	0.008025	af802b55fa3dfafded8e82a9ba8a1e28567315c4b36e32df95a1f9a1a64219c1	code, metadata, manifest, or small benchmark result
scripts/check_submission_provenance.py	github	17061	0.016271	fc96fbdf2a3e4bf33e83c9cdabe36fb51f73cd63ac6df980d7a1fc1073f55929	code, metadata, manifest, or small benchmark result
scripts/check_supplementary_artifacts.py	github	14415	0.013747	bdc389cfc9583cc4ce5bf0b466d9b42a864ef8528aaa4ff16f5618a14b99a5fa	code, metadata, manifest, or small benchmark result
scripts/check_visium_scope_gate.py	github	10127	0.009658	6e8ae13fc84de0f71fa8faff2bf46f41e18f075a51e5d73d84249f5398b35e8f	code, metadata, manifest, or small benchmark result
scripts/check_zenodo_upload_preflight.py	github	16216	0.015465	f385ce2353b60f56dd9bcfc48575b3d7db130b4cb827962faab4281a8155001b	code, metadata, manifest, or small benchmark result
scripts/download_public_datasets.py	github	7415	0.007071	87c3826ab72e95faa5d5b8b51203f7603ab5716de0f0d3ba14c491dbb0269ab2	code, metadata, manifest, or small benchmark result
scripts/export_comparator_inputs.py	github	9036	0.008617	72ef3c1da5ef726a609892ecec4d93c739cfbf2dd2bb61e874a58e8f2a4dca99	code, metadata, manifest, or small benchmark result
scripts/finalize_github_repository_url.py	github	4136	0.003944	9921a8ac0de909447c9d91867c2a1292c6d1a80c99910b5ed307ddc9533c66df	code, metadata, manifest, or small benchmark result
scripts/finalize_zenodo_doi.py	github	4429	0.004224	4c5b93c09cc82bdee3d9d566d3639debe81a8200ec83e5bc8c8f226cf10dbeb4	code, metadata, manifest, or small benchmark result
scripts/generate_sheaf_ground_truth_benchmark.py	github	1497	0.001428	d3176b4c98664d9fa97f3bdc1b39c82d33880cfd62c3190852c13d741cf8d2d6	code, metadata, manifest, or small benchmark result
scripts/generate_simulation_benchmark.py	github	1954	0.001863	3460bc43eaf38902f0d45a4196492984be233ec0e5128ef45dd5871bace48f9b	code, metadata, manifest, or small benchmark result
scripts/import_external_comparator.py	github	5976	0.005699	bb12b0d34872b622ae27dd8ac45058abe8c05bcce153da83992c5dcef36498d7	code, metadata, manifest, or small benchmark result
scripts/make_publication_figures.py	github	31840	0.030365	cff5e0e26e66ac240aae1ea3033c4891394fbba2e16d8a08997b2e8ed76ba39c	code, metadata, manifest, or small benchmark result
scripts/package_external_beta_review_bundle.py	github	9285	0.008855	ab8a8894e9a0934d321791a135529e3376fee733711a6a4c886bf6dff15b836b	code, metadata, manifest, or small benchmark result
scripts/package_release_archives.py	github	6029	0.00575	479122b1c7815d93669b8254797123649f371e296f8b3d70cd892dbf1741c5f2	code, metadata, manifest, or small benchmark result
scripts/prepare_public_datasets.py	github	10877	0.010373	842d2b5776d3c05d453331e67f3fb7e0d160df015c6f70590199179541108a90	code, metadata, manifest, or small benchmark result
scripts/publish_github_release_after_auth.py	github	10299	0.009822	ab69e9817bdcb7837a270bb69e1c1cfc170b76fbef4fca2377d470d2f9183862	code, metadata, manifest, or small benchmark result
scripts/qc_gse154778_annotation.py	github	12982	0.012381	486309330acbc685deab52ad79de8bfd8c4e0d7d60be4e99bd3d0c1f58ce583b	code, metadata, manifest, or small benchmark result
scripts/qc_gse154778_claim_gating.py	github	17096	0.016304	7ba8f1548392b083d171763a2a40f62709ceef259b8de7018679176950b77f3c	code, metadata, manifest, or small benchmark result
scripts/qc_tenx_visium_spatial.py	github	13555	0.012927	eea4ea79a9e0478d3c56ea8e802687dfa8b8c9d5b86c0dcade1ccb64086fcac5	code, metadata, manifest, or small benchmark result
scripts/reannotate_gse154778_scanpy.py	github	18616	0.017754	f1ccc122d128d9b5e921dd1e78d72a7b31867c698c2f5812fc7b56516ed31402	code, metadata, manifest, or small benchmark result
scripts/reconcile_author_contacts.py	github	9504	0.009064	ceb2b84748b1c9697db6ccb4278edfcda8635725e7edf44b3bd0ae5611450928	code, metadata, manifest, or small benchmark result
scripts/release_audit.py	github	2578	0.002459	d6986c8f6baeb74670d5df9c8a78a154f76125a3b71ec067723ce6ee485cc34f	code, metadata, manifest, or small benchmark result
scripts/run_cellchat_comparator.R	github	2521	0.002404	85e71b0a0bbe841f0851d7fd316185d64993e533ccd4df3dcf3668a10e692970	code, metadata, manifest, or small benchmark result
scripts/run_cellphonedb_comparator.py	github	13342	0.012724	9d2918502674c293642dc929d269b99119a9a4a25c5007b3fad77b30fb935e16	code, metadata, manifest, or small benchmark result
scripts/run_clean_clone_preflight.py	github	10745	0.010247	3a8adfd04d73edbe96f415408abf1824966808e37d2454a5090b1a10aa3c1d51	code, metadata, manifest, or small benchmark result
scripts/run_demo.sh	github	709	0.000676	2dea87b5707beb482b021c0a849230a6a8499b3a8256ce739418362feb881376	code, metadata, manifest, or small benchmark result
scripts/run_liana_comparator.py	github	12584	0.012001	e68f690c15c5c80c7c3d633faa8712b6b3b7d5035d111d3398499512bb948dd6	code, metadata, manifest, or small benchmark result
scripts/run_mechanistic_prior_comparator.py	github	11313	0.010789	2f1e8577bde59fc649864e1f040803b34ef4c64831e53b36537e22ab04b665f0	code, metadata, manifest, or small benchmark result
scripts/run_nichenet_prior_comparator.R	github	10487	0.010001	b25f6cf501b3949d670ac4882783e1031f637eb54c34ec8c5ff768cc715e70ee	code, metadata, manifest, or small benchmark result
scripts/run_tme_benchmark.py	github	14485	0.013814	75170f8bc87fb113626146a10daf44c305ca3aa764fdba9b3eca5f62c685bf6e	code, metadata, manifest, or small benchmark result
scripts/run_unblock_readiness_check.py	github	12649	0.012063	cedbc7f5237345a151fe8a762eb05b12adc491f037b6948b4b7517c4bc394423	code, metadata, manifest, or small benchmark result
scripts/sample_level_gse154778_stability.py	github	10609	0.010118	af2176990c4f79f9e0c816bdf08479a7627c74214fa2279baaa70d895be78a37	code, metadata, manifest, or small benchmark result
scripts/stratify_gse154778_lesion.py	github	10873	0.010369	d1b1ecf3befe80789cd5aa74a4a663d1c69168b228e772ce4c0399c884726cc2	code, metadata, manifest, or small benchmark result
scripts/sync_external_comparator_status.py	github	5867	0.005595	945d1034733ece12df36a307dd010b9abcb65e8d6e84c7e040951ad2f31871ef	code, metadata, manifest, or small benchmark result
scripts/triage_external_beta_reviews.py	github	12657	0.012071	1638c03b70f3fb368a28726f572439af078b2f352eef9026e8c0e09d648d9bbb	code, metadata, manifest, or small benchmark result
scripts/upload_zenodo_deposition.py	github	13241	0.012628	67fb8a52bc12b4e984135e6fc3d6459e3481fbdcfa128963f1f5920bde45f5a1	code, metadata, manifest, or small benchmark result
src/sheafsignal/__init__.py	github	306	0.000292	893d2ff26dc7fc8a570c6ba7f5cd11b58b5134b28317b2fee4c4827130ddcbc8	code, metadata, manifest, or small benchmark result
src/sheafsignal/adapters.py	github	38620	0.036831	6db8805a43cfd80f02d8e580601d1e93b2d6e4b607b791d20f2f9daa2e481267	code, metadata, manifest, or small benchmark result
src/sheafsignal/cli.py	github	4386	0.004183	b8696385424d027c372336523aca696fb21063ec8de69370c8c508642a10c4e5	code, metadata, manifest, or small benchmark result
src/sheafsignal/comparators.py	github	16090	0.015345	8b5ff6f0f6b32542d8b4e9cabeb899de4c530ba4eef1bb0a635aae13ea2c2964	code, metadata, manifest, or small benchmark result
src/sheafsignal/core.py	github	7878	0.007513	34baf0f6ca905eb59a83fb51d2d01ac82d5f3c2fac160b3b69285a305de4c9d4	code, metadata, manifest, or small benchmark result
src/sheafsignal/hodge.py	github	6193	0.005906	07673902ee93530977eb1d8eb55e88cdea0aee947e4639ce7853ae707b4569d2	code, metadata, manifest, or small benchmark result
src/sheafsignal/io.py	github	2845	0.002713	0c99c638d2f6f8783177b5a8431f336459cf2ab52411bbe2f0744b168c52072a	code, metadata, manifest, or small benchmark result
src/sheafsignal/manifest.py	github	3360	0.003204	312380ae3e6d644c7fd256dec00b20d15f39090a4c25a8b4c430c22b31539be8	code, metadata, manifest, or small benchmark result
src/sheafsignal/pipeline.py	github	14975	0.014281	89b6983ae96f19c1ce6b72d5e09870ecb1de4de9e9b38bb6859755c5699c1e92	code, metadata, manifest, or small benchmark result
src/sheafsignal/plotting.py	github	2898	0.002764	7b6df12269fc6df4b9c366a2e9914dbc458ebaa94c409e54f8519126b4d5ceff	code, metadata, manifest, or small benchmark result
src/sheafsignal/provenance.py	github	1717	0.001637	e3873a8342174cbc9f279eac46ba57147d8622162124753bdd492df438c160e8	code, metadata, manifest, or small benchmark result
src/sheafsignal/sheaf.py	github	3840	0.003662	725681d3cc618f41cc9ba5102b104e787bc74030f2ed76f6e93eccb424ae6074	code, metadata, manifest, or small benchmark result
src/sheafsignal/simulate.py	github	10639	0.010146	608cd930cd11ae005bc33b67936aac58533331466450f68d8f3312000ee42b89	code, metadata, manifest, or small benchmark result
src/sheafsignal/spatial.py	github	9522	0.009081	bee43bcd96c7141b0def6c58e3f33ef309f0ac62d6c5be272e5e5bd9cb08297d	code, metadata, manifest, or small benchmark result
src/sheafsignal/stats.py	github	11112	0.010597	294bf66deae7baac4a067b0474be3e386d45e6e1775249000043cad6a2a68bf1	code, metadata, manifest, or small benchmark result
tests/conftest.py	github	375	0.000358	a299ac90987f73dcca5431d6db0bbb80f949510ebff7818d364d2cf7024b0606	code, metadata, manifest, or small benchmark result
tests/test_apply_author_confirmation_response.py	github	3409	0.003251	6d16ead218f27be25f3ac0f8e5307baa35d82dab9ed0ca2dcd7685150e48d92e	code, metadata, manifest, or small benchmark result
tests/test_apply_external_input_intake.py	github	4007	0.003821	3c2d2e1bfb2279bdd169a5c57d48ace5669a1a3c6a13bf8f78c43f096b721f7f	code, metadata, manifest, or small benchmark result
tests/test_apply_journal_submission_day_check.py	github	3180	0.003033	ec46d12e3d542b04f3064245b8fbf77eab17445f70c243d17ae071ca93e7eceb	code, metadata, manifest, or small benchmark result
tests/test_author_confirmation_preflight.py	github	2949	0.002812	b342612dc2a074bc90274c5e255c306c59349b9cddc4182c51e710d2a3944bea	code, metadata, manifest, or small benchmark result
tests/test_benchmark_result_contracts.py	github	8479	0.008086	1bfc4b0aee71d4b0b68b7d7cfa940c4f8202b5c2a5caa3993ae4e6a1f93a946c	code, metadata, manifest, or small benchmark result
tests/test_claim_safety.py	github	2449	0.002336	dfebe9c8ffb894f849ae111f10577a0e0d73db8e1dd0c37d0571a66ed1940e0a	code, metadata, manifest, or small benchmark result
tests/test_clean_clone_preflight.py	github	2078	0.001982	5eff366c3b14ea46fb0d0bff12d63aacdd8baab4f322c1fd4921c15b6f5bb1e9	code, metadata, manifest, or small benchmark result
tests/test_comparator_scope_gate.py	github	3275	0.003123	e8285253a71a886c4a8ce0e65241a801aa7e01dfced10309c01a8dc4733db69c	code, metadata, manifest, or small benchmark result
tests/test_comparators.py	github	4669	0.004453	73d264dace01824c93ddd17cacadfefa2ba553212928ea41b0b458f26ef78cd5	code, metadata, manifest, or small benchmark result
tests/test_confirmatory_permutation_subset.py	github	7813	0.007451	565b7c7f95cbd6832cd1ff9bf1b44288b003c54167ea5bd522d384c395e9bcd8	code, metadata, manifest, or small benchmark result
tests/test_environment_lock.py	github	1901	0.001813	ddaa9cd58eec31b11cf31f3a0ee3624a6eed3321f6454cd4fafffd90a3370961	code, metadata, manifest, or small benchmark result
tests/test_external_beta_review_bundle.py	github	1603	0.001529	f161e794b3917eb87f2affe03678ed390ec07b287b2d85f8f0de7a6e421dae5d	code, metadata, manifest, or small benchmark result
tests/test_external_beta_review_packet.py	github	1903	0.001815	d90c5fce9a70439d816b7f0e65e5e01f2bc84180215bbba2a8d65c273bace5c8	code, metadata, manifest, or small benchmark result
tests/test_external_beta_review_triage.py	github	2631	0.002509	c2250dc282d33c73ef9830543953540c07fb2bf98629bcaf67df71c0fc9c39ac	code, metadata, manifest, or small benchmark result
tests/test_external_comparator_readiness.py	github	13420	0.012798	619c6927fc8f809117c441f326a3e279e34c3844723b7eb9a240d36dbfd2b83e	code, metadata, manifest, or small benchmark result
tests/test_external_comparator_scripts.py	github	26240	0.025024	3e508f0c0c8ea61ab50d1cbe22f1535e03466dc17ad6a3bee566ed6dee6a424c	code, metadata, manifest, or small benchmark result
tests/test_external_input_intake.py	github	2293	0.002187	213119a1329b3cfb88013fb87fb4f019e2acc5dfab809cb0cd3d76988b1aaa75	code, metadata, manifest, or small benchmark result
tests/test_external_release_authorization.py	github	4013	0.003827	3e168b2d3134e570e9691715a64d3150375bb4c05c4bf8dca415391e638b59c6	code, metadata, manifest, or small benchmark result
tests/test_figure_legend_package.py	github	5593	0.005334	0c437b29bb777f40ee6ae3e185782a28c02f6cc1aae9493a2ee621c7c5e886e0	code, metadata, manifest, or small benchmark result
tests/test_final_submission_blockers.py	github	10614	0.010122	a4b2232037d0443c78c02ed8f1ff58dc21fdec5804eb3ce528585f5d1def307c	code, metadata, manifest, or small benchmark result
tests/test_finalize_github_repository_url.py	github	2311	0.002204	af20c2f5d204a76b664a1c44b444b6aac4682a24f802aa314db2e8a520d53873	code, metadata, manifest, or small benchmark result
tests/test_formal_sci_manuscript.py	github	3976	0.003792	87494db1de4bb62071938ec49fb8a06b6a3836838ca388c400e375b370dbb837	code, metadata, manifest, or small benchmark result
tests/test_formal_sheaf.py	github	1912	0.001823	480a8cf7ece9f1c8bf06d1d835c21250b31fbb20a044db668a7944a84f6f213a	code, metadata, manifest, or small benchmark result
tests/test_git_release_readiness.py	github	2026	0.001932	41353d7fe67996a0f4557e10a14fcdba19c6b20e2479e2a2c43e447483858029	code, metadata, manifest, or small benchmark result
tests/test_gse103322_adapter.py	github	2980	0.002842	57f4eb620b185fba34a294b77788bc22f1ce0f37053b65891a4f9985b9899b22	code, metadata, manifest, or small benchmark result
tests/test_gse103322_replication_supplement.py	github	4499	0.004291	2020dd15cd60750902cc486e426fdcead24ac00e04859d783fdf5aa86384ebc8	code, metadata, manifest, or small benchmark result
tests/test_gse154778_adapter.py	github	9394	0.008959	ac84a1279daa20d10a3a2a10d3bcc45c9c739ae81e765eec906228d0aef25191	code, metadata, manifest, or small benchmark result
tests/test_gse154778_bootstrap.py	github	2681	0.002557	37e4af79eeca91a31e7533cf8d8dfc362004b7e63ce6100e4a62bc6d7d587c63	code, metadata, manifest, or small benchmark result
tests/test_gse154778_claim_gating.py	github	6601	0.006295	e2fb8f266777d40c294a6796c925e04a87a7a5799804e7f97ccfa957f06ce8ac	code, metadata, manifest, or small benchmark result
tests/test_gse154778_qc.py	github	4242	0.004045	a67d514ce296a32a730845f6e9bb0b409f9d9098daceed475cb5dc5e3d316ff1	code, metadata, manifest, or small benchmark result
tests/test_gse154778_reannotation_freeze.py	github	1671	0.001594	35e95c229c8a423285605acf759cb9160b6a7f69471553b23adae2b8f8b88e2d	code, metadata, manifest, or small benchmark result
tests/test_gse154778_sample_level.py	github	2873	0.00274	b43d6d4934d7009d8b2cda51f70998d5c96b76a5f6e5daadd1a8f202a8d96c09	code, metadata, manifest, or small benchmark result
tests/test_gse154778_stratified.py	github	2944	0.002808	0902206194396102229f702c124e828213c4a199d76a8a5023bb46e554a983f6	code, metadata, manifest, or small benchmark result
tests/test_gse176078_adapter.py	github	8543	0.008147	8147d266ddca3bc55219baa73a7b82e07255007097620a217e54bd0291470ce8	code, metadata, manifest, or small benchmark result
tests/test_gse72056_adapter.py	github	7135	0.006804	f43d74241de0644bf1b9e109a3d6ae4c383a4c899975f0b377335cf16c958bd9	code, metadata, manifest, or small benchmark result
tests/test_hodge.py	github	887	0.000846	aa0ccf2c3d7ec495c54e51661f539cb4b7179d13005bdedd43b77421ddba74a8	code, metadata, manifest, or small benchmark result
tests/test_if20_50_gap_report.py	github	9639	0.009192	2fde06f0137610a2435dedd15e954b4b43311fbc6c3918eaf166f8d761a6d7c9	code, metadata, manifest, or small benchmark result
tests/test_journal_metric_audit.py	github	1921	0.001832	1e8a2dba8fbffa77ad6f07b61855b71327155a7a4859cc499b1a564350fc669d	code, metadata, manifest, or small benchmark result
tests/test_journal_target_board.py	github	1854	0.001768	c96f782bb5e2a464d77a52d836e0f03d2fd2a3c1d1ffcac36968730331fca75b	code, metadata, manifest, or small benchmark result
tests/test_live_gantt_status.py	github	4677	0.00446	5f97380f572311dc112fb6ca6fd5da0ea30a375d2d8a82d13bbdfa07fda6d98b	code, metadata, manifest, or small benchmark result
tests/test_main_figure_quality.py	github	5168	0.004929	dc2d34b5374da971288fdf7a03bf6f8afb532df17ccd068e229400e6312c7ccb	code, metadata, manifest, or small benchmark result
tests/test_manifest.py	github	3562	0.003397	2cfe164944ae169efc85df85b671a4717fc9723b959af5ada3cfb87529bdfdf7	code, metadata, manifest, or small benchmark result
tests/test_mechanistic_prior_comparator.py	github	3407	0.003249	e4e16b171ef0f4303fbe48bc21bb3cd048f613795833075222f9d97db10615cb	code, metadata, manifest, or small benchmark result
tests/test_method_reporting_readiness.py	github	9042	0.008623	ee92daa7bdd1bbe7ad84285d8bb6ec25ffb4eacd81706c0b73e6b0b97538a293	code, metadata, manifest, or small benchmark result
tests/test_nature_methods_format_audit.py	github	4053	0.003865	febe8bf5b1724a7fb21445b071aaa974338bf2f8a95014b48a57afd0418a2aec	code, metadata, manifest, or small benchmark result
tests/test_nature_methods_submission_package.py	github	5801	0.005532	c114e99c321e3a4475d9f423e6bd349ee3b4eb31e280049fa84ab150f915739e	code, metadata, manifest, or small benchmark result
tests/test_package_release_archives.py	github	3716	0.003544	bf9d1cb164b013df539f16e9eb7fb77060631c91961ac22fe3b6d11e59cf948d	code, metadata, manifest, or small benchmark result
tests/test_pipeline.py	github	2449	0.002336	ec6064cf3372a7cea55265a47a7f96884885840baecd1a75bbebb71d35550a53	code, metadata, manifest, or small benchmark result
tests/test_polished_sci_manuscript_v2.py	github	7647	0.007293	da629543e782815960f7caa229ad42e72ef94e3d009e544058df45f1d3c86c8e	code, metadata, manifest, or small benchmark result
tests/test_pooled_fdr_audit.py	github	1534	0.001463	f65faadbd114088c7b4a963b5d9c4274b1fb3b5dce4b98c33425305e7aaf7084	code, metadata, manifest, or small benchmark result
tests/test_post_unblock_release_pipeline.py	github	3461	0.003301	7a37e93b3101db224bfc9c58e08171d65100d4f96bb7d8398521ef7aced61c74	code, metadata, manifest, or small benchmark result
tests/test_presubmission_inquiry_package.py	github	3080	0.002937	eb581767c78c320cc6bae7a9819675f66f2c0a5e78d620f7a4d48ab4af97d59c	code, metadata, manifest, or small benchmark result
tests/test_publication_workflow.py	github	3349	0.003194	2546577e3eec92334623019c38fcb4faecf077ed5710074e707cef92ec977c18	code, metadata, manifest, or small benchmark result
tests/test_publish_github_release_after_auth.py	github	2133	0.002034	8b40d42fdd05b1c66b53e66522d918f6d21e7e004c96eb46e9d4ec83273e0ad5	code, metadata, manifest, or small benchmark result
tests/test_reconcile_author_contacts.py	github	2917	0.002782	03e578f08b7002c0d2a3f395e16a87097b11dae0cbe23ef4e7ceaa23de4a0fab	code, metadata, manifest, or small benchmark result
tests/test_reference_package.py	github	2359	0.00225	6d35b77db3f1b554dcf0a6efc80bdeb70d7cec55ff0cfefd80c138875e442536	code, metadata, manifest, or small benchmark result
tests/test_release_metadata_placeholders.py	github	2151	0.002051	13aa9450389f64fd792f9483c9dcc08267ebe762fadfda824a4337d8cd1205b4	code, metadata, manifest, or small benchmark result
tests/test_release_unblocker_matrix.py	github	3194	0.003046	ccda09124764653372669b1c4b9698d1a4cbfaa562bff94326d76c585b242cd9	code, metadata, manifest, or small benchmark result
tests/test_reproducibility_release.py	github	2139	0.00204	0ede946fa937feff2f4b693a96d18bb18b9d3547c7351ade7feba604cba7dc8f	code, metadata, manifest, or small benchmark result
tests/test_response_transfer_package.py	github	3985	0.0038	66cacba2c42c88ebfa8131cdc55bfdd3327ad8adb6b6b580ad596b2724044e25	code, metadata, manifest, or small benchmark result
tests/test_sheaf_ground_truth_simulation.py	github	1637	0.001561	dc70b9a9caf5ed36ac6e15fde544f13d85485e13485defc05518f2a27c498d92	code, metadata, manifest, or small benchmark result
tests/test_simulate.py	github	578	0.000551	b6a2bd74405b7e2edf396abf6f79088f63f1112865328e8d195e74593a573139	code, metadata, manifest, or small benchmark result
tests/test_stats.py	github	3113	0.002969	b3f380acdbe101b7d6e17bf7b848677d15ca6fabeb28e6650f05212ac4be990e	code, metadata, manifest, or small benchmark result
tests/test_submission_metadata_templates.py	github	1847	0.001761	1a479343fe5317d5951f5fb6046a086af457ceb9fd4229cec8e0541898861fb8	code, metadata, manifest, or small benchmark result
tests/test_submission_provenance.py	github	4614	0.0044	a102d20fd8fc23f12ffc0f2c4f7d089df854b228161b255de2d731e95a4a4e13	code, metadata, manifest, or small benchmark result
tests/test_submission_readiness_report.py	github	5506	0.005251	33c8122608a7c6330bf38f4377ffcabc01d110d2cc5affa928147ae61bab8bc8	code, metadata, manifest, or small benchmark result
tests/test_submission_unblocker_handoff.py	github	2823	0.002692	9b6031d799839a6dbf102c429c6464726fc86b17180a1dcbe5ef66ff5493aea4	code, metadata, manifest, or small benchmark result
tests/test_submission_upload_package.py	github	6948	0.006626	dc52034a6d84418c07e4b212c508d8dd2ad1718c128009273c7e0294284e8073	code, metadata, manifest, or small benchmark result
tests/test_supergrok_hardening.py	github	5464	0.005211	0b6bfc9b87b62b41b2bb908c99a2ad908066627db725ca8ff0ffa25c21dd0818	code, metadata, manifest, or small benchmark result
tests/test_supplementary_artifacts.py	github	5142	0.004904	57ac93a28df3286dd1a8ac4589341e22ae1128689d2d1a6bef11ec41443a1a71	code, metadata, manifest, or small benchmark result
tests/test_tenx_visium_adapter.py	github	7356	0.007015	0c6e935296ae7cd4933d2d7a8fccdbfcaf8598093810d166957ac78b1888110a	code, metadata, manifest, or small benchmark result
tests/test_tme_benchmark_tool_comparison.py	github	3079	0.002936	e87c3a1470e594913fe29401b6aba350a65ebefdc776d95753732dae3ec768f4	code, metadata, manifest, or small benchmark result
tests/test_unblock_readiness_check.py	github	3551	0.003386	04266757f77a93390296ff19945fcc60255fa5ac65c3686db671e307bd3309f9	code, metadata, manifest, or small benchmark result
tests/test_upload_zenodo_deposition.py	github	7058	0.006731	da1df8de6516d623d8240ec960c8080c4184f9e1d43045e4ecedbabc997b8db2	code, metadata, manifest, or small benchmark result
tests/test_user_action_now_packet.py	github	2673	0.002549	8afefb4a27636e8ce14a9c952776d883ee79a2eb537ac9ef080ecfa994c0a9f3	code, metadata, manifest, or small benchmark result
tests/test_visium_scope_gate.py	github	3406	0.003248	9efa6bde25b85c036ea906456657b2bfb37b11215ebb96f8fa9242fa62e190a2	code, metadata, manifest, or small benchmark result
tests/test_zenodo_deposition_workflow.py	github	5624	0.005363	cebba400c0a90f362d4c60e05f4836f436ad89eae9e520ed1cd850b6ec6f89cc	code, metadata, manifest, or small benchmark result
tests/test_zenodo_upload_preflight.py	github	3707	0.003535	8243c74907bee0838c9e4bce2b6621de1b2e131f3c80a9d7dc3550194fab7fdf	code, metadata, manifest, or small benchmark result
workflow/Snakefile	github	2302	0.002195	65be892a93aa8188f6102e90536d68e8129605717dc3f31cc6513d240bda8775	small auxiliary repository file
workflow/config.yaml	github	169	0.000161	b7538a72b4f422e8b3744678d3902b109a57df1b06ed2af90eb1846ee40f3736	small auxiliary repository file
benchmarks/results/gse154778_pdac_scrna/comparators/cellchat_run/cellchat_object.rds	zenodo	2690661	2.566014	fe3492ead540b26e3ae0437d834179899a9822a0b9213046f1358d1d878aea5f	large or binary omics-like file
benchmarks/results/gse154778_pdac_scrna/reannotation/gse154778_scanpy_reannotated.h5ad	zenodo	80654980	76.918583	6d10f2f1b40e8d0198e6c9bea77eb6f9e48b9069f7e52819c57065a936f4c6ba	large or binary omics-like file
benchmarks/results/gse176078_brca_scrna/comparators/cellchat_run/cellchat_object.rds	zenodo	8255404	7.872967	b9ef2cfa3b9d9f51166015578e780cef54744bd26fdec81ce943fc12c544fcae	large or binary omics-like file
benchmarks/results/gse176078_brca_scrna/comparators/cellphonedb_run/cellphonedb_counts.tsv	zenodo	23925144	22.816795	761545dd3e56203e279a4689ccd04a3e95cda1e766365d16d48b333c022cea2e	file exceeds GitHub release audit threshold
benchmarks/results/gse72056_melanoma_scrna/comparators/cellchat_run/cellchat_object.rds	zenodo	2682635	2.55836	d718d964a88740abd04ad6dc162681afa5c39033f9728d24f11f374b6218566d	large or binary omics-like file
benchmarks/results/tenx_breast_visium/spatial/qc/hotspot_marker_overlay.csv	zenodo	1533	0.001462	c7a4afdec27a152c255bf3844f8652af9e8ec94ef6113a3d808053f74973db32	processed/frozen benchmark object
benchmarks/results/tenx_breast_visium/spatial/qc/hotspot_marker_overlay.pdf	zenodo	15354	0.014643	666809e22e803ae79ea5b99f5049b093f9645f96e20558e1573a1bcd9e92ed18	processed/frozen benchmark object
benchmarks/results/tenx_breast_visium/spatial/qc/hotspot_spatial_scatter.pdf	zenodo	72223	0.068877	a0474941755184564f19dec2106c9ff3e892f4ddd3a12c46f6cdcf6586094cb5	processed/frozen benchmark object
benchmarks/results/tenx_breast_visium/spatial/qc/k_neighbors_sensitivity.csv	zenodo	1609	0.001534	f067d7d3acec49f700a5d2700bdc77833917a1342f904340794cd0fa8c139063	processed/frozen benchmark object
benchmarks/results/tenx_breast_visium/spatial/qc/k_neighbors_sensitivity.pdf	zenodo	15009	0.014314	d06de4619cb9450a2235777e8668803402b5bff6e11083dbbf328a685c01fc4f	processed/frozen benchmark object
benchmarks/results/tenx_breast_visium/spatial/qc/marker_spot_counts.csv	zenodo	1343	0.001281	1a666f7400c1b52b7fbda499ea21467ef2e10f115f2ad104310d3e871ddb9d6c	processed/frozen benchmark object
benchmarks/results/tenx_breast_visium/spatial/qc/marker_spot_counts.pdf	zenodo	14448	0.013779	ee7cd8862eb1fcbaac1d9a06e30319dd9f45ea14a03647da81ab0abff1fbd4b4	processed/frozen benchmark object
benchmarks/results/tenx_breast_visium/spatial/qc/spatial_hotspot_qc_summary.csv	zenodo	412	0.000393	92da598524113a6dfe49f0327e9233cb4ae0075caa0ff6d1f46e174991c03d4d	processed/frozen benchmark object
benchmarks/results/tenx_breast_visium/spatial/spatial_frustration_hotspots.csv	zenodo	1231307	1.174266	b4788e75e87792650e3bb595c3616268621743716521d1e302b795e685f1f329	processed/frozen benchmark object
benchmarks/results/tenx_breast_visium/spatial/spatial_hotspot_summary.csv	zenodo	221	0.000211	d7f81d81591f21f7b27eaf881b198a0f169c79b27d0fc86cc290fa14cf35b21f	processed/frozen benchmark object
benchmarks/results/tenx_breast_visium/spatial/spatial_sheaf_edges.csv	zenodo	8115387	7.739436	b3ba3bbca0e0fa64eb5e160cc7affe95ced51ca7891cdd246055cd7edf52fac4	processed/frozen benchmark object
data/processed/.gitkeep	zenodo	1	1e-06	01ba4719c80b6fe911b091a7c05124b64eeece964e09c058ef8f9805daca546b	processed/frozen benchmark object
data/processed/checkpoints/gse154778_pdac_scrna_full_gene.h5ad	zenodo	267886070	255.476065	e5a042baf2c9ee0407fbbc1c8cb6aa3f363344804611a36d26cb1751dc99c0ef	processed/frozen benchmark object
data/processed/checkpoints/gse154778_pdac_scrna_scanpy_smoke_500cells.h5ad	zenodo	12605992	12.022011	fd1ca9355fdc71f6cd2db0588abc7cbad05a5340ccd7cb44f3e505ebf011173c	processed/frozen benchmark object
data/processed/demo_synthetic/expression.csv	zenodo	582	0.000555	981a6bc8fc9bd7db638b6720ddc25490ff2e8d993299979ff3b3ee7510d684e0	processed/frozen benchmark object
data/processed/demo_synthetic/metadata.csv	zenodo	198	0.000189	2afb4a5f5158d5cc32ad8c99d6eb2e440a46fecd24f36c68d9040c1227824f7f	processed/frozen benchmark object
data/processed/gse103322_hnsc_scrna/annotation_summary.csv	zenodo	449	0.000428	d4e13afd1ad538a5e7723e4a17a2acf1f5a58065a5afa905efcca57865ebb290	processed/frozen benchmark object
data/processed/gse103322_hnsc_scrna/expression.csv	zenodo	1643051	1.566936	981c72246b9f24c21f3d0e6372d132a032a86ef09924d44d2002780d47582191	processed/frozen benchmark object
data/processed/gse103322_hnsc_scrna/metadata.csv	zenodo	594018	0.5665	3b4526bb86098091f414c1acd3ed84069cd44b6b8bfed00f1f5a7cbf95dfaa05	processed/frozen benchmark object
data/processed/gse103322_hnsc_scrna/profiles.csv	zenodo	7831	0.007468	b91bb03b39be67800436cc11fecaf797bcd3923a0a5e99b585f8afe7eef1d9d2	processed/frozen benchmark object
data/processed/gse154778_pdac_scrna/annotation_summary.csv	zenodo	379	0.000361	123c49161000a868479d51f9dacea1e9de5aeaa3b76ed98272132147bfdfa76b	processed/frozen benchmark object
data/processed/gse154778_pdac_scrna/expression.csv	zenodo	3200988	3.0527	dfedff571415dc02f53ef016334b236193655f8d7e595255b3ac909bdd4b6a25	processed/frozen benchmark object
data/processed/gse154778_pdac_scrna/metadata.csv	zenodo	1155215	1.101699	bd660e7b15a50db09e5d03ef80a9101f57032dbbedb5293c90e8a31eb15bbf68	processed/frozen benchmark object
data/processed/gse154778_pdac_scrna/profiles.csv	zenodo	7026	0.006701	c7f555861c1c22fcd6db948ae4ac1788be75a883f1e12f74a992ca05e54381b8	processed/frozen benchmark object
data/processed/gse154778_pdac_scrna_scanpy_full_v1/annotation_summary.csv	zenodo	412	0.000393	c1c4c0411765127159469a59ebab312e8eb08a17ec43730b5fe8584491a7a80c	processed/frozen benchmark object
data/processed/gse154778_pdac_scrna_scanpy_full_v1/expression.csv	zenodo	3200988	3.0527	dfedff571415dc02f53ef016334b236193655f8d7e595255b3ac909bdd4b6a25	processed/frozen benchmark object
data/processed/gse154778_pdac_scrna_scanpy_full_v1/metadata.csv	zenodo	5113176	4.876305	fe328397804eab2f1e6b8cdbd324dbce13124933d6f2f26a3ff79696c5b76465	processed/frozen benchmark object
data/processed/gse154778_pdac_scrna_scanpy_full_v1/profiles.csv	zenodo	4217	0.004022	3ecdca4bfa0fc9ce5d24dd08d252d0cc5542d6af09a918eb54dde743f29ba4fe	processed/frozen benchmark object
data/processed/gse176078_brca_scrna/annotation_summary.csv	zenodo	648	0.000618	afce30060d215bc4812eb77b0e5b0a7712316a26fff322b207dd8a9ee608cdba	processed/frozen benchmark object
data/processed/gse176078_brca_scrna/expression.csv	zenodo	24025158	22.912176	036bf9b4b95ad163774c765f1538824b1c9a013b2e8ab8251361a3055d826737	processed/frozen benchmark object
data/processed/gse176078_brca_scrna/metadata.csv	zenodo	14751174	14.067816	e2c5bc3fa0e31f5959793568a6ceccc2463689f057a7f91cd91e29187a6de7a4	processed/frozen benchmark object
data/processed/gse176078_brca_scrna/profiles.csv	zenodo	8821	0.008412	ef6f2330f69ec9c2e2b3586679d4eddc186f0250147aa51cc75b09d62fa5ab6e	processed/frozen benchmark object
data/processed/gse72056_melanoma_scrna/annotation_summary.csv	zenodo	156	0.000149	7a867b59dbb958a5b8291147cf952e8169ee3f1cf5640ffa5a6b596aea090775	processed/frozen benchmark object
data/processed/gse72056_melanoma_scrna/expression.csv	zenodo	1299915	1.239696	be346dcbfbc364fe5fef99c7d78f78b07acd546fd35cd6ac027045829842f02b	processed/frozen benchmark object
data/processed/gse72056_melanoma_scrna/metadata.csv	zenodo	370005	0.352864	7d906028b3b227e3af8671f0b94f2729b3f6b6a8569cffb4fb04d565594d9445	processed/frozen benchmark object
data/processed/gse72056_melanoma_scrna/profiles.csv	zenodo	6957	0.006635	1d0ab49ad538cf8f2079345cd47a2f4ad4d008e975b7c5cc1620218f853505da	processed/frozen benchmark object
data/processed/tenx_breast_visium/annotation_summary.csv	zenodo	250	0.000238	dd0ab8463ca405169eea58db51471817a28f40e653c8f05d320a099be76c514f	processed/frozen benchmark object
data/processed/tenx_breast_visium/expression.csv	zenodo	2493378	2.377871	2dafca2cb9e013db13a8166debd78e1bebeff4de9b231ca643cdb2cd342c2c6a	processed/frozen benchmark object
data/processed/tenx_breast_visium/metadata.csv	zenodo	683765	0.652089	36a72aefd3438f855b257cf8b4007bc7f4dfba5663156bbe27b7f1ffa20b5044	processed/frozen benchmark object
data/processed/tenx_breast_visium/profiles.csv	zenodo	5738	0.005472	9c60eb6e0f565388228c16340b36e54c9477358f96f97c24ec172ea18fa8fe29	processed/frozen benchmark object
external_ai_review_packet/shareable_review_bundle/sheafsignal_external_beta_review_bundle.zip	zenodo	57910	0.055227	7c771fea7511770ec4261cfb8fd0d45784b8489e8fbbad82c9dcae6712d7ba37	large or binary omics-like file
