sender,receiver,ligand,receptor,score,sender_ligand_expression,receiver_receptor_expression,receiver_target_program_score,lr_weight,n_targets_available,target_genes,notes
Tumor/Epithelial,B/Plasma,MIF,CD74,55.49441140923815,1.4932497589199614,8.91304347826087,5.956521739130435,0.7,2,CD74;TNF,"score=sender_ligand_expression*receiver_receptor_expression*receiver_target_program_score*lr_weight; curated prior baseline, not nichenetr package output"
Myeloid,B/Plasma,MIF,CD74,51.81831461200768,1.3943329397874853,8.91304347826087,5.956521739130435,0.7,2,CD74;TNF,"score=sender_ligand_expression*receiver_receptor_expression*receiver_target_program_score*lr_weight; curated prior baseline, not nichenetr package output"
Unknown,B/Plasma,MIF,CD74,44.968454822248205,1.210016155088853,8.91304347826087,5.956521739130435,0.7,2,CD74;TNF,"score=sender_ligand_expression*receiver_receptor_expression*receiver_target_program_score*lr_weight; curated prior baseline, not nichenetr package output"
CAF/Fibroblast,B/Plasma,MIF,CD74,44.228302429594315,1.1901000526592944,8.91304347826087,5.956521739130435,0.7,2,CD74;TNF,"score=sender_ligand_expression*receiver_receptor_expression*receiver_target_program_score*lr_weight; curated prior baseline, not nichenetr package output"
T/NK,B/Plasma,MIF,CD74,37.16351606805293,1.0,8.91304347826087,5.956521739130435,0.7,2,CD74;TNF,"score=sender_ligand_expression*receiver_receptor_expression*receiver_target_program_score*lr_weight; curated prior baseline, not nichenetr package output"
Endothelial,B/Plasma,MIF,CD74,24.77567737870195,0.6666666666666666,8.91304347826087,5.956521739130435,0.7,2,CD74;TNF,"score=sender_ligand_expression*receiver_receptor_expression*receiver_target_program_score*lr_weight; curated prior baseline, not nichenetr package output"
Tumor/Epithelial,Myeloid,MIF,CD74,18.36938667087715,1.4932497589199614,5.017119244391972,3.502754820936639,0.7,2,CD74;TNF,"score=sender_ligand_expression*receiver_receptor_expression*receiver_target_program_score*lr_weight; curated prior baseline, not nichenetr package output"
Unknown,Myeloid,MIF,CD74,14.885155345286474,1.210016155088853,5.017119244391972,3.502754820936639,0.7,2,CD74;TNF,"score=sender_ligand_expression*receiver_receptor_expression*receiver_target_program_score*lr_weight; curated prior baseline, not nichenetr package output"
CAF/Fibroblast,Myeloid,MIF,CD74,14.640155080381046,1.1901000526592944,5.017119244391972,3.502754820936639,0.7,2,CD74;TNF,"score=sender_ligand_expression*receiver_receptor_expression*receiver_target_program_score*lr_weight; curated prior baseline, not nichenetr package output"
T/NK,Myeloid,MIF,CD74,12.301617034355576,1.0,5.017119244391972,3.502754820936639,0.7,2,CD74;TNF,"score=sender_ligand_expression*receiver_receptor_expression*receiver_target_program_score*lr_weight; curated prior baseline, not nichenetr package output"
B/Plasma,Myeloid,MIF,CD74,9.09249954713238,0.7391304347826086,5.017119244391972,3.502754820936639,0.7,2,CD74;TNF,"score=sender_ligand_expression*receiver_receptor_expression*receiver_target_program_score*lr_weight; curated prior baseline, not nichenetr package output"
Endothelial,Myeloid,MIF,CD74,8.201078022903717,0.6666666666666666,5.017119244391972,3.502754820936639,0.7,2,CD74;TNF,"score=sender_ligand_expression*receiver_receptor_expression*receiver_target_program_score*lr_weight; curated prior baseline, not nichenetr package output"
Tumor/Epithelial,T/NK,MIF,CD74,6.5666832734895495,1.4932497589199614,3.0495495495495497,2.06006006006006,0.7,2,CD74;TNF,"score=sender_ligand_expression*receiver_receptor_expression*receiver_target_program_score*lr_weight; curated prior baseline, not nichenetr package output"
Myeloid,T/NK,MIF,CD74,6.13168878058313,1.3943329397874853,3.0495495495495497,2.06006006006006,0.7,2,CD74;TNF,"score=sender_ligand_expression*receiver_receptor_expression*receiver_target_program_score*lr_weight; curated prior baseline, not nichenetr package output"
Unknown,T/NK,MIF,CD74,5.321141221560381,1.210016155088853,3.0495495495495497,2.06006006006006,0.7,2,CD74;TNF,"score=sender_ligand_expression*receiver_receptor_expression*receiver_target_program_score*lr_weight; curated prior baseline, not nichenetr package output"
CAF/Fibroblast,T/NK,MIF,CD74,5.233558594530941,1.1901000526592944,3.0495495495495497,2.06006006006006,0.7,2,CD74;TNF,"score=sender_ligand_expression*receiver_receptor_expression*receiver_target_program_score*lr_weight; curated prior baseline, not nichenetr package output"
Myeloid,Unknown,SPP1,CD44,5.176354314386237,12.634592680047223,0.8901453957996769,0.6575121163166397,0.7,3,CD44;MMP2;COL1A1,"score=sender_ligand_expression*receiver_receptor_expression*receiver_target_program_score*lr_weight; curated prior baseline, not nichenetr package output"
Tumor/Epithelial,Endothelial,MIF,CD74,4.01888495722545,1.4932497589199614,2.393939393939394,1.6060606060606062,0.7,2,CD74;TNF,"score=sender_ligand_expression*receiver_receptor_expression*receiver_target_program_score*lr_weight; curated prior baseline, not nichenetr package output"
Myeloid,CAF/Fibroblast,SPP1,CD44,3.8731386491591344,12.634592680047223,0.564507635597683,0.7757717094209985,0.7,3,CD44;MMP2;COL1A1,"score=sender_ligand_expression*receiver_receptor_expression*receiver_target_program_score*lr_weight; curated prior baseline, not nichenetr package output"
Myeloid,Endothelial,MIF,CD74,3.7526633730240047,1.3943329397874853,2.393939393939394,1.6060606060606062,0.7,2,CD74;TNF,"score=sender_ligand_expression*receiver_receptor_expression*receiver_target_program_score*lr_weight; curated prior baseline, not nichenetr package output"
Unknown,Endothelial,MIF,CD74,3.2565990348484113,1.210016155088853,2.393939393939394,1.6060606060606062,0.7,2,CD74;TNF,"score=sender_ligand_expression*receiver_receptor_expression*receiver_target_program_score*lr_weight; curated prior baseline, not nichenetr package output"
B/Plasma,T/NK,MIF,CD74,3.2503842267649548,0.7391304347826086,3.0495495495495497,2.06006006006006,0.7,2,CD74;TNF,"score=sender_ligand_expression*receiver_receptor_expression*receiver_target_program_score*lr_weight; curated prior baseline, not nichenetr package output"
CAF/Fibroblast,Endothelial,MIF,CD74,3.202997469549244,1.1901000526592944,2.393939393939394,1.6060606060606062,0.7,2,CD74;TNF,"score=sender_ligand_expression*receiver_receptor_expression*receiver_target_program_score*lr_weight; curated prior baseline, not nichenetr package output"
CAF/Fibroblast,T/NK,CXCL12,CXCR4,3.1902933370798747,0.2585571353343865,4.117117117117117,3.329954954954955,0.9,3,CXCR4;CCL5;CCL2,"score=sender_ligand_expression*receiver_receptor_expression*receiver_target_program_score*lr_weight; curated prior baseline, not nichenetr package output"
Endothelial,T/NK,MIF,CD74,2.9317191064938806,0.6666666666666666,3.0495495495495497,2.06006006006006,0.7,2,CD74;TNF,"score=sender_ligand_expression*receiver_receptor_expression*receiver_target_program_score*lr_weight; curated prior baseline, not nichenetr package output"
Myeloid,T/NK,SPP1,CD44,2.8621045756180883,12.634592680047223,0.7792792792792793,0.41527241527241526,0.7,3,CD44;MMP2;COL1A1,"score=sender_ligand_expression*receiver_receptor_expression*receiver_target_program_score*lr_weight; curated prior baseline, not nichenetr package output"
T/NK,Endothelial,MIF,CD74,2.6913682277318642,1.0,2.393939393939394,1.6060606060606062,0.7,2,CD74;TNF,"score=sender_ligand_expression*receiver_receptor_expression*receiver_target_program_score*lr_weight; curated prior baseline, not nichenetr package output"
Myeloid,Tumor/Epithelial,SPP1,CD44,2.4587914765809478,12.634592680047223,0.7083895853423336,0.39245534279285477,0.7,3,CD44;MMP2;COL1A1,"score=sender_ligand_expression*receiver_receptor_expression*receiver_target_program_score*lr_weight; curated prior baseline, not nichenetr package output"
Myeloid,Endothelial,SPP1,CD44,2.4040661043791514,12.634592680047223,0.5151515151515151,0.5276575276575276,0.7,3,CD44;MMP2;COL1A1,"score=sender_ligand_expression*receiver_receptor_expression*receiver_target_program_score*lr_weight; curated prior baseline, not nichenetr package output"
B/Plasma,Endothelial,MIF,CD74,1.9892721683235517,0.7391304347826086,2.393939393939394,1.6060606060606062,0.7,2,CD74;TNF,"score=sender_ligand_expression*receiver_receptor_expression*receiver_target_program_score*lr_weight; curated prior baseline, not nichenetr package output"
Endothelial,T/NK,CXCL12,CXCR4,1.7448854874530553,0.1414141414141414,4.117117117117117,3.329954954954955,0.9,3,CXCR4;CCL5;CCL2,"score=sender_ligand_expression*receiver_receptor_expression*receiver_target_program_score*lr_weight; curated prior baseline, not nichenetr package output"
Myeloid,B/Plasma,SPP1,CD44,1.6042031663702045,12.634592680047223,0.5652173913043478,0.3209109730848861,0.7,3,CD44;MMP2;COL1A1,"score=sender_ligand_expression*receiver_receptor_expression*receiver_target_program_score*lr_weight; curated prior baseline, not nichenetr package output"
Unknown,T/NK,CXCL12,CXCR4,1.1561426804702792,0.0936995153473344,4.117117117117117,3.329954954954955,0.9,3,CXCR4;CCL5;CCL2,"score=sender_ligand_expression*receiver_receptor_expression*receiver_target_program_score*lr_weight; curated prior baseline, not nichenetr package output"
Tumor/Epithelial,Unknown,MIF,CD74,0.7872440819944116,1.4932497589199614,1.0468497576736673,0.719439956919763,0.7,2,CD74;TNF,"score=sender_ligand_expression*receiver_receptor_expression*receiver_target_program_score*lr_weight; curated prior baseline, not nichenetr package output"
Myeloid,Unknown,MIF,CD74,0.7350949488660885,1.3943329397874853,1.0468497576736673,0.719439956919763,0.7,2,CD74;TNF,"score=sender_ligand_expression*receiver_receptor_expression*receiver_target_program_score*lr_weight; curated prior baseline, not nichenetr package output"
CAF/Fibroblast,B/Plasma,CXCL12,CXCR4,0.7016233795321585,0.2585571353343865,2.391304347826087,1.2608695652173914,0.9,3,CXCR4;CCL5;CCL2,"score=sender_ligand_expression*receiver_receptor_expression*receiver_target_program_score*lr_weight; curated prior baseline, not nichenetr package output"
CAF/Fibroblast,Unknown,MIF,CD74,0.6274229865705173,1.1901000526592944,1.0468497576736673,0.719439956919763,0.7,2,CD74;TNF,"score=sender_ligand_expression*receiver_receptor_expression*receiver_target_program_score*lr_weight; curated prior baseline, not nichenetr package output"
T/NK,Unknown,MIF,CD74,0.5272018811935453,1.0,1.0468497576736673,0.719439956919763,0.7,2,CD74;TNF,"score=sender_ligand_expression*receiver_receptor_expression*receiver_target_program_score*lr_weight; curated prior baseline, not nichenetr package output"
Unknown,Myeloid,SPP1,CD44,0.5063273818400851,0.7043618739903069,1.3406139315230223,0.7660088828919996,0.7,3,CD44;MMP2;COL1A1,"score=sender_ligand_expression*receiver_receptor_expression*receiver_target_program_score*lr_weight; curated prior baseline, not nichenetr package output"
Myeloid,Tumor/Epithelial,MIF,CD74,0.4078078607328552,1.3943329397874853,0.7863066538090646,0.5313725490196078,0.7,2,CD74;TNF,"score=sender_ligand_expression*receiver_receptor_expression*receiver_target_program_score*lr_weight; curated prior baseline, not nichenetr package output"
B/Plasma,Unknown,MIF,CD74,0.38967095566479426,0.7391304347826086,1.0468497576736673,0.719439956919763,0.7,2,CD74;TNF,"score=sender_ligand_expression*receiver_receptor_expression*receiver_target_program_score*lr_weight; curated prior baseline, not nichenetr package output"
Endothelial,B/Plasma,CXCL12,CXCR4,0.3837429111531191,0.1414141414141414,2.391304347826087,1.2608695652173914,0.9,3,CXCR4;CCL5;CCL2,"score=sender_ligand_expression*receiver_receptor_expression*receiver_target_program_score*lr_weight; curated prior baseline, not nichenetr package output"
Unknown,Tumor/Epithelial,MIF,CD74,0.3538997649544081,1.210016155088853,0.7863066538090646,0.5313725490196078,0.7,2,CD74;TNF,"score=sender_ligand_expression*receiver_receptor_expression*receiver_target_program_score*lr_weight; curated prior baseline, not nichenetr package output"
Tumor/Epithelial,CAF/Fibroblast,MIF,CD74,0.35253837046911024,1.4932497589199614,0.7051079515534492,0.47832192381955413,0.7,2,CD74;TNF,"score=sender_ligand_expression*receiver_receptor_expression*receiver_target_program_score*lr_weight; curated prior baseline, not nichenetr package output"
Endothelial,Unknown,MIF,CD74,0.3514679207956969,0.6666666666666666,1.0468497576736673,0.719439956919763,0.7,2,CD74;TNF,"score=sender_ligand_expression*receiver_receptor_expression*receiver_target_program_score*lr_weight; curated prior baseline, not nichenetr package output"
CAF/Fibroblast,Tumor/Epithelial,MIF,CD74,0.34807479812319153,1.1901000526592944,0.7863066538090646,0.5313725490196078,0.7,2,CD74;TNF,"score=sender_ligand_expression*receiver_receptor_expression*receiver_target_program_score*lr_weight; curated prior baseline, not nichenetr package output"
Myeloid,T/NK,CXCL12,CXCR4,0.3423407055624496,0.0277449822904368,4.117117117117117,3.329954954954955,0.9,3,CXCR4;CCL5;CCL2,"score=sender_ligand_expression*receiver_receptor_expression*receiver_target_program_score*lr_weight; curated prior baseline, not nichenetr package output"
Myeloid,CAF/Fibroblast,MIF,CD74,0.32918529505714894,1.3943329397874853,0.7051079515534492,0.47832192381955413,0.7,2,CD74;TNF,"score=sender_ligand_expression*receiver_receptor_expression*receiver_target_program_score*lr_weight; curated prior baseline, not nichenetr package output"
T/NK,Tumor/Epithelial,MIF,CD74,0.2924752396619207,1.0,0.7863066538090646,0.5313725490196078,0.7,2,CD74;TNF,"score=sender_ligand_expression*receiver_receptor_expression*receiver_target_program_score*lr_weight; curated prior baseline, not nichenetr package output"
CAF/Fibroblast,Myeloid,SPP1,CD44,0.2861754700873632,0.3981042654028436,1.3406139315230223,0.7660088828919996,0.7,3,CD44;MMP2;COL1A1,"score=sender_ligand_expression*receiver_receptor_expression*receiver_target_program_score*lr_weight; curated prior baseline, not nichenetr package output"
Unknown,CAF/Fibroblast,MIF,CD74,0.2856703113515701,1.210016155088853,0.7051079515534492,0.47832192381955413,0.7,2,CD74;TNF,"score=sender_ligand_expression*receiver_receptor_expression*receiver_target_program_score*lr_weight; curated prior baseline, not nichenetr package output"
Unknown,B/Plasma,CXCL12,CXCR4,0.2542639967506588,0.0936995153473344,2.391304347826087,1.2608695652173914,0.9,3,CXCR4;CCL5;CCL2,"score=sender_ligand_expression*receiver_receptor_expression*receiver_target_program_score*lr_weight; curated prior baseline, not nichenetr package output"
Endothelial,Myeloid,SPP1,CD44,0.2468762412706522,0.3434343434343434,1.3406139315230223,0.7660088828919996,0.7,3,CD44;MMP2;COL1A1,"score=sender_ligand_expression*receiver_receptor_expression*receiver_target_program_score*lr_weight; curated prior baseline, not nichenetr package output"
T/NK,CAF/Fibroblast,MIF,CD74,0.23608801432125753,1.0,0.7051079515534492,0.47832192381955413,0.7,2,CD74;TNF,"score=sender_ligand_expression*receiver_receptor_expression*receiver_target_program_score*lr_weight; curated prior baseline, not nichenetr package output"
B/Plasma,Tumor/Epithelial,MIF,CD74,0.2161773510544631,0.7391304347826086,0.7863066538090646,0.5313725490196078,0.7,2,CD74;TNF,"score=sender_ligand_expression*receiver_receptor_expression*receiver_target_program_score*lr_weight; curated prior baseline, not nichenetr package output"
Unknown,CAF/Fibroblast,SPP1,CD44,0.2159223701334088,0.7043618739903069,0.564507635597683,0.7757717094209985,0.7,3,CD44;MMP2;COL1A1,"score=sender_ligand_expression*receiver_receptor_expression*receiver_target_program_score*lr_weight; curated prior baseline, not nichenetr package output"
Endothelial,Tumor/Epithelial,MIF,CD74,0.19498349310794713,0.6666666666666666,0.7863066538090646,0.5313725490196078,0.7,2,CD74;TNF,"score=sender_ligand_expression*receiver_receptor_expression*receiver_target_program_score*lr_weight; curated prior baseline, not nichenetr package output"
CAF/Fibroblast,Endothelial,COL1A1,ITGA1,0.1898382068567334,1.1453396524486572,0.5757575757575758,0.5757575757575758,0.5,2,ITGA1;MMP2,"score=sender_ligand_expression*receiver_receptor_expression*receiver_target_program_score*lr_weight; curated prior baseline, not nichenetr package output"
Tumor/Epithelial,Myeloid,SPP1,CD44,0.1880644081177624,0.2616200578592093,1.3406139315230223,0.7660088828919996,0.7,3,CD44;MMP2;COL1A1,"score=sender_ligand_expression*receiver_receptor_expression*receiver_target_program_score*lr_weight; curated prior baseline, not nichenetr package output"
Myeloid,Endothelial,VEGFA,KDR,0.18582494221680976,0.4775678866587957,0.5050505050505051,0.7704315886134067,1.0,4,KDR;FLT1;TEK;VWF,"score=sender_ligand_expression*receiver_receptor_expression*receiver_target_program_score*lr_weight; curated prior baseline, not nichenetr package output"
Tumor/Epithelial,Endothelial,VEGFA,KDR,0.18378451443209656,0.4723240115718418,0.5050505050505051,0.7704315886134067,1.0,4,KDR;FLT1;TEK;VWF,"score=sender_ligand_expression*receiver_receptor_expression*receiver_target_program_score*lr_weight; curated prior baseline, not nichenetr package output"
B/Plasma,CAF/Fibroblast,MIF,CD74,0.17449983667223382,0.7391304347826086,0.7051079515534492,0.47832192381955413,0.7,2,CD74;TNF,"score=sender_ligand_expression*receiver_receptor_expression*receiver_target_program_score*lr_weight; curated prior baseline, not nichenetr package output"
Unknown,Endothelial,VEGFA,KDR,0.17349514405549865,0.4458804523424879,0.5050505050505051,0.7704315886134067,1.0,4,KDR;FLT1;TEK;VWF,"score=sender_ligand_expression*receiver_receptor_expression*receiver_target_program_score*lr_weight; curated prior baseline, not nichenetr package output"
CAF/Fibroblast,Unknown,SPP1,CD44,0.16310211052928622,0.3981042654028436,0.8901453957996769,0.6575121163166397,0.7,3,CD44;MMP2;COL1A1,"score=sender_ligand_expression*receiver_receptor_expression*receiver_target_program_score*lr_weight; curated prior baseline, not nichenetr package output"
CAF/Fibroblast,Myeloid,CXCL12,CXCR4,0.16040870490640494,0.2585571353343865,0.7774498229043684,0.8866587957497049,0.9,3,CXCR4;CCL2;CCL5,"score=sender_ligand_expression*receiver_receptor_expression*receiver_target_program_score*lr_weight; curated prior baseline, not nichenetr package output"
Unknown,T/NK,SPP1,CD44,0.15955855431906601,0.7043618739903069,0.7792792792792793,0.41527241527241526,0.7,3,CD44;MMP2;COL1A1,"score=sender_ligand_expression*receiver_receptor_expression*receiver_target_program_score*lr_weight; curated prior baseline, not nichenetr package output"
Endothelial,CAF/Fibroblast,MIF,CD74,0.157392009547505,0.6666666666666666,0.7051079515534492,0.47832192381955413,0.7,2,CD74;TNF,"score=sender_ligand_expression*receiver_receptor_expression*receiver_target_program_score*lr_weight; curated prior baseline, not nichenetr package output"
T/NK,Myeloid,SPP1,CD44,0.1521880167769402,0.2117117117117117,1.3406139315230223,0.7660088828919996,0.7,3,CD44;MMP2;COL1A1,"score=sender_ligand_expression*receiver_receptor_expression*receiver_target_program_score*lr_weight; curated prior baseline, not nichenetr package output"
Myeloid,Endothelial,VEGFA,FLT1,0.14568675469797884,0.4775678866587957,0.494949494949495,0.7704315886134067,0.8,4,KDR;FLT1;TEK;VWF,"score=sender_ligand_expression*receiver_receptor_expression*receiver_target_program_score*lr_weight; curated prior baseline, not nichenetr package output"
Tumor/Epithelial,Endothelial,VEGFA,FLT1,0.1440870593147637,0.4723240115718418,0.494949494949495,0.7704315886134067,0.8,4,KDR;FLT1;TEK;VWF,"score=sender_ligand_expression*receiver_receptor_expression*receiver_target_program_score*lr_weight; curated prior baseline, not nichenetr package output"
Tumor/Epithelial,T/NK,CXCL12,CXCR4,0.14397288369059177,0.0116682738669238,4.117117117117117,3.329954954954955,0.9,3,CXCR4;CCL5;CCL2,"score=sender_ligand_expression*receiver_receptor_expression*receiver_target_program_score*lr_weight; curated prior baseline, not nichenetr package output"
Endothelial,Unknown,SPP1,CD44,0.14070400925169546,0.3434343434343434,0.8901453957996769,0.6575121163166397,0.7,3,CD44;MMP2;COL1A1,"score=sender_ligand_expression*receiver_receptor_expression*receiver_target_program_score*lr_weight; curated prior baseline, not nichenetr package output"
CAF/Fibroblast,Endothelial,VEGFA,KDR,0.1403571359195386,0.3607161664033702,0.5050505050505051,0.7704315886134067,1.0,4,KDR;FLT1;TEK;VWF,"score=sender_ligand_expression*receiver_receptor_expression*receiver_target_program_score*lr_weight; curated prior baseline, not nichenetr package output"
Unknown,Tumor/Epithelial,SPP1,CD44,0.13707438111012193,0.7043618739903069,0.7083895853423336,0.39245534279285477,0.7,3,CD44;MMP2;COL1A1,"score=sender_ligand_expression*receiver_receptor_expression*receiver_target_program_score*lr_weight; curated prior baseline, not nichenetr package output"
Unknown,Endothelial,VEGFA,FLT1,0.13602019293951093,0.4458804523424879,0.494949494949495,0.7704315886134067,0.8,4,KDR;FLT1;TEK;VWF,"score=sender_ligand_expression*receiver_receptor_expression*receiver_target_program_score*lr_weight; curated prior baseline, not nichenetr package output"
Unknown,Endothelial,SPP1,CD44,0.1340235138051753,0.7043618739903069,0.5151515151515151,0.5276575276575276,0.7,3,CD44;MMP2;COL1A1,"score=sender_ligand_expression*receiver_receptor_expression*receiver_target_program_score*lr_weight; curated prior baseline, not nichenetr package output"
Myeloid,Endothelial,TNF,TNFRSF1A,0.12918372584120974,0.474025974025974,0.8282828282828283,0.47003367003366997,0.7,4,TNFRSF1A;CCL2;CCL5;MMP9,"score=sender_ligand_expression*receiver_receptor_expression*receiver_target_program_score*lr_weight; curated prior baseline, not nichenetr package output"
Endothelial,CAF/Fibroblast,MMP2,ITGAV,0.11691130966304479,0.5757575757575758,0.5450236966824644,0.7451290152711953,0.5,2,ITGAV;COL1A1,"score=sender_ligand_expression*receiver_receptor_expression*receiver_target_program_score*lr_weight; curated prior baseline, not nichenetr package output"
CAF/Fibroblast,Endothelial,MMP2,ITGAV,0.11092687611429536,0.8199052132701422,0.5252525252525253,0.5151515151515152,0.5,2,ITGAV;COL1A1,"score=sender_ligand_expression*receiver_receptor_expression*receiver_target_program_score*lr_weight; curated prior baseline, not nichenetr package output"
CAF/Fibroblast,Endothelial,VEGFA,FLT1,0.11003999456091827,0.3607161664033702,0.494949494949495,0.7704315886134067,0.8,4,KDR;FLT1;TEK;VWF,"score=sender_ligand_expression*receiver_receptor_expression*receiver_target_program_score*lr_weight; curated prior baseline, not nichenetr package output"
Endothelial,CAF/Fibroblast,TGFB1,TGFBR1,0.10854636222440182,0.6666666666666666,0.2211690363349131,0.8179743724767423,0.9,4,COL1A1;COL1A2;MMP2;MMP9,"score=sender_ligand_expression*receiver_receptor_expression*receiver_target_program_score*lr_weight; curated prior baseline, not nichenetr package output"
Tumor/Epithelial,Unknown,SPP1,CD44,0.10718494450304933,0.2616200578592093,0.8901453957996769,0.6575121163166397,0.7,3,CD44;MMP2;COL1A1,"score=sender_ligand_expression*receiver_receptor_expression*receiver_target_program_score*lr_weight; curated prior baseline, not nichenetr package output"
Endothelial,CAF/Fibroblast,SPP1,CD44,0.10527991385941343,0.3434343434343434,0.564507635597683,0.7757717094209985,0.7,3,CD44;MMP2;COL1A1,"score=sender_ligand_expression*receiver_receptor_expression*receiver_target_program_score*lr_weight; curated prior baseline, not nichenetr package output"
B/Plasma,Endothelial,VEGFA,KDR,0.10150613815723408,0.2608695652173913,0.5050505050505051,0.7704315886134067,1.0,4,KDR;FLT1;TEK;VWF,"score=sender_ligand_expression*receiver_receptor_expression*receiver_target_program_score*lr_weight; curated prior baseline, not nichenetr package output"
Unknown,Endothelial,COL1A1,ITGA1,0.09934192861201234,0.5993537964458805,0.5757575757575758,0.5757575757575758,0.5,2,ITGA1;MMP2,"score=sender_ligand_expression*receiver_receptor_expression*receiver_target_program_score*lr_weight; curated prior baseline, not nichenetr package output"
CAF/Fibroblast,Unknown,MMP2,ITGAV,0.09672635107133451,0.8199052132701422,0.4636510500807754,0.5088852988691438,0.5,2,ITGAV;COL1A1,"score=sender_ligand_expression*receiver_receptor_expression*receiver_target_program_score*lr_weight; curated prior baseline, not nichenetr package output"
T/NK,Myeloid,CCL5,CCR5,0.09457629299853182,5.013513513513513,0.0926800472255017,0.2544273907910271,0.8,2,CCR5;IFNGR1,"score=sender_ligand_expression*receiver_receptor_expression*receiver_target_program_score*lr_weight; curated prior baseline, not nichenetr package output"
CAF/Fibroblast,T/NK,SPP1,CD44,0.09018225347160919,0.3981042654028436,0.7792792792792793,0.41527241527241526,0.7,3,CD44;MMP2;COL1A1,"score=sender_ligand_expression*receiver_receptor_expression*receiver_target_program_score*lr_weight; curated prior baseline, not nichenetr package output"
Unknown,B/Plasma,SPP1,CD44,0.08943221021364008,0.7043618739903069,0.5652173913043478,0.3209109730848861,0.7,3,CD44;MMP2;COL1A1,"score=sender_ligand_expression*receiver_receptor_expression*receiver_target_program_score*lr_weight; curated prior baseline, not nichenetr package output"
Endothelial,Myeloid,CXCL12,CXCR4,0.08773325574773563,0.1414141414141414,0.7774498229043684,0.8866587957497049,0.9,3,CXCR4;CCL2;CCL5,"score=sender_ligand_expression*receiver_receptor_expression*receiver_target_program_score*lr_weight; curated prior baseline, not nichenetr package output"
T/NK,Unknown,SPP1,CD44,0.0867376464027741,0.2117117117117117,0.8901453957996769,0.6575121163166397,0.7,3,CD44;MMP2;COL1A1,"score=sender_ligand_expression*receiver_receptor_expression*receiver_target_program_score*lr_weight; curated prior baseline, not nichenetr package output"
Tumor/Epithelial,CAF/Fibroblast,SPP1,CD44,0.08019971701105644,0.2616200578592093,0.564507635597683,0.7757717094209985,0.7,3,CD44;MMP2;COL1A1,"score=sender_ligand_expression*receiver_receptor_expression*receiver_target_program_score*lr_weight; curated prior baseline, not nichenetr package output"
B/Plasma,Endothelial,VEGFA,FLT1,0.07958081231527153,0.2608695652173913,0.494949494949495,0.7704315886134067,0.8,4,KDR;FLT1;TEK;VWF,"score=sender_ligand_expression*receiver_receptor_expression*receiver_target_program_score*lr_weight; curated prior baseline, not nichenetr package output"
Endothelial,T/NK,SPP1,CD44,0.07779791803815828,0.3434343434343434,0.7792792792792793,0.41527241527241526,0.7,3,CD44;MMP2;COL1A1,"score=sender_ligand_expression*receiver_receptor_expression*receiver_target_program_score*lr_weight; curated prior baseline, not nichenetr package output"
CAF/Fibroblast,Tumor/Epithelial,SPP1,CD44,0.0774742327949248,0.3981042654028436,0.7083895853423336,0.39245534279285477,0.7,3,CD44;MMP2;COL1A1,"score=sender_ligand_expression*receiver_receptor_expression*receiver_target_program_score*lr_weight; curated prior baseline, not nichenetr package output"
Myeloid,T/NK,TNF,TNFRSF1A,0.07654696158074532,0.474025974025974,0.1846846846846846,1.249099099099099,0.7,4,TNFRSF1A;CCL5;CCL2;MMP9,"score=sender_ligand_expression*receiver_receptor_expression*receiver_target_program_score*lr_weight; curated prior baseline, not nichenetr package output"
CAF/Fibroblast,Endothelial,SPP1,CD44,0.07574988721046454,0.3981042654028436,0.5151515151515151,0.5276575276575276,0.7,3,CD44;MMP2;COL1A1,"score=sender_ligand_expression*receiver_receptor_expression*receiver_target_program_score*lr_weight; curated prior baseline, not nichenetr package output"
Myeloid,B/Plasma,CXCL12,CXCR4,0.07528907765202653,0.0277449822904368,2.391304347826087,1.2608695652173914,0.9,3,CXCR4;CCL5;CCL2,"score=sender_ligand_expression*receiver_receptor_expression*receiver_target_program_score*lr_weight; curated prior baseline, not nichenetr package output"
Myeloid,CAF/Fibroblast,TGFB1,TGFBR1,0.07102930491484617,0.436245572609209,0.2211690363349131,0.8179743724767423,0.9,4,COL1A1;COL1A2;MMP2;MMP9,"score=sender_ligand_expression*receiver_receptor_expression*receiver_target_program_score*lr_weight; curated prior baseline, not nichenetr package output"
T/NK,CAF/Fibroblast,TGFB1,TGFBR1,0.07040845117258496,0.4324324324324324,0.2211690363349131,0.8179743724767423,0.9,4,COL1A1;COL1A2;MMP2;MMP9,"score=sender_ligand_expression*receiver_receptor_expression*receiver_target_program_score*lr_weight; curated prior baseline, not nichenetr package output"
Endothelial,Unknown,MMP2,ITGAV,0.06792361910053951,0.5757575757575758,0.4636510500807754,0.5088852988691438,0.5,2,ITGAV;COL1A1,"score=sender_ligand_expression*receiver_receptor_expression*receiver_target_program_score*lr_weight; curated prior baseline, not nichenetr package output"
Endothelial,Tumor/Epithelial,SPP1,CD44,0.06683503440004696,0.3434343434343434,0.7083895853423336,0.39245534279285477,0.7,3,CD44;MMP2;COL1A1,"score=sender_ligand_expression*receiver_receptor_expression*receiver_target_program_score*lr_weight; curated prior baseline, not nichenetr package output"
T/NK,Myeloid,IFNG,IFNGR1,0.0652114777114777,0.3468468468468468,0.577922077922078,0.4647495361781076,0.7,3,IFNGR1;TNF;CCL5,"score=sender_ligand_expression*receiver_receptor_expression*receiver_target_program_score*lr_weight; curated prior baseline, not nichenetr package output"
T/NK,CAF/Fibroblast,SPP1,CD44,0.06490029665975765,0.2117117117117117,0.564507635597683,0.7757717094209985,0.7,3,CD44;MMP2;COL1A1,"score=sender_ligand_expression*receiver_receptor_expression*receiver_target_program_score*lr_weight; curated prior baseline, not nichenetr package output"
Unknown,CAF/Fibroblast,MMP2,ITGAV,0.06462379254480521,0.3182552504038772,0.5450236966824644,0.7451290152711953,0.5,2,ITGAV;COL1A1,"score=sender_ligand_expression*receiver_receptor_expression*receiver_target_program_score*lr_weight; curated prior baseline, not nichenetr package output"
Myeloid,CAF/Fibroblast,TNF,TNFRSF1A,0.06300214484086514,0.474025974025974,0.6334913112164297,0.2997191504300509,0.7,4,TNFRSF1A;CCL2;CCL5;MMP9,"score=sender_ligand_expression*receiver_receptor_expression*receiver_target_program_score*lr_weight; curated prior baseline, not nichenetr package output"
B/Plasma,Myeloid,SPP1,CD44,0.06250830661328531,0.0869565217391304,1.3406139315230223,0.7660088828919996,0.7,3,CD44;MMP2;COL1A1,"score=sender_ligand_expression*receiver_receptor_expression*receiver_target_program_score*lr_weight; curated prior baseline, not nichenetr package output"
Unknown,CAF/Fibroblast,COL1A1,ITGA1,0.0623779343258405,0.5993537964458805,0.3902053712480253,0.5334386519220643,0.5,2,ITGA1;MMP2,"score=sender_ligand_expression*receiver_receptor_expression*receiver_target_program_score*lr_weight; curated prior baseline, not nichenetr package output"
Tumor/Epithelial,T/NK,SPP1,CD44,0.05926459076554205,0.2616200578592093,0.7792792792792793,0.41527241527241526,0.7,3,CD44;MMP2;COL1A1,"score=sender_ligand_expression*receiver_receptor_expression*receiver_target_program_score*lr_weight; curated prior baseline, not nichenetr package output"
Unknown,Myeloid,CXCL12,CXCR4,0.0581311279140893,0.0936995153473344,0.7774498229043684,0.8866587957497049,0.9,3,CXCR4;CCL2;CCL5,"score=sender_ligand_expression*receiver_receptor_expression*receiver_target_program_score*lr_weight; curated prior baseline, not nichenetr package output"
Unknown,CAF/Fibroblast,TGFB1,TGFBR1,0.05497461156276248,0.3376413570274637,0.2211690363349131,0.8179743724767423,0.9,4,COL1A1;COL1A2;MMP2;MMP9,"score=sender_ligand_expression*receiver_receptor_expression*receiver_target_program_score*lr_weight; curated prior baseline, not nichenetr package output"
Myeloid,Endothelial,COL1A1,ITGA1,0.053031658215730346,0.319952774498229,0.5757575757575758,0.5757575757575758,0.5,2,ITGA1;MMP2,"score=sender_ligand_expression*receiver_receptor_expression*receiver_target_program_score*lr_weight; curated prior baseline, not nichenetr package output"
Myeloid,Unknown,TNF,TNFRSF1A,0.05203491205888369,0.474025974025974,0.531502423263328,0.2950457727517501,0.7,4,TNFRSF1A;CCL5;CCL2;MMP9,"score=sender_ligand_expression*receiver_receptor_expression*receiver_target_program_score*lr_weight; curated prior baseline, not nichenetr package output"
Endothelial,CAF/Fibroblast,COL1A1,ITGA1,0.05151202390582559,0.494949494949495,0.3902053712480253,0.5334386519220643,0.5,2,ITGA1;MMP2,"score=sender_ligand_expression*receiver_receptor_expression*receiver_target_program_score*lr_weight; curated prior baseline, not nichenetr package output"
CAF/Fibroblast,B/Plasma,SPP1,CD44,0.05054694989204346,0.3981042654028436,0.5652173913043478,0.3209109730848861,0.7,3,CD44;MMP2;COL1A1,"score=sender_ligand_expression*receiver_receptor_expression*receiver_target_program_score*lr_weight; curated prior baseline, not nichenetr package output"
Endothelial,Myeloid,TGFB1,TGFBR1,0.0500121966688458,0.6666666666666666,0.3046044864226682,0.2736455463728191,0.9,4,COL1A1;COL1A2;MMP9;MMP2,"score=sender_ligand_expression*receiver_receptor_expression*receiver_target_program_score*lr_weight; curated prior baseline, not nichenetr package output"
Tumor/Epithelial,Endothelial,SPP1,CD44,0.049780149566538034,0.2616200578592093,0.5151515151515151,0.5276575276575276,0.7,3,CD44;MMP2;COL1A1,"score=sender_ligand_expression*receiver_receptor_expression*receiver_target_program_score*lr_weight; curated prior baseline, not nichenetr package output"
CAF/Fibroblast,Myeloid,MMP2,ITGAV,0.046058803276791904,0.8199052132701422,0.3382526564344746,0.3321526957890594,0.5,2,ITGAV;COL1A1,"score=sender_ligand_expression*receiver_receptor_expression*receiver_target_program_score*lr_weight; curated prior baseline, not nichenetr package output"
Endothelial,B/Plasma,SPP1,CD44,0.043605557783251536,0.3434343434343434,0.5652173913043478,0.3209109730848861,0.7,3,CD44;MMP2;COL1A1,"score=sender_ligand_expression*receiver_receptor_expression*receiver_target_program_score*lr_weight; curated prior baseline, not nichenetr package output"
Endothelial,Unknown,TGFB1,TGFBR1,0.04310111589297102,0.6666666666666666,0.1777059773828756,0.40423622329922815,0.9,4,COL1A1;COL1A2;MMP2;MMP9,"score=sender_ligand_expression*receiver_receptor_expression*receiver_target_program_score*lr_weight; curated prior baseline, not nichenetr package output"
Unknown,Endothelial,MMP2,ITGAV,0.04305749025972261,0.3182552504038772,0.5252525252525253,0.5151515151515152,0.5,2,ITGAV;COL1A1,"score=sender_ligand_expression*receiver_receptor_expression*receiver_target_program_score*lr_weight; curated prior baseline, not nichenetr package output"
T/NK,Endothelial,VEGFA,KDR,0.04206560680389881,0.1081081081081081,0.5050505050505051,0.7704315886134067,1.0,4,KDR;FLT1;TEK;VWF,"score=sender_ligand_expression*receiver_receptor_expression*receiver_target_program_score*lr_weight; curated prior baseline, not nichenetr package output"
CAF/Fibroblast,Endothelial,CXCL12,CXCR4,0.04185823963218764,0.2585571353343865,0.4343434343434343,0.41414141414141414,0.9,3,CXCR4;CCL2;CCL5,"score=sender_ligand_expression*receiver_receptor_expression*receiver_target_program_score*lr_weight; curated prior baseline, not nichenetr package output"
T/NK,Tumor/Epithelial,SPP1,CD44,0.04120077041115772,0.2117117117117117,0.7083895853423336,0.39245534279285477,0.7,3,CD44;MMP2;COL1A1,"score=sender_ligand_expression*receiver_receptor_expression*receiver_target_program_score*lr_weight; curated prior baseline, not nichenetr package output"
T/NK,Endothelial,SPP1,CD44,0.04028376402113775,0.2117117117117117,0.5151515151515151,0.5276575276575276,0.7,3,CD44;MMP2;COL1A1,"score=sender_ligand_expression*receiver_receptor_expression*receiver_target_program_score*lr_weight; curated prior baseline, not nichenetr package output"
Myeloid,Endothelial,TGFB1,TGFBR1,0.03851032235705414,0.436245572609209,0.2828282828282828,0.34680134680134683,0.9,4,COL1A1;COL1A2;MMP2;MMP9,"score=sender_ligand_expression*receiver_receptor_expression*receiver_target_program_score*lr_weight; curated prior baseline, not nichenetr package output"
T/NK,Endothelial,TGFB1,TGFBR1,0.03817371090098363,0.4324324324324324,0.2828282828282828,0.34680134680134683,0.9,4,COL1A1;COL1A2;MMP2;MMP9,"score=sender_ligand_expression*receiver_receptor_expression*receiver_target_program_score*lr_weight; curated prior baseline, not nichenetr package output"
CAF/Fibroblast,Endothelial,TGFB1,TGFBR1,0.03765357147520009,0.4265402843601896,0.2828282828282828,0.34680134680134683,0.9,4,COL1A1;COL1A2;MMP2;MMP9,"score=sender_ligand_expression*receiver_receptor_expression*receiver_target_program_score*lr_weight; curated prior baseline, not nichenetr package output"
CAF/Fibroblast,Unknown,COL1A1,ITGA1,0.03674457389380735,1.1453396524486572,0.2407108239095315,0.2665589660743134,0.5,2,ITGA1;MMP2,"score=sender_ligand_expression*receiver_receptor_expression*receiver_target_program_score*lr_weight; curated prior baseline, not nichenetr package output"
Myeloid,CAF/Fibroblast,MMP2,ITGAV,0.03655975678116403,0.1800472255017709,0.5450236966824644,0.7451290152711953,0.5,2,ITGAV;COL1A1,"score=sender_ligand_expression*receiver_receptor_expression*receiver_target_program_score*lr_weight; curated prior baseline, not nichenetr package output"
B/Plasma,Endothelial,COL1A1,ITGA1,0.036032259352417446,0.217391304347826,0.5757575757575758,0.5757575757575758,0.5,2,ITGA1;MMP2,"score=sender_ligand_expression*receiver_receptor_expression*receiver_target_program_score*lr_weight; curated prior baseline, not nichenetr package output"
B/Plasma,Unknown,SPP1,CD44,0.03562582331436789,0.0869565217391304,0.8901453957996769,0.6575121163166397,0.7,3,CD44;MMP2;COL1A1,"score=sender_ligand_expression*receiver_receptor_expression*receiver_target_program_score*lr_weight; curated prior baseline, not nichenetr package output"
CAF/Fibroblast,B/Plasma,MMP2,ITGAV,0.03435645663671357,0.8199052132701422,0.3043478260869565,0.27536231884057966,0.5,2,ITGAV;COL1A1,"score=sender_ligand_expression*receiver_receptor_expression*receiver_target_program_score*lr_weight; curated prior baseline, not nichenetr package output"
Myeloid,CAF/Fibroblast,COL1A1,ITGA1,0.03329918534490024,0.319952774498229,0.3902053712480253,0.5334386519220643,0.5,2,ITGA1;MMP2,"score=sender_ligand_expression*receiver_receptor_expression*receiver_target_program_score*lr_weight; curated prior baseline, not nichenetr package output"
Tumor/Epithelial,B/Plasma,SPP1,CD44,0.03321766960216172,0.2616200578592093,0.5652173913043478,0.3209109730848861,0.7,3,CD44;MMP2;COL1A1,"score=sender_ligand_expression*receiver_receptor_expression*receiver_target_program_score*lr_weight; curated prior baseline, not nichenetr package output"
T/NK,Endothelial,VEGFA,FLT1,0.03297943573425667,0.1081081081081081,0.494949494949495,0.7704315886134067,0.8,4,KDR;FLT1;TEK;VWF,"score=sender_ligand_expression*receiver_receptor_expression*receiver_target_program_score*lr_weight; curated prior baseline, not nichenetr package output"
T/NK,Myeloid,TGFB1,TGFBR1,0.03244034378519728,0.4324324324324324,0.3046044864226682,0.2736455463728191,0.9,4,COL1A1;COL1A2;MMP9;MMP2,"score=sender_ligand_expression*receiver_receptor_expression*receiver_target_program_score*lr_weight; curated prior baseline, not nichenetr package output"
Endothelial,Myeloid,MMP2,ITGAV,0.03234362275996825,0.5757575757575758,0.3382526564344746,0.3321526957890594,0.5,2,ITGAV;COL1A1,"score=sender_ligand_expression*receiver_receptor_expression*receiver_target_program_score*lr_weight; curated prior baseline, not nichenetr package output"
CAF/Fibroblast,Myeloid,TGFB1,TGFBR1,0.03199832488291082,0.4265402843601896,0.3046044864226682,0.2736455463728191,0.9,4,COL1A1;COL1A2;MMP9;MMP2,"score=sender_ligand_expression*receiver_receptor_expression*receiver_target_program_score*lr_weight; curated prior baseline, not nichenetr package output"
T/NK,Endothelial,IFNG,IFNGR1,0.0316754464902613,0.3468468468468468,0.494949494949495,0.2635882635882636,0.7,3,IFNGR1;TNF;CCL5,"score=sender_ligand_expression*receiver_receptor_expression*receiver_target_program_score*lr_weight; curated prior baseline, not nichenetr package output"
Tumor/Epithelial,B/Plasma,CXCL12,CXCR4,0.03166315148576392,0.0116682738669238,2.391304347826087,1.2608695652173914,0.9,3,CXCR4;CCL5;CCL2,"score=sender_ligand_expression*receiver_receptor_expression*receiver_target_program_score*lr_weight; curated prior baseline, not nichenetr package output"
CAF/Fibroblast,Tumor/Epithelial,MMP2,ITGAV,0.03101616846529024,0.8199052132701422,0.2966248794599807,0.25506268081002886,0.5,2,ITGAV;COL1A1,"score=sender_ligand_expression*receiver_receptor_expression*receiver_target_program_score*lr_weight; curated prior baseline, not nichenetr package output"
CAF/Fibroblast,Unknown,CXCL12,CXCR4,0.030985173829208762,0.2585571353343865,0.4168012924071082,0.31946688206785134,0.9,3,CXCR4;CCL5;CCL2,"score=sender_ligand_expression*receiver_receptor_expression*receiver_target_program_score*lr_weight; curated prior baseline, not nichenetr package output"
Unknown,Endothelial,TGFB1,TGFBR1,0.02980586696257133,0.3376413570274637,0.2828282828282828,0.34680134680134683,0.9,4,COL1A1;COL1A2;MMP2;MMP9,"score=sender_ligand_expression*receiver_receptor_expression*receiver_target_program_score*lr_weight; curated prior baseline, not nichenetr package output"
Tumor/Epithelial,Endothelial,COL1A1,ITGA1,0.02849849419061306,0.1719382835101253,0.5757575757575758,0.5757575757575758,0.5,2,ITGA1;MMP2,"score=sender_ligand_expression*receiver_receptor_expression*receiver_target_program_score*lr_weight; curated prior baseline, not nichenetr package output"
B/Plasma,CAF/Fibroblast,TGFB1,TGFBR1,0.02831644231940916,0.1739130434782608,0.2211690363349131,0.8179743724767423,0.9,4,COL1A1;COL1A2;MMP2;MMP9,"score=sender_ligand_expression*receiver_receptor_expression*receiver_target_program_score*lr_weight; curated prior baseline, not nichenetr package output"
Myeloid,Unknown,TGFB1,TGFBR1,0.028204006474237528,0.436245572609209,0.1777059773828756,0.40423622329922815,0.9,4,COL1A1;COL1A2;MMP2;MMP9,"score=sender_ligand_expression*receiver_receptor_expression*receiver_target_program_score*lr_weight; curated prior baseline, not nichenetr package output"
T/NK,Unknown,TGFB1,TGFBR1,0.027957480579224443,0.4324324324324324,0.1777059773828756,0.40423622329922815,0.9,4,COL1A1;COL1A2;MMP2;MMP9,"score=sender_ligand_expression*receiver_receptor_expression*receiver_target_program_score*lr_weight; curated prior baseline, not nichenetr package output"
CAF/Fibroblast,Unknown,TGFB1,TGFBR1,0.027576543343844018,0.4265402843601896,0.1777059773828756,0.40423622329922815,0.9,4,COL1A1;COL1A2;MMP2;MMP9,"score=sender_ligand_expression*receiver_receptor_expression*receiver_target_program_score*lr_weight; curated prior baseline, not nichenetr package output"
T/NK,B/Plasma,SPP1,CD44,0.026880850604858158,0.2117117117117117,0.5652173913043478,0.3209109730848861,0.7,3,CD44;MMP2;COL1A1,"score=sender_ligand_expression*receiver_receptor_expression*receiver_target_program_score*lr_weight; curated prior baseline, not nichenetr package output"
B/Plasma,CAF/Fibroblast,SPP1,CD44,0.026656551079493423,0.0869565217391304,0.564507635597683,0.7757717094209985,0.7,3,CD44;MMP2;COL1A1,"score=sender_ligand_expression*receiver_receptor_expression*receiver_target_program_score*lr_weight; curated prior baseline, not nichenetr package output"
Myeloid,Tumor/Epithelial,TNF,TNFRSF1A,0.026437626264270046,0.474025974025974,0.4148505303760849,0.1920572163291546,0.7,4,TNFRSF1A;CCL5;CCL2;MMP9,"score=sender_ligand_expression*receiver_receptor_expression*receiver_target_program_score*lr_weight; curated prior baseline, not nichenetr package output"
Unknown,Myeloid,TGFB1,TGFBR1,0.025329278926790242,0.3376413570274637,0.3046044864226682,0.2736455463728191,0.9,4,COL1A1;COL1A2;MMP9;MMP2,"score=sender_ligand_expression*receiver_receptor_expression*receiver_target_program_score*lr_weight; curated prior baseline, not nichenetr package output"
T/NK,Unknown,IFNG,IFNGR1,0.024811608803716544,0.3468468468468468,0.394184168012924,0.2592507115931994,0.7,3,IFNGR1;TNF;CCL5,"score=sender_ligand_expression*receiver_receptor_expression*receiver_target_program_score*lr_weight; curated prior baseline, not nichenetr package output"
Myeloid,Endothelial,MMP2,ITGAV,0.024359006327451107,0.1800472255017709,0.5252525252525253,0.5151515151515152,0.5,2,ITGAV;COL1A1,"score=sender_ligand_expression*receiver_receptor_expression*receiver_target_program_score*lr_weight; curated prior baseline, not nichenetr package output"
Endothelial,B/Plasma,MMP2,ITGAV,0.024125947566401247,0.5757575757575758,0.3043478260869565,0.27536231884057966,0.5,2,ITGAV;COL1A1,"score=sender_ligand_expression*receiver_receptor_expression*receiver_target_program_score*lr_weight; curated prior baseline, not nichenetr package output"
B/Plasma,CAF/Fibroblast,COL1A1,ITGA1,0.02262506817514078,0.217391304347826,0.3902053712480253,0.5334386519220643,0.5,2,ITGA1;MMP2,"score=sender_ligand_expression*receiver_receptor_expression*receiver_target_program_score*lr_weight; curated prior baseline, not nichenetr package output"
Endothelial,Myeloid,CSF1,CSF1R,0.02241212089485528,0.1919191919191919,0.4616292798110979,0.3162140889413616,0.8,2,CSF1R;CCR2,"score=sender_ligand_expression*receiver_receptor_expression*receiver_target_program_score*lr_weight; curated prior baseline, not nichenetr package output"
T/NK,Endothelial,TNF,TNFRSF1A,0.02209658694507177,0.081081081081081,0.8282828282828283,0.47003367003366997,0.7,4,TNFRSF1A;CCL2;CCL5;MMP9,"score=sender_ligand_expression*receiver_receptor_expression*receiver_target_program_score*lr_weight; curated prior baseline, not nichenetr package output"
Endothelial,Tumor/Epithelial,MMP2,ITGAV,0.021780315182579887,0.5757575757575758,0.2966248794599807,0.25506268081002886,0.5,2,ITGAV;COL1A1,"score=sender_ligand_expression*receiver_receptor_expression*receiver_target_program_score*lr_weight; curated prior baseline, not nichenetr package output"
Myeloid,Unknown,MMP2,ITGAV,0.02124063960252687,0.1800472255017709,0.4636510500807754,0.5088852988691438,0.5,2,ITGAV;COL1A1,"score=sender_ligand_expression*receiver_receptor_expression*receiver_target_program_score*lr_weight; curated prior baseline, not nichenetr package output"
T/NK,CAF/Fibroblast,IFNG,IFNGR1,0.02111084386207153,0.3468468468468468,0.3991574512901527,0.21783394769176753,0.7,3,IFNGR1;TNF;CCL5,"score=sender_ligand_expression*receiver_receptor_expression*receiver_target_program_score*lr_weight; curated prior baseline, not nichenetr package output"
T/NK,Endothelial,COL1A1,ITGA1,0.020905202723384537,0.1261261261261261,0.5757575757575758,0.5757575757575758,0.5,2,ITGA1;MMP2,"score=sender_ligand_expression*receiver_receptor_expression*receiver_target_program_score*lr_weight; curated prior baseline, not nichenetr package output"
Myeloid,B/Plasma,TNF,TNFRSF1A,0.020406713639227806,0.474025974025974,0.3478260869565217,0.1768115942028985,0.7,4,TNFRSF1A;CCL5;CCL2;MMP9,"score=sender_ligand_expression*receiver_receptor_expression*receiver_target_program_score*lr_weight; curated prior baseline, not nichenetr package output"
CAF/Fibroblast,Myeloid,CSF1,CSF1R,0.019924369885074636,0.1706161137440758,0.4616292798110979,0.3162140889413616,0.8,2,CSF1R;CCR2,"score=sender_ligand_expression*receiver_receptor_expression*receiver_target_program_score*lr_weight; curated prior baseline, not nichenetr package output"
B/Plasma,T/NK,SPP1,CD44,0.019698194081272803,0.0869565217391304,0.7792792792792793,0.41527241527241526,0.7,3,CD44;MMP2;COL1A1,"score=sender_ligand_expression*receiver_receptor_expression*receiver_target_program_score*lr_weight; curated prior baseline, not nichenetr package output"
T/NK,B/Plasma,IFNG,IFNGR1,0.018533467304733833,0.3468468468468468,0.3478260869565217,0.21946169772256724,0.7,3,IFNGR1;TNF;CCL5,"score=sender_ligand_expression*receiver_receptor_expression*receiver_target_program_score*lr_weight; curated prior baseline, not nichenetr package output"
Tumor/Epithelial,CAF/Fibroblast,COL1A1,ITGA1,0.01789453077713304,0.1719382835101253,0.3902053712480253,0.5334386519220643,0.5,2,ITGA1;MMP2,"score=sender_ligand_expression*receiver_receptor_expression*receiver_target_program_score*lr_weight; curated prior baseline, not nichenetr package output"
Unknown,Myeloid,MMP2,ITGAV,0.017878232426031253,0.3182552504038772,0.3382526564344746,0.3321526957890594,0.5,2,ITGAV;COL1A1,"score=sender_ligand_expression*receiver_receptor_expression*receiver_target_program_score*lr_weight; curated prior baseline, not nichenetr package output"
Unknown,Endothelial,TNF,TNFRSF1A,0.017610634721974265,0.0646203554119547,0.8282828282828283,0.47003367003366997,0.7,4,TNFRSF1A;CCL2;CCL5;MMP9,"score=sender_ligand_expression*receiver_receptor_expression*receiver_target_program_score*lr_weight; curated prior baseline, not nichenetr package output"
Tumor/Epithelial,CAF/Fibroblast,TGFB1,TGFBR1,0.017333922453578534,0.1064609450337512,0.2211690363349131,0.8179743724767423,0.9,4,COL1A1;COL1A2;MMP2;MMP9,"score=sender_ligand_expression*receiver_receptor_expression*receiver_target_program_score*lr_weight; curated prior baseline, not nichenetr package output"
Endothelial,Unknown,CXCL12,CXCR4,0.01694689936890996,0.1414141414141414,0.4168012924071082,0.31946688206785134,0.9,3,CXCR4;CCL5;CCL2,"score=sender_ligand_expression*receiver_receptor_expression*receiver_target_program_score*lr_weight; curated prior baseline, not nichenetr package output"
B/Plasma,Tumor/Epithelial,SPP1,CD44,0.0169224255897817,0.0869565217391304,0.7083895853423336,0.39245534279285477,0.7,3,CD44;MMP2;COL1A1,"score=sender_ligand_expression*receiver_receptor_expression*receiver_target_program_score*lr_weight; curated prior baseline, not nichenetr package output"
B/Plasma,Endothelial,SPP1,CD44,0.01654578281719256,0.0869565217391304,0.5151515151515151,0.5276575276575276,0.7,3,CD44;MMP2;COL1A1,"score=sender_ligand_expression*receiver_receptor_expression*receiver_target_program_score*lr_weight; curated prior baseline, not nichenetr package output"
T/NK,Myeloid,TNF,TNFRSF1A,0.016421314080968457,0.081081081081081,0.4374262101534829,0.6614325068870522,0.7,4,TNFRSF1A;CCL2;CCL5;MMP9,"score=sender_ligand_expression*receiver_receptor_expression*receiver_target_program_score*lr_weight; curated prior baseline, not nichenetr package output"
Endothelial,Unknown,COL1A1,ITGA1,0.0158788777215496,0.494949494949495,0.2407108239095315,0.2665589660743134,0.5,2,ITGA1;MMP2,"score=sender_ligand_expression*receiver_receptor_expression*receiver_target_program_score*lr_weight; curated prior baseline, not nichenetr package output"
B/Plasma,Endothelial,TGFB1,TGFBR1,0.015352470688439064,0.1739130434782608,0.2828282828282828,0.34680134680134683,0.9,4,COL1A1;COL1A2;MMP2;MMP9,"score=sender_ligand_expression*receiver_receptor_expression*receiver_target_program_score*lr_weight; curated prior baseline, not nichenetr package output"
CAF/Fibroblast,Tumor/Epithelial,COL1A1,ITGA1,0.015297138614331471,1.1453396524486572,0.1881388621022179,0.14198007071681126,0.5,2,ITGA1;MMP2,"score=sender_ligand_expression*receiver_receptor_expression*receiver_target_program_score*lr_weight; curated prior baseline, not nichenetr package output"
Unknown,Endothelial,CXCL12,CXCR4,0.015169168554393988,0.0936995153473344,0.4343434343434343,0.41414141414141414,0.9,3,CXCR4;CCL2;CCL5,"score=sender_ligand_expression*receiver_receptor_expression*receiver_target_program_score*lr_weight; curated prior baseline, not nichenetr package output"
T/NK,Myeloid,CSF1,CSF1R,0.014202844749157935,0.1216216216216216,0.4616292798110979,0.3162140889413616,0.8,2,CSF1R;CCR2,"score=sender_ligand_expression*receiver_receptor_expression*receiver_target_program_score*lr_weight; curated prior baseline, not nichenetr package output"
Unknown,B/Plasma,MMP2,ITGAV,0.013335837524800144,0.3182552504038772,0.3043478260869565,0.27536231884057966,0.5,2,ITGAV;COL1A1,"score=sender_ligand_expression*receiver_receptor_expression*receiver_target_program_score*lr_weight; curated prior baseline, not nichenetr package output"
T/NK,CAF/Fibroblast,COL1A1,ITGA1,0.013126616130442038,0.1261261261261261,0.3902053712480253,0.5334386519220643,0.5,2,ITGA1;MMP2,"score=sender_ligand_expression*receiver_receptor_expression*receiver_target_program_score*lr_weight; curated prior baseline, not nichenetr package output"
Unknown,Myeloid,TNF,TNFRSF1A,0.013087530877670067,0.0646203554119547,0.4374262101534829,0.6614325068870522,0.7,4,TNFRSF1A;CCL2;CCL5;MMP9,"score=sender_ligand_expression*receiver_receptor_expression*receiver_target_program_score*lr_weight; curated prior baseline, not nichenetr package output"
B/Plasma,Myeloid,TGFB1,TGFBR1,0.013046660000568465,0.1739130434782608,0.3046044864226682,0.2736455463728191,0.9,4,COL1A1;COL1A2;MMP9;MMP2,"score=sender_ligand_expression*receiver_receptor_expression*receiver_target_program_score*lr_weight; curated prior baseline, not nichenetr package output"
Unknown,Myeloid,CSF1,CSF1R,0.012262732587228445,0.1050080775444265,0.4616292798110979,0.3162140889413616,0.8,2,CSF1R;CCR2,"score=sender_ligand_expression*receiver_receptor_expression*receiver_target_program_score*lr_weight; curated prior baseline, not nichenetr package output"
T/NK,B/Plasma,CXCL12,CXCR4,0.01222347110815919,0.0045045045045045,2.391304347826087,1.2608695652173914,0.9,3,CXCR4;CCL5;CCL2,"score=sender_ligand_expression*receiver_receptor_expression*receiver_target_program_score*lr_weight; curated prior baseline, not nichenetr package output"
Unknown,Tumor/Epithelial,MMP2,ITGAV,0.012039267834533783,0.3182552504038772,0.2966248794599807,0.25506268081002886,0.5,2,ITGAV;COL1A1,"score=sender_ligand_expression*receiver_receptor_expression*receiver_target_program_score*lr_weight; curated prior baseline, not nichenetr package output"
B/Plasma,Endothelial,TNF,TNFRSF1A,0.011848894448806609,0.0434782608695652,0.8282828282828283,0.47003367003366997,0.7,4,TNFRSF1A;CCL2;CCL5;MMP9,"score=sender_ligand_expression*receiver_receptor_expression*receiver_target_program_score*lr_weight; curated prior baseline, not nichenetr package output"
CAF/Fibroblast,B/Plasma,COL1A1,ITGA1,0.011547217668039384,1.1453396524486572,0.1739130434782608,0.1159420289855072,0.5,2,ITGA1;MMP2,"score=sender_ligand_expression*receiver_receptor_expression*receiver_target_program_score*lr_weight; curated prior baseline, not nichenetr package output"
B/Plasma,Unknown,TGFB1,TGFBR1,0.011243769363383739,0.1739130434782608,0.1777059773828756,0.40423622329922815,0.9,4,COL1A1;COL1A2;MMP2;MMP9,"score=sender_ligand_expression*receiver_receptor_expression*receiver_target_program_score*lr_weight; curated prior baseline, not nichenetr package output"
CAF/Fibroblast,T/NK,COL1A1,ITGA1,0.010980703388158226,1.1453396524486572,0.1576576576576576,0.12162162162162156,0.5,2,ITGA1;MMP2,"score=sender_ligand_expression*receiver_receptor_expression*receiver_target_program_score*lr_weight; curated prior baseline, not nichenetr package output"
T/NK,CAF/Fibroblast,TNF,TNFRSF1A,0.010776375755823644,0.081081081081081,0.6334913112164297,0.2997191504300509,0.7,4,TNFRSF1A;CCL2;CCL5;MMP9,"score=sender_ligand_expression*receiver_receptor_expression*receiver_target_program_score*lr_weight; curated prior baseline, not nichenetr package output"
Unknown,T/NK,TNF,TNFRSF1A,0.010435065026166613,0.0646203554119547,0.1846846846846846,1.249099099099099,0.7,4,TNFRSF1A;CCL5;CCL2;MMP9,"score=sender_ligand_expression*receiver_receptor_expression*receiver_target_program_score*lr_weight; curated prior baseline, not nichenetr package output"
Myeloid,Unknown,COL1A1,ITGA1,0.010264665455303332,0.319952774498229,0.2407108239095315,0.2665589660743134,0.5,2,ITGA1;MMP2,"score=sender_ligand_expression*receiver_receptor_expression*receiver_target_program_score*lr_weight; curated prior baseline, not nichenetr package output"
Tumor/Epithelial,CAF/Fibroblast,MMP2,ITGAV,0.010084290248812076,0.049662487945998,0.5450236966824644,0.7451290152711953,0.5,2,ITGAV;COL1A1,"score=sender_ligand_expression*receiver_receptor_expression*receiver_target_program_score*lr_weight; curated prior baseline, not nichenetr package output"
T/NK,CAF/Fibroblast,MMP2,ITGAV,0.010061357374984642,0.0495495495495495,0.5450236966824644,0.7451290152711953,0.5,2,ITGAV;COL1A1,"score=sender_ligand_expression*receiver_receptor_expression*receiver_target_program_score*lr_weight; curated prior baseline, not nichenetr package output"
Tumor/Epithelial,Endothelial,TGFB1,TGFBR1,0.009398021594041583,0.1064609450337512,0.2828282828282828,0.34680134680134683,0.9,4,COL1A1;COL1A2;MMP2;MMP9,"score=sender_ligand_expression*receiver_receptor_expression*receiver_target_program_score*lr_weight; curated prior baseline, not nichenetr package output"
Endothelial,Myeloid,IL6,IL6R,0.009085834361479077,0.1717171717171717,0.2426210153482881,0.31154775959970765,0.7,3,IL6R;TNF;MMP9,"score=sender_ligand_expression*receiver_receptor_expression*receiver_target_program_score*lr_weight; curated prior baseline, not nichenetr package output"
T/NK,Unknown,TNF,TNFRSF1A,0.008900455154092648,0.081081081081081,0.531502423263328,0.2950457727517501,0.7,4,TNFRSF1A;CCL5;CCL2;MMP9,"score=sender_ligand_expression*receiver_receptor_expression*receiver_target_program_score*lr_weight; curated prior baseline, not nichenetr package output"
B/Plasma,Myeloid,TNF,TNFRSF1A,0.00880563218834541,0.0434782608695652,0.4374262101534829,0.6614325068870522,0.7,4,TNFRSF1A;CCL2;CCL5;MMP9,"score=sender_ligand_expression*receiver_receptor_expression*receiver_target_program_score*lr_weight; curated prior baseline, not nichenetr package output"
Unknown,CAF/Fibroblast,TNF,TNFRSF1A,0.008588603187193856,0.0646203554119547,0.6334913112164297,0.2997191504300509,0.7,4,TNFRSF1A;CCL2;CCL5;MMP9,"score=sender_ligand_expression*receiver_receptor_expression*receiver_target_program_score*lr_weight; curated prior baseline, not nichenetr package output"
T/NK,Tumor/Epithelial,IFNG,IFNGR1,0.00851343000561826,0.3468468468468468,0.2321118611378977,0.15106764017082236,0.7,3,IFNGR1;TNF;CCL5,"score=sender_ligand_expression*receiver_receptor_expression*receiver_target_program_score*lr_weight; curated prior baseline, not nichenetr package output"
B/Plasma,T/NK,IFNG,IFNGR1,0.008296133971809642,0.0434782608695652,0.2072072072072072,1.3155298155298154,0.7,3,IFNGR1;TNF;CCL5,"score=sender_ligand_expression*receiver_receptor_expression*receiver_target_program_score*lr_weight; curated prior baseline, not nichenetr package output"
B/Plasma,Myeloid,IFNG,IFNGR1,0.008174448363607029,0.0434782608695652,0.577922077922078,0.4647495361781076,0.7,3,IFNGR1;TNF;CCL5,"score=sender_ligand_expression*receiver_receptor_expression*receiver_target_program_score*lr_weight; curated prior baseline, not nichenetr package output"
Unknown,Tumor/Epithelial,COL1A1,ITGA1,0.00800495999912082,0.5993537964458805,0.1881388621022179,0.14198007071681126,0.5,2,ITGA1;MMP2,"score=sender_ligand_expression*receiver_receptor_expression*receiver_target_program_score*lr_weight; curated prior baseline, not nichenetr package output"
Tumor/Epithelial,Myeloid,TGFB1,TGFBR1,0.007986518580868723,0.1064609450337512,0.3046044864226682,0.2736455463728191,0.9,4,COL1A1;COL1A2;MMP9;MMP2,"score=sender_ligand_expression*receiver_receptor_expression*receiver_target_program_score*lr_weight; curated prior baseline, not nichenetr package output"
Myeloid,B/Plasma,MMP2,ITGAV,0.007544511969670927,0.1800472255017709,0.3043478260869565,0.27536231884057966,0.5,2,ITGAV;COL1A1,"score=sender_ligand_expression*receiver_receptor_expression*receiver_target_program_score*lr_weight; curated prior baseline, not nichenetr package output"
Tumor/Epithelial,Myeloid,CXCL12,CXCR4,0.0072389907053459395,0.0116682738669238,0.7774498229043684,0.8866587957497049,0.9,3,CXCR4;CCL2;CCL5,"score=sender_ligand_expression*receiver_receptor_expression*receiver_target_program_score*lr_weight; curated prior baseline, not nichenetr package output"
Unknown,T/NK,IFNG,IFNGR1,0.007089910938751683,0.0371567043618739,0.2072072072072072,1.3155298155298154,0.7,3,IFNGR1;TNF;CCL5,"score=sender_ligand_expression*receiver_receptor_expression*receiver_target_program_score*lr_weight; curated prior baseline, not nichenetr package output"
B/Plasma,T/NK,TNF,TNFRSF1A,0.00702098396869254,0.0434782608695652,0.1846846846846846,1.249099099099099,0.7,4,TNFRSF1A;CCL5;CCL2;MMP9,"score=sender_ligand_expression*receiver_receptor_expression*receiver_target_program_score*lr_weight; curated prior baseline, not nichenetr package output"
Unknown,Myeloid,IFNG,IFNGR1,0.006985917906862857,0.0371567043618739,0.577922077922078,0.4647495361781076,0.7,3,IFNGR1;TNF;CCL5,"score=sender_ligand_expression*receiver_receptor_expression*receiver_target_program_score*lr_weight; curated prior baseline, not nichenetr package output"
B/Plasma,Unknown,COL1A1,ITGA1,0.0069743074287196526,0.217391304347826,0.2407108239095315,0.2665589660743134,0.5,2,ITGA1;MMP2,"score=sender_ligand_expression*receiver_receptor_expression*receiver_target_program_score*lr_weight; curated prior baseline, not nichenetr package output"
CAF/Fibroblast,Tumor/Epithelial,CXCL12,CXCR4,0.006916763362598259,0.2585571353343865,0.1951783992285438,0.15229026036644158,0.9,3,CXCR4;CCL5;CCL2,"score=sender_ligand_expression*receiver_receptor_expression*receiver_target_program_score*lr_weight; curated prior baseline, not nichenetr package output"
Tumor/Epithelial,Unknown,TGFB1,TGFBR1,0.006882878294962392,0.1064609450337512,0.1777059773828756,0.40423622329922815,0.9,4,COL1A1;COL1A2;MMP2;MMP9,"score=sender_ligand_expression*receiver_receptor_expression*receiver_target_program_score*lr_weight; curated prior baseline, not nichenetr package output"
Myeloid,Tumor/Epithelial,MMP2,ITGAV,0.006811000817518999,0.1800472255017709,0.2966248794599807,0.25506268081002886,0.5,2,ITGAV;COL1A1,"score=sender_ligand_expression*receiver_receptor_expression*receiver_target_program_score*lr_weight; curated prior baseline, not nichenetr package output"
CAF/Fibroblast,Endothelial,TNF,TNFRSF1A,0.006744947287603951,0.024749868351764,0.8282828282828283,0.47003367003366997,0.7,4,TNFRSF1A;CCL2;CCL5;MMP9,"score=sender_ligand_expression*receiver_receptor_expression*receiver_target_program_score*lr_weight; curated prior baseline, not nichenetr package output"
Tumor/Epithelial,Endothelial,MMP2,ITGAV,0.006718953067686295,0.049662487945998,0.5252525252525253,0.5151515151515152,0.5,2,ITGAV;COL1A1,"score=sender_ligand_expression*receiver_receptor_expression*receiver_target_program_score*lr_weight; curated prior baseline, not nichenetr package output"
T/NK,Endothelial,MMP2,ITGAV,0.006703673370340033,0.0495495495495495,0.5252525252525253,0.5151515151515152,0.5,2,ITGAV;COL1A1,"score=sender_ligand_expression*receiver_receptor_expression*receiver_target_program_score*lr_weight; curated prior baseline, not nichenetr package output"
Endothelial,B/Plasma,TGFB1,TGFBR1,0.006616257088846877,0.6666666666666666,0.1304347826086956,0.08454106280193235,0.9,4,COL1A1;COL1A2;MMP2;MMP9,"score=sender_ligand_expression*receiver_receptor_expression*receiver_target_program_score*lr_weight; curated prior baseline, not nichenetr package output"
Endothelial,Tumor/Epithelial,COL1A1,ITGA1,0.006610537769428342,0.494949494949495,0.1881388621022179,0.14198007071681126,0.5,2,ITGA1;MMP2,"score=sender_ligand_expression*receiver_receptor_expression*receiver_target_program_score*lr_weight; curated prior baseline, not nichenetr package output"
T/NK,Unknown,CCL5,CCR5,0.006301549761348594,5.013513513513513,0.011308562197092,0.13893376413570266,0.8,2,CCR5;IFNGR1,"score=sender_ligand_expression*receiver_receptor_expression*receiver_target_program_score*lr_weight; curated prior baseline, not nichenetr package output"
Endothelial,Myeloid,TNF,TNFRSF1A,0.006137258797937711,0.0303030303030303,0.4374262101534829,0.6614325068870522,0.7,4,TNFRSF1A;CCL2;CCL5;MMP9,"score=sender_ligand_expression*receiver_receptor_expression*receiver_target_program_score*lr_weight; curated prior baseline, not nichenetr package output"
Unknown,B/Plasma,COL1A1,ITGA1,0.006042634368704525,0.5993537964458805,0.1739130434782608,0.1159420289855072,0.5,2,ITGA1;MMP2,"score=sender_ligand_expression*receiver_receptor_expression*receiver_target_program_score*lr_weight; curated prior baseline, not nichenetr package output"
Endothelial,Tumor/Epithelial,TGFB1,TGFBR1,0.0059508785666439416,0.6666666666666666,0.1030858244937319,0.09621236472731165,0.9,4,COL1A1;COL1A2;MMP2;MMP9,"score=sender_ligand_expression*receiver_receptor_expression*receiver_target_program_score*lr_weight; curated prior baseline, not nichenetr package output"
Tumor/Epithelial,Endothelial,TNF,TNFRSF1A,0.005860460909154203,0.0215043394406943,0.8282828282828283,0.47003367003366997,0.7,4,TNFRSF1A;CCL2;CCL5;MMP9,"score=sender_ligand_expression*receiver_receptor_expression*receiver_target_program_score*lr_weight; curated prior baseline, not nichenetr package output"
Tumor/Epithelial,Unknown,MMP2,ITGAV,0.005858812904703178,0.049662487945998,0.4636510500807754,0.5088852988691438,0.5,2,ITGAV;COL1A1,"score=sender_ligand_expression*receiver_receptor_expression*receiver_target_program_score*lr_weight; curated prior baseline, not nichenetr package output"
T/NK,Unknown,MMP2,ITGAV,0.005845489268254105,0.0495495495495495,0.4636510500807754,0.5088852988691438,0.5,2,ITGAV;COL1A1,"score=sender_ligand_expression*receiver_receptor_expression*receiver_target_program_score*lr_weight; curated prior baseline, not nichenetr package output"
B/Plasma,CAF/Fibroblast,TNF,TNFRSF1A,0.005778636274861957,0.0434782608695652,0.6334913112164297,0.2997191504300509,0.7,4,TNFRSF1A;CCL2;CCL5;MMP9,"score=sender_ligand_expression*receiver_receptor_expression*receiver_target_program_score*lr_weight; curated prior baseline, not nichenetr package output"
Unknown,T/NK,COL1A1,ITGA1,0.005746178654749579,0.5993537964458805,0.1576576576576576,0.12162162162162156,0.5,2,ITGA1;MMP2,"score=sender_ligand_expression*receiver_receptor_expression*receiver_target_program_score*lr_weight; curated prior baseline, not nichenetr package output"
Endothelial,CAF/Fibroblast,CXCL12,CXCR4,0.0056409274418753085,0.1414141414141414,0.2222222222222222,0.1994470774091627,0.9,3,CXCR4;CCL2;CCL5,"score=sender_ligand_expression*receiver_receptor_expression*receiver_target_program_score*lr_weight; curated prior baseline, not nichenetr package output"
Tumor/Epithelial,Unknown,COL1A1,ITGA1,0.005516092060643477,0.1719382835101253,0.2407108239095315,0.2665589660743134,0.5,2,ITGA1;MMP2,"score=sender_ligand_expression*receiver_receptor_expression*receiver_target_program_score*lr_weight; curated prior baseline, not nichenetr package output"
CAF/Fibroblast,Myeloid,TNF,TNFRSF1A,0.005012579460558904,0.024749868351764,0.4374262101534829,0.6614325068870522,0.7,4,TNFRSF1A;CCL2;CCL5;MMP9,"score=sender_ligand_expression*receiver_receptor_expression*receiver_target_program_score*lr_weight; curated prior baseline, not nichenetr package output"
Endothelial,B/Plasma,COL1A1,ITGA1,0.004990039016504042,0.494949494949495,0.1739130434782608,0.1159420289855072,0.5,2,ITGA1;MMP2,"score=sender_ligand_expression*receiver_receptor_expression*receiver_target_program_score*lr_weight; curated prior baseline, not nichenetr package output"
Endothelial,T/NK,TNF,TNFRSF1A,0.004893413069088743,0.0303030303030303,0.1846846846846846,1.249099099099099,0.7,4,TNFRSF1A;CCL5;CCL2;MMP9,"score=sender_ligand_expression*receiver_receptor_expression*receiver_target_program_score*lr_weight; curated prior baseline, not nichenetr package output"
B/Plasma,Unknown,TNF,TNFRSF1A,0.004772707836252583,0.0434782608695652,0.531502423263328,0.2950457727517501,0.7,4,TNFRSF1A;CCL5;CCL2;MMP9,"score=sender_ligand_expression*receiver_receptor_expression*receiver_target_program_score*lr_weight; curated prior baseline, not nichenetr package output"
Endothelial,T/NK,COL1A1,ITGA1,0.004745224339818931,0.494949494949495,0.1576576576576576,0.12162162162162156,0.5,2,ITGA1;MMP2,"score=sender_ligand_expression*receiver_receptor_expression*receiver_target_program_score*lr_weight; curated prior baseline, not nichenetr package output"
CAF/Fibroblast,T/NK,MMP2,ITGAV,0.00471917415045377,0.8199052132701422,0.1036036036036036,0.11111111111111109,0.5,2,ITGAV;COL1A1,"score=sender_ligand_expression*receiver_receptor_expression*receiver_target_program_score*lr_weight; curated prior baseline, not nichenetr package output"
Endothelial,T/NK,TGFB1,TGFBR1,0.004616102589075559,0.6666666666666666,0.1126126126126126,0.06831831831831828,0.9,4,COL1A1;COL1A2;MMP2;MMP9,"score=sender_ligand_expression*receiver_receptor_expression*receiver_target_program_score*lr_weight; curated prior baseline, not nichenetr package output"
T/NK,Tumor/Epithelial,TNF,TNFRSF1A,0.004522096754569697,0.081081081081081,0.4148505303760849,0.1920572163291546,0.7,4,TNFRSF1A;CCL5;CCL2;MMP9,"score=sender_ligand_expression*receiver_receptor_expression*receiver_target_program_score*lr_weight; curated prior baseline, not nichenetr package output"
CAF/Fibroblast,Myeloid,IL6,IL6R,0.004513787798203432,0.0853080568720379,0.2426210153482881,0.31154775959970765,0.7,3,IL6R;TNF;MMP9,"score=sender_ligand_expression*receiver_receptor_expression*receiver_target_program_score*lr_weight; curated prior baseline, not nichenetr package output"
Myeloid,Endothelial,CXCL12,CXCR4,0.004491680787698814,0.0277449822904368,0.4343434343434343,0.41414141414141414,0.9,3,CXCR4;CCL2;CCL5,"score=sender_ligand_expression*receiver_receptor_expression*receiver_target_program_score*lr_weight; curated prior baseline, not nichenetr package output"
Tumor/Epithelial,Myeloid,TNF,TNFRSF1A,0.004355263982065921,0.0215043394406943,0.4374262101534829,0.6614325068870522,0.7,4,TNFRSF1A;CCL2;CCL5;MMP9,"score=sender_ligand_expression*receiver_receptor_expression*receiver_target_program_score*lr_weight; curated prior baseline, not nichenetr package output"
Myeloid,B/Plasma,TGFB1,TGFBR1,0.004329469293380616,0.436245572609209,0.1304347826086956,0.08454106280193235,0.9,4,COL1A1;COL1A2;MMP2;MMP9,"score=sender_ligand_expression*receiver_receptor_expression*receiver_target_program_score*lr_weight; curated prior baseline, not nichenetr package output"
T/NK,B/Plasma,TGFB1,TGFBR1,0.0042916262197925685,0.4324324324324324,0.1304347826086956,0.08454106280193235,0.9,4,COL1A1;COL1A2;MMP2;MMP9,"score=sender_ligand_expression*receiver_receptor_expression*receiver_target_program_score*lr_weight; curated prior baseline, not nichenetr package output"
Unknown,Myeloid,IL6,IL6R,0.004273959905855878,0.0807754442649434,0.2426210153482881,0.31154775959970765,0.7,3,IL6R;TNF;MMP9,"score=sender_ligand_expression*receiver_receptor_expression*receiver_target_program_score*lr_weight; curated prior baseline, not nichenetr package output"
Myeloid,Tumor/Epithelial,COL1A1,ITGA1,0.004273284288268148,0.319952774498229,0.1881388621022179,0.14198007071681126,0.5,2,ITGA1;MMP2,"score=sender_ligand_expression*receiver_receptor_expression*receiver_target_program_score*lr_weight; curated prior baseline, not nichenetr package output"
CAF/Fibroblast,B/Plasma,TGFB1,TGFBR1,0.0042331502701153005,0.4265402843601896,0.1304347826086956,0.08454106280193235,0.9,4,COL1A1;COL1A2;MMP2;MMP9,"score=sender_ligand_expression*receiver_receptor_expression*receiver_target_program_score*lr_weight; curated prior baseline, not nichenetr package output"
Unknown,Myeloid,CCL5,CCR5,0.004205605528876707,0.2229402261712439,0.0926800472255017,0.2544273907910271,0.8,2,CCR5;IFNGR1,"score=sender_ligand_expression*receiver_receptor_expression*receiver_target_program_score*lr_weight; curated prior baseline, not nichenetr package output"
T/NK,Unknown,COL1A1,ITGA1,0.004046354940626538,0.1261261261261261,0.2407108239095315,0.2665589660743134,0.5,2,ITGA1;MMP2,"score=sender_ligand_expression*receiver_receptor_expression*receiver_target_program_score*lr_weight; curated prior baseline, not nichenetr package output"
Endothelial,CAF/Fibroblast,TNF,TNFRSF1A,0.004027534373388638,0.0303030303030303,0.6334913112164297,0.2997191504300509,0.7,4,TNFRSF1A;CCL2;CCL5;MMP9,"score=sender_ligand_expression*receiver_receptor_expression*receiver_target_program_score*lr_weight; curated prior baseline, not nichenetr package output"
CAF/Fibroblast,T/NK,TNF,TNFRSF1A,0.0039966738652746775,0.024749868351764,0.1846846846846846,1.249099099099099,0.7,4,TNFRSF1A;CCL5;CCL2;MMP9,"score=sender_ligand_expression*receiver_receptor_expression*receiver_target_program_score*lr_weight; curated prior baseline, not nichenetr package output"
B/Plasma,Endothelial,IFNG,IFNGR1,0.003970609328536425,0.0434782608695652,0.494949494949495,0.2635882635882636,0.7,3,IFNGR1;TNF;CCL5,"score=sender_ligand_expression*receiver_receptor_expression*receiver_target_program_score*lr_weight; curated prior baseline, not nichenetr package output"
Myeloid,Tumor/Epithelial,TGFB1,TGFBR1,0.003894066641750183,0.436245572609209,0.1030858244937319,0.09621236472731165,0.9,4,COL1A1;COL1A2;MMP2;MMP9,"score=sender_ligand_expression*receiver_receptor_expression*receiver_target_program_score*lr_weight; curated prior baseline, not nichenetr package output"
T/NK,Tumor/Epithelial,TGFB1,TGFBR1,0.0038600293405258,0.4324324324324324,0.1030858244937319,0.09621236472731165,0.9,4,COL1A1;COL1A2;MMP2;MMP9,"score=sender_ligand_expression*receiver_receptor_expression*receiver_target_program_score*lr_weight; curated prior baseline, not nichenetr package output"
CAF/Fibroblast,Tumor/Epithelial,TGFB1,TGFBR1,0.003807434154013897,0.4265402843601896,0.1030858244937319,0.09621236472731165,0.9,4,COL1A1;COL1A2;MMP2;MMP9,"score=sender_ligand_expression*receiver_receptor_expression*receiver_target_program_score*lr_weight; curated prior baseline, not nichenetr package output"
Endothelial,Tumor/Epithelial,CXCL12,CXCR4,0.0037830251755443904,0.1414141414141414,0.1951783992285438,0.15229026036644158,0.9,3,CXCR4;CCL5;CCL2,"score=sender_ligand_expression*receiver_receptor_expression*receiver_target_program_score*lr_weight; curated prior baseline, not nichenetr package output"
Unknown,CAF/Fibroblast,CXCL12,CXCR4,0.0037376188981361664,0.0936995153473344,0.2222222222222222,0.1994470774091627,0.9,3,CXCR4;CCL2;CCL5,"score=sender_ligand_expression*receiver_receptor_expression*receiver_target_program_score*lr_weight; curated prior baseline, not nichenetr package output"
Unknown,Tumor/Epithelial,TNF,TNFRSF1A,0.003604040493679671,0.0646203554119547,0.4148505303760849,0.1920572163291546,0.7,4,TNFRSF1A;CCL5;CCL2;MMP9,"score=sender_ligand_expression*receiver_receptor_expression*receiver_target_program_score*lr_weight; curated prior baseline, not nichenetr package output"
Tumor/Epithelial,Myeloid,CSF1,CSF1R,0.0035472871649295037,0.0303760848601735,0.4616292798110979,0.3162140889413616,0.8,2,CSF1R;CCR2,"score=sender_ligand_expression*receiver_receptor_expression*receiver_target_program_score*lr_weight; curated prior baseline, not nichenetr package output"
T/NK,B/Plasma,TNF,TNFRSF1A,0.003490522658764619,0.081081081081081,0.3478260869565217,0.1768115942028985,0.7,4,TNFRSF1A;CCL5;CCL2;MMP9,"score=sender_ligand_expression*receiver_receptor_expression*receiver_target_program_score*lr_weight; curated prior baseline, not nichenetr package output"
Tumor/Epithelial,T/NK,TNF,TNFRSF1A,0.0034725773168200616,0.0215043394406943,0.1846846846846846,1.249099099099099,0.7,4,TNFRSF1A;CCL5;CCL2;MMP9,"score=sender_ligand_expression*receiver_receptor_expression*receiver_target_program_score*lr_weight; curated prior baseline, not nichenetr package output"
Unknown,Endothelial,IFNG,IFNGR1,0.003393299410009312,0.0371567043618739,0.494949494949495,0.2635882635882636,0.7,3,IFNGR1;TNF;CCL5,"score=sender_ligand_expression*receiver_receptor_expression*receiver_target_program_score*lr_weight; curated prior baseline, not nichenetr package output"
Unknown,B/Plasma,TGFB1,TGFBR1,0.0033508830328812535,0.3376413570274637,0.1304347826086956,0.08454106280193235,0.9,4,COL1A1;COL1A2;MMP2;MMP9,"score=sender_ligand_expression*receiver_receptor_expression*receiver_target_program_score*lr_weight; curated prior baseline, not nichenetr package output"
Endothelial,Unknown,TNF,TNFRSF1A,0.0033264327343578617,0.0303030303030303,0.531502423263328,0.2950457727517501,0.7,4,TNFRSF1A;CCL5;CCL2;MMP9,"score=sender_ligand_expression*receiver_receptor_expression*receiver_target_program_score*lr_weight; curated prior baseline, not nichenetr package output"
Myeloid,Unknown,CXCL12,CXCR4,0.0033249250617109942,0.0277449822904368,0.4168012924071082,0.31946688206785134,0.9,3,CXCR4;CCL5;CCL2,"score=sender_ligand_expression*receiver_receptor_expression*receiver_target_program_score*lr_weight; curated prior baseline, not nichenetr package output"
Endothelial,T/NK,MMP2,ITGAV,0.003313919980586647,0.5757575757575758,0.1036036036036036,0.11111111111111109,0.5,2,ITGAV;COL1A1,"score=sender_ligand_expression*receiver_receptor_expression*receiver_target_program_score*lr_weight; curated prior baseline, not nichenetr package output"
B/Plasma,Myeloid,CCL5,CCR5,0.0032807433174224087,0.1739130434782608,0.0926800472255017,0.2544273907910271,0.8,2,CCR5;IFNGR1,"score=sender_ligand_expression*receiver_receptor_expression*receiver_target_program_score*lr_weight; curated prior baseline, not nichenetr package output"
Myeloid,B/Plasma,COL1A1,ITGA1,0.0032257368569449654,0.319952774498229,0.1739130434782608,0.1159420289855072,0.5,2,ITGA1;MMP2,"score=sender_ligand_expression*receiver_receptor_expression*receiver_target_program_score*lr_weight; curated prior baseline, not nichenetr package output"
B/Plasma,Unknown,IFNG,IFNGR1,0.0031102073147515935,0.0434782608695652,0.394184168012924,0.2592507115931994,0.7,3,IFNGR1;TNF;CCL5,"score=sender_ligand_expression*receiver_receptor_expression*receiver_target_program_score*lr_weight; curated prior baseline, not nichenetr package output"
Myeloid,T/NK,COL1A1,ITGA1,0.0030674800330819955,0.319952774498229,0.1576576576576576,0.12162162162162156,0.5,2,ITGA1;MMP2,"score=sender_ligand_expression*receiver_receptor_expression*receiver_target_program_score*lr_weight; curated prior baseline, not nichenetr package output"
Myeloid,T/NK,TGFB1,TGFBR1,0.003020631475791179,0.436245572609209,0.1126126126126126,0.06831831831831828,0.9,4,COL1A1;COL1A2;MMP2;MMP9,"score=sender_ligand_expression*receiver_receptor_expression*receiver_target_program_score*lr_weight; curated prior baseline, not nichenetr package output"
Unknown,Tumor/Epithelial,TGFB1,TGFBR1,0.003013894072120963,0.3376413570274637,0.1030858244937319,0.09621236472731165,0.9,4,COL1A1;COL1A2;MMP2;MMP9,"score=sender_ligand_expression*receiver_receptor_expression*receiver_target_program_score*lr_weight; curated prior baseline, not nichenetr package output"
CAF/Fibroblast,T/NK,TGFB1,TGFBR1,0.002953430566470144,0.4265402843601896,0.1126126126126126,0.06831831831831828,0.9,4,COL1A1;COL1A2;MMP2;MMP9,"score=sender_ligand_expression*receiver_receptor_expression*receiver_target_program_score*lr_weight; curated prior baseline, not nichenetr package output"
B/Plasma,Tumor/Epithelial,COL1A1,ITGA1,0.0029034748854188355,0.217391304347826,0.1881388621022179,0.14198007071681126,0.5,2,ITGA1;MMP2,"score=sender_ligand_expression*receiver_receptor_expression*receiver_target_program_score*lr_weight; curated prior baseline, not nichenetr package output"
Tumor/Epithelial,CAF/Fibroblast,TNF,TNFRSF1A,0.002858112387055639,0.0215043394406943,0.6334913112164297,0.2997191504300509,0.7,4,TNFRSF1A;CCL2;CCL5;MMP9,"score=sender_ligand_expression*receiver_receptor_expression*receiver_target_program_score*lr_weight; curated prior baseline, not nichenetr package output"
T/NK,Myeloid,CXCL12,CXCR4,0.002794592123238681,0.0045045045045045,0.7774498229043684,0.8866587957497049,0.9,3,CXCR4;CCL2;CCL5,"score=sender_ligand_expression*receiver_receptor_expression*receiver_target_program_score*lr_weight; curated prior baseline, not nichenetr package output"
Tumor/Epithelial,Myeloid,MMP2,ITGAV,0.0027898282941971253,0.049662487945998,0.3382526564344746,0.3321526957890594,0.5,2,ITGAV;COL1A1,"score=sender_ligand_expression*receiver_receptor_expression*receiver_target_program_score*lr_weight; curated prior baseline, not nichenetr package output"
T/NK,Myeloid,MMP2,ITGAV,0.0027834838932831825,0.0495495495495495,0.3382526564344746,0.3321526957890594,0.5,2,ITGAV;COL1A1,"score=sender_ligand_expression*receiver_receptor_expression*receiver_target_program_score*lr_weight; curated prior baseline, not nichenetr package output"
Unknown,B/Plasma,TNF,TNFRSF1A,0.0027818920489884953,0.0646203554119547,0.3478260869565217,0.1768115942028985,0.7,4,TNFRSF1A;CCL5;CCL2;MMP9,"score=sender_ligand_expression*receiver_receptor_expression*receiver_target_program_score*lr_weight; curated prior baseline, not nichenetr package output"
Tumor/Epithelial,Myeloid,CCL5,CCR5,0.0027250417130779084,0.1444551591128254,0.0926800472255017,0.2544273907910271,0.8,2,CCR5;IFNGR1,"score=sender_ligand_expression*receiver_receptor_expression*receiver_target_program_score*lr_weight; curated prior baseline, not nichenetr package output"
CAF/Fibroblast,Unknown,TNF,TNFRSF1A,0.0027168494844597296,0.024749868351764,0.531502423263328,0.2950457727517501,0.7,4,TNFRSF1A;CCL5;CCL2;MMP9,"score=sender_ligand_expression*receiver_receptor_expression*receiver_target_program_score*lr_weight; curated prior baseline, not nichenetr package output"
Endothelial,Myeloid,CCL2,CCR2,0.002713401542033463,0.7070707070707071,0.025383707201889,0.1889757969303423,0.8,2,CCR2;CSF1R,"score=sender_ligand_expression*receiver_receptor_expression*receiver_target_program_score*lr_weight; curated prior baseline, not nichenetr package output"
B/Plasma,CAF/Fibroblast,IFNG,IFNGR1,0.002646305667634036,0.0434782608695652,0.3991574512901527,0.21783394769176753,0.7,3,IFNGR1;TNF;CCL5,"score=sender_ligand_expression*receiver_receptor_expression*receiver_target_program_score*lr_weight; curated prior baseline, not nichenetr package output"
CAF/Fibroblast,Myeloid,COL1A1,ITGA1,0.002600490273166774,1.1453396524486572,0.0489964580873671,0.0926800472255017,0.5,2,ITGA1;MMP2,"score=sender_ligand_expression*receiver_receptor_expression*receiver_target_program_score*lr_weight; curated prior baseline, not nichenetr package output"
Unknown,Tumor/Epithelial,CXCL12,CXCR4,0.0025065924945737237,0.0936995153473344,0.1951783992285438,0.15229026036644158,0.9,3,CXCR4;CCL5;CCL2,"score=sender_ligand_expression*receiver_receptor_expression*receiver_target_program_score*lr_weight; curated prior baseline, not nichenetr package output"
B/Plasma,Tumor/Epithelial,TNF,TNFRSF1A,0.002424892462595346,0.0434782608695652,0.4148505303760849,0.1920572163291546,0.7,4,TNFRSF1A;CCL5;CCL2;MMP9,"score=sender_ligand_expression*receiver_receptor_expression*receiver_target_program_score*lr_weight; curated prior baseline, not nichenetr package output"
Tumor/Epithelial,Unknown,TNF,TNFRSF1A,0.002360580375326856,0.0215043394406943,0.531502423263328,0.2950457727517501,0.7,4,TNFRSF1A;CCL5;CCL2;MMP9,"score=sender_ligand_expression*receiver_receptor_expression*receiver_target_program_score*lr_weight; curated prior baseline, not nichenetr package output"
Unknown,T/NK,TGFB1,TGFBR1,0.00233788071353019,0.3376413570274637,0.1126126126126126,0.06831831831831828,0.9,4,COL1A1;COL1A2;MMP2;MMP9,"score=sender_ligand_expression*receiver_receptor_expression*receiver_target_program_score*lr_weight; curated prior baseline, not nichenetr package output"
B/Plasma,Myeloid,IL6,IL6R,0.00230050537541286,0.0434782608695652,0.2426210153482881,0.31154775959970765,0.7,3,IL6R;TNF;MMP9,"score=sender_ligand_expression*receiver_receptor_expression*receiver_target_program_score*lr_weight; curated prior baseline, not nichenetr package output"
Unknown,CAF/Fibroblast,IFNG,IFNGR1,0.0022615439388988727,0.0371567043618739,0.3991574512901527,0.21783394769176753,0.7,3,IFNGR1;TNF;CCL5,"score=sender_ligand_expression*receiver_receptor_expression*receiver_target_program_score*lr_weight; curated prior baseline, not nichenetr package output"
Myeloid,T/NK,CCL5,CCR5,0.002115137250272382,0.2272727272727272,0.09009009009009,0.12912912912912908,0.8,2,CCR5;IFNGR1,"score=sender_ligand_expression*receiver_receptor_expression*receiver_target_program_score*lr_weight; curated prior baseline, not nichenetr package output"
B/Plasma,T/NK,COL1A1,ITGA1,0.0020841934766729097,0.217391304347826,0.1576576576576576,0.12162162162162156,0.5,2,ITGA1;MMP2,"score=sender_ligand_expression*receiver_receptor_expression*receiver_target_program_score*lr_weight; curated prior baseline, not nichenetr package output"
Tumor/Epithelial,B/Plasma,MMP2,ITGAV,0.0020810053235090524,0.049662487945998,0.3043478260869565,0.27536231884057966,0.5,2,ITGAV;COL1A1,"score=sender_ligand_expression*receiver_receptor_expression*receiver_target_program_score*lr_weight; curated prior baseline, not nichenetr package output"
T/NK,B/Plasma,MMP2,ITGAV,0.0020762728702237183,0.0495495495495495,0.3043478260869565,0.27536231884057966,0.5,2,ITGAV;COL1A1,"score=sender_ligand_expression*receiver_receptor_expression*receiver_target_program_score*lr_weight; curated prior baseline, not nichenetr package output"
Unknown,T/NK,CCL5,CCR5,0.0020748163786193704,0.2229402261712439,0.09009009009009,0.12912912912912908,0.8,2,CCR5;IFNGR1,"score=sender_ligand_expression*receiver_receptor_expression*receiver_target_program_score*lr_weight; curated prior baseline, not nichenetr package output"
Endothelial,B/Plasma,IL6,IL6R,0.0019909237300541633,0.1717171717171717,0.1739130434782608,0.0952380952380952,0.7,3,IL6R;TNF;MMP9,"score=sender_ligand_expression*receiver_receptor_expression*receiver_target_program_score*lr_weight; curated prior baseline, not nichenetr package output"
Unknown,B/Plasma,IFNG,IFNGR1,0.001985437006860054,0.0371567043618739,0.3478260869565217,0.21946169772256724,0.7,3,IFNGR1;TNF;CCL5,"score=sender_ligand_expression*receiver_receptor_expression*receiver_target_program_score*lr_weight; curated prior baseline, not nichenetr package output"
Tumor/Epithelial,Endothelial,CXCL12,CXCR4,0.0018889960355726956,0.0116682738669238,0.4343434343434343,0.41414141414141414,0.9,3,CXCR4;CCL2;CCL5,"score=sender_ligand_expression*receiver_receptor_expression*receiver_target_program_score*lr_weight; curated prior baseline, not nichenetr package output"
T/NK,Tumor/Epithelial,MMP2,ITGAV,0.0018744083478607137,0.0495495495495495,0.2966248794599807,0.25506268081002886,0.5,2,ITGAV;COL1A1,"score=sender_ligand_expression*receiver_receptor_expression*receiver_target_program_score*lr_weight; curated prior baseline, not nichenetr package output"
Tumor/Epithelial,T/NK,IFNG,IFNGR1,0.0018400297140947052,0.0096432015429122,0.2072072072072072,1.3155298155298154,0.7,3,IFNGR1;TNF;CCL5,"score=sender_ligand_expression*receiver_receptor_expression*receiver_target_program_score*lr_weight; curated prior baseline, not nichenetr package output"
Unknown,T/NK,MMP2,ITGAV,0.0018317994893116052,0.3182552504038772,0.1036036036036036,0.11111111111111109,0.5,2,ITGAV;COL1A1,"score=sender_ligand_expression*receiver_receptor_expression*receiver_target_program_score*lr_weight; curated prior baseline, not nichenetr package output"
Tumor/Epithelial,Myeloid,IFNG,IFNGR1,0.001813040620665003,0.0096432015429122,0.577922077922078,0.4647495361781076,0.7,3,IFNGR1;TNF;CCL5,"score=sender_ligand_expression*receiver_receptor_expression*receiver_target_program_score*lr_weight; curated prior baseline, not nichenetr package output"
Tumor/Epithelial,B/Plasma,COL1A1,ITGA1,0.0017334672565608084,0.1719382835101253,0.1739130434782608,0.1159420289855072,0.5,2,ITGA1;MMP2,"score=sender_ligand_expression*receiver_receptor_expression*receiver_target_program_score*lr_weight; curated prior baseline, not nichenetr package output"
Endothelial,Tumor/Epithelial,TNF,TNFRSF1A,0.001690076564839181,0.0303030303030303,0.4148505303760849,0.1920572163291546,0.7,4,TNFRSF1A;CCL5;CCL2;MMP9,"score=sender_ligand_expression*receiver_receptor_expression*receiver_target_program_score*lr_weight; curated prior baseline, not nichenetr package output"
T/NK,Tumor/Epithelial,COL1A1,ITGA1,0.0016845385821709282,0.1261261261261261,0.1881388621022179,0.14198007071681126,0.5,2,ITGA1;MMP2,"score=sender_ligand_expression*receiver_receptor_expression*receiver_target_program_score*lr_weight; curated prior baseline, not nichenetr package output"
Myeloid,B/Plasma,CCL2,CCR2,0.0016677342248746258,1.7644628099173554,0.0434782608695652,0.02717391304347825,0.8,2,CCR2;CSF1R,"score=sender_ligand_expression*receiver_receptor_expression*receiver_target_program_score*lr_weight; curated prior baseline, not nichenetr package output"
Tumor/Epithelial,T/NK,COL1A1,ITGA1,0.001648422184857847,0.1719382835101253,0.1576576576576576,0.12162162162162156,0.5,2,ITGA1;MMP2,"score=sender_ligand_expression*receiver_receptor_expression*receiver_target_program_score*lr_weight; curated prior baseline, not nichenetr package output"
CAF/Fibroblast,Myeloid,CCL5,CCR5,0.001639075946500531,0.0868878357030015,0.0926800472255017,0.2544273907910271,0.8,2,CCR5;IFNGR1,"score=sender_ligand_expression*receiver_receptor_expression*receiver_target_program_score*lr_weight; curated prior baseline, not nichenetr package output"
B/Plasma,T/NK,CCL5,CCR5,0.0016185398089040835,0.1739130434782608,0.09009009009009,0.12912912912912908,0.8,2,CCR5;IFNGR1,"score=sender_ligand_expression*receiver_receptor_expression*receiver_target_program_score*lr_weight; curated prior baseline, not nichenetr package output"
Myeloid,T/NK,IFNG,IFNGR1,0.0015769510855505832,0.0082644628099173,0.2072072072072072,1.3155298155298154,0.7,3,IFNGR1;TNF;CCL5,"score=sender_ligand_expression*receiver_receptor_expression*receiver_target_program_score*lr_weight; curated prior baseline, not nichenetr package output"
B/Plasma,Tumor/Epithelial,TGFB1,TGFBR1,0.0015524031043418977,0.1739130434782608,0.1030858244937319,0.09621236472731165,0.9,4,COL1A1;COL1A2;MMP2;MMP9,"score=sender_ligand_expression*receiver_receptor_expression*receiver_target_program_score*lr_weight; curated prior baseline, not nichenetr package output"
Endothelial,Myeloid,CCL5,CCR5,0.0015243857838528367,0.0808080808080808,0.0926800472255017,0.2544273907910271,0.8,2,CCR5;IFNGR1,"score=sender_ligand_expression*receiver_receptor_expression*receiver_target_program_score*lr_weight; curated prior baseline, not nichenetr package output"
Endothelial,Unknown,IL6,IL6R,0.0014448656351146423,0.1717171717171717,0.1260096930533118,0.0953919532271713,0.7,3,IL6R;TNF;MMP9,"score=sender_ligand_expression*receiver_receptor_expression*receiver_target_program_score*lr_weight; curated prior baseline, not nichenetr package output"
Myeloid,B/Plasma,IL6,IL6R,0.0014372978799856255,0.1239669421487603,0.1739130434782608,0.0952380952380952,0.7,3,IL6R;TNF;MMP9,"score=sender_ligand_expression*receiver_receptor_expression*receiver_target_program_score*lr_weight; curated prior baseline, not nichenetr package output"
Tumor/Epithelial,Unknown,CXCL12,CXCR4,0.0013983118028665935,0.0116682738669238,0.4168012924071082,0.31946688206785134,0.9,3,CXCR4;CCL5;CCL2,"score=sender_ligand_expression*receiver_receptor_expression*receiver_target_program_score*lr_weight; curated prior baseline, not nichenetr package output"
CAF/Fibroblast,Tumor/Epithelial,TNF,TNFRSF1A,0.0013803626919776518,0.024749868351764,0.4148505303760849,0.1920572163291546,0.7,4,TNFRSF1A;CCL5;CCL2;MMP9,"score=sender_ligand_expression*receiver_receptor_expression*receiver_target_program_score*lr_weight; curated prior baseline, not nichenetr package output"
Unknown,Myeloid,COL1A1,ITGA1,0.0013608310115788642,0.5993537964458805,0.0489964580873671,0.0926800472255017,0.5,2,ITGA1;MMP2,"score=sender_ligand_expression*receiver_receptor_expression*receiver_target_program_score*lr_weight; curated prior baseline, not nichenetr package output"
Tumor/Epithelial,T/NK,CCL5,CCR5,0.0013443869473476686,0.1444551591128254,0.09009009009009,0.12912912912912908,0.8,2,CCR5;IFNGR1,"score=sender_ligand_expression*receiver_receptor_expression*receiver_target_program_score*lr_weight; curated prior baseline, not nichenetr package output"
Endothelial,B/Plasma,TNF,TNFRSF1A,0.001304538771457485,0.0303030303030303,0.3478260869565217,0.1768115942028985,0.7,4,TNFRSF1A;CCL5;CCL2;MMP9,"score=sender_ligand_expression*receiver_receptor_expression*receiver_target_program_score*lr_weight; curated prior baseline, not nichenetr package output"
T/NK,B/Plasma,COL1A1,ITGA1,0.0012715929540126126,0.1261261261261261,0.1739130434782608,0.1159420289855072,0.5,2,ITGA1;MMP2,"score=sender_ligand_expression*receiver_receptor_expression*receiver_target_program_score*lr_weight; curated prior baseline, not nichenetr package output"
B/Plasma,T/NK,TGFB1,TGFBR1,0.001204200675411015,0.1739130434782608,0.1126126126126126,0.06831831831831828,0.9,4,COL1A1;COL1A2;MMP2;MMP9,"score=sender_ligand_expression*receiver_receptor_expression*receiver_target_program_score*lr_weight; curated prior baseline, not nichenetr package output"
Endothelial,Myeloid,COL1A1,ITGA1,0.0011237813556644212,0.494949494949495,0.0489964580873671,0.0926800472255017,0.5,2,ITGA1;MMP2,"score=sender_ligand_expression*receiver_receptor_expression*receiver_target_program_score*lr_weight; curated prior baseline, not nichenetr package output"
Myeloid,CAF/Fibroblast,CXCL12,CXCR4,0.0011067311261193193,0.0277449822904368,0.2222222222222222,0.1994470774091627,0.9,3,CXCR4;CCL2;CCL5,"score=sender_ligand_expression*receiver_receptor_expression*receiver_target_program_score*lr_weight; curated prior baseline, not nichenetr package output"
B/Plasma,Tumor/Epithelial,IFNG,IFNGR1,0.0010671832079318202,0.0434782608695652,0.2321118611378977,0.15106764017082236,0.7,3,IFNGR1;TNF;CCL5,"score=sender_ligand_expression*receiver_receptor_expression*receiver_target_program_score*lr_weight; curated prior baseline, not nichenetr package output"
CAF/Fibroblast,B/Plasma,TNF,TNFRSF1A,0.0010654763741603753,0.024749868351764,0.3478260869565217,0.1768115942028985,0.7,4,TNFRSF1A;CCL5;CCL2;MMP9,"score=sender_ligand_expression*receiver_receptor_expression*receiver_target_program_score*lr_weight; curated prior baseline, not nichenetr package output"
Tumor/Epithelial,B/Plasma,TGFB1,TGFBR1,0.001056559473397341,0.1064609450337512,0.1304347826086956,0.08454106280193235,0.9,4,COL1A1;COL1A2;MMP2;MMP9,"score=sender_ligand_expression*receiver_receptor_expression*receiver_target_program_score*lr_weight; curated prior baseline, not nichenetr package output"
T/NK,Tumor/Epithelial,CCL5,CCR5,0.0010461826893209767,5.013513513513513,0.0032786885245901,0.07955641272902596,0.8,2,CCR5;IFNGR1,"score=sender_ligand_expression*receiver_receptor_expression*receiver_target_program_score*lr_weight; curated prior baseline, not nichenetr package output"
Myeloid,Unknown,IL6,IL6R,0.001043084816793993,0.1239669421487603,0.1260096930533118,0.0953919532271713,0.7,3,IL6R;TNF;MMP9,"score=sender_ligand_expression*receiver_receptor_expression*receiver_target_program_score*lr_weight; curated prior baseline, not nichenetr package output"
Myeloid,T/NK,MMP2,ITGAV,0.0010363078544896721,0.1800472255017709,0.1036036036036036,0.11111111111111109,0.5,2,ITGAV;COL1A1,"score=sender_ligand_expression*receiver_receptor_expression*receiver_target_program_score*lr_weight; curated prior baseline, not nichenetr package output"
CAF/Fibroblast,Myeloid,CCL2,CCR2,0.0010225316846958871,0.2664560294892048,0.025383707201889,0.1889757969303423,0.8,2,CCR2;CSF1R,"score=sender_ligand_expression*receiver_receptor_expression*receiver_target_program_score*lr_weight; curated prior baseline, not nichenetr package output"
CAF/Fibroblast,B/Plasma,IL6,IL6R,0.0009890789202555111,0.0853080568720379,0.1739130434782608,0.0952380952380952,0.7,3,IL6R;TNF;MMP9,"score=sender_ligand_expression*receiver_receptor_expression*receiver_target_program_score*lr_weight; curated prior baseline, not nichenetr package output"
Unknown,B/Plasma,IL6,IL6R,0.0009365268900283285,0.0807754442649434,0.1739130434782608,0.0952380952380952,0.7,3,IL6R;TNF;MMP9,"score=sender_ligand_expression*receiver_receptor_expression*receiver_target_program_score*lr_weight; curated prior baseline, not nichenetr package output"
Tumor/Epithelial,B/Plasma,TNF,TNFRSF1A,0.000925757070313947,0.0215043394406943,0.3478260869565217,0.1768115942028985,0.7,4,TNFRSF1A;CCL5;CCL2;MMP9,"score=sender_ligand_expression*receiver_receptor_expression*receiver_target_program_score*lr_weight; curated prior baseline, not nichenetr package output"
Unknown,Tumor/Epithelial,IFNG,IFNGR1,0.0009120192520128135,0.0371567043618739,0.2321118611378977,0.15106764017082236,0.7,3,IFNGR1;TNF;CCL5,"score=sender_ligand_expression*receiver_receptor_expression*receiver_target_program_score*lr_weight; curated prior baseline, not nichenetr package output"
CAF/Fibroblast,T/NK,IFNG,IFNGR1,0.0009043179210977158,0.0047393364928909,0.2072072072072072,1.3155298155298154,0.7,3,IFNGR1;TNF;CCL5,"score=sender_ligand_expression*receiver_receptor_expression*receiver_target_program_score*lr_weight; curated prior baseline, not nichenetr package output"
CAF/Fibroblast,Myeloid,IFNG,IFNGR1,0.0008910536130945874,0.0047393364928909,0.577922077922078,0.4647495361781076,0.7,3,IFNGR1;TNF;CCL5,"score=sender_ligand_expression*receiver_receptor_expression*receiver_target_program_score*lr_weight; curated prior baseline, not nichenetr package output"
Tumor/Epithelial,Endothelial,IFNG,IFNGR1,0.0008806558780746127,0.0096432015429122,0.494949494949495,0.2635882635882636,0.7,3,IFNGR1;TNF;CCL5,"score=sender_ligand_expression*receiver_receptor_expression*receiver_target_program_score*lr_weight; curated prior baseline, not nichenetr package output"
T/NK,CAF/Fibroblast,CCL5,CCR5,0.0008497195412733045,5.013513513513513,0.0015797788309636,0.1341056696506933,0.8,2,CCR5;IFNGR1,"score=sender_ligand_expression*receiver_receptor_expression*receiver_target_program_score*lr_weight; curated prior baseline, not nichenetr package output"
Unknown,Myeloid,CCL2,CCR2,0.0008493391441172362,0.221324717285945,0.025383707201889,0.1889757969303423,0.8,2,CCR2;CSF1R,"score=sender_ligand_expression*receiver_receptor_expression*receiver_target_program_score*lr_weight; curated prior baseline, not nichenetr package output"
CAF/Fibroblast,T/NK,CCL5,CCR5,0.0008086306707202467,0.0868878357030015,0.09009009009009,0.12912912912912908,0.8,2,CCR5;IFNGR1,"score=sender_ligand_expression*receiver_receptor_expression*receiver_target_program_score*lr_weight; curated prior baseline, not nichenetr package output"
Myeloid,Endothelial,IFNG,IFNGR1,0.0007547439219531999,0.0082644628099173,0.494949494949495,0.2635882635882636,0.7,3,IFNGR1;TNF;CCL5,"score=sender_ligand_expression*receiver_receptor_expression*receiver_target_program_score*lr_weight; curated prior baseline, not nichenetr package output"
Endothelial,T/NK,CCL5,CCR5,0.0007520488000968471,0.0808080808080808,0.09009009009009,0.12912912912912908,0.8,2,CCR5;IFNGR1,"score=sender_ligand_expression*receiver_receptor_expression*receiver_target_program_score*lr_weight; curated prior baseline, not nichenetr package output"
Myeloid,Tumor/Epithelial,CXCL12,CXCR4,0.0007422169059625581,0.0277449822904368,0.1951783992285438,0.15229026036644158,0.9,3,CXCR4;CCL5;CCL2,"score=sender_ligand_expression*receiver_receptor_expression*receiver_target_program_score*lr_weight; curated prior baseline, not nichenetr package output"
Tumor/Epithelial,T/NK,TGFB1,TGFBR1,0.0007371519660085944,0.1064609450337512,0.1126126126126126,0.06831831831831828,0.9,4,COL1A1;COL1A2;MMP2;MMP9,"score=sender_ligand_expression*receiver_receptor_expression*receiver_target_program_score*lr_weight; curated prior baseline, not nichenetr package output"
T/NK,Endothelial,CXCL12,CXCR4,0.0007292416383325466,0.0045045045045045,0.4343434343434343,0.41414141414141414,0.9,3,CXCR4;CCL2;CCL5,"score=sender_ligand_expression*receiver_receptor_expression*receiver_target_program_score*lr_weight; curated prior baseline, not nichenetr package output"
CAF/Fibroblast,Unknown,IL6,IL6R,0.0007178005469122643,0.0853080568720379,0.1260096930533118,0.0953919532271713,0.7,3,IL6R;TNF;MMP9,"score=sender_ligand_expression*receiver_receptor_expression*receiver_target_program_score*lr_weight; curated prior baseline, not nichenetr package output"
Myeloid,Endothelial,IL6,IL6R,0.0007095750897403787,0.1239669421487603,0.1111111111111111,0.07359307359307359,0.7,3,IL6R;TNF;MMP9,"score=sender_ligand_expression*receiver_receptor_expression*receiver_target_program_score*lr_weight; curated prior baseline, not nichenetr package output"
Myeloid,Unknown,VEGFA,FLT1,0.0006912099044183162,0.4775678866587957,0.0452342487883683,0.03999608361482348,0.8,4,FLT1;KDR;TEK;VWF,"score=sender_ligand_expression*receiver_receptor_expression*receiver_target_program_score*lr_weight; curated prior baseline, not nichenetr package output"
Tumor/Epithelial,Unknown,IFNG,IFNGR1,0.0006898241874569558,0.0096432015429122,0.394184168012924,0.2592507115931994,0.7,3,IFNGR1;TNF;CCL5,"score=sender_ligand_expression*receiver_receptor_expression*receiver_target_program_score*lr_weight; curated prior baseline, not nichenetr package output"
Tumor/Epithelial,Myeloid,IL6,IL6R,0.000688820558404717,0.0130183220829315,0.2426210153482881,0.31154775959970765,0.7,3,IL6R;TNF;MMP9,"score=sender_ligand_expression*receiver_receptor_expression*receiver_target_program_score*lr_weight; curated prior baseline, not nichenetr package output"
Tumor/Epithelial,Unknown,VEGFA,FLT1,0.0006836201595906354,0.4723240115718418,0.0452342487883683,0.03999608361482348,0.8,4,FLT1;KDR;TEK;VWF,"score=sender_ligand_expression*receiver_receptor_expression*receiver_target_program_score*lr_weight; curated prior baseline, not nichenetr package output"
Endothelial,B/Plasma,CCL2,CCR2,0.0006683087968532199,0.7070707070707071,0.0434782608695652,0.02717391304347825,0.8,2,CCR2;CSF1R,"score=sender_ligand_expression*receiver_receptor_expression*receiver_target_program_score*lr_weight; curated prior baseline, not nichenetr package output"
Tumor/Epithelial,Myeloid,VEGFA,FLT1,0.0006675920538128832,0.4723240115718418,0.0690672963400236,0.02558048012593463,0.8,4,FLT1;KDR;TEK;VWF,"score=sender_ligand_expression*receiver_receptor_expression*receiver_target_program_score*lr_weight; curated prior baseline, not nichenetr package output"
Unknown,Myeloid,VEGFA,FLT1,0.0006302162067597173,0.4458804523424879,0.0690672963400236,0.02558048012593463,0.8,4,FLT1;KDR;TEK;VWF,"score=sender_ligand_expression*receiver_receptor_expression*receiver_target_program_score*lr_weight; curated prior baseline, not nichenetr package output"
Myeloid,Unknown,IFNG,IFNGR1,0.0005911964317296379,0.0082644628099173,0.394184168012924,0.2592507115931994,0.7,3,IFNGR1;TNF;CCL5,"score=sender_ligand_expression*receiver_receptor_expression*receiver_target_program_score*lr_weight; curated prior baseline, not nichenetr package output"
Tumor/Epithelial,CAF/Fibroblast,IFNG,IFNGR1,0.0005869337546343544,0.0096432015429122,0.3991574512901527,0.21783394769176753,0.7,3,IFNGR1;TNF;CCL5,"score=sender_ligand_expression*receiver_receptor_expression*receiver_target_program_score*lr_weight; curated prior baseline, not nichenetr package output"
Endothelial,CAF/Fibroblast,IL6,IL6R,0.0005576005132879516,0.1717171717171717,0.0847814639283833,0.05471551443115417,0.7,3,IL6R;TNF;MMP9,"score=sender_ligand_expression*receiver_receptor_expression*receiver_target_program_score*lr_weight; curated prior baseline, not nichenetr package output"
T/NK,Unknown,CXCL12,CXCR4,0.0005398143621370927,0.0045045045045045,0.4168012924071082,0.31946688206785134,0.9,3,CXCR4;CCL5;CCL2,"score=sender_ligand_expression*receiver_receptor_expression*receiver_target_program_score*lr_weight; curated prior baseline, not nichenetr package output"
Endothelial,Unknown,VEGFA,FLT1,0.0005263106317944163,0.3636363636363636,0.0452342487883683,0.03999608361482348,0.8,4,FLT1;KDR;TEK;VWF,"score=sender_ligand_expression*receiver_receptor_expression*receiver_target_program_score*lr_weight; curated prior baseline, not nichenetr package output"
CAF/Fibroblast,Unknown,VEGFA,FLT1,0.0005220840719550984,0.3607161664033702,0.0452342487883683,0.03999608361482348,0.8,4,FLT1;KDR;TEK;VWF,"score=sender_ligand_expression*receiver_receptor_expression*receiver_target_program_score*lr_weight; curated prior baseline, not nichenetr package output"
Myeloid,Unknown,CCL2,CCR2,0.0005189853838926303,1.7644628099173554,0.011308562197092,0.03251211631663968,0.8,2,CCR2;CSF1R,"score=sender_ligand_expression*receiver_receptor_expression*receiver_target_program_score*lr_weight; curated prior baseline, not nichenetr package output"
Tumor/Epithelial,B/Plasma,IFNG,IFNGR1,0.0005152763017258691,0.0096432015429122,0.3478260869565217,0.21946169772256724,0.7,3,IFNGR1;TNF;CCL5,"score=sender_ligand_expression*receiver_receptor_expression*receiver_target_program_score*lr_weight; curated prior baseline, not nichenetr package output"
Endothelial,Myeloid,VEGFA,FLT1,0.0005139707931281488,0.3636363636363636,0.0690672963400236,0.02558048012593463,0.8,4,FLT1;KDR;TEK;VWF,"score=sender_ligand_expression*receiver_receptor_expression*receiver_target_program_score*lr_weight; curated prior baseline, not nichenetr package output"
Endothelial,Unknown,CSF1,CSF1R,0.000510500913203693,0.1919191919191919,0.0678513731825525,0.04900376952073233,0.8,2,CSF1R;CCR2,"score=sender_ligand_expression*receiver_receptor_expression*receiver_target_program_score*lr_weight; curated prior baseline, not nichenetr package output"
CAF/Fibroblast,Myeloid,VEGFA,FLT1,0.0005098433288863351,0.3607161664033702,0.0690672963400236,0.02558048012593463,0.8,4,FLT1;KDR;TEK;VWF,"score=sender_ligand_expression*receiver_receptor_expression*receiver_target_program_score*lr_weight; curated prior baseline, not nichenetr package output"
Myeloid,CAF/Fibroblast,IFNG,IFNGR1,0.000503016779798202,0.0082644628099173,0.3991574512901527,0.21783394769176753,0.7,3,IFNGR1;TNF;CCL5,"score=sender_ligand_expression*receiver_receptor_expression*receiver_target_program_score*lr_weight; curated prior baseline, not nichenetr package output"
B/Plasma,Myeloid,COL1A1,ITGA1,0.0004935863097195104,0.217391304347826,0.0489964580873671,0.0926800472255017,0.5,2,ITGA1;MMP2,"score=sender_ligand_expression*receiver_receptor_expression*receiver_target_program_score*lr_weight; curated prior baseline, not nichenetr package output"
CAF/Fibroblast,Endothelial,IL6,IL6R,0.0004882952750251326,0.0853080568720379,0.1111111111111111,0.07359307359307359,0.7,3,IL6R;TNF;MMP9,"score=sender_ligand_expression*receiver_receptor_expression*receiver_target_program_score*lr_weight; curated prior baseline, not nichenetr package output"
Endothelial,Tumor/Epithelial,IL6,IL6R,0.00048616527660744094,0.1717171717171717,0.0828351012536162,0.04882674381227899,0.7,3,IL6R;TNF;MMP9,"score=sender_ligand_expression*receiver_receptor_expression*receiver_target_program_score*lr_weight; curated prior baseline, not nichenetr package output"
Tumor/Epithelial,CAF/Fibroblast,CXCL12,CXCR4,0.0004654406242335323,0.0116682738669238,0.2222222222222222,0.1994470774091627,0.9,3,CXCR4;CCL2;CCL5,"score=sender_ligand_expression*receiver_receptor_expression*receiver_target_program_score*lr_weight; curated prior baseline, not nichenetr package output"
Myeloid,Unknown,VEGFA,KDR,0.0004628637752801221,0.4775678866587957,0.024232633279483,0.03999608361482348,1.0,4,FLT1;KDR;TEK;VWF,"score=sender_ligand_expression*receiver_receptor_expression*receiver_target_program_score*lr_weight; curated prior baseline, not nichenetr package output"
Unknown,Endothelial,IL6,IL6R,0.00046235102777913723,0.0807754442649434,0.1111111111111111,0.07359307359307359,0.7,3,IL6R;TNF;MMP9,"score=sender_ligand_expression*receiver_receptor_expression*receiver_target_program_score*lr_weight; curated prior baseline, not nichenetr package output"
Tumor/Epithelial,Unknown,VEGFA,KDR,0.0004577813568687288,0.4723240115718418,0.024232633279483,0.03999608361482348,1.0,4,FLT1;KDR;TEK;VWF,"score=sender_ligand_expression*receiver_receptor_expression*receiver_target_program_score*lr_weight; curated prior baseline, not nichenetr package output"
CAF/Fibroblast,Unknown,CSF1,CSF1R,0.00045383518449936683,0.1706161137440758,0.0678513731825525,0.04900376952073233,0.8,2,CSF1R;CCR2,"score=sender_ligand_expression*receiver_receptor_expression*receiver_target_program_score*lr_weight; curated prior baseline, not nichenetr package output"
Myeloid,B/Plasma,IFNG,IFNGR1,0.0004416045660245663,0.0082644628099173,0.3478260869565217,0.21946169772256724,0.7,3,IFNGR1;TNF;CCL5,"score=sender_ligand_expression*receiver_receptor_expression*receiver_target_program_score*lr_weight; curated prior baseline, not nichenetr package output"
CAF/Fibroblast,Endothelial,IFNG,IFNGR1,0.0004328152348641515,0.0047393364928909,0.494949494949495,0.2635882635882636,0.7,3,IFNGR1;TNF;CCL5,"score=sender_ligand_expression*receiver_receptor_expression*receiver_target_program_score*lr_weight; curated prior baseline, not nichenetr package output"
Endothelial,T/NK,IL6,IL6R,0.0004113723332942544,0.1717171717171717,0.063063063063063,0.05426855426855422,0.7,3,IL6R;TNF;MMP9,"score=sender_ligand_expression*receiver_receptor_expression*receiver_target_program_score*lr_weight; curated prior baseline, not nichenetr package output"
Myeloid,CAF/Fibroblast,IL6,IL6R,0.0004025458251009275,0.1239669421487603,0.0847814639283833,0.05471551443115417,0.7,3,IL6R;TNF;MMP9,"score=sender_ligand_expression*receiver_receptor_expression*receiver_target_program_score*lr_weight; curated prior baseline, not nichenetr package output"
Tumor/Epithelial,Myeloid,COL1A1,ITGA1,0.00039038536114344077,0.1719382835101253,0.0489964580873671,0.0926800472255017,0.5,2,ITGA1;MMP2,"score=sender_ligand_expression*receiver_receptor_expression*receiver_target_program_score*lr_weight; curated prior baseline, not nichenetr package output"
B/Plasma,Unknown,VEGFA,FLT1,0.0003775706706351248,0.2608695652173913,0.0452342487883683,0.03999608361482348,0.8,4,FLT1;KDR;TEK;VWF,"score=sender_ligand_expression*receiver_receptor_expression*receiver_target_program_score*lr_weight; curated prior baseline, not nichenetr package output"
B/Plasma,Myeloid,VEGFA,FLT1,0.00036871817767888937,0.2608695652173913,0.0690672963400236,0.02558048012593463,0.8,4,FLT1;KDR;TEK;VWF,"score=sender_ligand_expression*receiver_receptor_expression*receiver_target_program_score*lr_weight; curated prior baseline, not nichenetr package output"
B/Plasma,Unknown,IL6,IL6R,0.00036583554444079167,0.0434782608695652,0.1260096930533118,0.0953919532271713,0.7,3,IL6R;TNF;MMP9,"score=sender_ligand_expression*receiver_receptor_expression*receiver_target_program_score*lr_weight; curated prior baseline, not nichenetr package output"
Endothelial,Unknown,VEGFA,KDR,0.0003524401552194749,0.3636363636363636,0.024232633279483,0.03999608361482348,1.0,4,FLT1;KDR;TEK;VWF,"score=sender_ligand_expression*receiver_receptor_expression*receiver_target_program_score*lr_weight; curated prior baseline, not nichenetr package output"
Myeloid,Tumor/Epithelial,IL6,IL6R,0.00035097493231018456,0.1239669421487603,0.0828351012536162,0.04882674381227899,0.7,3,IL6R;TNF;MMP9,"score=sender_ligand_expression*receiver_receptor_expression*receiver_target_program_score*lr_weight; curated prior baseline, not nichenetr package output"
CAF/Fibroblast,Unknown,VEGFA,KDR,0.0003496098696127888,0.3607161664033702,0.024232633279483,0.03999608361482348,1.0,4,FLT1;KDR;TEK;VWF,"score=sender_ligand_expression*receiver_receptor_expression*receiver_target_program_score*lr_weight; curated prior baseline, not nichenetr package output"
CAF/Fibroblast,Unknown,IFNG,IFNGR1,0.0003390273376269442,0.0047393364928909,0.394184168012924,0.2592507115931994,0.7,3,IFNGR1;TNF;CCL5,"score=sender_ligand_expression*receiver_receptor_expression*receiver_target_program_score*lr_weight; curated prior baseline, not nichenetr package output"
B/Plasma,Myeloid,CCL2,CCR2,0.00033369782939293507,0.0869565217391304,0.025383707201889,0.1889757969303423,0.8,2,CCR2;CSF1R,"score=sender_ligand_expression*receiver_receptor_expression*receiver_target_program_score*lr_weight; curated prior baseline, not nichenetr package output"
T/NK,Unknown,CSF1,CSF1R,0.0003235108916532649,0.1216216216216216,0.0678513731825525,0.04900376952073233,0.8,2,CSF1R;CCR2,"score=sender_ligand_expression*receiver_receptor_expression*receiver_target_program_score*lr_weight; curated prior baseline, not nichenetr package output"
Myeloid,T/NK,IL6,IL6R,0.0002969800267097558,0.1239669421487603,0.063063063063063,0.05426855426855422,0.7,3,IL6R;TNF;MMP9,"score=sender_ligand_expression*receiver_receptor_expression*receiver_target_program_score*lr_weight; curated prior baseline, not nichenetr package output"
T/NK,Myeloid,COL1A1,ITGA1,0.0002863689941075358,0.1261261261261261,0.0489964580873671,0.0926800472255017,0.5,2,ITGA1;MMP2,"score=sender_ligand_expression*receiver_receptor_expression*receiver_target_program_score*lr_weight; curated prior baseline, not nichenetr package output"
Tumor/Epithelial,T/NK,MMP2,ITGAV,0.0002858451508403288,0.049662487945998,0.1036036036036036,0.11111111111111109,0.5,2,ITGAV;COL1A1,"score=sender_ligand_expression*receiver_receptor_expression*receiver_target_program_score*lr_weight; curated prior baseline, not nichenetr package output"
Myeloid,Unknown,CCL5,CCR5,0.0002856620205463096,0.2272727272727272,0.011308562197092,0.13893376413570266,0.8,2,CCR5;IFNGR1,"score=sender_ligand_expression*receiver_receptor_expression*receiver_target_program_score*lr_weight; curated prior baseline, not nichenetr package output"
Tumor/Epithelial,Myeloid,CCL2,CCR2,0.00028531647100409443,0.0743490838958534,0.025383707201889,0.1889757969303423,0.8,2,CCR2;CSF1R,"score=sender_ligand_expression*receiver_receptor_expression*receiver_target_program_score*lr_weight; curated prior baseline, not nichenetr package output"
T/NK,Myeloid,CCL2,CCR2,0.0002765783811184685,0.072072072072072,0.025383707201889,0.1889757969303423,0.8,2,CCR2;CSF1R,"score=sender_ligand_expression*receiver_receptor_expression*receiver_target_program_score*lr_weight; curated prior baseline, not nichenetr package output"
Unknown,CAF/Fibroblast,IL6,IL6R,0.0002622942640668401,0.0807754442649434,0.0847814639283833,0.05471551443115417,0.7,3,IL6R;TNF;MMP9,"score=sender_ligand_expression*receiver_receptor_expression*receiver_target_program_score*lr_weight; curated prior baseline, not nichenetr package output"
CAF/Fibroblast,B/Plasma,IFNG,IFNGR1,0.00025324242885768633,0.0047393364928909,0.3478260869565217,0.21946169772256724,0.7,3,IFNGR1;TNF;CCL5,"score=sender_ligand_expression*receiver_receptor_expression*receiver_target_program_score*lr_weight; curated prior baseline, not nichenetr package output"
B/Plasma,Unknown,VEGFA,KDR,0.0002528375026574494,0.2608695652173913,0.024232633279483,0.03999608361482348,1.0,4,FLT1;KDR;TEK;VWF,"score=sender_ligand_expression*receiver_receptor_expression*receiver_target_program_score*lr_weight; curated prior baseline, not nichenetr package output"
CAF/Fibroblast,B/Plasma,CCL2,CCR2,0.00025184879913913485,0.2664560294892048,0.0434782608695652,0.02717391304347825,0.8,2,CCR2;CSF1R,"score=sender_ligand_expression*receiver_receptor_expression*receiver_target_program_score*lr_weight; curated prior baseline, not nichenetr package output"
B/Plasma,Endothelial,IL6,IL6R,0.00024886546625677047,0.0434782608695652,0.1111111111111111,0.07359307359307359,0.7,3,IL6R;TNF;MMP9,"score=sender_ligand_expression*receiver_receptor_expression*receiver_target_program_score*lr_weight; curated prior baseline, not nichenetr package output"
CAF/Fibroblast,Tumor/Epithelial,IL6,IL6R,0.00024152398185516014,0.0853080568720379,0.0828351012536162,0.04882674381227899,0.7,3,IL6R;TNF;MMP9,"score=sender_ligand_expression*receiver_receptor_expression*receiver_target_program_score*lr_weight; curated prior baseline, not nichenetr package output"
CAF/Fibroblast,Endothelial,CSF1,CSF1R,0.00023210708260255853,0.1706161137440758,0.0505050505050505,0.03367003367003366,0.8,2,CSF1R;CCR2,"score=sender_ligand_expression*receiver_receptor_expression*receiver_target_program_score*lr_weight; curated prior baseline, not nichenetr package output"
Unknown,Tumor/Epithelial,IL6,IL6R,0.00022869125907125641,0.0807754442649434,0.0828351012536162,0.04882674381227899,0.7,3,IL6R;TNF;MMP9,"score=sender_ligand_expression*receiver_receptor_expression*receiver_target_program_score*lr_weight; curated prior baseline, not nichenetr package output"
B/Plasma,Unknown,CCL5,CCR5,0.0002185935461571761,0.1739130434782608,0.011308562197092,0.13893376413570266,0.8,2,CCR5;IFNGR1,"score=sender_ligand_expression*receiver_receptor_expression*receiver_target_program_score*lr_weight; curated prior baseline, not nichenetr package output"
Unknown,B/Plasma,CCL2,CCR2,0.0002091916042400235,0.221324717285945,0.0434782608695652,0.02717391304347825,0.8,2,CCR2;CSF1R,"score=sender_ligand_expression*receiver_receptor_expression*receiver_target_program_score*lr_weight; curated prior baseline, not nichenetr package output"
Endothelial,Unknown,CCL2,CCR2,0.00020797228498429631,0.7070707070707071,0.011308562197092,0.03251211631663968,0.8,2,CCR2;CSF1R,"score=sender_ligand_expression*receiver_receptor_expression*receiver_target_program_score*lr_weight; curated prior baseline, not nichenetr package output"
Myeloid,Unknown,CSF1,CSF1R,0.00020570081225808397,0.0773317591499409,0.0678513731825525,0.04900376952073233,0.8,2,CSF1R;CCR2,"score=sender_ligand_expression*receiver_receptor_expression*receiver_target_program_score*lr_weight; curated prior baseline, not nichenetr package output"
CAF/Fibroblast,T/NK,IL6,IL6R,0.0002043672980012158,0.0853080568720379,0.063063063063063,0.05426855426855422,0.7,3,IL6R;TNF;MMP9,"score=sender_ligand_expression*receiver_receptor_expression*receiver_target_program_score*lr_weight; curated prior baseline, not nichenetr package output"
Myeloid,Tumor/Epithelial,IFNG,IFNGR1,0.00020285300646637774,0.0082644628099173,0.2321118611378977,0.15106764017082236,0.7,3,IFNGR1;TNF;CCL5,"score=sender_ligand_expression*receiver_receptor_expression*receiver_target_program_score*lr_weight; curated prior baseline, not nichenetr package output"
Unknown,T/NK,IL6,IL6R,0.00019350879500204865,0.0807754442649434,0.063063063063063,0.05426855426855422,0.7,3,IL6R;TNF;MMP9,"score=sender_ligand_expression*receiver_receptor_expression*receiver_target_program_score*lr_weight; curated prior baseline, not nichenetr package output"
Tumor/Epithelial,Unknown,CCL5,CCR5,0.00018156755157423682,0.1444551591128254,0.011308562197092,0.13893376413570266,0.8,2,CCR5;IFNGR1,"score=sender_ligand_expression*receiver_receptor_expression*receiver_target_program_score*lr_weight; curated prior baseline, not nichenetr package output"
T/NK,CAF/Fibroblast,CXCL12,CXCR4,0.0001796820517199662,0.0045045045045045,0.2222222222222222,0.1994470774091627,0.9,3,CXCR4;CCL2;CCL5,"score=sender_ligand_expression*receiver_receptor_expression*receiver_target_program_score*lr_weight; curated prior baseline, not nichenetr package output"
T/NK,Endothelial,CSF1,CSF1R,0.00016545471090925626,0.1216216216216216,0.0505050505050505,0.03367003367003366,0.8,2,CSF1R;CCR2,"score=sender_ligand_expression*receiver_receptor_expression*receiver_target_program_score*lr_weight; curated prior baseline, not nichenetr package output"
Myeloid,T/NK,CCL2,CCR2,0.0001611087299047984,1.7644628099173554,0.0135135135135135,0.008445945945945938,0.8,2,CCR2;CSF1R,"score=sender_ligand_expression*receiver_receptor_expression*receiver_target_program_score*lr_weight; curated prior baseline, not nichenetr package output"
T/NK,Unknown,VEGFA,FLT1,0.00015647072837131294,0.1081081081081081,0.0452342487883683,0.03999608361482348,0.8,4,FLT1;KDR;TEK;VWF,"score=sender_ligand_expression*receiver_receptor_expression*receiver_target_program_score*lr_weight; curated prior baseline, not nichenetr package output"
T/NK,Myeloid,VEGFA,FLT1,0.00015280212768674692,0.1081081081081081,0.0690672963400236,0.02558048012593463,0.8,4,FLT1;KDR;TEK;VWF,"score=sender_ligand_expression*receiver_receptor_expression*receiver_target_program_score*lr_weight; curated prior baseline, not nichenetr package output"
Tumor/Epithelial,B/Plasma,IL6,IL6R,0.0001509370676281912,0.0130183220829315,0.1739130434782608,0.0952380952380952,0.7,3,IL6R;TNF;MMP9,"score=sender_ligand_expression*receiver_receptor_expression*receiver_target_program_score*lr_weight; curated prior baseline, not nichenetr package output"
Unknown,Endothelial,CSF1,CSF1R,0.00014285355582005437,0.1050080775444265,0.0505050505050505,0.03367003367003366,0.8,2,CSF1R;CCR2,"score=sender_ligand_expression*receiver_receptor_expression*receiver_target_program_score*lr_weight; curated prior baseline, not nichenetr package output"
B/Plasma,CAF/Fibroblast,IL6,IL6R,0.00014118273865858618,0.0434782608695652,0.0847814639283833,0.05471551443115417,0.7,3,IL6R;TNF;MMP9,"score=sender_ligand_expression*receiver_receptor_expression*receiver_target_program_score*lr_weight; curated prior baseline, not nichenetr package output"
B/Plasma,Tumor/Epithelial,IL6,IL6R,0.00012309555596965891,0.0434782608695652,0.0828351012536162,0.04882674381227899,0.7,3,IL6R;TNF;MMP9,"score=sender_ligand_expression*receiver_receptor_expression*receiver_target_program_score*lr_weight; curated prior baseline, not nichenetr package output"
T/NK,Tumor/Epithelial,CXCL12,CXCR4,0.00012050176717467644,0.0045045045045045,0.1951783992285438,0.15229026036644158,0.9,3,CXCR4;CCL5;CCL2,"score=sender_ligand_expression*receiver_receptor_expression*receiver_target_program_score*lr_weight; curated prior baseline, not nichenetr package output"
CAF/Fibroblast,Tumor/Epithelial,IFNG,IFNGR1,0.00011632802740488805,0.0047393364928909,0.2321118611378977,0.15106764017082236,0.7,3,IFNGR1;TNF;CCL5,"score=sender_ligand_expression*receiver_receptor_expression*receiver_target_program_score*lr_weight; curated prior baseline, not nichenetr package output"
Tumor/Epithelial,Unknown,IL6,IL6R,0.00010953899377904105,0.0130183220829315,0.1260096930533118,0.0953919532271713,0.7,3,IL6R;TNF;MMP9,"score=sender_ligand_expression*receiver_receptor_expression*receiver_target_program_score*lr_weight; curated prior baseline, not nichenetr package output"
CAF/Fibroblast,Unknown,CCL5,CCR5,0.00010921044071438688,0.0868878357030015,0.011308562197092,0.13893376413570266,0.8,2,CCR5;IFNGR1,"score=sender_ligand_expression*receiver_receptor_expression*receiver_target_program_score*lr_weight; curated prior baseline, not nichenetr package output"
Myeloid,Endothelial,CSF1,CSF1R,0.0001052025428016745,0.0773317591499409,0.0505050505050505,0.03367003367003366,0.8,2,CSF1R;CCR2,"score=sender_ligand_expression*receiver_receptor_expression*receiver_target_program_score*lr_weight; curated prior baseline, not nichenetr package output"
T/NK,Unknown,VEGFA,KDR,0.00010477950560578984,0.1081081081081081,0.024232633279483,0.03999608361482348,1.0,4,FLT1;KDR;TEK;VWF,"score=sender_ligand_expression*receiver_receptor_expression*receiver_target_program_score*lr_weight; curated prior baseline, not nichenetr package output"
B/Plasma,T/NK,IL6,IL6R,0.00010415821226632014,0.0434782608695652,0.063063063063063,0.05426855426855422,0.7,3,IL6R;TNF;MMP9,"score=sender_ligand_expression*receiver_receptor_expression*receiver_target_program_score*lr_weight; curated prior baseline, not nichenetr package output"
Endothelial,Unknown,CCL5,CCR5,0.00010156871841646568,0.0808080808080808,0.011308562197092,0.13893376413570266,0.8,2,CCR5;IFNGR1,"score=sender_ligand_expression*receiver_receptor_expression*receiver_target_program_score*lr_weight; curated prior baseline, not nichenetr package output"
Tumor/Epithelial,Unknown,CSF1,CSF1R,8.079973089507753e-05,0.0303760848601735,0.0678513731825525,0.04900376952073233,0.8,2,CSF1R;CCR2,"score=sender_ligand_expression*receiver_receptor_expression*receiver_target_program_score*lr_weight; curated prior baseline, not nichenetr package output"
CAF/Fibroblast,Unknown,CCL2,CCR2,7.83733065824369e-05,0.2664560294892048,0.011308562197092,0.03251211631663968,0.8,2,CCR2;CSF1R,"score=sender_ligand_expression*receiver_receptor_expression*receiver_target_program_score*lr_weight; curated prior baseline, not nichenetr package output"
Myeloid,CAF/Fibroblast,VEGFA,FLT1,7.472241899680228e-05,0.4775678866587957,0.0131648235913638,0.014856303955829953,0.8,4,FLT1;KDR;TEK;VWF,"score=sender_ligand_expression*receiver_receptor_expression*receiver_target_program_score*lr_weight; curated prior baseline, not nichenetr package output"
Tumor/Epithelial,Endothelial,IL6,IL6R,7.45156482861399e-05,0.0130183220829315,0.1111111111111111,0.07359307359307359,0.7,3,IL6R;TNF;MMP9,"score=sender_ligand_expression*receiver_receptor_expression*receiver_target_program_score*lr_weight; curated prior baseline, not nichenetr package output"
Tumor/Epithelial,CAF/Fibroblast,VEGFA,FLT1,7.390193872088664e-05,0.4723240115718418,0.0131648235913638,0.014856303955829953,0.8,4,FLT1;KDR;TEK;VWF,"score=sender_ligand_expression*receiver_receptor_expression*receiver_target_program_score*lr_weight; curated prior baseline, not nichenetr package output"
Tumor/Epithelial,B/Plasma,CCL2,CCR2,7.027323619645874e-05,0.0743490838958534,0.0434782608695652,0.02717391304347825,0.8,2,CCR2;CSF1R,"score=sender_ligand_expression*receiver_receptor_expression*receiver_target_program_score*lr_weight; curated prior baseline, not nichenetr package output"
Unknown,CAF/Fibroblast,VEGFA,FLT1,6.976446053673421e-05,0.4458804523424879,0.0131648235913638,0.014856303955829953,0.8,4,FLT1;KDR;TEK;VWF,"score=sender_ligand_expression*receiver_receptor_expression*receiver_target_program_score*lr_weight; curated prior baseline, not nichenetr package output"
T/NK,B/Plasma,CCL2,CCR2,6.812105110781848e-05,0.072072072072072,0.0434782608695652,0.02717391304347825,0.8,2,CCR2;CSF1R,"score=sender_ligand_expression*receiver_receptor_expression*receiver_target_program_score*lr_weight; curated prior baseline, not nichenetr package output"
Endothelial,T/NK,CCL2,CCR2,6.456087537168606e-05,0.7070707070707071,0.0135135135135135,0.008445945945945938,0.8,2,CCR2;CSF1R,"score=sender_ligand_expression*receiver_receptor_expression*receiver_target_program_score*lr_weight; curated prior baseline, not nichenetr package output"
Endothelial,CAF/Fibroblast,VEGFA,FLT1,5.689618059583462e-05,0.3636363636363636,0.0131648235913638,0.014856303955829953,0.8,4,FLT1;KDR;TEK;VWF,"score=sender_ligand_expression*receiver_receptor_expression*receiver_target_program_score*lr_weight; curated prior baseline, not nichenetr package output"
Myeloid,Tumor/Epithelial,CCL5,CCR5,4.742558135858383e-05,0.2272727272727272,0.0032786885245901,0.07955641272902596,0.8,2,CCR5;IFNGR1,"score=sender_ligand_expression*receiver_receptor_expression*receiver_target_program_score*lr_weight; curated prior baseline, not nichenetr package output"
Unknown,Tumor/Epithelial,CCL5,CCR5,4.652150727129582e-05,0.2229402261712439,0.0032786885245901,0.07955641272902596,0.8,2,CCR5;IFNGR1,"score=sender_ligand_expression*receiver_receptor_expression*receiver_target_program_score*lr_weight; curated prior baseline, not nichenetr package output"
Tumor/Epithelial,CAF/Fibroblast,IL6,IL6R,4.227313438137985e-05,0.0130183220829315,0.0847814639283833,0.05471551443115417,0.7,3,IL6R;TNF;MMP9,"score=sender_ligand_expression*receiver_receptor_expression*receiver_target_program_score*lr_weight; curated prior baseline, not nichenetr package output"
Tumor/Epithelial,Endothelial,CSF1,CSF1R,4.1323789899225914e-05,0.0303760848601735,0.0505050505050505,0.03367003367003366,0.8,2,CSF1R;CCR2,"score=sender_ligand_expression*receiver_receptor_expression*receiver_target_program_score*lr_weight; curated prior baseline, not nichenetr package output"
B/Plasma,CAF/Fibroblast,VEGFA,FLT1,4.0816825210055274e-05,0.2608695652173913,0.0131648235913638,0.014856303955829953,0.8,4,FLT1;KDR;TEK;VWF,"score=sender_ligand_expression*receiver_receptor_expression*receiver_target_program_score*lr_weight; curated prior baseline, not nichenetr package output"
Myeloid,CAF/Fibroblast,CCL5,CCR5,3.851950873206598e-05,0.2272727272727272,0.0015797788309636,0.1341056696506933,0.8,2,CCR5;IFNGR1,"score=sender_ligand_expression*receiver_receptor_expression*receiver_target_program_score*lr_weight; curated prior baseline, not nichenetr package output"
Unknown,CAF/Fibroblast,CCL5,CCR5,3.778521115042079e-05,0.2229402261712439,0.0015797788309636,0.1341056696506933,0.8,2,CCR5;IFNGR1,"score=sender_ligand_expression*receiver_receptor_expression*receiver_target_program_score*lr_weight; curated prior baseline, not nichenetr package output"
Myeloid,CAF/Fibroblast,VEGFA,KDR,3.7361209498401e-05,0.4775678866587957,0.0052659294365455,0.014856303955829953,1.0,4,FLT1;KDR;TEK;VWF,"score=sender_ligand_expression*receiver_receptor_expression*receiver_target_program_score*lr_weight; curated prior baseline, not nichenetr package output"
Tumor/Epithelial,CAF/Fibroblast,VEGFA,KDR,3.695096936044317e-05,0.4723240115718418,0.0052659294365455,0.014856303955829953,1.0,4,FLT1;KDR;TEK;VWF,"score=sender_ligand_expression*receiver_receptor_expression*receiver_target_program_score*lr_weight; curated prior baseline, not nichenetr package output"
B/Plasma,Tumor/Epithelial,CCL5,CCR5,3.629087964830763e-05,0.1739130434782608,0.0032786885245901,0.07955641272902596,0.8,2,CCR5;IFNGR1,"score=sender_ligand_expression*receiver_receptor_expression*receiver_target_program_score*lr_weight; curated prior baseline, not nichenetr package output"
Tumor/Epithelial,Myeloid,VEGFA,KDR,3.5661968686584806e-05,0.4723240115718418,0.0029515938606847,0.02558048012593463,1.0,4,FLT1;KDR;TEK;VWF,"score=sender_ligand_expression*receiver_receptor_expression*receiver_target_program_score*lr_weight; curated prior baseline, not nichenetr package output"
Unknown,CAF/Fibroblast,VEGFA,KDR,3.488223026836698e-05,0.4458804523424879,0.0052659294365455,0.014856303955829953,1.0,4,FLT1;KDR;TEK;VWF,"score=sender_ligand_expression*receiver_receptor_expression*receiver_target_program_score*lr_weight; curated prior baseline, not nichenetr package output"
Unknown,Myeloid,VEGFA,KDR,3.366539566024051e-05,0.4458804523424879,0.0029515938606847,0.02558048012593463,1.0,4,FLT1;KDR;TEK;VWF,"score=sender_ligand_expression*receiver_receptor_expression*receiver_target_program_score*lr_weight; curated prior baseline, not nichenetr package output"
Tumor/Epithelial,T/NK,IL6,IL6R,3.118719856190196e-05,0.0130183220829315,0.063063063063063,0.05426855426855422,0.7,3,IL6R;TNF;MMP9,"score=sender_ligand_expression*receiver_receptor_expression*receiver_target_program_score*lr_weight; curated prior baseline, not nichenetr package output"
B/Plasma,CAF/Fibroblast,CCL5,CCR5,2.947579798627658e-05,0.1739130434782608,0.0015797788309636,0.1341056696506933,0.8,2,CCR5;IFNGR1,"score=sender_ligand_expression*receiver_receptor_expression*receiver_target_program_score*lr_weight; curated prior baseline, not nichenetr package output"
Endothelial,CAF/Fibroblast,VEGFA,KDR,2.8448090297917197e-05,0.3636363636363636,0.0052659294365455,0.014856303955829953,1.0,4,FLT1;KDR;TEK;VWF,"score=sender_ligand_expression*receiver_receptor_expression*receiver_target_program_score*lr_weight; curated prior baseline, not nichenetr package output"
Endothelial,Myeloid,VEGFA,KDR,2.7455704761118405e-05,0.3636363636363636,0.0029515938606847,0.02558048012593463,1.0,4,FLT1;KDR;TEK;VWF,"score=sender_ligand_expression*receiver_receptor_expression*receiver_target_program_score*lr_weight; curated prior baseline, not nichenetr package output"
CAF/Fibroblast,Myeloid,VEGFA,KDR,2.723522056016683e-05,0.3607161664033702,0.0029515938606847,0.02558048012593463,1.0,4,FLT1;KDR;TEK;VWF,"score=sender_ligand_expression*receiver_receptor_expression*receiver_target_program_score*lr_weight; curated prior baseline, not nichenetr package output"
B/Plasma,Unknown,CCL2,CCR2,2.5576715793099784e-05,0.0869565217391304,0.011308562197092,0.03251211631663968,0.8,2,CCR2;CSF1R,"score=sender_ligand_expression*receiver_receptor_expression*receiver_target_program_score*lr_weight; curated prior baseline, not nichenetr package output"
Tumor/Epithelial,CAF/Fibroblast,CCL5,CCR5,2.448310375648923e-05,0.1444551591128254,0.0015797788309636,0.1341056696506933,0.8,2,CCR5;IFNGR1,"score=sender_ligand_expression*receiver_receptor_expression*receiver_target_program_score*lr_weight; curated prior baseline, not nichenetr package output"
CAF/Fibroblast,T/NK,CCL2,CCR2,2.4329440238239987e-05,0.2664560294892048,0.0135135135135135,0.008445945945945938,0.8,2,CCR2;CSF1R,"score=sender_ligand_expression*receiver_receptor_expression*receiver_target_program_score*lr_weight; curated prior baseline, not nichenetr package output"
Tumor/Epithelial,Unknown,CCL2,CCR2,2.1868461965238112e-05,0.0743490838958534,0.011308562197092,0.03251211631663968,0.8,2,CCR2;CSF1R,"score=sender_ligand_expression*receiver_receptor_expression*receiver_target_program_score*lr_weight; curated prior baseline, not nichenetr package output"
T/NK,Unknown,CCL2,CCR2,2.119871939608269e-05,0.072072072072072,0.011308562197092,0.03251211631663968,0.8,2,CCR2;CSF1R,"score=sender_ligand_expression*receiver_receptor_expression*receiver_target_program_score*lr_weight; curated prior baseline, not nichenetr package output"
B/Plasma,CAF/Fibroblast,VEGFA,KDR,2.040841260502756e-05,0.2608695652173913,0.0052659294365455,0.014856303955829953,1.0,4,FLT1;KDR;TEK;VWF,"score=sender_ligand_expression*receiver_receptor_expression*receiver_target_program_score*lr_weight; curated prior baseline, not nichenetr package output"
Unknown,T/NK,CCL2,CCR2,2.0208611877825473e-05,0.221324717285945,0.0135135135135135,0.008445945945945938,0.8,2,CCR2;CSF1R,"score=sender_ligand_expression*receiver_receptor_expression*receiver_target_program_score*lr_weight; curated prior baseline, not nichenetr package output"
B/Plasma,Myeloid,VEGFA,KDR,1.9696483850367554e-05,0.2608695652173913,0.0029515938606847,0.02558048012593463,1.0,4,FLT1;KDR;TEK;VWF,"score=sender_ligand_expression*receiver_receptor_expression*receiver_target_program_score*lr_weight; curated prior baseline, not nichenetr package output"
CAF/Fibroblast,Tumor/Epithelial,CCL5,CCR5,1.8131106933297442e-05,0.0868878357030015,0.0032786885245901,0.07955641272902596,0.8,2,CCR5;IFNGR1,"score=sender_ligand_expression*receiver_receptor_expression*receiver_target_program_score*lr_weight; curated prior baseline, not nichenetr package output"
Endothelial,CAF/Fibroblast,CSF1,CSF1R,1.7370752279871224e-05,0.1919191919191919,0.0126382306477093,0.0089520800421274,0.8,2,CSF1R;CCR2,"score=sender_ligand_expression*receiver_receptor_expression*receiver_target_program_score*lr_weight; curated prior baseline, not nichenetr package output"
T/NK,CAF/Fibroblast,VEGFA,FLT1,1.6915080717680562e-05,0.1081081081081081,0.0131648235913638,0.014856303955829953,0.8,4,FLT1;KDR;TEK;VWF,"score=sender_ligand_expression*receiver_receptor_expression*receiver_target_program_score*lr_weight; curated prior baseline, not nichenetr package output"
Endothelial,Tumor/Epithelial,CCL5,CCR5,1.686242892749648e-05,0.0808080808080808,0.0032786885245901,0.07955641272902596,0.8,2,CCR5;IFNGR1,"score=sender_ligand_expression*receiver_receptor_expression*receiver_target_program_score*lr_weight; curated prior baseline, not nichenetr package output"
Endothelial,CAF/Fibroblast,CCL5,CCR5,1.3695825326956798e-05,0.0808080808080808,0.0015797788309636,0.1341056696506933,0.8,2,CCR5;IFNGR1,"score=sender_ligand_expression*receiver_receptor_expression*receiver_target_program_score*lr_weight; curated prior baseline, not nichenetr package output"
Myeloid,CAF/Fibroblast,CCL2,CCR2,1.2770358429505365e-05,1.7644628099173554,0.0015797788309636,0.005726698262243236,0.8,2,CCR2;CSF1R,"score=sender_ligand_expression*receiver_receptor_expression*receiver_target_program_score*lr_weight; curated prior baseline, not nichenetr package output"
T/NK,CAF/Fibroblast,CSF1,CSF1R,1.1008065633972446e-05,0.1216216216216216,0.0126382306477093,0.0089520800421274,0.8,2,CSF1R;CCR2,"score=sender_ligand_expression*receiver_receptor_expression*receiver_target_program_score*lr_weight; curated prior baseline, not nichenetr package output"
Unknown,CAF/Fibroblast,CSF1,CSF1R,9.504361102029703e-06,0.1050080775444265,0.0126382306477093,0.0089520800421274,0.8,2,CSF1R;CCR2,"score=sender_ligand_expression*receiver_receptor_expression*receiver_target_program_score*lr_weight; curated prior baseline, not nichenetr package output"
T/NK,CAF/Fibroblast,VEGFA,KDR,8.457540358840249e-06,0.1081081081081081,0.0052659294365455,0.014856303955829953,1.0,4,FLT1;KDR;TEK;VWF,"score=sender_ligand_expression*receiver_receptor_expression*receiver_target_program_score*lr_weight; curated prior baseline, not nichenetr package output"
T/NK,Myeloid,VEGFA,KDR,8.162506820873041e-06,0.1081081081081081,0.0029515938606847,0.02558048012593463,1.0,4,FLT1;KDR;TEK;VWF,"score=sender_ligand_expression*receiver_receptor_expression*receiver_target_program_score*lr_weight; curated prior baseline, not nichenetr package output"
B/Plasma,T/NK,CCL2,CCR2,7.93978467303965e-06,0.0869565217391304,0.0135135135135135,0.008445945945945938,0.8,2,CCR2;CSF1R,"score=sender_ligand_expression*receiver_receptor_expression*receiver_target_program_score*lr_weight; curated prior baseline, not nichenetr package output"
Myeloid,CAF/Fibroblast,CSF1,CSF1R,6.999356438129923e-06,0.0773317591499409,0.0126382306477093,0.0089520800421274,0.8,2,CSF1R;CCR2,"score=sender_ligand_expression*receiver_receptor_expression*receiver_target_program_score*lr_weight; curated prior baseline, not nichenetr package output"
Tumor/Epithelial,T/NK,CCL2,CCR2,6.7886307428646136e-06,0.0743490838958534,0.0135135135135135,0.008445945945945938,0.8,2,CCR2;CSF1R,"score=sender_ligand_expression*receiver_receptor_expression*receiver_target_program_score*lr_weight; curated prior baseline, not nichenetr package output"
Endothelial,Tumor/Epithelial,CSF1,CSF1R,5.423530245242501e-06,0.1919191919191919,0.007135969141755,0.0049501767920282335,0.8,2,CSF1R;CCR2,"score=sender_ligand_expression*receiver_receptor_expression*receiver_target_program_score*lr_weight; curated prior baseline, not nichenetr package output"
Endothelial,CAF/Fibroblast,CCL2,CCR2,5.117447822388307e-06,0.7070707070707071,0.0015797788309636,0.005726698262243236,0.8,2,CCR2;CSF1R,"score=sender_ligand_expression*receiver_receptor_expression*receiver_target_program_score*lr_weight; curated prior baseline, not nichenetr package output"
CAF/Fibroblast,Tumor/Epithelial,CSF1,CSF1R,4.8215170351819075e-06,0.1706161137440758,0.007135969141755,0.0049501767920282335,0.8,2,CSF1R;CCR2,"score=sender_ligand_expression*receiver_receptor_expression*receiver_target_program_score*lr_weight; curated prior baseline, not nichenetr package output"
Myeloid,Tumor/Epithelial,VEGFA,FLT1,4.17289462881634e-06,0.4775678866587957,0.0036644165863066,0.002980625931445554,0.8,4,FLT1;KDR;TEK;VWF,"score=sender_ligand_expression*receiver_receptor_expression*receiver_target_program_score*lr_weight; curated prior baseline, not nichenetr package output"
Unknown,Tumor/Epithelial,VEGFA,FLT1,3.89601603594319e-06,0.4458804523424879,0.0036644165863066,0.002980625931445554,0.8,4,FLT1;KDR;TEK;VWF,"score=sender_ligand_expression*receiver_receptor_expression*receiver_target_program_score*lr_weight; curated prior baseline, not nichenetr package output"
T/NK,Tumor/Epithelial,CSF1,CSF1R,3.436959778457373e-06,0.1216216216216216,0.007135969141755,0.0049501767920282335,0.8,2,CSF1R;CCR2,"score=sender_ligand_expression*receiver_receptor_expression*receiver_target_program_score*lr_weight; curated prior baseline, not nichenetr package output"
Endothelial,Tumor/Epithelial,VEGFA,FLT1,3.1773833020406238e-06,0.3636363636363636,0.0036644165863066,0.002980625931445554,0.8,4,FLT1;KDR;TEK;VWF,"score=sender_ligand_expression*receiver_receptor_expression*receiver_target_program_score*lr_weight; curated prior baseline, not nichenetr package output"
CAF/Fibroblast,Tumor/Epithelial,VEGFA,FLT1,3.151867190741983e-06,0.3607161664033702,0.0036644165863066,0.002980625931445554,0.8,4,FLT1;KDR;TEK;VWF,"score=sender_ligand_expression*receiver_receptor_expression*receiver_target_program_score*lr_weight; curated prior baseline, not nichenetr package output"
Unknown,Tumor/Epithelial,CSF1,CSF1R,2.9674702090073546e-06,0.1050080775444265,0.007135969141755,0.0049501767920282335,0.8,2,CSF1R;CCR2,"score=sender_ligand_expression*receiver_receptor_expression*receiver_target_program_score*lr_weight; curated prior baseline, not nichenetr package output"
Tumor/Epithelial,CAF/Fibroblast,CSF1,CSF1R,2.7493625836054547e-06,0.0303760848601735,0.0126382306477093,0.0089520800421274,0.8,2,CSF1R;CCR2,"score=sender_ligand_expression*receiver_receptor_expression*receiver_target_program_score*lr_weight; curated prior baseline, not nichenetr package output"
Myeloid,Tumor/Epithelial,CCL2,CCR2,2.4808858806557016e-06,1.7644628099173554,0.0005785920925747,0.003037608486017312,0.8,2,CCR2;CSF1R,"score=sender_ligand_expression*receiver_receptor_expression*receiver_target_program_score*lr_weight; curated prior baseline, not nichenetr package output"
B/Plasma,Tumor/Epithelial,VEGFA,FLT1,2.2794271514639264e-06,0.2608695652173913,0.0036644165863066,0.002980625931445554,0.8,4,FLT1;KDR;TEK;VWF,"score=sender_ligand_expression*receiver_receptor_expression*receiver_target_program_score*lr_weight; curated prior baseline, not nichenetr package output"
Myeloid,Tumor/Epithelial,CSF1,CSF1R,2.185352754320199e-06,0.0773317591499409,0.007135969141755,0.0049501767920282335,0.8,2,CSF1R;CCR2,"score=sender_ligand_expression*receiver_receptor_expression*receiver_target_program_score*lr_weight; curated prior baseline, not nichenetr package output"
Unknown,CAF/Fibroblast,CCL2,CCR2,1.6018450222721573e-06,0.221324717285945,0.0015797788309636,0.005726698262243236,0.8,2,CCR2;CSF1R,"score=sender_ligand_expression*receiver_receptor_expression*receiver_target_program_score*lr_weight; curated prior baseline, not nichenetr package output"
Myeloid,Tumor/Epithelial,VEGFA,KDR,1.509928977532183e-06,0.4775678866587957,0.0010607521697203,0.002980625931445554,1.0,4,FLT1;KDR;TEK;VWF,"score=sender_ligand_expression*receiver_receptor_expression*receiver_target_program_score*lr_weight; curated prior baseline, not nichenetr package output"
Unknown,Tumor/Epithelial,VEGFA,KDR,1.4097426445846648e-06,0.4458804523424879,0.0010607521697203,0.002980625931445554,1.0,4,FLT1;KDR;TEK;VWF,"score=sender_ligand_expression*receiver_receptor_expression*receiver_target_program_score*lr_weight; curated prior baseline, not nichenetr package output"
Endothelial,Tumor/Epithelial,VEGFA,KDR,1.1497110632383495e-06,0.3636363636363636,0.0010607521697203,0.002980625931445554,1.0,4,FLT1;KDR;TEK;VWF,"score=sender_ligand_expression*receiver_receptor_expression*receiver_target_program_score*lr_weight; curated prior baseline, not nichenetr package output"
CAF/Fibroblast,Tumor/Epithelial,VEGFA,KDR,1.1404782598079205e-06,0.3607161664033702,0.0010607521697203,0.002980625931445554,1.0,4,FLT1;KDR;TEK;VWF,"score=sender_ligand_expression*receiver_receptor_expression*receiver_target_program_score*lr_weight; curated prior baseline, not nichenetr package output"
Endothelial,Tumor/Epithelial,CCL2,CCR2,9.941619193884415e-07,0.7070707070707071,0.0005785920925747,0.003037608486017312,0.8,2,CCR2;CSF1R,"score=sender_ligand_expression*receiver_receptor_expression*receiver_target_program_score*lr_weight; curated prior baseline, not nichenetr package output"
T/NK,Tumor/Epithelial,VEGFA,FLT1,9.446274681742397e-07,0.1081081081081081,0.0036644165863066,0.002980625931445554,0.8,4,FLT1;KDR;TEK;VWF,"score=sender_ligand_expression*receiver_receptor_expression*receiver_target_program_score*lr_weight; curated prior baseline, not nichenetr package output"
B/Plasma,Tumor/Epithelial,VEGFA,KDR,8.247927192796857e-07,0.2608695652173913,0.0010607521697203,0.002980625931445554,1.0,4,FLT1;KDR;TEK;VWF,"score=sender_ligand_expression*receiver_receptor_expression*receiver_target_program_score*lr_weight; curated prior baseline, not nichenetr package output"
B/Plasma,CAF/Fibroblast,CCL2,CCR2,6.293507259831581e-07,0.0869565217391304,0.0015797788309636,0.005726698262243236,0.8,2,CCR2;CSF1R,"score=sender_ligand_expression*receiver_receptor_expression*receiver_target_program_score*lr_weight; curated prior baseline, not nichenetr package output"
Tumor/Epithelial,CAF/Fibroblast,CCL2,CCR2,5.381039741494379e-07,0.0743490838958534,0.0015797788309636,0.005726698262243236,0.8,2,CCR2;CSF1R,"score=sender_ligand_expression*receiver_receptor_expression*receiver_target_program_score*lr_weight; curated prior baseline, not nichenetr package output"
T/NK,CAF/Fibroblast,CCL2,CCR2,5.216240251391937e-07,0.072072072072072,0.0015797788309636,0.005726698262243236,0.8,2,CCR2;CSF1R,"score=sender_ligand_expression*receiver_receptor_expression*receiver_target_program_score*lr_weight; curated prior baseline, not nichenetr package output"
CAF/Fibroblast,Tumor/Epithelial,CCL2,CCR2,3.7464490476073556e-07,0.2664560294892048,0.0005785920925747,0.003037608486017312,0.8,2,CCR2;CSF1R,"score=sender_ligand_expression*receiver_receptor_expression*receiver_target_program_score*lr_weight; curated prior baseline, not nichenetr package output"
T/NK,Tumor/Epithelial,VEGFA,KDR,3.418059917735634e-07,0.1081081081081081,0.0010607521697203,0.002980625931445554,1.0,4,FLT1;KDR;TEK;VWF,"score=sender_ligand_expression*receiver_receptor_expression*receiver_target_program_score*lr_weight; curated prior baseline, not nichenetr package output"
Unknown,Tumor/Epithelial,CCL2,CCR2,3.111889709823546e-07,0.221324717285945,0.0005785920925747,0.003037608486017312,0.8,2,CCR2;CSF1R,"score=sender_ligand_expression*receiver_receptor_expression*receiver_target_program_score*lr_weight; curated prior baseline, not nichenetr package output"
B/Plasma,Tumor/Epithelial,CCL2,CCR2,1.2226339132851636e-07,0.0869565217391304,0.0005785920925747,0.003037608486017312,0.8,2,CCR2;CSF1R,"score=sender_ligand_expression*receiver_receptor_expression*receiver_target_program_score*lr_weight; curated prior baseline, not nichenetr package output"
T/NK,Tumor/Epithelial,CCL2,CCR2,1.0133542344345493e-07,0.072072072072072,0.0005785920925747,0.003037608486017312,0.8,2,CCR2;CSF1R,"score=sender_ligand_expression*receiver_receptor_expression*receiver_target_program_score*lr_weight; curated prior baseline, not nichenetr package output"
