sender,receiver,ligand,receptor,score,sender_ligand_expression,receiver_receptor_expression,receiver_target_program_score,lr_weight,n_targets_available,target_genes,notes
Tumor/Malignant,Myeloid,MIF,CD74,269446.82587569626,17.950794234145942,179.0925064599483,119.73302325581393,0.7,2,CD74;TNF,"score=sender_ligand_expression*receiver_receptor_expression*receiver_target_program_score*lr_weight; curated prior baseline, not nichenetr package output"
Normal/Epithelial,Myeloid,MIF,CD74,147683.4397678503,9.838805970149254,179.0925064599483,119.73302325581393,0.7,2,CD74;TNF,"score=sender_ligand_expression*receiver_receptor_expression*receiver_target_program_score*lr_weight; curated prior baseline, not nichenetr package output"
CAF/Fibroblast,Myeloid,MIF,CD74,44535.355460303115,2.966986155484558,179.0925064599483,119.73302325581393,0.7,2,CD74;TNF,"score=sender_ligand_expression*receiver_receptor_expression*receiver_target_program_score*lr_weight; curated prior baseline, not nichenetr package output"
Endothelial,Myeloid,MIF,CD74,41971.60450027359,2.7961867192636425,179.0925064599483,119.73302325581393,0.7,2,CD74;TNF,"score=sender_ligand_expression*receiver_receptor_expression*receiver_target_program_score*lr_weight; curated prior baseline, not nichenetr package output"
Perivascular,Myeloid,MIF,CD74,29386.753908487266,1.9577724506730592,179.0925064599483,119.73302325581393,0.7,2,CD74;TNF,"score=sender_ligand_expression*receiver_receptor_expression*receiver_target_program_score*lr_weight; curated prior baseline, not nichenetr package output"
B/Plasma,Myeloid,MIF,CD74,26356.125962569342,1.7558692421991084,179.0925064599483,119.73302325581393,0.7,2,CD74;TNF,"score=sender_ligand_expression*receiver_receptor_expression*receiver_target_program_score*lr_weight; curated prior baseline, not nichenetr package output"
Tumor/Malignant,Endothelial,MIF,CD74,22580.65299710571,17.950794234145942,51.91479289940828,34.614946307253994,0.7,2,CD74;TNF,"score=sender_ligand_expression*receiver_receptor_expression*receiver_target_program_score*lr_weight; curated prior baseline, not nichenetr package output"
T/NK,Myeloid,MIF,CD74,18285.67885620548,1.21820866700744,179.0925064599483,119.73302325581393,0.7,2,CD74;TNF,"score=sender_ligand_expression*receiver_receptor_expression*receiver_target_program_score*lr_weight; curated prior baseline, not nichenetr package output"
Normal/Epithelial,Endothelial,MIF,CD74,12376.425277895925,9.838805970149254,51.91479289940828,34.614946307253994,0.7,2,CD74;TNF,"score=sender_ligand_expression*receiver_receptor_expression*receiver_target_program_score*lr_weight; curated prior baseline, not nichenetr package output"
Tumor/Malignant,B/Plasma,MIF,CD74,6680.625919714614,17.950794234145942,28.206092124814266,18.849182763744427,0.7,2,CD74;TNF,"score=sender_ligand_expression*receiver_receptor_expression*receiver_target_program_score*lr_weight; curated prior baseline, not nichenetr package output"
Myeloid,Endothelial,MIF,CD74,3801.4520446729116,3.022015503875969,51.91479289940828,34.614946307253994,0.7,2,CD74;TNF,"score=sender_ligand_expression*receiver_receptor_expression*receiver_target_program_score*lr_weight; curated prior baseline, not nichenetr package output"
CAF/Fibroblast,Endothelial,MIF,CD74,3732.229557663417,2.966986155484558,51.91479289940828,34.614946307253994,0.7,2,CD74;TNF,"score=sender_ligand_expression*receiver_receptor_expression*receiver_target_program_score*lr_weight; curated prior baseline, not nichenetr package output"
Normal/Epithelial,B/Plasma,MIF,CD74,3661.64200457447,9.838805970149254,28.206092124814266,18.849182763744427,0.7,2,CD74;TNF,"score=sender_ligand_expression*receiver_receptor_expression*receiver_target_program_score*lr_weight; curated prior baseline, not nichenetr package output"
Perivascular,Endothelial,MIF,CD74,2462.7200211481286,1.9577724506730592,51.91479289940828,34.614946307253994,0.7,2,CD74;TNF,"score=sender_ligand_expression*receiver_receptor_expression*receiver_target_program_score*lr_weight; curated prior baseline, not nichenetr package output"
B/Plasma,Endothelial,MIF,CD74,2208.7420505867894,1.7558692421991084,51.91479289940828,34.614946307253994,0.7,2,CD74;TNF,"score=sender_ligand_expression*receiver_receptor_expression*receiver_target_program_score*lr_weight; curated prior baseline, not nichenetr package output"
T/NK,Endothelial,MIF,CD74,1532.4083619339901,1.21820866700744,51.91479289940828,34.614946307253994,0.7,2,CD74;TNF,"score=sender_ligand_expression*receiver_receptor_expression*receiver_target_program_score*lr_weight; curated prior baseline, not nichenetr package output"
Myeloid,B/Plasma,MIF,CD74,1124.6831110441817,3.022015503875969,28.206092124814266,18.849182763744427,0.7,2,CD74;TNF,"score=sender_ligand_expression*receiver_receptor_expression*receiver_target_program_score*lr_weight; curated prior baseline, not nichenetr package output"
CAF/Fibroblast,B/Plasma,MIF,CD74,1104.2032099092582,2.966986155484558,28.206092124814266,18.849182763744427,0.7,2,CD74;TNF,"score=sender_ligand_expression*receiver_receptor_expression*receiver_target_program_score*lr_weight; curated prior baseline, not nichenetr package output"
Endothelial,B/Plasma,MIF,CD74,1040.6379366513431,2.7961867192636425,28.206092124814266,18.849182763744427,0.7,2,CD74;TNF,"score=sender_ligand_expression*receiver_receptor_expression*receiver_target_program_score*lr_weight; curated prior baseline, not nichenetr package output"
Tumor/Malignant,Normal/Epithelial,MIF,CD74,975.1770926973796,17.950794234145942,10.658553386911596,7.281209337925755,0.7,2,CD74;TNF,"score=sender_ligand_expression*receiver_receptor_expression*receiver_target_program_score*lr_weight; curated prior baseline, not nichenetr package output"
Perivascular,B/Plasma,MIF,CD74,728.6109577252315,1.9577724506730592,28.206092124814266,18.849182763744427,0.7,2,CD74;TNF,"score=sender_ligand_expression*receiver_receptor_expression*receiver_target_program_score*lr_weight; curated prior baseline, not nichenetr package output"
T/NK,B/Plasma,MIF,CD74,453.37249651884827,1.21820866700744,28.206092124814266,18.849182763744427,0.7,2,CD74;TNF,"score=sender_ligand_expression*receiver_receptor_expression*receiver_target_program_score*lr_weight; curated prior baseline, not nichenetr package output"
Myeloid,CAF/Fibroblast,SPP1,CD44,258.86880812265105,18.20888888888889,1.0171915411532024,19.96620373388972,0.7,3,CD44;MMP2;COL1A1,"score=sender_ligand_expression*receiver_receptor_expression*receiver_target_program_score*lr_weight; curated prior baseline, not nichenetr package output"
Tumor/Malignant,T/NK,MIF,CD74,232.03889670082663,17.950794234145942,5.141051854376101,3.591923666723462,0.7,2,CD74;TNF,"score=sender_ligand_expression*receiver_receptor_expression*receiver_target_program_score*lr_weight; curated prior baseline, not nichenetr package output"
Myeloid,Normal/Epithelial,MIF,CD74,164.17102523243236,3.022015503875969,10.658553386911596,7.281209337925755,0.7,2,CD74;TNF,"score=sender_ligand_expression*receiver_receptor_expression*receiver_target_program_score*lr_weight; curated prior baseline, not nichenetr package output"
Normal/Epithelial,Tumor/Malignant,MIF,CD74,161.40871070796172,9.838805970149254,5.888194699661073,3.980195189676998,0.7,2,CD74;TNF,"score=sender_ligand_expression*receiver_receptor_expression*receiver_target_program_score*lr_weight; curated prior baseline, not nichenetr package output"
CAF/Fibroblast,Normal/Epithelial,MIF,CD74,161.18155528044053,2.966986155484558,10.658553386911596,7.281209337925755,0.7,2,CD74;TNF,"score=sender_ligand_expression*receiver_receptor_expression*receiver_target_program_score*lr_weight; curated prior baseline, not nichenetr package output"
Endothelial,Normal/Epithelial,MIF,CD74,151.90287404351594,2.7961867192636425,10.658553386911596,7.281209337925755,0.7,2,CD74;TNF,"score=sender_ligand_expression*receiver_receptor_expression*receiver_target_program_score*lr_weight; curated prior baseline, not nichenetr package output"
Normal/Epithelial,T/NK,MIF,CD74,127.1802045295718,9.838805970149254,5.141051854376101,3.591923666723462,0.7,2,CD74;TNF,"score=sender_ligand_expression*receiver_receptor_expression*receiver_target_program_score*lr_weight; curated prior baseline, not nichenetr package output"
Perivascular,Normal/Epithelial,MIF,CD74,106.35600975129847,1.9577724506730592,10.658553386911596,7.281209337925755,0.7,2,CD74;TNF,"score=sender_ligand_expression*receiver_receptor_expression*receiver_target_program_score*lr_weight; curated prior baseline, not nichenetr package output"
B/Plasma,Normal/Epithelial,MIF,CD74,95.38761574723964,1.7558692421991084,10.658553386911596,7.281209337925755,0.7,2,CD74;TNF,"score=sender_ligand_expression*receiver_receptor_expression*receiver_target_program_score*lr_weight; curated prior baseline, not nichenetr package output"
CAF/Fibroblast,T/NK,CXCL12,CXCR4,76.53738540727235,4.4272021907804655,5.004770829783609,3.838111262566025,0.9,3,CXCR4;CCL5;CCL2,"score=sender_ligand_expression*receiver_receptor_expression*receiver_target_program_score*lr_weight; curated prior baseline, not nichenetr package output"
T/NK,Normal/Epithelial,MIF,CD74,66.17919913155232,1.21820866700744,10.658553386911596,7.281209337925755,0.7,2,CD74;TNF,"score=sender_ligand_expression*receiver_receptor_expression*receiver_target_program_score*lr_weight; curated prior baseline, not nichenetr package output"
Tumor/Malignant,CAF/Fibroblast,MIF,CD74,53.0084351945706,17.950794234145942,2.5133120340788078,1.6784826816775702,0.7,2,CD74;TNF,"score=sender_ligand_expression*receiver_receptor_expression*receiver_target_program_score*lr_weight; curated prior baseline, not nichenetr package output"
Myeloid,Tumor/Malignant,MIF,CD74,49.5771161358406,3.022015503875969,5.888194699661073,3.980195189676998,0.7,2,CD74;TNF,"score=sender_ligand_expression*receiver_receptor_expression*receiver_target_program_score*lr_weight; curated prior baseline, not nichenetr package output"
CAF/Fibroblast,Tumor/Malignant,MIF,CD74,48.67434234378642,2.966986155484558,5.888194699661073,3.980195189676998,0.7,2,CD74;TNF,"score=sender_ligand_expression*receiver_receptor_expression*receiver_target_program_score*lr_weight; curated prior baseline, not nichenetr package output"
Endothelial,Tumor/Malignant,MIF,CD74,45.87232379867972,2.7961867192636425,5.888194699661073,3.980195189676998,0.7,2,CD74;TNF,"score=sender_ligand_expression*receiver_receptor_expression*receiver_target_program_score*lr_weight; curated prior baseline, not nichenetr package output"
Myeloid,Tumor/Malignant,SPP1,CD44,44.01585014569335,18.20888888888889,2.400179672506023,1.438745092548841,0.7,3,CD44;MMP2;COL1A1,"score=sender_ligand_expression*receiver_receptor_expression*receiver_target_program_score*lr_weight; curated prior baseline, not nichenetr package output"
Myeloid,T/NK,MIF,CD74,39.063739140762046,3.022015503875969,5.141051854376101,3.591923666723462,0.7,2,CD74;TNF,"score=sender_ligand_expression*receiver_receptor_expression*receiver_target_program_score*lr_weight; curated prior baseline, not nichenetr package output"
CAF/Fibroblast,T/NK,MIF,CD74,38.3524085377618,2.966986155484558,5.141051854376101,3.591923666723462,0.7,2,CD74;TNF,"score=sender_ligand_expression*receiver_receptor_expression*receiver_target_program_score*lr_weight; curated prior baseline, not nichenetr package output"
CAF/Fibroblast,Myeloid,CXCL12,CXCR4,36.94062397836164,4.4272021907804655,2.859018087855297,3.242764857881137,0.9,3,CXCR4;CCL2;CCL5,"score=sender_ligand_expression*receiver_receptor_expression*receiver_target_program_score*lr_weight; curated prior baseline, not nichenetr package output"
CAF/Fibroblast,Perivascular,COL1A1,ITGA1,36.83283479646405,74.88254982504183,1.1978609625668448,0.8212551478271558,0.5,2,ITGA1;MMP2,"score=sender_ligand_expression*receiver_receptor_expression*receiver_target_program_score*lr_weight; curated prior baseline, not nichenetr package output"
Endothelial,T/NK,MIF,CD74,36.144589083041716,2.7961867192636425,5.141051854376101,3.591923666723462,0.7,2,CD74;TNF,"score=sender_ligand_expression*receiver_receptor_expression*receiver_target_program_score*lr_weight; curated prior baseline, not nichenetr package output"
Endothelial,T/NK,CXCL12,CXCR4,35.580732638736414,2.058119658119658,5.004770829783609,3.838111262566025,0.9,3,CXCR4;CCL5;CCL2,"score=sender_ligand_expression*receiver_receptor_expression*receiver_target_program_score*lr_weight; curated prior baseline, not nichenetr package output"
Myeloid,Perivascular,SPP1,CD44,32.34327101699849,18.20888888888889,1.184768578277706,2.1417507441848214,0.7,3,CD44;MMP2;COL1A1,"score=sender_ligand_expression*receiver_receptor_expression*receiver_target_program_score*lr_weight; curated prior baseline, not nichenetr package output"
Perivascular,Tumor/Malignant,MIF,CD74,32.11787366083318,1.9577724506730592,5.888194699661073,3.980195189676998,0.7,2,CD74;TNF,"score=sender_ligand_expression*receiver_receptor_expression*receiver_target_program_score*lr_weight; curated prior baseline, not nichenetr package output"
Normal/Epithelial,CAF/Fibroblast,MIF,CD74,29.053851426169214,9.838805970149254,2.5133120340788078,1.6784826816775702,0.7,2,CD74;TNF,"score=sender_ligand_expression*receiver_receptor_expression*receiver_target_program_score*lr_weight; curated prior baseline, not nichenetr package output"
B/Plasma,Tumor/Malignant,MIF,CD74,28.80558793566944,1.7558692421991084,5.888194699661073,3.980195189676998,0.7,2,CD74;TNF,"score=sender_ligand_expression*receiver_receptor_expression*receiver_target_program_score*lr_weight; curated prior baseline, not nichenetr package output"
Perivascular,T/NK,MIF,CD74,25.306922552837328,1.9577724506730592,5.141051854376101,3.591923666723462,0.7,2,CD74;TNF,"score=sender_ligand_expression*receiver_receptor_expression*receiver_target_program_score*lr_weight; curated prior baseline, not nichenetr package output"
B/Plasma,T/NK,MIF,CD74,22.697043729451572,1.7558692421991084,5.141051854376101,3.591923666723462,0.7,2,CD74;TNF,"score=sender_ligand_expression*receiver_receptor_expression*receiver_target_program_score*lr_weight; curated prior baseline, not nichenetr package output"
T/NK,Tumor/Malignant,MIF,CD74,19.985096861499816,1.21820866700744,5.888194699661073,3.980195189676998,0.7,2,CD74;TNF,"score=sender_ligand_expression*receiver_receptor_expression*receiver_target_program_score*lr_weight; curated prior baseline, not nichenetr package output"
Endothelial,Myeloid,CXCL12,CXCR4,17.17297315930122,2.058119658119658,2.859018087855297,3.242764857881137,0.9,3,CXCR4;CCL2;CCL5,"score=sender_ligand_expression*receiver_receptor_expression*receiver_target_program_score*lr_weight; curated prior baseline, not nichenetr package output"
CAF/Fibroblast,B/Plasma,CXCL12,CXCR4,14.379677278337223,4.4272021907804655,2.6083209509658247,1.3836181277860327,0.9,3,CXCR4;CCL5;CCL2,"score=sender_ligand_expression*receiver_receptor_expression*receiver_target_program_score*lr_weight; curated prior baseline, not nichenetr package output"
Perivascular,T/NK,CXCL12,CXCR4,13.076764937331124,0.7564078923105292,5.004770829783609,3.838111262566025,0.9,3,CXCR4;CCL5;CCL2,"score=sender_ligand_expression*receiver_receptor_expression*receiver_target_program_score*lr_weight; curated prior baseline, not nichenetr package output"
Myeloid,Normal/Epithelial,SPP1,CD44,12.713395797254808,18.20888888888889,1.3809414466130885,0.722278716308567,0.7,3,CD44;MMP2;COL1A1,"score=sender_ligand_expression*receiver_receptor_expression*receiver_target_program_score*lr_weight; curated prior baseline, not nichenetr package output"
Tumor/Malignant,Perivascular,MIF,CD74,10.695151630057046,17.950794234145942,1.1211506546192145,0.7591738889913332,0.7,2,CD74;TNF,"score=sender_ligand_expression*receiver_receptor_expression*receiver_target_program_score*lr_weight; curated prior baseline, not nichenetr package output"
CAF/Fibroblast,Endothelial,COL1A1,ITGA1,10.169514825021993,74.88254982504183,0.4883629191321499,0.5561691869384177,0.5,2,ITGA1;MMP2,"score=sender_ligand_expression*receiver_receptor_expression*receiver_target_program_score*lr_weight; curated prior baseline, not nichenetr package output"
Endothelial,CAF/Fibroblast,SPP1,CD44,10.062860211788902,0.7078238001314925,1.0171915411532024,19.96620373388972,0.7,3,CD44;MMP2;COL1A1,"score=sender_ligand_expression*receiver_receptor_expression*receiver_target_program_score*lr_weight; curated prior baseline, not nichenetr package output"
Myeloid,T/NK,SPP1,CD44,9.039386089863783,18.20888888888889,1.2105412619980689,0.5858384246525326,0.7,3,CD44;MMP2;COL1A1,"score=sender_ligand_expression*receiver_receptor_expression*receiver_target_program_score*lr_weight; curated prior baseline, not nichenetr package output"
Myeloid,CAF/Fibroblast,TGFB1,TGFBR1,8.936406655260372,1.2690439276485788,0.2035600182565038,38.437158747062895,0.9,4,COL1A1;COL1A2;MMP2;MMP9,"score=sender_ligand_expression*receiver_receptor_expression*receiver_target_program_score*lr_weight; curated prior baseline, not nichenetr package output"
Myeloid,CAF/Fibroblast,MIF,CD74,8.923967981844484,3.022015503875969,2.5133120340788078,1.6784826816775702,0.7,2,CD74;TNF,"score=sender_ligand_expression*receiver_receptor_expression*receiver_target_program_score*lr_weight; curated prior baseline, not nichenetr package output"
Endothelial,CAF/Fibroblast,MIF,CD74,8.257098854047324,2.7961867192636425,2.5133120340788078,1.6784826816775702,0.7,2,CD74;TNF,"score=sender_ligand_expression*receiver_receptor_expression*receiver_target_program_score*lr_weight; curated prior baseline, not nichenetr package output"
Endothelial,CAF/Fibroblast,MMP2,ITGAV,6.793976985716269,0.6917817225509533,0.7710330138445154,25.474871950910288,0.5,2,ITGAV;COL1A1,"score=sender_ligand_expression*receiver_receptor_expression*receiver_target_program_score*lr_weight; curated prior baseline, not nichenetr package output"
Endothelial,B/Plasma,CXCL12,CXCR4,6.684830556325943,2.058119658119658,2.6083209509658247,1.3836181277860327,0.9,3,CXCR4;CCL5;CCL2,"score=sender_ligand_expression*receiver_receptor_expression*receiver_target_program_score*lr_weight; curated prior baseline, not nichenetr package output"
Perivascular,Myeloid,CXCL12,CXCR4,6.311475807971272,0.7564078923105292,2.859018087855297,3.242764857881137,0.9,3,CXCR4;CCL2;CCL5,"score=sender_ligand_expression*receiver_receptor_expression*receiver_target_program_score*lr_weight; curated prior baseline, not nichenetr package output"
Normal/Epithelial,Perivascular,MIF,CD74,5.86199810085803,9.838805970149254,1.1211506546192145,0.7591738889913332,0.7,2,CD74;TNF,"score=sender_ligand_expression*receiver_receptor_expression*receiver_target_program_score*lr_weight; curated prior baseline, not nichenetr package output"
Perivascular,CAF/Fibroblast,MIF,CD74,5.78127367087811,1.9577724506730592,2.5133120340788078,1.6784826816775702,0.7,2,CD74;TNF,"score=sender_ligand_expression*receiver_receptor_expression*receiver_target_program_score*lr_weight; curated prior baseline, not nichenetr package output"
B/Plasma,CAF/Fibroblast,MIF,CD74,5.185056422640209,1.7558692421991084,2.5133120340788078,1.6784826816775702,0.7,2,CD74;TNF,"score=sender_ligand_expression*receiver_receptor_expression*receiver_target_program_score*lr_weight; curated prior baseline, not nichenetr package output"
Endothelial,CAF/Fibroblast,TGFB1,TGFBR1,4.521408785710829,0.642077580539119,0.2035600182565038,38.437158747062895,0.9,4,COL1A1;COL1A2;MMP2;MMP9,"score=sender_ligand_expression*receiver_receptor_expression*receiver_target_program_score*lr_weight; curated prior baseline, not nichenetr package output"
Myeloid,T/NK,CXCL12,CXCR4,4.297425658464397,0.248578811369509,5.004770829783609,3.838111262566025,0.9,3,CXCR4;CCL5;CCL2,"score=sender_ligand_expression*receiver_receptor_expression*receiver_target_program_score*lr_weight; curated prior baseline, not nichenetr package output"
T/NK,CAF/Fibroblast,SPP1,CD44,3.708577503216543,0.2608621570966093,1.0171915411532024,19.96620373388972,0.7,3,CD44;MMP2;COL1A1,"score=sender_ligand_expression*receiver_receptor_expression*receiver_target_program_score*lr_weight; curated prior baseline, not nichenetr package output"
T/NK,CAF/Fibroblast,MIF,CD74,3.597352536953108,1.21820866700744,2.5133120340788078,1.6784826816775702,0.7,2,CD74;TNF,"score=sender_ligand_expression*receiver_receptor_expression*receiver_target_program_score*lr_weight; curated prior baseline, not nichenetr package output"
CAF/Fibroblast,Perivascular,MMP2,ITGAV,3.5644565320104804,5.784268979157158,0.4912410105107874,2.5088819226750263,0.5,2,ITGAV;COL1A1,"score=sender_ligand_expression*receiver_receptor_expression*receiver_target_program_score*lr_weight; curated prior baseline, not nichenetr package output"
Perivascular,CAF/Fibroblast,TGFB1,TGFBR1,3.521570188366744,0.5000921998893602,0.2035600182565038,38.437158747062895,0.9,4,COL1A1;COL1A2;MMP2;MMP9,"score=sender_ligand_expression*receiver_receptor_expression*receiver_target_program_score*lr_weight; curated prior baseline, not nichenetr package output"
Perivascular,CAF/Fibroblast,COL1A1,ITGA1,3.326282038332014,6.544163747003504,0.4554997717937015,2.231756174248187,0.5,2,ITGA1;MMP2,"score=sender_ligand_expression*receiver_receptor_expression*receiver_target_program_score*lr_weight; curated prior baseline, not nichenetr package output"
T/NK,CAF/Fibroblast,TGFB1,TGFBR1,2.9623969260331164,0.4206849548475038,0.2035600182565038,38.437158747062895,0.9,4,COL1A1;COL1A2;MMP2;MMP9,"score=sender_ligand_expression*receiver_receptor_expression*receiver_target_program_score*lr_weight; curated prior baseline, not nichenetr package output"
Endothelial,Myeloid,SPP1,CD44,2.8752306136738155,0.7078238001314925,3.398759689922481,1.7073754152823921,0.7,3,CD44;MMP2;COL1A1,"score=sender_ligand_expression*receiver_receptor_expression*receiver_target_program_score*lr_weight; curated prior baseline, not nichenetr package output"
Normal/Epithelial,CAF/Fibroblast,SPP1,CD44,2.8074147038637354,0.1974741676234213,1.0171915411532024,19.96620373388972,0.7,3,CD44;MMP2;COL1A1,"score=sender_ligand_expression*receiver_receptor_expression*receiver_target_program_score*lr_weight; curated prior baseline, not nichenetr package output"
Tumor/Malignant,Endothelial,VEGFA,FLT1,2.666031867361639,0.6991710563926661,1.8886259040105196,2.5237478716768655,0.8,5,FLT1;KDR;TEK;VWF;PECAM1,"score=sender_ligand_expression*receiver_receptor_expression*receiver_target_program_score*lr_weight; curated prior baseline, not nichenetr package output"
Perivascular,B/Plasma,CXCL12,CXCR4,2.4568341163327783,0.7564078923105292,2.6083209509658247,1.3836181277860327,0.9,3,CXCR4;CCL5;CCL2,"score=sender_ligand_expression*receiver_receptor_expression*receiver_target_program_score*lr_weight; curated prior baseline, not nichenetr package output"
Myeloid,Endothelial,VEGFA,FLT1,2.265020401911323,0.5940051679586563,1.8886259040105196,2.5237478716768655,0.8,5,FLT1;KDR;TEK;VWF;PECAM1,"score=sender_ligand_expression*receiver_receptor_expression*receiver_target_program_score*lr_weight; curated prior baseline, not nichenetr package output"
Myeloid,B/Plasma,SPP1,CD44,2.1794905230163213,18.20888888888889,0.5863298662704309,0.2916295195641407,0.7,3,CD44;MMP2;COL1A1,"score=sender_ligand_expression*receiver_receptor_expression*receiver_target_program_score*lr_weight; curated prior baseline, not nichenetr package output"
Myeloid,CAF/Fibroblast,MMP2,ITGAV,2.147927793372098,0.2187080103359173,0.7710330138445154,25.474871950910288,0.5,2,ITGAV;COL1A1,"score=sender_ligand_expression*receiver_receptor_expression*receiver_target_program_score*lr_weight; curated prior baseline, not nichenetr package output"
Tumor/Malignant,T/NK,CXCL12,CXCR4,2.00489463796128,0.1159704357058271,5.004770829783609,3.838111262566025,0.9,3,CXCR4;CCL5;CCL2,"score=sender_ligand_expression*receiver_receptor_expression*receiver_target_program_score*lr_weight; curated prior baseline, not nichenetr package output"
Myeloid,Perivascular,MIF,CD74,1.800528356614773,3.022015503875969,1.1211506546192145,0.7591738889913332,0.7,2,CD74;TNF,"score=sender_ligand_expression*receiver_receptor_expression*receiver_target_program_score*lr_weight; curated prior baseline, not nichenetr package output"
CAF/Fibroblast,Perivascular,MIF,CD74,1.76774166108072,2.966986155484558,1.1211506546192145,0.7591738889913332,0.7,2,CD74;TNF,"score=sender_ligand_expression*receiver_receptor_expression*receiver_target_program_score*lr_weight; curated prior baseline, not nichenetr package output"
Endothelial,Tumor/Malignant,SPP1,CD44,1.7110031538033117,0.7078238001314925,2.400179672506023,1.438745092548841,0.7,3,CD44;MMP2;COL1A1,"score=sender_ligand_expression*receiver_receptor_expression*receiver_target_program_score*lr_weight; curated prior baseline, not nichenetr package output"
Endothelial,Perivascular,MIF,CD74,1.6659787059221034,2.7961867192636425,1.1211506546192145,0.7591738889913332,0.7,2,CD74;TNF,"score=sender_ligand_expression*receiver_receptor_expression*receiver_target_program_score*lr_weight; curated prior baseline, not nichenetr package output"
B/Plasma,CAF/Fibroblast,TGFB1,TGFBR1,1.6322842950575749,0.2317979197622585,0.2035600182565038,38.437158747062895,0.9,4,COL1A1;COL1A2;MMP2;MMP9,"score=sender_ligand_expression*receiver_receptor_expression*receiver_target_program_score*lr_weight; curated prior baseline, not nichenetr package output"
Tumor/Malignant,CAF/Fibroblast,TGFB1,TGFBR1,1.5519139422897668,0.2203846625015313,0.2035600182565038,38.437158747062895,0.9,4,COL1A1;COL1A2;MMP2;MMP9,"score=sender_ligand_expression*receiver_receptor_expression*receiver_target_program_score*lr_weight; curated prior baseline, not nichenetr package output"
Tumor/Malignant,CAF/Fibroblast,MMP2,ITGAV,1.506694253279713,0.1534158193474621,0.7710330138445154,25.474871950910288,0.5,2,ITGAV;COL1A1,"score=sender_ligand_expression*receiver_receptor_expression*receiver_target_program_score*lr_weight; curated prior baseline, not nichenetr package output"
Myeloid,Endothelial,TNF,TNFRSF1A,1.4797519050253853,1.0140568475452196,1.6719263642340565,1.246841989918913,0.7,4,TNFRSF1A;CCL2;CCL5;MMP9,"score=sender_ligand_expression*receiver_receptor_expression*receiver_target_program_score*lr_weight; curated prior baseline, not nichenetr package output"
T/NK,Myeloid,IFNG,IFNGR1,1.4302397121483519,1.1781961719770546,1.3686821705426355,1.2670407284360772,0.7,3,IFNGR1;TNF;CCL5,"score=sender_ligand_expression*receiver_receptor_expression*receiver_target_program_score*lr_weight; curated prior baseline, not nichenetr package output"
Tumor/Malignant,CAF/Fibroblast,SPP1,CD44,1.3984985714564633,0.098370697047654,1.0171915411532024,19.96620373388972,0.7,3,CD44;MMP2;COL1A1,"score=sender_ligand_expression*receiver_receptor_expression*receiver_target_program_score*lr_weight; curated prior baseline, not nichenetr package output"
Tumor/Malignant,Endothelial,VEGFA,KDR,1.3285611007895937,0.6991710563926661,0.7529257067718607,2.5237478716768655,1.0,5,FLT1;KDR;TEK;VWF;PECAM1,"score=sender_ligand_expression*receiver_receptor_expression*receiver_target_program_score*lr_weight; curated prior baseline, not nichenetr package output"
Endothelial,Perivascular,SPP1,CD44,1.2572616121516458,0.7078238001314925,1.184768578277706,2.1417507441848214,0.7,3,CD44;MMP2;COL1A1,"score=sender_ligand_expression*receiver_receptor_expression*receiver_target_program_score*lr_weight; curated prior baseline, not nichenetr package output"
Myeloid,Perivascular,TNF,TNFRSF1A,1.244741854918789,1.0140568475452196,0.8709201548958141,2.013448890527998,0.7,4,TNFRSF1A;CCL2;CCL5;MMP9,"score=sender_ligand_expression*receiver_receptor_expression*receiver_target_program_score*lr_weight; curated prior baseline, not nichenetr package output"
Myeloid,CAF/Fibroblast,TNF,TNFRSF1A,1.142128097571609,1.0140568475452196,1.1098432983417008,1.4497489730716566,0.7,4,TNFRSF1A;CCL2;CCL5;MMP9,"score=sender_ligand_expression*receiver_receptor_expression*receiver_target_program_score*lr_weight; curated prior baseline, not nichenetr package output"
Myeloid,Endothelial,VEGFA,KDR,1.1287254422251822,0.5940051679586563,0.7529257067718607,2.5237478716768655,1.0,5,FLT1;KDR;TEK;VWF;PECAM1,"score=sender_ligand_expression*receiver_receptor_expression*receiver_target_program_score*lr_weight; curated prior baseline, not nichenetr package output"
Normal/Epithelial,Myeloid,TNF,TNFRSF1A,1.0921624666177465,0.5265212399540757,1.129405684754522,2.6237553832902667,0.7,4,TNFRSF1A;CCL2;CCL5;MMP9,"score=sender_ligand_expression*receiver_receptor_expression*receiver_target_program_score*lr_weight; curated prior baseline, not nichenetr package output"
T/NK,Myeloid,SPP1,CD44,1.0596406335783346,0.2608621570966093,3.398759689922481,1.7073754152823921,0.7,3,CD44;MMP2;COL1A1,"score=sender_ligand_expression*receiver_receptor_expression*receiver_target_program_score*lr_weight; curated prior baseline, not nichenetr package output"
B/Plasma,Perivascular,MIF,CD74,1.0461535875750236,1.7558692421991084,1.1211506546192145,0.7591738889913332,0.7,2,CD74;TNF,"score=sender_ligand_expression*receiver_receptor_expression*receiver_target_program_score*lr_weight; curated prior baseline, not nichenetr package output"
T/NK,Myeloid,TNF,TNFRSF1A,1.024013554953291,0.4936672914181859,1.129405684754522,2.6237553832902667,0.7,4,TNFRSF1A;CCL2;CCL5;MMP9,"score=sender_ligand_expression*receiver_receptor_expression*receiver_target_program_score*lr_weight; curated prior baseline, not nichenetr package output"
Tumor/Malignant,Myeloid,CXCL12,CXCR4,0.967658596423964,0.1159704357058271,2.859018087855297,3.242764857881137,0.9,3,CXCR4;CCL2;CCL5,"score=sender_ligand_expression*receiver_receptor_expression*receiver_target_program_score*lr_weight; curated prior baseline, not nichenetr package output"
Perivascular,Endothelial,COL1A1,ITGA1,0.888738035737506,6.544163747003504,0.4883629191321499,0.5561691869384177,0.5,2,ITGA1;MMP2,"score=sender_ligand_expression*receiver_receptor_expression*receiver_target_program_score*lr_weight; curated prior baseline, not nichenetr package output"
Normal/Epithelial,Endothelial,VEGFA,FLT1,0.8799536502720635,0.2307692307692307,1.8886259040105196,2.5237478716768655,0.8,5,FLT1;KDR;TEK;VWF;PECAM1,"score=sender_ligand_expression*receiver_receptor_expression*receiver_target_program_score*lr_weight; curated prior baseline, not nichenetr package output"
Myeloid,Endothelial,SPP1,CD44,0.8747185302637286,18.20888888888889,0.1817225509533201,0.37764002379386985,0.7,3,CD44;MMP2;COL1A1,"score=sender_ligand_expression*receiver_receptor_expression*receiver_target_program_score*lr_weight; curated prior baseline, not nichenetr package output"
CAF/Fibroblast,Endothelial,VEGFA,FLT1,0.8516169918247407,0.2233378974593032,1.8886259040105196,2.5237478716768655,0.8,5,FLT1;KDR;TEK;VWF;PECAM1,"score=sender_ligand_expression*receiver_receptor_expression*receiver_target_program_score*lr_weight; curated prior baseline, not nichenetr package output"
Myeloid,B/Plasma,CXCL12,CXCR4,0.8073909732810424,0.248578811369509,2.6083209509658247,1.3836181277860327,0.9,3,CXCR4;CCL5;CCL2,"score=sender_ligand_expression*receiver_receptor_expression*receiver_target_program_score*lr_weight; curated prior baseline, not nichenetr package output"
Normal/Epithelial,Myeloid,SPP1,CD44,0.8021541124431508,0.1974741676234213,3.398759689922481,1.7073754152823921,0.7,3,CD44;MMP2;COL1A1,"score=sender_ligand_expression*receiver_receptor_expression*receiver_target_program_score*lr_weight; curated prior baseline, not nichenetr package output"
Normal/Epithelial,Endothelial,TNF,TNFRSF1A,0.7683206417317038,0.5265212399540757,1.6719263642340565,1.246841989918913,0.7,4,TNFRSF1A;CCL2;CCL5;MMP9,"score=sender_ligand_expression*receiver_receptor_expression*receiver_target_program_score*lr_weight; curated prior baseline, not nichenetr package output"
Normal/Epithelial,T/NK,CXCL12,CXCR4,0.7304221407466092,0.0422502870264064,5.004770829783609,3.838111262566025,0.9,3,CXCR4;CCL5;CCL2,"score=sender_ligand_expression*receiver_receptor_expression*receiver_target_program_score*lr_weight; curated prior baseline, not nichenetr package output"
T/NK,Perivascular,MIF,CD74,0.7258133674058088,1.21820866700744,1.1211506546192145,0.7591738889913332,0.7,2,CD74;TNF,"score=sender_ligand_expression*receiver_receptor_expression*receiver_target_program_score*lr_weight; curated prior baseline, not nichenetr package output"
T/NK,Endothelial,TNF,TNFRSF1A,0.7203788591272318,0.4936672914181859,1.6719263642340565,1.246841989918913,0.7,4,TNFRSF1A;CCL2;CCL5;MMP9,"score=sender_ligand_expression*receiver_receptor_expression*receiver_target_program_score*lr_weight; curated prior baseline, not nichenetr package output"
CAF/Fibroblast,Myeloid,CSF1,CSF1R,0.6799872763001285,0.2995588011562452,2.0487855297157624,1.3849440137812232,0.8,2,CSF1R;CCR2,"score=sender_ligand_expression*receiver_receptor_expression*receiver_target_program_score*lr_weight; curated prior baseline, not nichenetr package output"
Perivascular,CAF/Fibroblast,MMP2,ITGAV,0.6682542811008078,0.0680435183477779,0.7710330138445154,25.474871950910288,0.5,2,ITGAV;COL1A1,"score=sender_ligand_expression*receiver_receptor_expression*receiver_target_program_score*lr_weight; curated prior baseline, not nichenetr package output"
CAF/Fibroblast,Perivascular,CXCL12,CXCR4,0.6667081818191639,4.4272021907804655,0.0966254840494191,1.7316983219620137,0.9,3,CXCR4;CCL2;CCL5,"score=sender_ligand_expression*receiver_receptor_expression*receiver_target_program_score*lr_weight; curated prior baseline, not nichenetr package output"
Perivascular,Myeloid,CSF1,CSF1R,0.6626130927544127,0.2919048497141803,2.0487855297157624,1.3849440137812232,0.8,2,CSF1R;CCR2,"score=sender_ligand_expression*receiver_receptor_expression*receiver_target_program_score*lr_weight; curated prior baseline, not nichenetr package output"
Normal/Epithelial,Perivascular,TNF,TNFRSF1A,0.6462981108614344,0.5265212399540757,0.8709201548958141,2.013448890527998,0.7,4,TNFRSF1A;CCL2;CCL5;MMP9,"score=sender_ligand_expression*receiver_receptor_expression*receiver_target_program_score*lr_weight; curated prior baseline, not nichenetr package output"
CAF/Fibroblast,Tumor/Malignant,MMP2,ITGAV,0.6335702803145246,5.784268979157158,0.3667769202499081,0.5972749669919827,0.5,2,ITGAV;COL1A1,"score=sender_ligand_expression*receiver_receptor_expression*receiver_target_program_score*lr_weight; curated prior baseline, not nichenetr package output"
T/NK,Tumor/Malignant,SPP1,CD44,0.6305749727789849,0.2608621570966093,2.400179672506023,1.438745092548841,0.7,3,CD44;MMP2;COL1A1,"score=sender_ligand_expression*receiver_receptor_expression*receiver_target_program_score*lr_weight; curated prior baseline, not nichenetr package output"
CAF/Fibroblast,Endothelial,CXCL12,CXCR4,0.6231730795797972,4.4272021907804655,0.1889546351084812,0.8277120315581853,0.9,3,CXCR4;CCL2;CCL5,"score=sender_ligand_expression*receiver_receptor_expression*receiver_target_program_score*lr_weight; curated prior baseline, not nichenetr package output"
T/NK,Perivascular,TNF,TNFRSF1A,0.6059703077989473,0.4936672914181859,0.8709201548958141,2.013448890527998,0.7,4,TNFRSF1A;CCL2;CCL5;MMP9,"score=sender_ligand_expression*receiver_receptor_expression*receiver_target_program_score*lr_weight; curated prior baseline, not nichenetr package output"
Normal/Epithelial,CAF/Fibroblast,TNF,TNFRSF1A,0.5930187282651105,0.5265212399540757,1.1098432983417008,1.4497489730716566,0.7,4,TNFRSF1A;CCL2;CCL5;MMP9,"score=sender_ligand_expression*receiver_receptor_expression*receiver_target_program_score*lr_weight; curated prior baseline, not nichenetr package output"
Perivascular,Endothelial,VEGFA,FLT1,0.563918910672846,0.1478886225336529,1.8886259040105196,2.5237478716768655,0.8,5,FLT1;KDR;TEK;VWF;PECAM1,"score=sender_ligand_expression*receiver_receptor_expression*receiver_target_program_score*lr_weight; curated prior baseline, not nichenetr package output"
T/NK,CAF/Fibroblast,TNF,TNFRSF1A,0.5560154598291778,0.4936672914181859,1.1098432983417008,1.4497489730716566,0.7,4,TNFRSF1A;CCL2;CCL5;MMP9,"score=sender_ligand_expression*receiver_receptor_expression*receiver_target_program_score*lr_weight; curated prior baseline, not nichenetr package output"
Tumor/Malignant,CAF/Fibroblast,COL1A1,ITGA1,0.5379003576675702,1.058271060476132,0.4554997717937015,2.231756174248187,0.5,2,ITGA1;MMP2,"score=sender_ligand_expression*receiver_receptor_expression*receiver_target_program_score*lr_weight; curated prior baseline, not nichenetr package output"
CAF/Fibroblast,Myeloid,MMP2,ITGAV,0.5270453766532088,5.784268979157158,0.4958139534883721,0.3675452196382429,0.5,2,ITGAV;COL1A1,"score=sender_ligand_expression*receiver_receptor_expression*receiver_target_program_score*lr_weight; curated prior baseline, not nichenetr package output"
Tumor/Malignant,Perivascular,COL1A1,ITGA1,0.5205368037208716,1.058271060476132,1.1978609625668448,0.8212551478271558,0.5,2,ITGA1;MMP2,"score=sender_ligand_expression*receiver_receptor_expression*receiver_target_program_score*lr_weight; curated prior baseline, not nichenetr package output"
Normal/Epithelial,CAF/Fibroblast,MMP2,ITGAV,0.49837827471556545,0.0507462686567164,0.7710330138445154,25.474871950910288,0.5,2,ITGAV;COL1A1,"score=sender_ligand_expression*receiver_receptor_expression*receiver_target_program_score*lr_weight; curated prior baseline, not nichenetr package output"
Endothelial,Normal/Epithelial,SPP1,CD44,0.49420061711067725,0.7078238001314925,1.3809414466130885,0.722278716308567,0.7,3,CD44;MMP2;COL1A1,"score=sender_ligand_expression*receiver_receptor_expression*receiver_target_program_score*lr_weight; curated prior baseline, not nichenetr package output"
Normal/Epithelial,CAF/Fibroblast,TGFB1,TGFBR1,0.49317147373339376,0.0700344431687715,0.2035600182565038,38.437158747062895,0.9,4,COL1A1;COL1A2;MMP2;MMP9,"score=sender_ligand_expression*receiver_receptor_expression*receiver_target_program_score*lr_weight; curated prior baseline, not nichenetr package output"
CAF/Fibroblast,Endothelial,MMP2,ITGAV,0.4914228730760424,5.784268979157158,0.4161735700197239,0.4082840236686391,0.5,2,ITGAV;COL1A1,"score=sender_ligand_expression*receiver_receptor_expression*receiver_target_program_score*lr_weight; curated prior baseline, not nichenetr package output"
Normal/Epithelial,Tumor/Malignant,SPP1,CD44,0.4773489158397753,0.1974741676234213,2.400179672506023,1.438745092548841,0.7,3,CD44;MMP2;COL1A1,"score=sender_ligand_expression*receiver_receptor_expression*receiver_target_program_score*lr_weight; curated prior baseline, not nichenetr package output"
Endothelial,Myeloid,IL6,IL6R,0.47388936181742963,1.2798159105851414,0.4535400516795865,1.1663147532914975,0.7,3,IL6R;TNF;MMP9,"score=sender_ligand_expression*receiver_receptor_expression*receiver_target_program_score*lr_weight; curated prior baseline, not nichenetr package output"
CAF/Fibroblast,Normal/Epithelial,MMP2,ITGAV,0.4722508122816273,5.784268979157158,0.4450057405281286,0.3669345579793341,0.5,2,ITGAV;COL1A1,"score=sender_ligand_expression*receiver_receptor_expression*receiver_target_program_score*lr_weight; curated prior baseline, not nichenetr package output"
T/NK,Perivascular,SPP1,CD44,0.463352568986394,0.2608621570966093,1.184768578277706,2.1417507441848214,0.7,3,CD44;MMP2;COL1A1,"score=sender_ligand_expression*receiver_receptor_expression*receiver_target_program_score*lr_weight; curated prior baseline, not nichenetr package output"
CAF/Fibroblast,Normal/Epithelial,CXCL12,CXCR4,0.4462751006540988,4.4272021907804655,0.2220436280137772,0.5044202066590125,0.9,3,CXCR4;CCL2;CCL5,"score=sender_ligand_expression*receiver_receptor_expression*receiver_target_program_score*lr_weight; curated prior baseline, not nichenetr package output"
Normal/Epithelial,Endothelial,VEGFA,KDR,0.4385064576914498,0.2307692307692307,0.7529257067718607,2.5237478716768655,1.0,5,FLT1;KDR;TEK;VWF;PECAM1,"score=sender_ligand_expression*receiver_receptor_expression*receiver_target_program_score*lr_weight; curated prior baseline, not nichenetr package output"
Endothelial,Myeloid,CSF1,CSF1R,0.4378744431232513,0.1928994082840236,2.0487855297157624,1.3849440137812232,0.8,2,CSF1R;CCR2,"score=sender_ligand_expression*receiver_receptor_expression*receiver_target_program_score*lr_weight; curated prior baseline, not nichenetr package output"
Endothelial,Perivascular,MMP2,ITGAV,0.42629861933417723,0.6917817225509533,0.4912410105107874,2.5088819226750263,0.5,2,ITGAV;COL1A1,"score=sender_ligand_expression*receiver_receptor_expression*receiver_target_program_score*lr_weight; curated prior baseline, not nichenetr package output"
CAF/Fibroblast,Endothelial,VEGFA,KDR,0.4243854778935864,0.2233378974593032,0.7529257067718607,2.5237478716768655,1.0,5,FLT1;KDR;TEK;VWF;PECAM1,"score=sender_ligand_expression*receiver_receptor_expression*receiver_target_program_score*lr_weight; curated prior baseline, not nichenetr package output"
B/Plasma,CAF/Fibroblast,SPP1,CD44,0.4161476440027872,0.0292719167904903,1.0171915411532024,19.96620373388972,0.7,3,CD44;MMP2;COL1A1,"score=sender_ligand_expression*receiver_receptor_expression*receiver_target_program_score*lr_weight; curated prior baseline, not nichenetr package output"
Tumor/Malignant,Myeloid,SPP1,CD44,0.39958876713004604,0.098370697047654,3.398759689922481,1.7073754152823921,0.7,3,CD44;MMP2;COL1A1,"score=sender_ligand_expression*receiver_receptor_expression*receiver_target_program_score*lr_weight; curated prior baseline, not nichenetr package output"
Myeloid,Normal/Epithelial,TNF,TNFRSF1A,0.3829560164277297,1.0140568475452196,0.8342135476463834,0.6467125908916953,0.7,4,TNFRSF1A;CCL2;CCL5;MMP9,"score=sender_ligand_expression*receiver_receptor_expression*receiver_target_program_score*lr_weight; curated prior baseline, not nichenetr package output"
Tumor/Malignant,B/Plasma,CXCL12,CXCR4,0.3766752380884524,0.1159704357058271,2.6083209509658247,1.3836181277860327,0.9,3,CXCR4;CCL5;CCL2,"score=sender_ligand_expression*receiver_receptor_expression*receiver_target_program_score*lr_weight; curated prior baseline, not nichenetr package output"
Normal/Epithelial,Myeloid,CSF1,CSF1R,0.36434072563510533,0.1605051664753157,2.0487855297157624,1.3849440137812232,0.8,2,CSF1R;CCR2,"score=sender_ligand_expression*receiver_receptor_expression*receiver_target_program_score*lr_weight; curated prior baseline, not nichenetr package output"
Normal/Epithelial,Myeloid,CXCL12,CXCR4,0.3525368616031488,0.0422502870264064,2.859018087855297,3.242764857881137,0.9,3,CXCR4;CCL2;CCL5,"score=sender_ligand_expression*receiver_receptor_expression*receiver_target_program_score*lr_weight; curated prior baseline, not nichenetr package output"
Endothelial,T/NK,SPP1,CD44,0.3513829235834038,0.7078238001314925,1.2105412619980689,0.5858384246525326,0.7,3,CD44;MMP2;COL1A1,"score=sender_ligand_expression*receiver_receptor_expression*receiver_target_program_score*lr_weight; curated prior baseline, not nichenetr package output"
Normal/Epithelial,Perivascular,SPP1,CD44,0.35076058518858033,0.1974741676234213,1.184768578277706,2.1417507441848214,0.7,3,CD44;MMP2;COL1A1,"score=sender_ligand_expression*receiver_receptor_expression*receiver_target_program_score*lr_weight; curated prior baseline, not nichenetr package output"
T/NK,Normal/Epithelial,IFNG,IFNGR1,0.350521517445169,1.1781961719770546,0.7862227324913892,0.5405718659450003,0.7,3,IFNGR1;TNF;CCL5,"score=sender_ligand_expression*receiver_receptor_expression*receiver_target_program_score*lr_weight; curated prior baseline, not nichenetr package output"
Tumor/Malignant,Myeloid,TNF,TNFRSF1A,0.34059194598501635,0.1641961697088488,1.129405684754522,2.6237553832902667,0.7,4,TNFRSF1A;CCL2;CCL5;MMP9,"score=sender_ligand_expression*receiver_receptor_expression*receiver_target_program_score*lr_weight; curated prior baseline, not nichenetr package output"
T/NK,Endothelial,IFNG,IFNGR1,0.3207777500053626,1.1781961719770546,0.8756081525312295,0.4442002442002442,0.7,3,IFNGR1;TNF;CCL5,"score=sender_ligand_expression*receiver_receptor_expression*receiver_target_program_score*lr_weight; curated prior baseline, not nichenetr package output"
Perivascular,CAF/Fibroblast,SPP1,CD44,0.3198280163965358,0.0224967730038723,1.0171915411532024,19.96620373388972,0.7,3,CD44;MMP2;COL1A1,"score=sender_ligand_expression*receiver_receptor_expression*receiver_target_program_score*lr_weight; curated prior baseline, not nichenetr package output"
Endothelial,Perivascular,CXCL12,CXCR4,0.3099395862444988,2.058119658119658,0.0966254840494191,1.7316983219620137,0.9,3,CXCR4;CCL2;CCL5,"score=sender_ligand_expression*receiver_receptor_expression*receiver_target_program_score*lr_weight; curated prior baseline, not nichenetr package output"
T/NK,Myeloid,CSF1,CSF1R,0.3087082100919629,0.1359970466291815,2.0487855297157624,1.3849440137812232,0.8,2,CSF1R;CCR2,"score=sender_ligand_expression*receiver_receptor_expression*receiver_target_program_score*lr_weight; curated prior baseline, not nichenetr package output"
Tumor/Malignant,Myeloid,CSF1,CSF1R,0.2921688156951881,0.1287108497692841,2.0487855297157624,1.3849440137812232,0.8,2,CSF1R;CCR2,"score=sender_ligand_expression*receiver_receptor_expression*receiver_target_program_score*lr_weight; curated prior baseline, not nichenetr package output"
CAF/Fibroblast,Tumor/Malignant,CXCL12,CXCR4,0.28157047203247454,4.4272021907804655,0.2770223365592715,0.2550941238923598,0.9,3,CXCR4;CCL2;CCL5,"score=sender_ligand_expression*receiver_receptor_expression*receiver_target_program_score*lr_weight; curated prior baseline, not nichenetr package output"
Myeloid,Perivascular,TGFB1,TGFBR1,0.2812871848567492,1.2690439276485788,0.0608519269776876,4.04721658778454,0.9,4,COL1A2;COL1A1;MMP9;MMP2,"score=sender_ligand_expression*receiver_receptor_expression*receiver_target_program_score*lr_weight; curated prior baseline, not nichenetr package output"
Perivascular,Endothelial,VEGFA,KDR,0.28101716933376697,0.1478886225336529,0.7529257067718607,2.5237478716768655,1.0,5,FLT1;KDR;TEK;VWF;PECAM1,"score=sender_ligand_expression*receiver_receptor_expression*receiver_target_program_score*lr_weight; curated prior baseline, not nichenetr package output"
B/Plasma,Myeloid,TNF,TNFRSF1A,0.28078549230661826,0.1353640416047548,1.129405684754522,2.6237553832902667,0.7,4,TNFRSF1A;CCL2;CCL5;MMP9,"score=sender_ligand_expression*receiver_receptor_expression*receiver_target_program_score*lr_weight; curated prior baseline, not nichenetr package output"
T/NK,Myeloid,CCL5,CCR5,0.2499912778515348,5.303402056000454,0.1111111111111111,0.5303014642549525,0.8,2,CCR5;IFNGR1,"score=sender_ligand_expression*receiver_receptor_expression*receiver_target_program_score*lr_weight; curated prior baseline, not nichenetr package output"
Myeloid,Tumor/Malignant,TNF,TNFRSF1A,0.24682098114238338,1.0140568475452196,0.863571399403814,0.40264608599779494,0.7,4,TNFRSF1A;CCL2;CCL5;MMP9,"score=sender_ligand_expression*receiver_receptor_expression*receiver_target_program_score*lr_weight; curated prior baseline, not nichenetr package output"
Perivascular,Myeloid,CCL2,CCR2,0.24431510748053015,6.632860040567952,0.0572609819121447,0.8040826873385013,0.8,2,CCR2;CSF1R,"score=sender_ligand_expression*receiver_receptor_expression*receiver_target_program_score*lr_weight; curated prior baseline, not nichenetr package output"
Tumor/Malignant,Endothelial,TNF,TNFRSF1A,0.23960155243042794,0.1641961697088488,1.6719263642340565,1.246841989918913,0.7,4,TNFRSF1A;CCL2;CCL5;MMP9,"score=sender_ligand_expression*receiver_receptor_expression*receiver_target_program_score*lr_weight; curated prior baseline, not nichenetr package output"
Perivascular,Myeloid,IL6,IL6R,0.2126904063836565,0.5744053107136271,0.4535400516795865,1.1663147532914975,0.7,3,IL6R;TNF;MMP9,"score=sender_ligand_expression*receiver_receptor_expression*receiver_target_program_score*lr_weight; curated prior baseline, not nichenetr package output"
Endothelial,Normal/Epithelial,CXCL12,CXCR4,0.20746456068761812,2.058119658119658,0.2220436280137772,0.5044202066590125,0.9,3,CXCR4;CCL2;CCL5,"score=sender_ligand_expression*receiver_receptor_expression*receiver_target_program_score*lr_weight; curated prior baseline, not nichenetr package output"
Tumor/Malignant,Perivascular,TNF,TNFRSF1A,0.20154870542880363,0.1641961697088488,0.8709201548958141,2.013448890527998,0.7,4,TNFRSF1A;CCL2;CCL5;MMP9,"score=sender_ligand_expression*receiver_receptor_expression*receiver_target_program_score*lr_weight; curated prior baseline, not nichenetr package output"
T/NK,CAF/Fibroblast,IFNG,IFNGR1,0.19966477192978513,1.1781961719770546,0.5779704853187281,0.4188708497243412,0.7,3,IFNGR1;TNF;CCL5,"score=sender_ligand_expression*receiver_receptor_expression*receiver_target_program_score*lr_weight; curated prior baseline, not nichenetr package output"
Endothelial,CAF/Fibroblast,COL1A1,ITGA1,0.19950327533114146,0.3925049309664694,0.4554997717937015,2.231756174248187,0.5,2,ITGA1;MMP2,"score=sender_ligand_expression*receiver_receptor_expression*receiver_target_program_score*lr_weight; curated prior baseline, not nichenetr package output"
B/Plasma,Endothelial,TNF,TNFRSF1A,0.19752856944998765,0.1353640416047548,1.6719263642340565,1.246841989918913,0.7,4,TNFRSF1A;CCL2;CCL5;MMP9,"score=sender_ligand_expression*receiver_receptor_expression*receiver_target_program_score*lr_weight; curated prior baseline, not nichenetr package output"
Endothelial,Perivascular,COL1A1,ITGA1,0.19306326123861284,0.3925049309664694,1.1978609625668448,0.8212551478271558,0.5,2,ITGA1;MMP2,"score=sender_ligand_expression*receiver_receptor_expression*receiver_target_program_score*lr_weight; curated prior baseline, not nichenetr package output"
B/Plasma,T/NK,CXCL12,CXCR4,0.19009072234834953,0.0109955423476968,5.004770829783609,3.838111262566025,0.9,3,CXCR4;CCL5;CCL2,"score=sender_ligand_expression*receiver_receptor_expression*receiver_target_program_score*lr_weight; curated prior baseline, not nichenetr package output"
T/NK,Normal/Epithelial,TNF,TNFRSF1A,0.18643221020579445,0.4936672914181859,0.8342135476463834,0.6467125908916953,0.7,4,TNFRSF1A;CCL2;CCL5;MMP9,"score=sender_ligand_expression*receiver_receptor_expression*receiver_target_program_score*lr_weight; curated prior baseline, not nichenetr package output"
Tumor/Malignant,CAF/Fibroblast,TNF,TNFRSF1A,0.18493347724250725,0.1641961697088488,1.1098432983417008,1.4497489730716566,0.7,4,TNFRSF1A;CCL2;CCL5;MMP9,"score=sender_ligand_expression*receiver_receptor_expression*receiver_target_program_score*lr_weight; curated prior baseline, not nichenetr package output"
T/NK,Normal/Epithelial,SPP1,CD44,0.18213323569229745,0.2608621570966093,1.3809414466130885,0.722278716308567,0.7,3,CD44;MMP2;COL1A1,"score=sender_ligand_expression*receiver_receptor_expression*receiver_target_program_score*lr_weight; curated prior baseline, not nichenetr package output"
Tumor/Malignant,Perivascular,SPP1,CD44,0.17472950349456887,0.098370697047654,1.184768578277706,2.1417507441848214,0.7,3,CD44;MMP2;COL1A1,"score=sender_ligand_expression*receiver_receptor_expression*receiver_target_program_score*lr_weight; curated prior baseline, not nichenetr package output"
CAF/Fibroblast,Myeloid,SPP1,CD44,0.16871221887201462,0.0415335463258785,3.398759689922481,1.7073754152823921,0.7,3,CD44;MMP2;COL1A1,"score=sender_ligand_expression*receiver_receptor_expression*receiver_target_program_score*lr_weight; curated prior baseline, not nichenetr package output"
B/Plasma,Perivascular,TNF,TNFRSF1A,0.16615763568313463,0.1353640416047548,0.8709201548958141,2.013448890527998,0.7,4,TNFRSF1A;CCL2;CCL5;MMP9,"score=sender_ligand_expression*receiver_receptor_expression*receiver_target_program_score*lr_weight; curated prior baseline, not nichenetr package output"
Endothelial,CAF/Fibroblast,CXCL12,CXCR4,0.15981466365771602,2.058119658119658,0.0813935797961357,1.0600182565038794,0.9,3,CXCR4;CCL2;CCL5,"score=sender_ligand_expression*receiver_receptor_expression*receiver_target_program_score*lr_weight; curated prior baseline, not nichenetr package output"
B/Plasma,CAF/Fibroblast,TNF,TNFRSF1A,0.15245996877975673,0.1353640416047548,1.1098432983417008,1.4497489730716566,0.7,4,TNFRSF1A;CCL2;CCL5;MMP9,"score=sender_ligand_expression*receiver_receptor_expression*receiver_target_program_score*lr_weight; curated prior baseline, not nichenetr package output"
Endothelial,Myeloid,TGFB1,TGFBR1,0.15126511809225,0.642077580539119,0.3615503875968992,0.7240022968705141,0.9,4,COL1A1;COL1A2;MMP9;MMP2,"score=sender_ligand_expression*receiver_receptor_expression*receiver_target_program_score*lr_weight; curated prior baseline, not nichenetr package output"
T/NK,Tumor/Malignant,IFNG,IFNGR1,0.148335423517463,1.1781961719770546,0.5238270243782923,0.3433533812071114,0.7,3,IFNGR1;TNF;CCL5,"score=sender_ligand_expression*receiver_receptor_expression*receiver_target_program_score*lr_weight; curated prior baseline, not nichenetr package output"
Tumor/Malignant,Endothelial,COL1A1,ITGA1,0.1437197753488459,1.058271060476132,0.4883629191321499,0.5561691869384177,0.5,2,ITGA1;MMP2,"score=sender_ligand_expression*receiver_receptor_expression*receiver_target_program_score*lr_weight; curated prior baseline, not nichenetr package output"
Endothelial,Perivascular,TGFB1,TGFBR1,0.1423183162966878,0.642077580539119,0.0608519269776876,4.04721658778454,0.9,4,COL1A2;COL1A1;MMP9;MMP2,"score=sender_ligand_expression*receiver_receptor_expression*receiver_target_program_score*lr_weight; curated prior baseline, not nichenetr package output"
CAF/Fibroblast,Myeloid,TGFB1,TGFBR1,0.1403557908840348,0.5957705766012475,0.3615503875968992,0.7240022968705141,0.9,4,COL1A1;COL1A2;MMP9;MMP2,"score=sender_ligand_expression*receiver_receptor_expression*receiver_target_program_score*lr_weight; curated prior baseline, not nichenetr package output"
Normal/Epithelial,B/Plasma,CXCL12,CXCR4,0.13723012100555063,0.0422502870264064,2.6083209509658247,1.3836181277860327,0.9,3,CXCR4;CCL5;CCL2,"score=sender_ligand_expression*receiver_receptor_expression*receiver_target_program_score*lr_weight; curated prior baseline, not nichenetr package output"
Myeloid,Perivascular,MMP2,ITGAV,0.13477505953716387,0.2187080103359173,0.4912410105107874,2.5088819226750263,0.5,2,ITGAV;COL1A1,"score=sender_ligand_expression*receiver_receptor_expression*receiver_target_program_score*lr_weight; curated prior baseline, not nichenetr package output"
CAF/Fibroblast,Perivascular,TGFB1,TGFBR1,0.13205423757329057,0.5957705766012475,0.0608519269776876,4.04721658778454,0.9,4,COL1A2;COL1A1;MMP9;MMP2,"score=sender_ligand_expression*receiver_receptor_expression*receiver_target_program_score*lr_weight; curated prior baseline, not nichenetr package output"
Myeloid,Tumor/Malignant,TGFB1,TGFBR1,0.13096412993887782,1.2690439276485788,0.1788558128139164,0.6411064378110807,0.9,4,COL1A2;COL1A1;MMP2;MMP9,"score=sender_ligand_expression*receiver_receptor_expression*receiver_target_program_score*lr_weight; curated prior baseline, not nichenetr package output"
Endothelial,Tumor/Malignant,CXCL12,CXCR4,0.130896602112023,2.058119658119658,0.2770223365592715,0.2550941238923598,0.9,3,CXCR4;CCL2;CCL5,"score=sender_ligand_expression*receiver_receptor_expression*receiver_target_program_score*lr_weight; curated prior baseline, not nichenetr package output"
CAF/Fibroblast,Myeloid,CCL2,CCR2,0.1283503898728927,3.4845580404685834,0.0572609819121447,0.8040826873385013,0.8,2,CCR2;CSF1R,"score=sender_ligand_expression*receiver_receptor_expression*receiver_target_program_score*lr_weight; curated prior baseline, not nichenetr package output"
Normal/Epithelial,Tumor/Malignant,TNF,TNFRSF1A,0.12815503327289954,0.5265212399540757,0.863571399403814,0.40264608599779494,0.7,4,TNFRSF1A;CCL2;CCL5;MMP9,"score=sender_ligand_expression*receiver_receptor_expression*receiver_target_program_score*lr_weight; curated prior baseline, not nichenetr package output"
T/NK,Tumor/Malignant,TNF,TNFRSF1A,0.12015839695841711,0.4936672914181859,0.863571399403814,0.40264608599779494,0.7,4,TNFRSF1A;CCL2;CCL5;MMP9,"score=sender_ligand_expression*receiver_receptor_expression*receiver_target_program_score*lr_weight; curated prior baseline, not nichenetr package output"
B/Plasma,Myeloid,SPP1,CD44,0.11890460770222085,0.0292719167904903,3.398759689922481,1.7073754152823921,0.7,3,CD44;MMP2;COL1A1,"score=sender_ligand_expression*receiver_receptor_expression*receiver_target_program_score*lr_weight; curated prior baseline, not nichenetr package output"
Perivascular,Myeloid,TGFB1,TGFBR1,0.11781521106804686,0.5000921998893602,0.3615503875968992,0.7240022968705141,0.9,4,COL1A1;COL1A2;MMP9;MMP2,"score=sender_ligand_expression*receiver_receptor_expression*receiver_target_program_score*lr_weight; curated prior baseline, not nichenetr package output"
CAF/Fibroblast,T/NK,COL1A1,ITGA1,0.11353780097676597,74.88254982504183,0.066394047821889,0.045673122432365904,0.5,2,ITGA1;MMP2,"score=sender_ligand_expression*receiver_receptor_expression*receiver_target_program_score*lr_weight; curated prior baseline, not nichenetr package output"
Normal/Epithelial,CAF/Fibroblast,COL1A1,ITGA1,0.10714192249914538,0.2107921928817451,0.4554997717937015,2.231756174248187,0.5,2,ITGA1;MMP2,"score=sender_ligand_expression*receiver_receptor_expression*receiver_target_program_score*lr_weight; curated prior baseline, not nichenetr package output"
Perivascular,Endothelial,CXCL12,CXCR4,0.10647199187135349,0.7564078923105292,0.1889546351084812,0.8277120315581853,0.9,3,CXCR4;CCL2;CCL5,"score=sender_ligand_expression*receiver_receptor_expression*receiver_target_program_score*lr_weight; curated prior baseline, not nichenetr package output"
Endothelial,Myeloid,CCL2,CCR2,0.10449149563565674,2.836817882971729,0.0572609819121447,0.8040826873385013,0.8,2,CCR2;CSF1R,"score=sender_ligand_expression*receiver_receptor_expression*receiver_target_program_score*lr_weight; curated prior baseline, not nichenetr package output"
Normal/Epithelial,Perivascular,COL1A1,ITGA1,0.10368335526685393,0.2107921928817451,1.1978609625668448,0.8212551478271558,0.5,2,ITGA1;MMP2,"score=sender_ligand_expression*receiver_receptor_expression*receiver_target_program_score*lr_weight; curated prior baseline, not nichenetr package output"
CAF/Fibroblast,Tumor/Malignant,SPP1,CD44,0.10039790798078915,0.0415335463258785,2.400179672506023,1.438745092548841,0.7,3,CD44;MMP2;COL1A1,"score=sender_ligand_expression*receiver_receptor_expression*receiver_target_program_score*lr_weight; curated prior baseline, not nichenetr package output"
T/NK,Myeloid,TGFB1,TGFBR1,0.09910789802255605,0.4206849548475038,0.3615503875968992,0.7240022968705141,0.9,4,COL1A1;COL1A2;MMP9;MMP2,"score=sender_ligand_expression*receiver_receptor_expression*receiver_target_program_score*lr_weight; curated prior baseline, not nichenetr package output"
Normal/Epithelial,T/NK,SPP1,CD44,0.09803153035942914,0.1974741676234213,1.2105412619980689,0.5858384246525326,0.7,3,CD44;MMP2;COL1A1,"score=sender_ligand_expression*receiver_receptor_expression*receiver_target_program_score*lr_weight; curated prior baseline, not nichenetr package output"
Tumor/Malignant,Perivascular,MMP2,ITGAV,0.09453986689714475,0.1534158193474621,0.4912410105107874,2.5088819226750263,0.5,2,ITGAV;COL1A1,"score=sender_ligand_expression*receiver_receptor_expression*receiver_target_program_score*lr_weight; curated prior baseline, not nichenetr package output"
CAF/Fibroblast,Myeloid,IL6,IL6R,0.09396408055471703,0.2537654039251483,0.4535400516795865,1.1663147532914975,0.7,3,IL6R;TNF;MMP9,"score=sender_ligand_expression*receiver_receptor_expression*receiver_target_program_score*lr_weight; curated prior baseline, not nichenetr package output"
T/NK,Perivascular,TGFB1,TGFBR1,0.09324601306741498,0.4206849548475038,0.0608519269776876,4.04721658778454,0.9,4,COL1A2;COL1A1;MMP9;MMP2,"score=sender_ligand_expression*receiver_receptor_expression*receiver_target_program_score*lr_weight; curated prior baseline, not nichenetr package output"
B/Plasma,Myeloid,CXCL12,CXCR4,0.09174692679504974,0.0109955423476968,2.859018087855297,3.242764857881137,0.9,3,CXCR4;CCL2;CCL5,"score=sender_ligand_expression*receiver_receptor_expression*receiver_target_program_score*lr_weight; curated prior baseline, not nichenetr package output"
Perivascular,Myeloid,SPP1,CD44,0.09138349182040507,0.0224967730038723,3.398759689922481,1.7073754152823921,0.7,3,CD44;MMP2;COL1A1,"score=sender_ligand_expression*receiver_receptor_expression*receiver_target_program_score*lr_weight; curated prior baseline, not nichenetr package output"
Endothelial,B/Plasma,SPP1,CD44,0.08472209774937686,0.7078238001314925,0.5863298662704309,0.2916295195641407,0.7,3,CD44;MMP2;COL1A1,"score=sender_ligand_expression*receiver_receptor_expression*receiver_target_program_score*lr_weight; curated prior baseline, not nichenetr package output"
B/Plasma,Endothelial,VEGFA,FLT1,0.08215515754149767,0.0215453194650817,1.8886259040105196,2.5237478716768655,0.8,5,FLT1;KDR;TEK;VWF;PECAM1,"score=sender_ligand_expression*receiver_receptor_expression*receiver_target_program_score*lr_weight; curated prior baseline, not nichenetr package output"
Perivascular,Normal/Epithelial,CXCL12,CXCR4,0.07624815712718265,0.7564078923105292,0.2220436280137772,0.5044202066590125,0.9,3,CXCR4;CCL2;CCL5,"score=sender_ligand_expression*receiver_receptor_expression*receiver_target_program_score*lr_weight; curated prior baseline, not nichenetr package output"
Endothelial,Tumor/Malignant,MMP2,ITGAV,0.07577316017847721,0.6917817225509533,0.3667769202499081,0.5972749669919827,0.5,2,ITGAV;COL1A1,"score=sender_ligand_expression*receiver_receptor_expression*receiver_target_program_score*lr_weight; curated prior baseline, not nichenetr package output"
CAF/Fibroblast,Perivascular,SPP1,CD44,0.07377335065922966,0.0415335463258785,1.184768578277706,2.1417507441848214,0.7,3,CD44;MMP2;COL1A1,"score=sender_ligand_expression*receiver_receptor_expression*receiver_target_program_score*lr_weight; curated prior baseline, not nichenetr package output"
Myeloid,T/NK,TNF,TNFRSF1A,0.07336408465674349,1.0140568475452196,0.0808201283580394,1.278802938225327,0.7,4,TNFRSF1A;CCL5;CCL2;MMP9,"score=sender_ligand_expression*receiver_receptor_expression*receiver_target_program_score*lr_weight; curated prior baseline, not nichenetr package output"
Perivascular,Myeloid,TNF,TNFRSF1A,0.07305755183398763,0.0352203577355707,1.129405684754522,2.6237553832902667,0.7,4,TNFRSF1A;CCL2;CCL5;MMP9,"score=sender_ligand_expression*receiver_receptor_expression*receiver_target_program_score*lr_weight; curated prior baseline, not nichenetr package output"
B/Plasma,Tumor/Malignant,SPP1,CD44,0.07075820555495994,0.0292719167904903,2.400179672506023,1.438745092548841,0.7,3,CD44;MMP2;COL1A1,"score=sender_ligand_expression*receiver_receptor_expression*receiver_target_program_score*lr_weight; curated prior baseline, not nichenetr package output"
Tumor/Malignant,Normal/Epithelial,SPP1,CD44,0.06868214826560919,0.098370697047654,1.3809414466130885,0.722278716308567,0.7,3,CD44;MMP2;COL1A1,"score=sender_ligand_expression*receiver_receptor_expression*receiver_target_program_score*lr_weight; curated prior baseline, not nichenetr package output"
Endothelial,Tumor/Malignant,TGFB1,TGFBR1,0.06626179744965556,0.642077580539119,0.1788558128139164,0.6411064378110807,0.9,4,COL1A2;COL1A1;MMP2;MMP9,"score=sender_ligand_expression*receiver_receptor_expression*receiver_target_program_score*lr_weight; curated prior baseline, not nichenetr package output"
Endothelial,Normal/Epithelial,IL6,IL6R,0.06327803878624522,1.2798159105851414,0.2571756601607348,0.2746487343502269,0.7,3,IL6R;TNF;MMP9,"score=sender_ligand_expression*receiver_receptor_expression*receiver_target_program_score*lr_weight; curated prior baseline, not nichenetr package output"
Endothelial,Myeloid,MMP2,ITGAV,0.063033091966757,0.6917817225509533,0.4958139534883721,0.3675452196382429,0.5,2,ITGAV;COL1A1,"score=sender_ligand_expression*receiver_receptor_expression*receiver_target_program_score*lr_weight; curated prior baseline, not nichenetr package output"
Tumor/Malignant,Normal/Epithelial,TNF,TNFRSF1A,0.06200827026276571,0.1641961697088488,0.8342135476463834,0.6467125908916953,0.7,4,TNFRSF1A;CCL2;CCL5;MMP9,"score=sender_ligand_expression*receiver_receptor_expression*receiver_target_program_score*lr_weight; curated prior baseline, not nichenetr package output"
CAF/Fibroblast,Tumor/Malignant,TGFB1,TGFBR1,0.06148295855474308,0.5957705766012475,0.1788558128139164,0.6411064378110807,0.9,4,COL1A2;COL1A1;MMP2;MMP9,"score=sender_ligand_expression*receiver_receptor_expression*receiver_target_program_score*lr_weight; curated prior baseline, not nichenetr package output"
Perivascular,CAF/Fibroblast,CXCL12,CXCR4,0.05873568741289429,0.7564078923105292,0.0813935797961357,1.0600182565038794,0.9,3,CXCR4;CCL2;CCL5,"score=sender_ligand_expression*receiver_receptor_expression*receiver_target_program_score*lr_weight; curated prior baseline, not nichenetr package output"
Endothelial,Normal/Epithelial,MMP2,ITGAV,0.056479821663458434,0.6917817225509533,0.4450057405281286,0.3669345579793341,0.5,2,ITGAV;COL1A1,"score=sender_ligand_expression*receiver_receptor_expression*receiver_target_program_score*lr_weight; curated prior baseline, not nichenetr package output"
Myeloid,CAF/Fibroblast,COL1A1,ITGA1,0.05642326593004427,0.1110077519379845,0.4554997717937015,2.231756174248187,0.5,2,ITGA1;MMP2,"score=sender_ligand_expression*receiver_receptor_expression*receiver_target_program_score*lr_weight; curated prior baseline, not nichenetr package output"
T/NK,Perivascular,IFNG,IFNGR1,0.05588248667385394,1.1781961719770546,0.3431679881984141,0.19744825830018523,0.7,3,IFNGR1;TNF;CCL5,"score=sender_ligand_expression*receiver_receptor_expression*receiver_target_program_score*lr_weight; curated prior baseline, not nichenetr package output"
Normal/Epithelial,Myeloid,CCL2,CCR2,0.05552595803906174,1.507462686567164,0.0572609819121447,0.8040826873385013,0.8,2,CCR2;CSF1R,"score=sender_ligand_expression*receiver_receptor_expression*receiver_target_program_score*lr_weight; curated prior baseline, not nichenetr package output"
B/Plasma,Myeloid,TGFB1,TGFBR1,0.05460857187527931,0.2317979197622585,0.3615503875968992,0.7240022968705141,0.9,4,COL1A1;COL1A2;MMP9;MMP2,"score=sender_ligand_expression*receiver_receptor_expression*receiver_target_program_score*lr_weight; curated prior baseline, not nichenetr package output"
Myeloid,Perivascular,COL1A1,ITGA1,0.054601909227339276,0.1110077519379845,1.1978609625668448,0.8212551478271558,0.5,2,ITGA1;MMP2,"score=sender_ligand_expression*receiver_receptor_expression*receiver_target_program_score*lr_weight; curated prior baseline, not nichenetr package output"
Perivascular,Tumor/Malignant,SPP1,CD44,0.0543808353899262,0.0224967730038723,2.400179672506023,1.438745092548841,0.7,3,CD44;MMP2;COL1A1,"score=sender_ligand_expression*receiver_receptor_expression*receiver_target_program_score*lr_weight; curated prior baseline, not nichenetr package output"
B/Plasma,Perivascular,SPP1,CD44,0.05199381157845197,0.0292719167904903,1.184768578277706,2.1417507441848214,0.7,3,CD44;MMP2;COL1A1,"score=sender_ligand_expression*receiver_receptor_expression*receiver_target_program_score*lr_weight; curated prior baseline, not nichenetr package output"
Tumor/Malignant,Myeloid,TGFB1,TGFBR1,0.05191975706584221,0.2203846625015313,0.3615503875968992,0.7240022968705141,0.9,4,COL1A1;COL1A2;MMP9;MMP2,"score=sender_ligand_expression*receiver_receptor_expression*receiver_target_program_score*lr_weight; curated prior baseline, not nichenetr package output"
Perivascular,Tumor/Malignant,TGFB1,TGFBR1,0.05160904080687263,0.5000921998893602,0.1788558128139164,0.6411064378110807,0.9,4,COL1A2;COL1A1;MMP2;MMP9,"score=sender_ligand_expression*receiver_receptor_expression*receiver_target_program_score*lr_weight; curated prior baseline, not nichenetr package output"
CAF/Fibroblast,Tumor/Malignant,COL1A1,ITGA1,0.05142588922516038,74.88254982504183,0.0210706847972559,0.06518572964732462,0.5,2,ITGA1;MMP2,"score=sender_ligand_expression*receiver_receptor_expression*receiver_target_program_score*lr_weight; curated prior baseline, not nichenetr package output"
Perivascular,Endothelial,TNF,TNFRSF1A,0.05139494061013405,0.0352203577355707,1.6719263642340565,1.246841989918913,0.7,4,TNFRSF1A;CCL2;CCL5;MMP9,"score=sender_ligand_expression*receiver_receptor_expression*receiver_target_program_score*lr_weight; curated prior baseline, not nichenetr package output"
B/Plasma,Perivascular,TGFB1,TGFBR1,0.051378666163581284,0.2317979197622585,0.0608519269776876,4.04721658778454,0.9,4,COL1A2;COL1A1;MMP9;MMP2,"score=sender_ligand_expression*receiver_receptor_expression*receiver_target_program_score*lr_weight; curated prior baseline, not nichenetr package output"
B/Plasma,Normal/Epithelial,TNF,TNFRSF1A,0.051119889645242736,0.1353640416047548,0.8342135476463834,0.6467125908916953,0.7,4,TNFRSF1A;CCL2;CCL5;MMP9,"score=sender_ligand_expression*receiver_receptor_expression*receiver_target_program_score*lr_weight; curated prior baseline, not nichenetr package output"
Tumor/Malignant,Perivascular,TGFB1,TGFBR1,0.04884888533017515,0.2203846625015313,0.0608519269776876,4.04721658778454,0.9,4,COL1A2;COL1A1;MMP9;MMP2,"score=sender_ligand_expression*receiver_receptor_expression*receiver_target_program_score*lr_weight; curated prior baseline, not nichenetr package output"
Tumor/Malignant,T/NK,SPP1,CD44,0.04883388085724255,0.098370697047654,1.2105412619980689,0.5858384246525326,0.7,3,CD44;MMP2;COL1A1,"score=sender_ligand_expression*receiver_receptor_expression*receiver_target_program_score*lr_weight; curated prior baseline, not nichenetr package output"
Perivascular,Tumor/Malignant,CXCL12,CXCR4,0.04810761246244743,0.7564078923105292,0.2770223365592715,0.2550941238923598,0.9,3,CXCR4;CCL2;CCL5,"score=sender_ligand_expression*receiver_receptor_expression*receiver_target_program_score*lr_weight; curated prior baseline, not nichenetr package output"
T/NK,Tumor/Malignant,TGFB1,TGFBR1,0.043414288417946825,0.4206849548475038,0.1788558128139164,0.6411064378110807,0.9,4,COL1A2;COL1A1;MMP2;MMP9,"score=sender_ligand_expression*receiver_receptor_expression*receiver_target_program_score*lr_weight; curated prior baseline, not nichenetr package output"
CAF/Fibroblast,Normal/Epithelial,COL1A1,ITGA1,0.04212779465561152,74.88254982504183,0.0303099885189437,0.037122081898201265,0.5,2,ITGA1;MMP2,"score=sender_ligand_expression*receiver_receptor_expression*receiver_target_program_score*lr_weight; curated prior baseline, not nichenetr package output"
T/NK,CAF/Fibroblast,MMP2,ITGAV,0.041555249720912214,0.0042312716533197,0.7710330138445154,25.474871950910288,0.5,2,ITGAV;COL1A1,"score=sender_ligand_expression*receiver_receptor_expression*receiver_target_program_score*lr_weight; curated prior baseline, not nichenetr package output"
B/Plasma,Endothelial,VEGFA,KDR,0.04094030078000902,0.0215453194650817,0.7529257067718607,2.5237478716768655,1.0,5,FLT1;KDR;TEK;VWF;PECAM1,"score=sender_ligand_expression*receiver_receptor_expression*receiver_target_program_score*lr_weight; curated prior baseline, not nichenetr package output"
Perivascular,CAF/Fibroblast,TNF,TNFRSF1A,0.039668545480163596,0.0352203577355707,1.1098432983417008,1.4497489730716566,0.7,4,TNFRSF1A;CCL2;CCL5;MMP9,"score=sender_ligand_expression*receiver_receptor_expression*receiver_target_program_score*lr_weight; curated prior baseline, not nichenetr package output"
Normal/Epithelial,T/NK,TNF,TNFRSF1A,0.03809229129024923,0.5265212399540757,0.0808201283580394,1.278802938225327,0.7,4,TNFRSF1A;CCL5;CCL2;MMP9,"score=sender_ligand_expression*receiver_receptor_expression*receiver_target_program_score*lr_weight; curated prior baseline, not nichenetr package output"
B/Plasma,CAF/Fibroblast,MMP2,ITGAV,0.03794139299687586,0.0038632986627043,0.7710330138445154,25.474871950910288,0.5,2,ITGAV;COL1A1,"score=sender_ligand_expression*receiver_receptor_expression*receiver_target_program_score*lr_weight; curated prior baseline, not nichenetr package output"
T/NK,Myeloid,CXCL12,CXCR4,0.0374383411458925,0.0044868518202987,2.859018087855297,3.242764857881137,0.9,3,CXCR4;CCL2;CCL5,"score=sender_ligand_expression*receiver_receptor_expression*receiver_target_program_score*lr_weight; curated prior baseline, not nichenetr package output"
Myeloid,Perivascular,CXCL12,CXCR4,0.037434370562984834,0.248578811369509,0.0966254840494191,1.7316983219620137,0.9,3,CXCR4;CCL2;CCL5,"score=sender_ligand_expression*receiver_receptor_expression*receiver_target_program_score*lr_weight; curated prior baseline, not nichenetr package output"
Myeloid,Endothelial,CXCL12,CXCR4,0.03498995905857057,0.248578811369509,0.1889546351084812,0.8277120315581853,0.9,3,CXCR4;CCL2;CCL5,"score=sender_ligand_expression*receiver_receptor_expression*receiver_target_program_score*lr_weight; curated prior baseline, not nichenetr package output"
B/Plasma,Tumor/Malignant,TNF,TNFRSF1A,0.03294754691629268,0.1353640416047548,0.863571399403814,0.40264608599779494,0.7,4,TNFRSF1A;CCL2;CCL5;MMP9,"score=sender_ligand_expression*receiver_receptor_expression*receiver_target_program_score*lr_weight; curated prior baseline, not nichenetr package output"
Endothelial,Myeloid,TNF,TNFRSF1A,0.031639537241001436,0.0152531229454306,1.129405684754522,2.6237553832902667,0.7,4,TNFRSF1A;CCL2;CCL5;MMP9,"score=sender_ligand_expression*receiver_receptor_expression*receiver_target_program_score*lr_weight; curated prior baseline, not nichenetr package output"
Normal/Epithelial,Perivascular,MMP2,ITGAV,0.03127151753149426,0.0507462686567164,0.4912410105107874,2.5088819226750263,0.5,2,ITGAV;COL1A1,"score=sender_ligand_expression*receiver_receptor_expression*receiver_target_program_score*lr_weight; curated prior baseline, not nichenetr package output"
T/NK,B/Plasma,SPP1,CD44,0.031223574523132125,0.2608621570966093,0.5863298662704309,0.2916295195641407,0.7,3,CD44;MMP2;COL1A1,"score=sender_ligand_expression*receiver_receptor_expression*receiver_target_program_score*lr_weight; curated prior baseline, not nichenetr package output"
Myeloid,Endothelial,TGFB1,TGFBR1,0.0310360229406788,1.2690439276485788,0.0681130834976988,0.39894806048652204,0.9,4,COL1A2;COL1A1;MMP2;MMP9,"score=sender_ligand_expression*receiver_receptor_expression*receiver_target_program_score*lr_weight; curated prior baseline, not nichenetr package output"
CAF/Fibroblast,Normal/Epithelial,SPP1,CD44,0.028998607027950964,0.0415335463258785,1.3809414466130885,0.722278716308567,0.7,3,CD44;MMP2;COL1A1,"score=sender_ligand_expression*receiver_receptor_expression*receiver_target_program_score*lr_weight; curated prior baseline, not nichenetr package output"
Normal/Epithelial,Endothelial,COL1A1,ITGA1,0.028626887512755776,0.2107921928817451,0.4883629191321499,0.5561691869384177,0.5,2,ITGA1;MMP2,"score=sender_ligand_expression*receiver_receptor_expression*receiver_target_program_score*lr_weight; curated prior baseline, not nichenetr package output"
Perivascular,Normal/Epithelial,IL6,IL6R,0.028400366982266924,0.5744053107136271,0.2571756601607348,0.2746487343502269,0.7,3,IL6R;TNF;MMP9,"score=sender_ligand_expression*receiver_receptor_expression*receiver_target_program_score*lr_weight; curated prior baseline, not nichenetr package output"
CAF/Fibroblast,Myeloid,CCL5,CCR5,0.02793994968963666,0.592727825954663,0.1111111111111111,0.5303014642549525,0.8,2,CCR5;IFNGR1,"score=sender_ligand_expression*receiver_receptor_expression*receiver_target_program_score*lr_weight; curated prior baseline, not nichenetr package output"
Endothelial,Perivascular,IL6,IL6R,0.025585339506632585,1.2798159105851414,0.115987460815047,0.2462263902426174,0.7,3,IL6R;TNF;MMP9,"score=sender_ligand_expression*receiver_receptor_expression*receiver_target_program_score*lr_weight; curated prior baseline, not nichenetr package output"
Perivascular,B/Plasma,CCL2,CCR2,0.025073358779098727,6.632860040567952,0.0817236255572065,0.05781946508172359,0.8,2,CCR2;CSF1R,"score=sender_ligand_expression*receiver_receptor_expression*receiver_target_program_score*lr_weight; curated prior baseline, not nichenetr package output"
Myeloid,Normal/Epithelial,CXCL12,CXCR4,0.025057480838671018,0.248578811369509,0.2220436280137772,0.5044202066590125,0.9,3,CXCR4;CCL2;CCL5,"score=sender_ligand_expression*receiver_receptor_expression*receiver_target_program_score*lr_weight; curated prior baseline, not nichenetr package output"
B/Plasma,CAF/Fibroblast,COL1A1,ITGA1,0.024167950741616245,0.0475482912332838,0.4554997717937015,2.231756174248187,0.5,2,ITGA1;MMP2,"score=sender_ligand_expression*receiver_receptor_expression*receiver_target_program_score*lr_weight; curated prior baseline, not nichenetr package output"
Myeloid,Tumor/Malignant,MMP2,ITGAV,0.0239558180843364,0.2187080103359173,0.3667769202499081,0.5972749669919827,0.5,2,ITGAV;COL1A1,"score=sender_ligand_expression*receiver_receptor_expression*receiver_target_program_score*lr_weight; curated prior baseline, not nichenetr package output"
B/Plasma,Tumor/Malignant,TGFB1,TGFBR1,0.02392132551278592,0.2317979197622585,0.1788558128139164,0.6411064378110807,0.9,4,COL1A2;COL1A1;MMP2;MMP9,"score=sender_ligand_expression*receiver_receptor_expression*receiver_target_program_score*lr_weight; curated prior baseline, not nichenetr package output"
Normal/Epithelial,B/Plasma,SPP1,CD44,0.023636427214315647,0.1974741676234213,0.5863298662704309,0.2916295195641407,0.7,3,CD44;MMP2;COL1A1,"score=sender_ligand_expression*receiver_receptor_expression*receiver_target_program_score*lr_weight; curated prior baseline, not nichenetr package output"
B/Plasma,Perivascular,COL1A1,ITGA1,0.02338780343273018,0.0475482912332838,1.1978609625668448,0.8212551478271558,0.5,2,ITGA1;MMP2,"score=sender_ligand_expression*receiver_receptor_expression*receiver_target_program_score*lr_weight; curated prior baseline, not nichenetr package output"
Myeloid,B/Plasma,CCL2,CCR2,0.022248906898111556,5.885684754521964,0.0817236255572065,0.05781946508172359,0.8,2,CCR2;CSF1R,"score=sender_ligand_expression*receiver_receptor_expression*receiver_target_program_score*lr_weight; curated prior baseline, not nichenetr package output"
T/NK,Endothelial,VEGFA,FLT1,0.02154862737598506,0.0056511614698699,1.8886259040105196,2.5237478716768655,0.8,5,FLT1;KDR;TEK;VWF;PECAM1,"score=sender_ligand_expression*receiver_receptor_expression*receiver_target_program_score*lr_weight; curated prior baseline, not nichenetr package output"
B/Plasma,Myeloid,IFNG,IFNGR1,0.021464615947747224,0.0176820208023774,1.3686821705426355,1.2670407284360772,0.7,3,IFNGR1;TNF;CCL5,"score=sender_ligand_expression*receiver_receptor_expression*receiver_target_program_score*lr_weight; curated prior baseline, not nichenetr package output"
B/Plasma,Myeloid,IL6,IL6R,0.020907301727539712,0.0564635958395245,0.4535400516795865,1.1663147532914975,0.7,3,IL6R;TNF;MMP9,"score=sender_ligand_expression*receiver_receptor_expression*receiver_target_program_score*lr_weight; curated prior baseline, not nichenetr package output"
Myeloid,Normal/Epithelial,TGFB1,TGFBR1,0.02075125302419683,1.2690439276485788,0.1857634902411021,0.09780584258196197,0.9,4,COL1A1;COL1A2;MMP2;MMP9,"score=sender_ligand_expression*receiver_receptor_expression*receiver_target_program_score*lr_weight; curated prior baseline, not nichenetr package output"
CAF/Fibroblast,T/NK,SPP1,CD44,0.020618378376176055,0.0415335463258785,1.2105412619980689,0.5858384246525326,0.7,3,CD44;MMP2;COL1A1,"score=sender_ligand_expression*receiver_receptor_expression*receiver_target_program_score*lr_weight; curated prior baseline, not nichenetr package output"
Normal/Epithelial,Myeloid,IL6,IL6R,0.020490772790469788,0.0553386911595866,0.4535400516795865,1.1663147532914975,0.7,3,IL6R;TNF;MMP9,"score=sender_ligand_expression*receiver_receptor_expression*receiver_target_program_score*lr_weight; curated prior baseline, not nichenetr package output"
B/Plasma,Normal/Epithelial,SPP1,CD44,0.020437571241861765,0.0292719167904903,1.3809414466130885,0.722278716308567,0.7,3,CD44;MMP2;COL1A1,"score=sender_ligand_expression*receiver_receptor_expression*receiver_target_program_score*lr_weight; curated prior baseline, not nichenetr package output"
Myeloid,CAF/Fibroblast,CXCL12,CXCR4,0.019302346671013253,0.248578811369509,0.0813935797961357,1.0600182565038794,0.9,3,CXCR4;CCL2;CCL5,"score=sender_ligand_expression*receiver_receptor_expression*receiver_target_program_score*lr_weight; curated prior baseline, not nichenetr package output"
Endothelial,Perivascular,TNF,TNFRSF1A,0.01872301399508372,0.0152531229454306,0.8709201548958141,2.013448890527998,0.7,4,TNFRSF1A;CCL2;CCL5;MMP9,"score=sender_ligand_expression*receiver_receptor_expression*receiver_target_program_score*lr_weight; curated prior baseline, not nichenetr package output"
Myeloid,Endothelial,MMP2,ITGAV,0.018581106651731502,0.2187080103359173,0.4161735700197239,0.4082840236686391,0.5,2,ITGAV;COL1A1,"score=sender_ligand_expression*receiver_receptor_expression*receiver_target_program_score*lr_weight; curated prior baseline, not nichenetr package output"
CAF/Fibroblast,Myeloid,TNF,TNFRSF1A,0.018303566158361033,0.008823976875095,1.129405684754522,2.6237553832902667,0.7,4,TNFRSF1A;CCL2;CCL5;MMP9,"score=sender_ligand_expression*receiver_receptor_expression*receiver_target_program_score*lr_weight; curated prior baseline, not nichenetr package output"
Myeloid,Normal/Epithelial,MMP2,ITGAV,0.01785619512263509,0.2187080103359173,0.4450057405281286,0.3669345579793341,0.5,2,ITGAV;COL1A1,"score=sender_ligand_expression*receiver_receptor_expression*receiver_target_program_score*lr_weight; curated prior baseline, not nichenetr package output"
T/NK,CAF/Fibroblast,COL1A1,ITGA1,0.017465254699320896,0.0343613335605157,0.4554997717937015,2.231756174248187,0.5,2,ITGA1;MMP2,"score=sender_ligand_expression*receiver_receptor_expression*receiver_target_program_score*lr_weight; curated prior baseline, not nichenetr package output"
Tumor/Malignant,Perivascular,CXCL12,CXCR4,0.017464401895902086,0.1159704357058271,0.0966254840494191,1.7316983219620137,0.9,3,CXCR4;CCL2;CCL5,"score=sender_ligand_expression*receiver_receptor_expression*receiver_target_program_score*lr_weight; curated prior baseline, not nichenetr package output"
Endothelial,CAF/Fibroblast,TNF,TNFRSF1A,0.01717953025401138,0.0152531229454306,1.1098432983417008,1.4497489730716566,0.7,4,TNFRSF1A;CCL2;CCL5;MMP9,"score=sender_ligand_expression*receiver_receptor_expression*receiver_target_program_score*lr_weight; curated prior baseline, not nichenetr package output"
T/NK,Perivascular,COL1A1,ITGA1,0.01690147204358988,0.0343613335605157,1.1978609625668448,0.8212551478271558,0.5,2,ITGA1;MMP2,"score=sender_ligand_expression*receiver_receptor_expression*receiver_target_program_score*lr_weight; curated prior baseline, not nichenetr package output"
CAF/Fibroblast,Myeloid,COL1A1,ITGA1,0.01663530009827713,74.88254982504183,0.0057881136950904,0.07676141257536603,0.5,2,ITGA1;MMP2,"score=sender_ligand_expression*receiver_receptor_expression*receiver_target_program_score*lr_weight; curated prior baseline, not nichenetr package output"
Normal/Epithelial,Myeloid,TGFB1,TGFBR1,0.016499202958549276,0.0700344431687715,0.3615503875968992,0.7240022968705141,0.9,4,COL1A1;COL1A2;MMP9;MMP2,"score=sender_ligand_expression*receiver_receptor_expression*receiver_target_program_score*lr_weight; curated prior baseline, not nichenetr package output"
Tumor/Malignant,Endothelial,CXCL12,CXCR4,0.016324001128638493,0.1159704357058271,0.1889546351084812,0.8277120315581853,0.9,3,CXCR4;CCL2;CCL5,"score=sender_ligand_expression*receiver_receptor_expression*receiver_target_program_score*lr_weight; curated prior baseline, not nichenetr package output"
Perivascular,Myeloid,IFNG,IFNGR1,0.016116996706589566,0.0132767840678591,1.3686821705426355,1.2670407284360772,0.7,3,IFNGR1;TNF;CCL5,"score=sender_ligand_expression*receiver_receptor_expression*receiver_target_program_score*lr_weight; curated prior baseline, not nichenetr package output"
Myeloid,Tumor/Malignant,CXCL12,CXCR4,0.015809635575339563,0.248578811369509,0.2770223365592715,0.2550941238923598,0.9,3,CXCR4;CCL2;CCL5,"score=sender_ligand_expression*receiver_receptor_expression*receiver_target_program_score*lr_weight; curated prior baseline, not nichenetr package output"
Perivascular,Normal/Epithelial,SPP1,CD44,0.0157071846121127,0.0224967730038723,1.3809414466130885,0.722278716308567,0.7,3,CD44;MMP2;COL1A1,"score=sender_ligand_expression*receiver_receptor_expression*receiver_target_program_score*lr_weight; curated prior baseline, not nichenetr package output"
Normal/Epithelial,Perivascular,TGFB1,TGFBR1,0.015523332906572922,0.0700344431687715,0.0608519269776876,4.04721658778454,0.9,4,COL1A2;COL1A1;MMP9;MMP2,"score=sender_ligand_expression*receiver_receptor_expression*receiver_target_program_score*lr_weight; curated prior baseline, not nichenetr package output"
Myeloid,Endothelial,COL1A1,ITGA1,0.01507554138665532,0.1110077519379845,0.4883629191321499,0.5561691869384177,0.5,2,ITGA1;MMP2,"score=sender_ligand_expression*receiver_receptor_expression*receiver_target_program_score*lr_weight; curated prior baseline, not nichenetr package output"
T/NK,B/Plasma,CXCL12,CXCR4,0.01457342095329989,0.0044868518202987,2.6083209509658247,1.3836181277860327,0.9,3,CXCR4;CCL5;CCL2,"score=sender_ligand_expression*receiver_receptor_expression*receiver_target_program_score*lr_weight; curated prior baseline, not nichenetr package output"
CAF/Fibroblast,Endothelial,TGFB1,TGFBR1,0.014570298852490208,0.5957705766012475,0.0681130834976988,0.39894806048652204,0.9,4,COL1A2;COL1A1;MMP2;MMP9,"score=sender_ligand_expression*receiver_receptor_expression*receiver_target_program_score*lr_weight; curated prior baseline, not nichenetr package output"
B/Plasma,T/NK,SPP1,CD44,0.014531373060388531,0.0292719167904903,1.2105412619980689,0.5858384246525326,0.7,3,CD44;MMP2;COL1A1,"score=sender_ligand_expression*receiver_receptor_expression*receiver_target_program_score*lr_weight; curated prior baseline, not nichenetr package output"
Tumor/Malignant,Myeloid,MMP2,ITGAV,0.013978792926798803,0.1534158193474621,0.4958139534883721,0.3675452196382429,0.5,2,ITGAV;COL1A1,"score=sender_ligand_expression*receiver_receptor_expression*receiver_target_program_score*lr_weight; curated prior baseline, not nichenetr package output"
B/Plasma,Myeloid,CCL5,CCR5,0.01331488305826204,0.2824665676077266,0.1111111111111111,0.5303014642549525,0.8,2,CCR5;IFNGR1,"score=sender_ligand_expression*receiver_receptor_expression*receiver_target_program_score*lr_weight; curated prior baseline, not nichenetr package output"
Perivascular,Normal/Epithelial,TNF,TNFRSF1A,0.013300879460776257,0.0352203577355707,0.8342135476463834,0.6467125908916953,0.7,4,TNFRSF1A;CCL2;CCL5;MMP9,"score=sender_ligand_expression*receiver_receptor_expression*receiver_target_program_score*lr_weight; curated prior baseline, not nichenetr package output"
CAF/Fibroblast,B/Plasma,CCL2,CCR2,0.01317223240063736,3.4845580404685834,0.0817236255572065,0.05781946508172359,0.8,2,CCR2;CSF1R,"score=sender_ligand_expression*receiver_receptor_expression*receiver_target_program_score*lr_weight; curated prior baseline, not nichenetr package output"
Tumor/Malignant,Endothelial,MMP2,ITGAV,0.013033979400112628,0.1534158193474621,0.4161735700197239,0.4082840236686391,0.5,2,ITGAV;COL1A1,"score=sender_ligand_expression*receiver_receptor_expression*receiver_target_program_score*lr_weight; curated prior baseline, not nichenetr package output"
CAF/Fibroblast,Endothelial,TNF,TNFRSF1A,0.012876296454612237,0.008823976875095,1.6719263642340565,1.246841989918913,0.7,4,TNFRSF1A;CCL2;CCL5;MMP9,"score=sender_ligand_expression*receiver_receptor_expression*receiver_target_program_score*lr_weight; curated prior baseline, not nichenetr package output"
T/NK,B/Plasma,IFNG,IFNGR1,0.01283670363705014,1.1781961719770546,0.101040118870728,0.15404372744640196,0.7,3,IFNGR1;TNF;CCL5,"score=sender_ligand_expression*receiver_receptor_expression*receiver_target_program_score*lr_weight; curated prior baseline, not nichenetr package output"
CAF/Fibroblast,Normal/Epithelial,IL6,IL6R,0.012546942837146776,0.2537654039251483,0.2571756601607348,0.2746487343502269,0.7,3,IL6R;TNF;MMP9,"score=sender_ligand_expression*receiver_receptor_expression*receiver_target_program_score*lr_weight; curated prior baseline, not nichenetr package output"
T/NK,Endothelial,SPP1,CD44,0.012531295239887403,0.2608621570966093,0.1817225509533201,0.37764002379386985,0.7,3,CD44;MMP2;COL1A1,"score=sender_ligand_expression*receiver_receptor_expression*receiver_target_program_score*lr_weight; curated prior baseline, not nichenetr package output"
Tumor/Malignant,Normal/Epithelial,MMP2,ITGAV,0.012525479981093027,0.1534158193474621,0.4450057405281286,0.3669345579793341,0.5,2,ITGAV;COL1A1,"score=sender_ligand_expression*receiver_receptor_expression*receiver_target_program_score*lr_weight; curated prior baseline, not nichenetr package output"
B/Plasma,Myeloid,CSF1,CSF1R,0.012479734969551555,0.0054977711738484,2.0487855297157624,1.3849440137812232,0.8,2,CSF1R;CCR2,"score=sender_ligand_expression*receiver_receptor_expression*receiver_target_program_score*lr_weight; curated prior baseline, not nichenetr package output"
Perivascular,Endothelial,TGFB1,TGFBR1,0.012230367010998156,0.5000921998893602,0.0681130834976988,0.39894806048652204,0.9,4,COL1A2;COL1A1;MMP2;MMP9,"score=sender_ligand_expression*receiver_receptor_expression*receiver_target_program_score*lr_weight; curated prior baseline, not nichenetr package output"
Tumor/Malignant,T/NK,TNF,TNFRSF1A,0.011879118733820129,0.1641961697088488,0.0808201283580394,1.278802938225327,0.7,4,TNFRSF1A;CCL5;CCL2;MMP9,"score=sender_ligand_expression*receiver_receptor_expression*receiver_target_program_score*lr_weight; curated prior baseline, not nichenetr package output"
Tumor/Malignant,B/Plasma,SPP1,CD44,0.01177435939480622,0.098370697047654,0.5863298662704309,0.2916295195641407,0.7,3,CD44;MMP2;COL1A1,"score=sender_ligand_expression*receiver_receptor_expression*receiver_target_program_score*lr_weight; curated prior baseline, not nichenetr package output"
Tumor/Malignant,Normal/Epithelial,CXCL12,CXCR4,0.011690163592549615,0.1159704357058271,0.2220436280137772,0.5044202066590125,0.9,3,CXCR4;CCL2;CCL5,"score=sender_ligand_expression*receiver_receptor_expression*receiver_target_program_score*lr_weight; curated prior baseline, not nichenetr package output"
Perivascular,T/NK,SPP1,CD44,0.01116800800965485,0.0224967730038723,1.2105412619980689,0.5858384246525326,0.7,3,CD44;MMP2;COL1A1,"score=sender_ligand_expression*receiver_receptor_expression*receiver_target_program_score*lr_weight; curated prior baseline, not nichenetr package output"
CAF/Fibroblast,Perivascular,TNF,TNFRSF1A,0.010831319141382221,0.008823976875095,0.8709201548958141,2.013448890527998,0.7,4,TNFRSF1A;CCL2;CCL5;MMP9,"score=sender_ligand_expression*receiver_receptor_expression*receiver_target_program_score*lr_weight; curated prior baseline, not nichenetr package output"
T/NK,Endothelial,VEGFA,KDR,0.010738306791311917,0.0056511614698699,0.7529257067718607,2.5237478716768655,1.0,5,FLT1;KDR;TEK;VWF;PECAM1,"score=sender_ligand_expression*receiver_receptor_expression*receiver_target_program_score*lr_weight; curated prior baseline, not nichenetr package output"
Endothelial,B/Plasma,CCL2,CCR2,0.010723662512954658,2.836817882971729,0.0817236255572065,0.05781946508172359,0.8,2,CCR2;CSF1R,"score=sender_ligand_expression*receiver_receptor_expression*receiver_target_program_score*lr_weight; curated prior baseline, not nichenetr package output"
Endothelial,Normal/Epithelial,TGFB1,TGFBR1,0.010499175044018658,0.642077580539119,0.1857634902411021,0.09780584258196197,0.9,4,COL1A1;COL1A2;MMP2;MMP9,"score=sender_ligand_expression*receiver_receptor_expression*receiver_target_program_score*lr_weight; curated prior baseline, not nichenetr package output"
T/NK,Endothelial,TGFB1,TGFBR1,0.010288365615237476,0.4206849548475038,0.0681130834976988,0.39894806048652204,0.9,4,COL1A2;COL1A1;MMP2;MMP9,"score=sender_ligand_expression*receiver_receptor_expression*receiver_target_program_score*lr_weight; curated prior baseline, not nichenetr package output"
CAF/Fibroblast,Myeloid,IFNG,IFNGR1,0.010157580723098993,0.0083675642781074,1.3686821705426355,1.2670407284360772,0.7,3,IFNGR1;TNF;CCL5,"score=sender_ligand_expression*receiver_receptor_expression*receiver_target_program_score*lr_weight; curated prior baseline, not nichenetr package output"
Perivascular,T/NK,COL1A1,ITGA1,0.00992233788516343,6.544163747003504,0.066394047821889,0.045673122432365904,0.5,2,ITGA1;MMP2,"score=sender_ligand_expression*receiver_receptor_expression*receiver_target_program_score*lr_weight; curated prior baseline, not nichenetr package output"
Tumor/Malignant,Myeloid,CCL2,CCR2,0.009906041991871258,0.2689370737882314,0.0572609819121447,0.8040826873385013,0.8,2,CCR2;CSF1R,"score=sender_ligand_expression*receiver_receptor_expression*receiver_target_program_score*lr_weight; curated prior baseline, not nichenetr package output"
B/Plasma,T/NK,TNF,TNFRSF1A,0.009793197523206244,0.1353640416047548,0.0808201283580394,1.278802938225327,0.7,4,TNFRSF1A;CCL5;CCL2;MMP9,"score=sender_ligand_expression*receiver_receptor_expression*receiver_target_program_score*lr_weight; curated prior baseline, not nichenetr package output"
CAF/Fibroblast,Normal/Epithelial,TGFB1,TGFBR1,0.009741968508790392,0.5957705766012475,0.1857634902411021,0.09780584258196197,0.9,4,COL1A1;COL1A2;MMP2;MMP9,"score=sender_ligand_expression*receiver_receptor_expression*receiver_target_program_score*lr_weight; curated prior baseline, not nichenetr package output"
Normal/Epithelial,Endothelial,SPP1,CD44,0.009486263259809068,0.1974741676234213,0.1817225509533201,0.37764002379386985,0.7,3,CD44;MMP2;COL1A1,"score=sender_ligand_expression*receiver_receptor_expression*receiver_target_program_score*lr_weight; curated prior baseline, not nichenetr package output"
Tumor/Malignant,Myeloid,IL6,IL6R,0.009435023646582196,0.0254808281269141,0.4535400516795865,1.1663147532914975,0.7,3,IL6R;TNF;MMP9,"score=sender_ligand_expression*receiver_receptor_expression*receiver_target_program_score*lr_weight; curated prior baseline, not nichenetr package output"
Tumor/Malignant,Myeloid,IFNG,IFNGR1,0.009368757074280924,0.0077177508269018,1.3686821705426355,1.2670407284360772,0.7,3,IFNGR1;TNF;CCL5,"score=sender_ligand_expression*receiver_receptor_expression*receiver_target_program_score*lr_weight; curated prior baseline, not nichenetr package output"
Tumor/Malignant,Myeloid,CCL5,CCR5,0.009304775489071064,0.1973947486626648,0.1111111111111111,0.5303014642549525,0.8,2,CCR5;IFNGR1,"score=sender_ligand_expression*receiver_receptor_expression*receiver_target_program_score*lr_weight; curated prior baseline, not nichenetr package output"
Endothelial,Myeloid,IFNG,IFNGR1,0.00925806019817086,0.0076265614727153,1.3686821705426355,1.2670407284360772,0.7,3,IFNGR1;TNF;CCL5,"score=sender_ligand_expression*receiver_receptor_expression*receiver_target_program_score*lr_weight; curated prior baseline, not nichenetr package output"
Tumor/Malignant,CAF/Fibroblast,CXCL12,CXCR4,0.00900519855755053,0.1159704357058271,0.0813935797961357,1.0600182565038794,0.9,3,CXCR4;CCL2;CCL5,"score=sender_ligand_expression*receiver_receptor_expression*receiver_target_program_score*lr_weight; curated prior baseline, not nichenetr package output"
Perivascular,Tumor/Malignant,TNF,TNFRSF1A,0.008572619250610251,0.0352203577355707,0.863571399403814,0.40264608599779494,0.7,4,TNFRSF1A;CCL2;CCL5;MMP9,"score=sender_ligand_expression*receiver_receptor_expression*receiver_target_program_score*lr_weight; curated prior baseline, not nichenetr package output"
Normal/Epithelial,Myeloid,IFNG,IFNGR1,0.008362272592789334,0.0068886337543053,1.3686821705426355,1.2670407284360772,0.7,3,IFNGR1;TNF;CCL5,"score=sender_ligand_expression*receiver_receptor_expression*receiver_target_program_score*lr_weight; curated prior baseline, not nichenetr package output"
Perivascular,Normal/Epithelial,TGFB1,TGFBR1,0.008177447249253187,0.5000921998893602,0.1857634902411021,0.09780584258196197,0.9,4,COL1A1;COL1A2;MMP2;MMP9,"score=sender_ligand_expression*receiver_receptor_expression*receiver_target_program_score*lr_weight; curated prior baseline, not nichenetr package output"
Endothelial,T/NK,IL6,IL6R,0.008136577723781326,1.2798159105851414,0.0527063099903447,0.17231918041255231,0.7,3,IL6R;TNF;MMP9,"score=sender_ligand_expression*receiver_receptor_expression*receiver_target_program_score*lr_weight; curated prior baseline, not nichenetr package output"
Perivascular,Tumor/Malignant,MMP2,ITGAV,0.0074530335896429685,0.0680435183477779,0.3667769202499081,0.5972749669919827,0.5,2,ITGAV;COL1A1,"score=sender_ligand_expression*receiver_receptor_expression*receiver_target_program_score*lr_weight; curated prior baseline, not nichenetr package output"
Normal/Epithelial,Tumor/Malignant,TGFB1,TGFBR1,0.007227488123556775,0.0700344431687715,0.1788558128139164,0.6411064378110807,0.9,4,COL1A2;COL1A1;MMP2;MMP9,"score=sender_ligand_expression*receiver_receptor_expression*receiver_target_program_score*lr_weight; curated prior baseline, not nichenetr package output"
T/NK,Normal/Epithelial,TGFB1,TGFBR1,0.00687898956948541,0.4206849548475038,0.1857634902411021,0.09780584258196197,0.9,4,COL1A1;COL1A2;MMP2;MMP9,"score=sender_ligand_expression*receiver_receptor_expression*receiver_target_program_score*lr_weight; curated prior baseline, not nichenetr package output"
B/Plasma,Endothelial,COL1A1,ITGA1,0.006457352931104904,0.0475482912332838,0.4883629191321499,0.5561691869384177,0.5,2,ITGA1;MMP2,"score=sender_ligand_expression*receiver_receptor_expression*receiver_target_program_score*lr_weight; curated prior baseline, not nichenetr package output"
Normal/Epithelial,Perivascular,CXCL12,CXCR4,0.006362621545357388,0.0422502870264064,0.0966254840494191,1.7316983219620137,0.9,3,CXCR4;CCL2;CCL5,"score=sender_ligand_expression*receiver_receptor_expression*receiver_target_program_score*lr_weight; curated prior baseline, not nichenetr package output"
Perivascular,Myeloid,MMP2,ITGAV,0.00619992290912441,0.0680435183477779,0.4958139534883721,0.3675452196382429,0.5,2,ITGAV;COL1A1,"score=sender_ligand_expression*receiver_receptor_expression*receiver_target_program_score*lr_weight; curated prior baseline, not nichenetr package output"
Myeloid,Normal/Epithelial,IL6,IL6R,0.006158026855949145,0.124547803617571,0.2571756601607348,0.2746487343502269,0.7,3,IL6R;TNF;MMP9,"score=sender_ligand_expression*receiver_receptor_expression*receiver_target_program_score*lr_weight; curated prior baseline, not nichenetr package output"
Normal/Epithelial,Endothelial,CXCL12,CXCR4,0.005947151348588956,0.0422502870264064,0.1889546351084812,0.8277120315581853,0.9,3,CXCR4;CCL2;CCL5,"score=sender_ligand_expression*receiver_receptor_expression*receiver_target_program_score*lr_weight; curated prior baseline, not nichenetr package output"
Perivascular,Endothelial,MMP2,ITGAV,0.005780875924193239,0.0680435183477779,0.4161735700197239,0.4082840236686391,0.5,2,ITGAV;COL1A1,"score=sender_ligand_expression*receiver_receptor_expression*receiver_target_program_score*lr_weight; curated prior baseline, not nichenetr package output"
Endothelial,Normal/Epithelial,TNF,TNFRSF1A,0.00576030349324575,0.0152531229454306,0.8342135476463834,0.6467125908916953,0.7,4,TNFRSF1A;CCL2;CCL5;MMP9,"score=sender_ligand_expression*receiver_receptor_expression*receiver_target_program_score*lr_weight; curated prior baseline, not nichenetr package output"
Tumor/Malignant,Myeloid,VEGFA,FLT1,0.005747322894333273,0.6991710563926661,0.0840310077519379,0.12227920227920222,0.8,5,FLT1;KDR;TEK;PECAM1;VWF,"score=sender_ligand_expression*receiver_receptor_expression*receiver_target_program_score*lr_weight; curated prior baseline, not nichenetr package output"
Endothelial,CAF/Fibroblast,IL6,IL6R,0.005730521390097037,1.2798159105851414,0.0369694203560018,0.17302384212470928,0.7,3,IL6R;TNF;MMP9,"score=sender_ligand_expression*receiver_receptor_expression*receiver_target_program_score*lr_weight; curated prior baseline, not nichenetr package output"
Normal/Epithelial,B/Plasma,CCL2,CCR2,0.005698469823760384,1.507462686567164,0.0817236255572065,0.05781946508172359,0.8,2,CCR2;CSF1R,"score=sender_ligand_expression*receiver_receptor_expression*receiver_target_program_score*lr_weight; curated prior baseline, not nichenetr package output"
B/Plasma,Endothelial,TGFB1,TGFBR1,0.0056689019178974,0.2317979197622585,0.0681130834976988,0.39894806048652204,0.9,4,COL1A2;COL1A1;MMP2;MMP9,"score=sender_ligand_expression*receiver_receptor_expression*receiver_target_program_score*lr_weight; curated prior baseline, not nichenetr package output"
Normal/Epithelial,Tumor/Malignant,MMP2,ITGAV,0.005558408119263645,0.0507462686567164,0.3667769202499081,0.5972749669919827,0.5,2,ITGAV;COL1A1,"score=sender_ligand_expression*receiver_receptor_expression*receiver_target_program_score*lr_weight; curated prior baseline, not nichenetr package output"
Perivascular,Normal/Epithelial,MMP2,ITGAV,0.005555344491417515,0.0680435183477779,0.4450057405281286,0.3669345579793341,0.5,2,ITGAV;COL1A1,"score=sender_ligand_expression*receiver_receptor_expression*receiver_target_program_score*lr_weight; curated prior baseline, not nichenetr package output"
Myeloid,Normal/Epithelial,IFNG,IFNGR1,0.0054735123760294765,0.0183979328165374,0.7862227324913892,0.5405718659450003,0.7,3,IFNGR1;TNF;CCL5,"score=sender_ligand_expression*receiver_receptor_expression*receiver_target_program_score*lr_weight; curated prior baseline, not nichenetr package output"
Tumor/Malignant,Endothelial,TGFB1,TGFBR1,0.00538977673833948,0.2203846625015313,0.0681130834976988,0.39894806048652204,0.9,4,COL1A2;COL1A1;MMP2;MMP9,"score=sender_ligand_expression*receiver_receptor_expression*receiver_target_program_score*lr_weight; curated prior baseline, not nichenetr package output"
B/Plasma,Normal/Epithelial,IFNG,IFNGR1,0.00526052359578289,0.0176820208023774,0.7862227324913892,0.5405718659450003,0.7,3,IFNGR1;TNF;CCL5,"score=sender_ligand_expression*receiver_receptor_expression*receiver_target_program_score*lr_weight; curated prior baseline, not nichenetr package output"
CAF/Fibroblast,Perivascular,IL6,IL6R,0.005073131190793037,0.2537654039251483,0.115987460815047,0.2462263902426174,0.7,3,IL6R;TNF;MMP9,"score=sender_ligand_expression*receiver_receptor_expression*receiver_target_program_score*lr_weight; curated prior baseline, not nichenetr package output"
Myeloid,Endothelial,IFNG,IFNGR1,0.00500905335970963,0.0183979328165374,0.8756081525312295,0.4442002442002442,0.7,3,IFNGR1;TNF;CCL5,"score=sender_ligand_expression*receiver_receptor_expression*receiver_target_program_score*lr_weight; curated prior baseline, not nichenetr package output"
CAF/Fibroblast,B/Plasma,SPP1,CD44,0.004971306659998803,0.0415335463258785,0.5863298662704309,0.2916295195641407,0.7,3,CD44;MMP2;COL1A1,"score=sender_ligand_expression*receiver_receptor_expression*receiver_target_program_score*lr_weight; curated prior baseline, not nichenetr package output"
B/Plasma,Endothelial,IFNG,IFNGR1,0.004814137902873022,0.0176820208023774,0.8756081525312295,0.4442002442002442,0.7,3,IFNGR1;TNF;CCL5,"score=sender_ligand_expression*receiver_receptor_expression*receiver_target_program_score*lr_weight; curated prior baseline, not nichenetr package output"
Perivascular,Myeloid,CCL5,CCR5,0.004745952006608951,0.1006822791812649,0.1111111111111111,0.5303014642549525,0.8,2,CCR5;IFNGR1,"score=sender_ligand_expression*receiver_receptor_expression*receiver_target_program_score*lr_weight; curated prior baseline, not nichenetr package output"
Tumor/Malignant,Endothelial,SPP1,CD44,0.004725531144025395,0.098370697047654,0.1817225509533201,0.37764002379386985,0.7,3,CD44;MMP2;COL1A1,"score=sender_ligand_expression*receiver_receptor_expression*receiver_target_program_score*lr_weight; curated prior baseline, not nichenetr package output"
Endothelial,Tumor/Malignant,IL6,IL6R,0.004697649797907637,1.2798159105851414,0.0625586998244109,0.0838199463704792,0.7,3,IL6R;TNF;MMP9,"score=sender_ligand_expression*receiver_receptor_expression*receiver_target_program_score*lr_weight; curated prior baseline, not nichenetr package output"
T/NK,Endothelial,COL1A1,ITGA1,0.004666482269469046,0.0343613335605157,0.4883629191321499,0.5561691869384177,0.5,2,ITGA1;MMP2,"score=sender_ligand_expression*receiver_receptor_expression*receiver_target_program_score*lr_weight; curated prior baseline, not nichenetr package output"
Normal/Epithelial,Myeloid,MMP2,ITGAV,0.004623848990131367,0.0507462686567164,0.4958139534883721,0.3675452196382429,0.5,2,ITGAV;COL1A1,"score=sender_ligand_expression*receiver_receptor_expression*receiver_target_program_score*lr_weight; curated prior baseline, not nichenetr package output"
Endothelial,Myeloid,CCL5,CCR5,0.0045309415778551545,0.0961209730440499,0.1111111111111111,0.5303014642549525,0.8,2,CCR5;IFNGR1,"score=sender_ligand_expression*receiver_receptor_expression*receiver_target_program_score*lr_weight; curated prior baseline, not nichenetr package output"
Perivascular,Tumor/Malignant,COL1A1,ITGA1,0.00449423050778873,6.544163747003504,0.0210706847972559,0.06518572964732462,0.5,2,ITGA1;MMP2,"score=sender_ligand_expression*receiver_receptor_expression*receiver_target_program_score*lr_weight; curated prior baseline, not nichenetr package output"
CAF/Fibroblast,T/NK,MMP2,ITGAV,0.0044229705459167485,5.784268979157158,0.0400692906230476,0.0381666382688703,0.5,2,ITGAV;COL1A1,"score=sender_ligand_expression*receiver_receptor_expression*receiver_target_program_score*lr_weight; curated prior baseline, not nichenetr package output"
Normal/Epithelial,Endothelial,MMP2,ITGAV,0.004311327365831811,0.0507462686567164,0.4161735700197239,0.4082840236686391,0.5,2,ITGAV;COL1A1,"score=sender_ligand_expression*receiver_receptor_expression*receiver_target_program_score*lr_weight; curated prior baseline, not nichenetr package output"
Perivascular,Normal/Epithelial,IFNG,IFNGR1,0.003949935171193586,0.0132767840678591,0.7862227324913892,0.5405718659450003,0.7,3,IFNGR1;TNF;CCL5,"score=sender_ligand_expression*receiver_receptor_expression*receiver_target_program_score*lr_weight; curated prior baseline, not nichenetr package output"
B/Plasma,Normal/Epithelial,TGFB1,TGFBR1,0.0037903315863791784,0.2317979197622585,0.1857634902411021,0.09780584258196197,0.9,4,COL1A1;COL1A2;MMP2;MMP9,"score=sender_ligand_expression*receiver_receptor_expression*receiver_target_program_score*lr_weight; curated prior baseline, not nichenetr package output"
Endothelial,Tumor/Malignant,TNF,TNFRSF1A,0.003712603272676682,0.0152531229454306,0.863571399403814,0.40264608599779494,0.7,4,TNFRSF1A;CCL2;CCL5;MMP9,"score=sender_ligand_expression*receiver_receptor_expression*receiver_target_program_score*lr_weight; curated prior baseline, not nichenetr package output"
Perivascular,Normal/Epithelial,COL1A1,ITGA1,0.003681647956307514,6.544163747003504,0.0303099885189437,0.037122081898201265,0.5,2,ITGA1;MMP2,"score=sender_ligand_expression*receiver_receptor_expression*receiver_target_program_score*lr_weight; curated prior baseline, not nichenetr package output"
Perivascular,T/NK,IL6,IL6R,0.003651848220450191,0.5744053107136271,0.0527063099903447,0.17231918041255231,0.7,3,IL6R;TNF;MMP9,"score=sender_ligand_expression*receiver_receptor_expression*receiver_target_program_score*lr_weight; curated prior baseline, not nichenetr package output"
Perivascular,Endothelial,IFNG,IFNGR1,0.003614760446427448,0.0132767840678591,0.8756081525312295,0.4442002442002442,0.7,3,IFNGR1;TNF;CCL5,"score=sender_ligand_expression*receiver_receptor_expression*receiver_target_program_score*lr_weight; curated prior baseline, not nichenetr package output"
Tumor/Malignant,Normal/Epithelial,TGFB1,TGFBR1,0.003603703382195228,0.2203846625015313,0.1857634902411021,0.09780584258196197,0.9,4,COL1A1;COL1A2;MMP2;MMP9,"score=sender_ligand_expression*receiver_receptor_expression*receiver_target_program_score*lr_weight; curated prior baseline, not nichenetr package output"
Endothelial,B/Plasma,IL6,IL6R,0.003590720457658913,1.2798159105851414,0.0566121842496285,0.07079883959527344,0.7,3,IL6R;TNF;MMP9,"score=sender_ligand_expression*receiver_receptor_expression*receiver_target_program_score*lr_weight; curated prior baseline, not nichenetr package output"
CAF/Fibroblast,Normal/Epithelial,TNF,TNFRSF1A,0.003332352659830642,0.008823976875095,0.8342135476463834,0.6467125908916953,0.7,4,TNFRSF1A;CCL2;CCL5;MMP9,"score=sender_ligand_expression*receiver_receptor_expression*receiver_target_program_score*lr_weight; curated prior baseline, not nichenetr package output"
Normal/Epithelial,CAF/Fibroblast,CXCL12,CXCR4,0.0032807691155994642,0.0422502870264064,0.0813935797961357,1.0600182565038794,0.9,3,CXCR4;CCL2;CCL5,"score=sender_ligand_expression*receiver_receptor_expression*receiver_target_program_score*lr_weight; curated prior baseline, not nichenetr package output"
Myeloid,T/NK,CCL5,CCR5,0.0031651775232506584,1.3673385012919896,0.0407792355313227,0.0709566270990704,0.8,2,CCR5;IFNGR1,"score=sender_ligand_expression*receiver_receptor_expression*receiver_target_program_score*lr_weight; curated prior baseline, not nichenetr package output"
Myeloid,CAF/Fibroblast,IFNG,IFNGR1,0.0031178331309881296,0.0183979328165374,0.5779704853187281,0.4188708497243412,0.7,3,IFNGR1;TNF;CCL5,"score=sender_ligand_expression*receiver_receptor_expression*receiver_target_program_score*lr_weight; curated prior baseline, not nichenetr package output"
Normal/Epithelial,Myeloid,CCL5,CCR5,0.0031172715235193533,0.0661308840413318,0.1111111111111111,0.5303014642549525,0.8,2,CCR5;IFNGR1,"score=sender_ligand_expression*receiver_receptor_expression*receiver_target_program_score*lr_weight; curated prior baseline, not nichenetr package output"
B/Plasma,CAF/Fibroblast,IFNG,IFNGR1,0.0029965100335032795,0.0176820208023774,0.5779704853187281,0.4188708497243412,0.7,3,IFNGR1;TNF;CCL5,"score=sender_ligand_expression*receiver_receptor_expression*receiver_target_program_score*lr_weight; curated prior baseline, not nichenetr package output"
B/Plasma,Normal/Epithelial,IL6,IL6R,0.0027917340126758904,0.0564635958395245,0.2571756601607348,0.2746487343502269,0.7,3,IL6R;TNF;MMP9,"score=sender_ligand_expression*receiver_receptor_expression*receiver_target_program_score*lr_weight; curated prior baseline, not nichenetr package output"
Perivascular,B/Plasma,SPP1,CD44,0.0026927235296772137,0.0224967730038723,0.5863298662704309,0.2916295195641407,0.7,3,CD44;MMP2;COL1A1,"score=sender_ligand_expression*receiver_receptor_expression*receiver_target_program_score*lr_weight; curated prior baseline, not nichenetr package output"
Normal/Epithelial,Tumor/Malignant,CXCL12,CXCR4,0.002687122193403952,0.0422502870264064,0.2770223365592715,0.2550941238923598,0.9,3,CXCR4;CCL2;CCL5,"score=sender_ligand_expression*receiver_receptor_expression*receiver_target_program_score*lr_weight; curated prior baseline, not nichenetr package output"
T/NK,Perivascular,MMP2,ITGAV,0.002607448570896829,0.0042312716533197,0.4912410105107874,2.5088819226750263,0.5,2,ITGAV;COL1A1,"score=sender_ligand_expression*receiver_receptor_expression*receiver_target_program_score*lr_weight; curated prior baseline, not nichenetr package output"
Perivascular,CAF/Fibroblast,IL6,IL6R,0.00257196514936653,0.5744053107136271,0.0369694203560018,0.17302384212470928,0.7,3,IL6R;TNF;MMP9,"score=sender_ligand_expression*receiver_receptor_expression*receiver_target_program_score*lr_weight; curated prior baseline, not nichenetr package output"
Perivascular,T/NK,TNF,TNFRSF1A,0.0025480911773419837,0.0352203577355707,0.0808201283580394,1.278802938225327,0.7,4,TNFRSF1A;CCL5;CCL2;MMP9,"score=sender_ligand_expression*receiver_receptor_expression*receiver_target_program_score*lr_weight; curated prior baseline, not nichenetr package output"
Myeloid,Perivascular,IL6,IL6R,0.0024898876580648384,0.124547803617571,0.115987460815047,0.2462263902426174,0.7,3,IL6R;TNF;MMP9,"score=sender_ligand_expression*receiver_receptor_expression*receiver_target_program_score*lr_weight; curated prior baseline, not nichenetr package output"
CAF/Fibroblast,Normal/Epithelial,IFNG,IFNGR1,0.0024894082987559703,0.0083675642781074,0.7862227324913892,0.5405718659450003,0.7,3,IFNGR1;TNF;CCL5,"score=sender_ligand_expression*receiver_receptor_expression*receiver_target_program_score*lr_weight; curated prior baseline, not nichenetr package output"
Myeloid,T/NK,IFNG,IFNGR1,0.0024796474862344726,0.0183979328165374,0.1313114102345658,1.4662918157550973,0.7,3,IFNGR1;TNF;CCL5,"score=sender_ligand_expression*receiver_receptor_expression*receiver_target_program_score*lr_weight; curated prior baseline, not nichenetr package output"
B/Plasma,T/NK,IFNG,IFNGR1,0.0023831578727556576,0.0176820208023774,0.1313114102345658,1.4662918157550973,0.7,3,IFNGR1;TNF;CCL5,"score=sender_ligand_expression*receiver_receptor_expression*receiver_target_program_score*lr_weight; curated prior baseline, not nichenetr package output"
B/Plasma,Perivascular,MMP2,ITGAV,0.0023806915278324838,0.0038632986627043,0.4912410105107874,2.5088819226750263,0.5,2,ITGAV;COL1A1,"score=sender_ligand_expression*receiver_receptor_expression*receiver_target_program_score*lr_weight; curated prior baseline, not nichenetr package output"
Myeloid,Tumor/Malignant,IFNG,IFNGR1,0.0023163079469248646,0.0183979328165374,0.5238270243782923,0.3433533812071114,0.7,3,IFNGR1;TNF;CCL5,"score=sender_ligand_expression*receiver_receptor_expression*receiver_target_program_score*lr_weight; curated prior baseline, not nichenetr package output"
Tumor/Malignant,Normal/Epithelial,IFNG,IFNGR1,0.0022960842985679055,0.0077177508269018,0.7862227324913892,0.5405718659450003,0.7,3,IFNGR1;TNF;CCL5,"score=sender_ligand_expression*receiver_receptor_expression*receiver_target_program_score*lr_weight; curated prior baseline, not nichenetr package output"
CAF/Fibroblast,Endothelial,IFNG,IFNGR1,0.002278167682086826,0.0083675642781074,0.8756081525312295,0.4442002442002442,0.7,3,IFNGR1;TNF;CCL5,"score=sender_ligand_expression*receiver_receptor_expression*receiver_target_program_score*lr_weight; curated prior baseline, not nichenetr package output"
Endothelial,Normal/Epithelial,IFNG,IFNGR1,0.0022689548344221678,0.0076265614727153,0.7862227324913892,0.5405718659450003,0.7,3,IFNGR1;TNF;CCL5,"score=sender_ligand_expression*receiver_receptor_expression*receiver_target_program_score*lr_weight; curated prior baseline, not nichenetr package output"
Perivascular,CAF/Fibroblast,IFNG,IFNGR1,0.002249970018508699,0.0132767840678591,0.5779704853187281,0.4188708497243412,0.7,3,IFNGR1;TNF;CCL5,"score=sender_ligand_expression*receiver_receptor_expression*receiver_target_program_score*lr_weight; curated prior baseline, not nichenetr package output"
B/Plasma,Tumor/Malignant,IFNG,IFNGR1,0.002226174305051403,0.0176820208023774,0.5238270243782923,0.3433533812071114,0.7,3,IFNGR1;TNF;CCL5,"score=sender_ligand_expression*receiver_receptor_expression*receiver_target_program_score*lr_weight; curated prior baseline, not nichenetr package output"
CAF/Fibroblast,Tumor/Malignant,TNF,TNFRSF1A,0.0021477520073563032,0.008823976875095,0.863571399403814,0.40264608599779494,0.7,4,TNFRSF1A;CCL2;CCL5;MMP9,"score=sender_ligand_expression*receiver_receptor_expression*receiver_target_program_score*lr_weight; curated prior baseline, not nichenetr package output"
Perivascular,Tumor/Malignant,IL6,IL6R,0.0021083930661224826,0.5744053107136271,0.0625586998244109,0.0838199463704792,0.7,3,IL6R;TNF;MMP9,"score=sender_ligand_expression*receiver_receptor_expression*receiver_target_program_score*lr_weight; curated prior baseline, not nichenetr package output"
Tumor/Malignant,Endothelial,IFNG,IFNGR1,0.0021012483355817594,0.0077177508269018,0.8756081525312295,0.4442002442002442,0.7,3,IFNGR1;TNF;CCL5,"score=sender_ligand_expression*receiver_receptor_expression*receiver_target_program_score*lr_weight; curated prior baseline, not nichenetr package output"
CAF/Fibroblast,Endothelial,SPP1,CD44,0.001995188329200124,0.0415335463258785,0.1817225509533201,0.37764002379386985,0.7,3,CD44;MMP2;COL1A1,"score=sender_ligand_expression*receiver_receptor_expression*receiver_target_program_score*lr_weight; curated prior baseline, not nichenetr package output"
Normal/Epithelial,Myeloid,VEGFA,FLT1,0.0018969682328537395,0.2307692307692307,0.0840310077519379,0.12227920227920222,0.8,5,FLT1;KDR;TEK;PECAM1;VWF,"score=sender_ligand_expression*receiver_receptor_expression*receiver_target_program_score*lr_weight; curated prior baseline, not nichenetr package output"
Normal/Epithelial,Endothelial,IFNG,IFNGR1,0.001875511471582071,0.0068886337543053,0.8756081525312295,0.4442002442002442,0.7,3,IFNGR1;TNF;CCL5,"score=sender_ligand_expression*receiver_receptor_expression*receiver_target_program_score*lr_weight; curated prior baseline, not nichenetr package output"
CAF/Fibroblast,Myeloid,VEGFA,FLT1,0.0018358812189147916,0.2233378974593032,0.0840310077519379,0.12227920227920222,0.8,5,FLT1;KDR;TEK;PECAM1;VWF,"score=sender_ligand_expression*receiver_receptor_expression*receiver_target_program_score*lr_weight; curated prior baseline, not nichenetr package output"
Perivascular,T/NK,IFNG,IFNGR1,0.0017894262669310465,0.0132767840678591,0.1313114102345658,1.4662918157550973,0.7,3,IFNGR1;TNF;CCL5,"score=sender_ligand_expression*receiver_receptor_expression*receiver_target_program_score*lr_weight; curated prior baseline, not nichenetr package output"
Normal/Epithelial,Endothelial,TGFB1,TGFBR1,0.001712778050836365,0.0700344431687715,0.0681130834976988,0.39894806048652204,0.9,4,COL1A2;COL1A1;MMP2;MMP9,"score=sender_ligand_expression*receiver_receptor_expression*receiver_target_program_score*lr_weight; curated prior baseline, not nichenetr package output"
Perivascular,Tumor/Malignant,IFNG,IFNGR1,0.001671553035477134,0.0132767840678591,0.5238270243782923,0.3433533812071114,0.7,3,IFNGR1;TNF;CCL5,"score=sender_ligand_expression*receiver_receptor_expression*receiver_target_program_score*lr_weight; curated prior baseline, not nichenetr package output"
B/Plasma,Perivascular,CXCL12,CXCR4,0.0016558579732398023,0.0109955423476968,0.0966254840494191,1.7316983219620137,0.9,3,CXCR4;CCL2;CCL5,"score=sender_ligand_expression*receiver_receptor_expression*receiver_target_program_score*lr_weight; curated prior baseline, not nichenetr package output"
CAF/Fibroblast,T/NK,IL6,IL6R,0.0016133429156226836,0.2537654039251483,0.0527063099903447,0.17231918041255231,0.7,3,IL6R;TNF;MMP9,"score=sender_ligand_expression*receiver_receptor_expression*receiver_target_program_score*lr_weight; curated prior baseline, not nichenetr package output"
Perivascular,B/Plasma,IL6,IL6R,0.0016115824808150272,0.5744053107136271,0.0566121842496285,0.07079883959527344,0.7,3,IL6R;TNF;MMP9,"score=sender_ligand_expression*receiver_receptor_expression*receiver_target_program_score*lr_weight; curated prior baseline, not nichenetr package output"
Tumor/Malignant,T/NK,COL1A1,ITGA1,0.0016045630033237588,1.058271060476132,0.066394047821889,0.045673122432365904,0.5,2,ITGA1;MMP2,"score=sender_ligand_expression*receiver_receptor_expression*receiver_target_program_score*lr_weight; curated prior baseline, not nichenetr package output"
B/Plasma,Endothelial,CXCL12,CXCR4,0.001547732787251882,0.0109955423476968,0.1889546351084812,0.8277120315581853,0.9,3,CXCR4;CCL2;CCL5,"score=sender_ligand_expression*receiver_receptor_expression*receiver_target_program_score*lr_weight; curated prior baseline, not nichenetr package output"
CAF/Fibroblast,B/Plasma,MMP2,ITGAV,0.0015165333667636824,5.784268979157158,0.0185735512630014,0.0282317979197622,0.5,2,ITGAV;COL1A1,"score=sender_ligand_expression*receiver_receptor_expression*receiver_target_program_score*lr_weight; curated prior baseline, not nichenetr package output"
Myeloid,B/Plasma,TNF,TNFRSF1A,0.0014883776697330118,1.0140568475452196,0.0242199108469539,0.08657256067360075,0.7,4,TNFRSF1A;CCL5;CCL2;MMP9,"score=sender_ligand_expression*receiver_receptor_expression*receiver_target_program_score*lr_weight; curated prior baseline, not nichenetr package output"
T/NK,Myeloid,CCL2,CCR2,0.0014549941914884297,0.0395013346964275,0.0572609819121447,0.8040826873385013,0.8,2,CCR2;CSF1R,"score=sender_ligand_expression*receiver_receptor_expression*receiver_target_program_score*lr_weight; curated prior baseline, not nichenetr package output"
Perivascular,Myeloid,COL1A1,ITGA1,0.0014537983559323622,6.544163747003504,0.0057881136950904,0.07676141257536603,0.5,2,ITGA1;MMP2,"score=sender_ligand_expression*receiver_receptor_expression*receiver_target_program_score*lr_weight; curated prior baseline, not nichenetr package output"
B/Plasma,Endothelial,SPP1,CD44,0.0014061642195314773,0.0292719167904903,0.1817225509533201,0.37764002379386985,0.7,3,CD44;MMP2;COL1A1,"score=sender_ligand_expression*receiver_receptor_expression*receiver_target_program_score*lr_weight; curated prior baseline, not nichenetr package output"
CAF/Fibroblast,T/NK,CCL5,CCR5,0.001372073404167456,0.592727825954663,0.0407792355313227,0.0709566270990704,0.8,2,CCR5;IFNGR1,"score=sender_ligand_expression*receiver_receptor_expression*receiver_target_program_score*lr_weight; curated prior baseline, not nichenetr package output"
Tumor/Malignant,CAF/Fibroblast,IFNG,IFNGR1,0.0013079001573044228,0.0077177508269018,0.5779704853187281,0.4188708497243412,0.7,3,IFNGR1;TNF;CCL5,"score=sender_ligand_expression*receiver_receptor_expression*receiver_target_program_score*lr_weight; curated prior baseline, not nichenetr package output"
B/Plasma,Myeloid,CCL2,CCR2,0.001302600925206888,0.0353640416047548,0.0572609819121447,0.8040826873385013,0.8,2,CCR2;CSF1R,"score=sender_ligand_expression*receiver_receptor_expression*receiver_target_program_score*lr_weight; curated prior baseline, not nichenetr package output"
Endothelial,CAF/Fibroblast,IFNG,IFNGR1,0.0012924466173599503,0.0076265614727153,0.5779704853187281,0.4188708497243412,0.7,3,IFNGR1;TNF;CCL5,"score=sender_ligand_expression*receiver_receptor_expression*receiver_target_program_score*lr_weight; curated prior baseline, not nichenetr package output"
Tumor/Malignant,Normal/Epithelial,IL6,IL6R,0.0012598505903738356,0.0254808281269141,0.2571756601607348,0.2746487343502269,0.7,3,IL6R;TNF;MMP9,"score=sender_ligand_expression*receiver_receptor_expression*receiver_target_program_score*lr_weight; curated prior baseline, not nichenetr package output"
Perivascular,Myeloid,VEGFA,FLT1,0.0012156734154362952,0.1478886225336529,0.0840310077519379,0.12227920227920222,0.8,5,FLT1;KDR;TEK;PECAM1;VWF,"score=sender_ligand_expression*receiver_receptor_expression*receiver_target_program_score*lr_weight; curated prior baseline, not nichenetr package output"
Normal/Epithelial,CAF/Fibroblast,IFNG,IFNGR1,0.00116739259571111,0.0068886337543053,0.5779704853187281,0.4188708497243412,0.7,3,IFNGR1;TNF;CCL5,"score=sender_ligand_expression*receiver_receptor_expression*receiver_target_program_score*lr_weight; curated prior baseline, not nichenetr package output"
T/NK,Endothelial,CCL5,CCR5,0.00114220488441396,5.303402056000454,0.0009204470742932,0.2924830155599386,0.8,2,CCR5;IFNGR1,"score=sender_ligand_expression*receiver_receptor_expression*receiver_target_program_score*lr_weight; curated prior baseline, not nichenetr package output"
B/Plasma,Perivascular,IL6,IL6R,0.0011287875524684024,0.0564635958395245,0.115987460815047,0.2462263902426174,0.7,3,IL6R;TNF;MMP9,"score=sender_ligand_expression*receiver_receptor_expression*receiver_target_program_score*lr_weight; curated prior baseline, not nichenetr package output"
CAF/Fibroblast,T/NK,IFNG,IFNGR1,0.001127768534379255,0.0083675642781074,0.1313114102345658,1.4662918157550973,0.7,3,IFNGR1;TNF;CCL5,"score=sender_ligand_expression*receiver_receptor_expression*receiver_target_program_score*lr_weight; curated prior baseline, not nichenetr package output"
B/Plasma,Normal/Epithelial,CXCL12,CXCR4,0.001108383253465038,0.0109955423476968,0.2220436280137772,0.5044202066590125,0.9,3,CXCR4;CCL2;CCL5,"score=sender_ligand_expression*receiver_receptor_expression*receiver_target_program_score*lr_weight; curated prior baseline, not nichenetr package output"
Normal/Epithelial,Perivascular,IL6,IL6R,0.0011062991086924128,0.0553386911595866,0.115987460815047,0.2462263902426174,0.7,3,IL6R;TNF;MMP9,"score=sender_ligand_expression*receiver_receptor_expression*receiver_target_program_score*lr_weight; curated prior baseline, not nichenetr package output"
Endothelial,T/NK,TNF,TNFRSF1A,0.0011035193990920574,0.0152531229454306,0.0808201283580394,1.278802938225327,0.7,4,TNFRSF1A;CCL5;CCL2;MMP9,"score=sender_ligand_expression*receiver_receptor_expression*receiver_target_program_score*lr_weight; curated prior baseline, not nichenetr package output"
Perivascular,Endothelial,SPP1,CD44,0.0010806998899110026,0.0224967730038723,0.1817225509533201,0.37764002379386985,0.7,3,CD44;MMP2;COL1A1,"score=sender_ligand_expression*receiver_receptor_expression*receiver_target_program_score*lr_weight; curated prior baseline, not nichenetr package output"
CAF/Fibroblast,Tumor/Malignant,IFNG,IFNGR1,0.0010534800744767894,0.0083675642781074,0.5238270243782923,0.3433533812071114,0.7,3,IFNGR1;TNF;CCL5,"score=sender_ligand_expression*receiver_receptor_expression*receiver_target_program_score*lr_weight; curated prior baseline, not nichenetr package output"
Tumor/Malignant,T/NK,IFNG,IFNGR1,0.0010401875921684566,0.0077177508269018,0.1313114102345658,1.4662918157550973,0.7,3,IFNGR1;TNF;CCL5,"score=sender_ligand_expression*receiver_receptor_expression*receiver_target_program_score*lr_weight; curated prior baseline, not nichenetr package output"
Endothelial,T/NK,IFNG,IFNGR1,0.0010278972193784957,0.0076265614727153,0.1313114102345658,1.4662918157550973,0.7,3,IFNGR1;TNF;CCL5,"score=sender_ligand_expression*receiver_receptor_expression*receiver_target_program_score*lr_weight; curated prior baseline, not nichenetr package output"
Tumor/Malignant,B/Plasma,CCL2,CCR2,0.001016628678858099,0.2689370737882314,0.0817236255572065,0.05781946508172359,0.8,2,CCR2;CSF1R,"score=sender_ligand_expression*receiver_receptor_expression*receiver_target_program_score*lr_weight; curated prior baseline, not nichenetr package output"
Perivascular,T/NK,CCL2,CCR2,0.0010144935602486192,6.632860040567952,0.0161015505196796,0.0118738285909013,0.8,2,CCR2;CSF1R,"score=sender_ligand_expression*receiver_receptor_expression*receiver_target_program_score*lr_weight; curated prior baseline, not nichenetr package output"
T/NK,Tumor/Malignant,CCL5,CCR5,0.0010034200812637512,5.303402056000454,0.0013475437951733,0.175507370656213,0.8,2,CCR5;IFNGR1,"score=sender_ligand_expression*receiver_receptor_expression*receiver_target_program_score*lr_weight; curated prior baseline, not nichenetr package output"
T/NK,CAF/Fibroblast,CCL5,CCR5,0.0009990346461138694,5.303402056000454,0.0012171002586338,0.19346822861199856,0.8,2,CCR5;IFNGR1,"score=sender_ligand_expression*receiver_receptor_expression*receiver_target_program_score*lr_weight; curated prior baseline, not nichenetr package output"
T/NK,B/Plasma,CCL5,CCR5,0.0009755105813262177,5.303402056000454,0.0060921248142644,0.037741456166418934,0.8,2,CCR5;IFNGR1,"score=sender_ligand_expression*receiver_receptor_expression*receiver_target_program_score*lr_weight; curated prior baseline, not nichenetr package output"
Endothelial,Tumor/Malignant,IFNG,IFNGR1,0.0009601874907969251,0.0076265614727153,0.5238270243782923,0.3433533812071114,0.7,3,IFNGR1;TNF;CCL5,"score=sender_ligand_expression*receiver_receptor_expression*receiver_target_program_score*lr_weight; curated prior baseline, not nichenetr package output"
CAF/Fibroblast,Tumor/Malignant,IL6,IL6R,0.0009314628679056544,0.2537654039251483,0.0625586998244109,0.0838199463704792,0.7,3,IL6R;TNF;MMP9,"score=sender_ligand_expression*receiver_receptor_expression*receiver_target_program_score*lr_weight; curated prior baseline, not nichenetr package output"
Normal/Epithelial,T/NK,IFNG,IFNGR1,0.0009284403602723826,0.0068886337543053,0.1313114102345658,1.4662918157550973,0.7,3,IFNGR1;TNF;CCL5,"score=sender_ligand_expression*receiver_receptor_expression*receiver_target_program_score*lr_weight; curated prior baseline, not nichenetr package output"
T/NK,Perivascular,CCL5,CCR5,0.0009045506115811788,5.303402056000454,0.0018439977872026,0.11561866125760643,0.8,2,CCR5;IFNGR1,"score=sender_ligand_expression*receiver_receptor_expression*receiver_target_program_score*lr_weight; curated prior baseline, not nichenetr package output"
Myeloid,T/NK,CCL2,CCR2,0.0009002133686820159,5.885684754521964,0.0161015505196796,0.0118738285909013,0.8,2,CCR2;CSF1R,"score=sender_ligand_expression*receiver_receptor_expression*receiver_target_program_score*lr_weight; curated prior baseline, not nichenetr package output"
Myeloid,Perivascular,IFNG,IFNGR1,0.0008726239822366645,0.0183979328165374,0.3431679881984141,0.19744825830018523,0.7,3,IFNGR1;TNF;CCL5,"score=sender_ligand_expression*receiver_receptor_expression*receiver_target_program_score*lr_weight; curated prior baseline, not nichenetr package output"
Normal/Epithelial,Tumor/Malignant,IFNG,IFNGR1,0.0008672820619395698,0.0068886337543053,0.5238270243782923,0.3433533812071114,0.7,3,IFNGR1;TNF;CCL5,"score=sender_ligand_expression*receiver_receptor_expression*receiver_target_program_score*lr_weight; curated prior baseline, not nichenetr package output"
B/Plasma,CAF/Fibroblast,CXCL12,CXCR4,0.0008538127970833326,0.0109955423476968,0.0813935797961357,1.0600182565038794,0.9,3,CXCR4;CCL2;CCL5,"score=sender_ligand_expression*receiver_receptor_expression*receiver_target_program_score*lr_weight; curated prior baseline, not nichenetr package output"
B/Plasma,Perivascular,IFNG,IFNGR1,0.0008386678851600503,0.0176820208023774,0.3431679881984141,0.19744825830018523,0.7,3,IFNGR1;TNF;CCL5,"score=sender_ligand_expression*receiver_receptor_expression*receiver_target_program_score*lr_weight; curated prior baseline, not nichenetr package output"
Myeloid,T/NK,IL6,IL6R,0.0007918270714397422,0.124547803617571,0.0527063099903447,0.17231918041255231,0.7,3,IL6R;TNF;MMP9,"score=sender_ligand_expression*receiver_receptor_expression*receiver_target_program_score*lr_weight; curated prior baseline, not nichenetr package output"
Myeloid,T/NK,TGFB1,TGFBR1,0.0007873351632994128,1.2690439276485788,0.0292213324246038,0.023590680474306278,0.9,4,COL1A1;COL1A2;MMP9;MMP2,"score=sender_ligand_expression*receiver_receptor_expression*receiver_target_program_score*lr_weight; curated prior baseline, not nichenetr package output"
Normal/Epithelial,B/Plasma,TNF,TNFRSF1A,0.0007727993337699321,0.5265212399540757,0.0242199108469539,0.08657256067360075,0.7,4,TNFRSF1A;CCL5;CCL2;MMP9,"score=sender_ligand_expression*receiver_receptor_expression*receiver_target_program_score*lr_weight; curated prior baseline, not nichenetr package output"
T/NK,Normal/Epithelial,CCL5,CCR5,0.0007672949519819999,5.303402056000454,0.0006888633754305,0.2625334864140834,0.8,2,CCR5;IFNGR1,"score=sender_ligand_expression*receiver_receptor_expression*receiver_target_program_score*lr_weight; curated prior baseline, not nichenetr package output"
T/NK,B/Plasma,TNF,TNFRSF1A,0.0007245780890914423,0.4936672914181859,0.0242199108469539,0.08657256067360075,0.7,4,TNFRSF1A;CCL5;CCL2;MMP9,"score=sender_ligand_expression*receiver_receptor_expression*receiver_target_program_score*lr_weight; curated prior baseline, not nichenetr package output"
CAF/Fibroblast,B/Plasma,IL6,IL6R,0.0007119778866505102,0.2537654039251483,0.0566121842496285,0.07079883959527344,0.7,3,IL6R;TNF;MMP9,"score=sender_ligand_expression*receiver_receptor_expression*receiver_target_program_score*lr_weight; curated prior baseline, not nichenetr package output"
B/Plasma,Tumor/Malignant,CXCL12,CXCR4,0.000699317518305677,0.0109955423476968,0.2770223365592715,0.2550941238923598,0.9,3,CXCR4;CCL2;CCL5,"score=sender_ligand_expression*receiver_receptor_expression*receiver_target_program_score*lr_weight; curated prior baseline, not nichenetr package output"
Perivascular,Endothelial,IL6,IL6R,0.0006956707811080389,0.5744053107136271,0.0502301117685733,0.03444475752168057,0.7,3,IL6R;TNF;MMP9,"score=sender_ligand_expression*receiver_receptor_expression*receiver_target_program_score*lr_weight; curated prior baseline, not nichenetr package output"
T/NK,Perivascular,CXCL12,CXCR4,0.0006756910324612932,0.0044868518202987,0.0966254840494191,1.7316983219620137,0.9,3,CXCR4;CCL2;CCL5,"score=sender_ligand_expression*receiver_receptor_expression*receiver_target_program_score*lr_weight; curated prior baseline, not nichenetr package output"
B/Plasma,T/NK,CCL5,CCR5,0.0006538664932033655,0.2824665676077266,0.0407792355313227,0.0709566270990704,0.8,2,CCR5;IFNGR1,"score=sender_ligand_expression*receiver_receptor_expression*receiver_target_program_score*lr_weight; curated prior baseline, not nichenetr package output"
CAF/Fibroblast,T/NK,TNF,TNFRSF1A,0.0006383892461657566,0.008823976875095,0.0808201283580394,1.278802938225327,0.7,4,TNFRSF1A;CCL5;CCL2;MMP9,"score=sender_ligand_expression*receiver_receptor_expression*receiver_target_program_score*lr_weight; curated prior baseline, not nichenetr package output"
T/NK,Endothelial,CXCL12,CXCR4,0.0006315693627674234,0.0044868518202987,0.1889546351084812,0.8277120315581853,0.9,3,CXCR4;CCL2;CCL5,"score=sender_ligand_expression*receiver_receptor_expression*receiver_target_program_score*lr_weight; curated prior baseline, not nichenetr package output"
Tumor/Malignant,Normal/Epithelial,COL1A1,ITGA1,0.0005953673590159405,1.058271060476132,0.0303099885189437,0.037122081898201265,0.5,2,ITGA1;MMP2,"score=sender_ligand_expression*receiver_receptor_expression*receiver_target_program_score*lr_weight; curated prior baseline, not nichenetr package output"
Endothelial,T/NK,COL1A1,ITGA1,0.000595120583348076,0.3925049309664694,0.066394047821889,0.045673122432365904,0.5,2,ITGA1;MMP2,"score=sender_ligand_expression*receiver_receptor_expression*receiver_target_program_score*lr_weight; curated prior baseline, not nichenetr package output"
T/NK,Myeloid,IL6,IL6R,0.0005783314153199036,0.0015618787982052,0.4535400516795865,1.1663147532914975,0.7,3,IL6R;TNF;MMP9,"score=sender_ligand_expression*receiver_receptor_expression*receiver_target_program_score*lr_weight; curated prior baseline, not nichenetr package output"
CAF/Fibroblast,B/Plasma,COL1A1,ITGA1,0.0005588138944705246,74.88254982504183,0.0038632986627043,0.0038632986627043,0.5,2,ITGA1;MMP2,"score=sender_ligand_expression*receiver_receptor_expression*receiver_target_program_score*lr_weight; curated prior baseline, not nichenetr package output"
Myeloid,CAF/Fibroblast,IL6,IL6R,0.0005576769649580117,0.124547803617571,0.0369694203560018,0.17302384212470928,0.7,3,IL6R;TNF;MMP9,"score=sender_ligand_expression*receiver_receptor_expression*receiver_target_program_score*lr_weight; curated prior baseline, not nichenetr package output"
Myeloid,B/Plasma,TGFB1,TGFBR1,0.0005433592258412088,1.2690439276485788,0.0166419019316493,0.028586759121677362,0.9,4,COL1A1;COL1A2;MMP9;MMP2,"score=sender_ligand_expression*receiver_receptor_expression*receiver_target_program_score*lr_weight; curated prior baseline, not nichenetr package output"
CAF/Fibroblast,T/NK,CCL2,CCR2,0.0005329619004089869,3.4845580404685834,0.0161015505196796,0.0118738285909013,0.8,2,CCR2;CSF1R,"score=sender_ligand_expression*receiver_receptor_expression*receiver_target_program_score*lr_weight; curated prior baseline, not nichenetr package output"
Endothelial,T/NK,MMP2,ITGAV,0.0005289743948754369,0.6917817225509533,0.0400692906230476,0.0381666382688703,0.5,2,ITGAV;COL1A1,"score=sender_ligand_expression*receiver_receptor_expression*receiver_target_program_score*lr_weight; curated prior baseline, not nichenetr package output"
Tumor/Malignant,Perivascular,IL6,IL6R,0.0005093979791509079,0.0254808281269141,0.115987460815047,0.2462263902426174,0.7,3,IL6R;TNF;MMP9,"score=sender_ligand_expression*receiver_receptor_expression*receiver_target_program_score*lr_weight; curated prior baseline, not nichenetr package output"
T/NK,Tumor/Malignant,MMP2,ITGAV,0.00046346530168991083,0.0042312716533197,0.3667769202499081,0.5972749669919827,0.5,2,ITGAV;COL1A1,"score=sender_ligand_expression*receiver_receptor_expression*receiver_target_program_score*lr_weight; curated prior baseline, not nichenetr package output"
Myeloid,Tumor/Malignant,IL6,IL6R,0.00045716103359460386,0.124547803617571,0.0625586998244109,0.0838199463704792,0.7,3,IL6R;TNF;MMP9,"score=sender_ligand_expression*receiver_receptor_expression*receiver_target_program_score*lr_weight; curated prior baseline, not nichenetr package output"
Tumor/Malignant,T/NK,CCL5,CCR5,0.00045693836682315307,0.1973947486626648,0.0407792355313227,0.0709566270990704,0.8,2,CCR5;IFNGR1,"score=sender_ligand_expression*receiver_receptor_expression*receiver_target_program_score*lr_weight; curated prior baseline, not nichenetr package output"
T/NK,Normal/Epithelial,CXCL12,CXCR4,0.00045228796007865037,0.0044868518202987,0.2220436280137772,0.5044202066590125,0.9,3,CXCR4;CCL2;CCL5,"score=sender_ligand_expression*receiver_receptor_expression*receiver_target_program_score*lr_weight; curated prior baseline, not nichenetr package output"
Endothelial,T/NK,CCL2,CCR2,0.00043389027603038516,2.836817882971729,0.0161015505196796,0.0118738285909013,0.8,2,CCR2;CSF1R,"score=sender_ligand_expression*receiver_receptor_expression*receiver_target_program_score*lr_weight; curated prior baseline, not nichenetr package output"
B/Plasma,Tumor/Malignant,MMP2,ITGAV,0.00042315999229775595,0.0038632986627043,0.3667769202499081,0.5972749669919827,0.5,2,ITGAV;COL1A1,"score=sender_ligand_expression*receiver_receptor_expression*receiver_target_program_score*lr_weight; curated prior baseline, not nichenetr package output"
Endothelial,T/NK,TGFB1,TGFBR1,0.00039835520718448265,0.642077580539119,0.0292213324246038,0.023590680474306278,0.9,4,COL1A1;COL1A2;MMP9;MMP2,"score=sender_ligand_expression*receiver_receptor_expression*receiver_target_program_score*lr_weight; curated prior baseline, not nichenetr package output"
CAF/Fibroblast,Perivascular,IFNG,IFNGR1,0.00039687813488589366,0.0083675642781074,0.3431679881984141,0.19744825830018523,0.7,3,IFNGR1;TNF;CCL5,"score=sender_ligand_expression*receiver_receptor_expression*receiver_target_program_score*lr_weight; curated prior baseline, not nichenetr package output"
T/NK,Myeloid,MMP2,ITGAV,0.00038554088170548344,0.0042312716533197,0.4958139534883721,0.3675452196382429,0.5,2,ITGAV;COL1A1,"score=sender_ligand_expression*receiver_receptor_expression*receiver_target_program_score*lr_weight; curated prior baseline, not nichenetr package output"
CAF/Fibroblast,T/NK,TGFB1,TGFBR1,0.00036962560081468105,0.5957705766012475,0.0292213324246038,0.023590680474306278,0.9,4,COL1A1;COL1A2;MMP9;MMP2,"score=sender_ligand_expression*receiver_receptor_expression*receiver_target_program_score*lr_weight; curated prior baseline, not nichenetr package output"
Tumor/Malignant,Perivascular,IFNG,IFNGR1,0.00036605712868065953,0.0077177508269018,0.3431679881984141,0.19744825830018523,0.7,3,IFNGR1;TNF;CCL5,"score=sender_ligand_expression*receiver_receptor_expression*receiver_target_program_score*lr_weight; curated prior baseline, not nichenetr package output"
Endothelial,Perivascular,IFNG,IFNGR1,0.00036173196790410274,0.0076265614727153,0.3431679881984141,0.19744825830018523,0.7,3,IFNGR1;TNF;CCL5,"score=sender_ligand_expression*receiver_receptor_expression*receiver_target_program_score*lr_weight; curated prior baseline, not nichenetr package output"
T/NK,Endothelial,MMP2,ITGAV,0.00035948253446238765,0.0042312716533197,0.4161735700197239,0.4082840236686391,0.5,2,ITGAV;COL1A1,"score=sender_ligand_expression*receiver_receptor_expression*receiver_target_program_score*lr_weight; curated prior baseline, not nichenetr package output"
B/Plasma,T/NK,IL6,IL6R,0.0003589738432790826,0.0564635958395245,0.0527063099903447,0.17231918041255231,0.7,3,IL6R;TNF;MMP9,"score=sender_ligand_expression*receiver_receptor_expression*receiver_target_program_score*lr_weight; curated prior baseline, not nichenetr package output"
B/Plasma,Myeloid,MMP2,ITGAV,0.0003520122778082697,0.0038632986627043,0.4958139534883721,0.3675452196382429,0.5,2,ITGAV;COL1A1,"score=sender_ligand_expression*receiver_receptor_expression*receiver_target_program_score*lr_weight; curated prior baseline, not nichenetr package output"
Normal/Epithelial,T/NK,IL6,IL6R,0.00035182213162707226,0.0553386911595866,0.0527063099903447,0.17231918041255231,0.7,3,IL6R;TNF;MMP9,"score=sender_ligand_expression*receiver_receptor_expression*receiver_target_program_score*lr_weight; curated prior baseline, not nichenetr package output"
Myeloid,B/Plasma,IL6,IL6R,0.000349438026756228,0.124547803617571,0.0566121842496285,0.07079883959527344,0.7,3,IL6R;TNF;MMP9,"score=sender_ligand_expression*receiver_receptor_expression*receiver_target_program_score*lr_weight; curated prior baseline, not nichenetr package output"
T/NK,CAF/Fibroblast,CXCL12,CXCR4,0.0003484076893751519,0.0044868518202987,0.0813935797961357,1.0600182565038794,0.9,3,CXCR4;CCL2;CCL5,"score=sender_ligand_expression*receiver_receptor_expression*receiver_target_program_score*lr_weight; curated prior baseline, not nichenetr package output"
T/NK,Normal/Epithelial,MMP2,ITGAV,0.00034545791049219485,0.0042312716533197,0.4450057405281286,0.3669345579793341,0.5,2,ITGAV;COL1A1,"score=sender_ligand_expression*receiver_receptor_expression*receiver_target_program_score*lr_weight; curated prior baseline, not nichenetr package output"
B/Plasma,Endothelial,MMP2,ITGAV,0.0003282200975124115,0.0038632986627043,0.4161735700197239,0.4082840236686391,0.5,2,ITGAV;COL1A1,"score=sender_ligand_expression*receiver_receptor_expression*receiver_target_program_score*lr_weight; curated prior baseline, not nichenetr package output"
Normal/Epithelial,Perivascular,IFNG,IFNGR1,0.00032673165397410867,0.0068886337543053,0.3431679881984141,0.19744825830018523,0.7,3,IFNGR1;TNF;CCL5,"score=sender_ligand_expression*receiver_receptor_expression*receiver_target_program_score*lr_weight; curated prior baseline, not nichenetr package output"
Normal/Epithelial,T/NK,COL1A1,ITGA1,0.00031960559701534264,0.2107921928817451,0.066394047821889,0.045673122432365904,0.5,2,ITGA1;MMP2,"score=sender_ligand_expression*receiver_receptor_expression*receiver_target_program_score*lr_weight; curated prior baseline, not nichenetr package output"
B/Plasma,Normal/Epithelial,MMP2,ITGAV,0.0003154151264615767,0.0038632986627043,0.4450057405281286,0.3669345579793341,0.5,2,ITGAV;COL1A1,"score=sender_ligand_expression*receiver_receptor_expression*receiver_target_program_score*lr_weight; curated prior baseline, not nichenetr package output"
Perivascular,T/NK,TGFB1,TGFBR1,0.0003102652046050259,0.5000921998893602,0.0292213324246038,0.023590680474306278,0.9,4,COL1A1;COL1A2;MMP9;MMP2,"score=sender_ligand_expression*receiver_receptor_expression*receiver_target_program_score*lr_weight; curated prior baseline, not nichenetr package output"
Endothelial,Myeloid,VEGFA,FLT1,0.00031021645745243453,0.0377383300460223,0.0840310077519379,0.12227920227920222,0.8,5,FLT1;KDR;TEK;PECAM1;VWF,"score=sender_ligand_expression*receiver_receptor_expression*receiver_target_program_score*lr_weight; curated prior baseline, not nichenetr package output"
CAF/Fibroblast,Endothelial,IL6,IL6R,0.0003073390400020492,0.2537654039251483,0.0502301117685733,0.03444475752168057,0.7,3,IL6R;TNF;MMP9,"score=sender_ligand_expression*receiver_receptor_expression*receiver_target_program_score*lr_weight; curated prior baseline, not nichenetr package output"
Myeloid,Endothelial,CCL5,CCR5,0.0002944865764148357,1.3673385012919896,0.0009204470742932,0.2924830155599386,0.8,2,CCR5;IFNGR1,"score=sender_ligand_expression*receiver_receptor_expression*receiver_target_program_score*lr_weight; curated prior baseline, not nichenetr package output"
T/NK,Tumor/Malignant,CXCL12,CXCR4,0.000285364194030306,0.0044868518202987,0.2770223365592715,0.2550941238923598,0.9,3,CXCR4;CCL2;CCL5,"score=sender_ligand_expression*receiver_receptor_expression*receiver_target_program_score*lr_weight; curated prior baseline, not nichenetr package output"
Endothelial,B/Plasma,TGFB1,TGFBR1,0.0002749146577913754,0.642077580539119,0.0166419019316493,0.028586759121677362,0.9,4,COL1A1;COL1A2;MMP9;MMP2,"score=sender_ligand_expression*receiver_receptor_expression*receiver_target_program_score*lr_weight; curated prior baseline, not nichenetr package output"
Endothelial,Tumor/Malignant,COL1A1,ITGA1,0.0002695543240363957,0.3925049309664694,0.0210706847972559,0.06518572964732462,0.5,2,ITGA1;MMP2,"score=sender_ligand_expression*receiver_receptor_expression*receiver_target_program_score*lr_weight; curated prior baseline, not nichenetr package output"
Myeloid,Tumor/Malignant,CCL5,CCR5,0.00025870467590310617,1.3673385012919896,0.0013475437951733,0.175507370656213,0.8,2,CCR5;IFNGR1,"score=sender_ligand_expression*receiver_receptor_expression*receiver_target_program_score*lr_weight; curated prior baseline, not nichenetr package output"
Myeloid,CAF/Fibroblast,CCL5,CCR5,0.00025757401029223315,1.3673385012919896,0.0012171002586338,0.19346822861199856,0.8,2,CCR5;IFNGR1,"score=sender_ligand_expression*receiver_receptor_expression*receiver_target_program_score*lr_weight; curated prior baseline, not nichenetr package output"
CAF/Fibroblast,B/Plasma,TGFB1,TGFBR1,0.00025508765475190675,0.5957705766012475,0.0166419019316493,0.028586759121677362,0.9,4,COL1A1;COL1A2;MMP9;MMP2,"score=sender_ligand_expression*receiver_receptor_expression*receiver_target_program_score*lr_weight; curated prior baseline, not nichenetr package output"
B/Plasma,CAF/Fibroblast,IL6,IL6R,0.0002528221762552182,0.0564635958395245,0.0369694203560018,0.17302384212470928,0.7,3,IL6R;TNF;MMP9,"score=sender_ligand_expression*receiver_receptor_expression*receiver_target_program_score*lr_weight; curated prior baseline, not nichenetr package output"
Myeloid,B/Plasma,CCL5,CCR5,0.0002515089676740424,1.3673385012919896,0.0060921248142644,0.037741456166418934,0.8,2,CCR5;IFNGR1,"score=sender_ligand_expression*receiver_receptor_expression*receiver_target_program_score*lr_weight; curated prior baseline, not nichenetr package output"
Normal/Epithelial,CAF/Fibroblast,IL6,IL6R,0.00024778528753013814,0.0553386911595866,0.0369694203560018,0.17302384212470928,0.7,3,IL6R;TNF;MMP9,"score=sender_ligand_expression*receiver_receptor_expression*receiver_target_program_score*lr_weight; curated prior baseline, not nichenetr package output"
Tumor/Malignant,B/Plasma,TNF,TNFRSF1A,0.0002409982369745249,0.1641961697088488,0.0242199108469539,0.08657256067360075,0.7,4,TNFRSF1A;CCL5;CCL2;MMP9,"score=sender_ligand_expression*receiver_receptor_expression*receiver_target_program_score*lr_weight; curated prior baseline, not nichenetr package output"
Tumor/Malignant,Myeloid,COL1A1,ITGA1,0.00023509691800659255,1.058271060476132,0.0057881136950904,0.07676141257536603,0.5,2,ITGA1;MMP2,"score=sender_ligand_expression*receiver_receptor_expression*receiver_target_program_score*lr_weight; curated prior baseline, not nichenetr package output"
Myeloid,Perivascular,CCL5,CCR5,0.0002332138624456678,1.3673385012919896,0.0018439977872026,0.11561866125760643,0.8,2,CCR5;IFNGR1,"score=sender_ligand_expression*receiver_receptor_expression*receiver_target_program_score*lr_weight; curated prior baseline, not nichenetr package output"
Perivascular,T/NK,CCL5,CCR5,0.00023306393168412293,0.1006822791812649,0.0407792355313227,0.0709566270990704,0.8,2,CCR5;IFNGR1,"score=sender_ligand_expression*receiver_receptor_expression*receiver_target_program_score*lr_weight; curated prior baseline, not nichenetr package output"
Normal/Epithelial,T/NK,CCL2,CCR2,0.00023056587633145964,1.507462686567164,0.0161015505196796,0.0118738285909013,0.8,2,CCR2;CSF1R,"score=sender_ligand_expression*receiver_receptor_expression*receiver_target_program_score*lr_weight; curated prior baseline, not nichenetr package output"
Tumor/Malignant,Perivascular,VEGFA,FLT1,0.00022512983079746933,0.6991710563926661,0.0221279734464318,0.018189383300945113,0.8,5,FLT1;KDR;TEK;PECAM1;VWF,"score=sender_ligand_expression*receiver_receptor_expression*receiver_target_program_score*lr_weight; curated prior baseline, not nichenetr package output"
Endothelial,T/NK,CCL5,CCR5,0.00022250521220936495,0.0961209730440499,0.0407792355313227,0.0709566270990704,0.8,2,CCR5;IFNGR1,"score=sender_ligand_expression*receiver_receptor_expression*receiver_target_program_score*lr_weight; curated prior baseline, not nichenetr package output"
Endothelial,Normal/Epithelial,COL1A1,ITGA1,0.0002208173622787178,0.3925049309664694,0.0303099885189437,0.037122081898201265,0.5,2,ITGA1;MMP2,"score=sender_ligand_expression*receiver_receptor_expression*receiver_target_program_score*lr_weight; curated prior baseline, not nichenetr package output"
Perivascular,B/Plasma,TGFB1,TGFBR1,0.0002141215955263265,0.5000921998893602,0.0166419019316493,0.028586759121677362,0.9,4,COL1A1;COL1A2;MMP9;MMP2,"score=sender_ligand_expression*receiver_receptor_expression*receiver_target_program_score*lr_weight; curated prior baseline, not nichenetr package output"
B/Plasma,Tumor/Malignant,IL6,IL6R,0.00020725340057962567,0.0564635958395245,0.0625586998244109,0.0838199463704792,0.7,3,IL6R;TNF;MMP9,"score=sender_ligand_expression*receiver_receptor_expression*receiver_target_program_score*lr_weight; curated prior baseline, not nichenetr package output"
Normal/Epithelial,Tumor/Malignant,IL6,IL6R,0.0002031243628026539,0.0553386911595866,0.0625586998244109,0.0838199463704792,0.7,3,IL6R;TNF;MMP9,"score=sender_ligand_expression*receiver_receptor_expression*receiver_target_program_score*lr_weight; curated prior baseline, not nichenetr package output"
Myeloid,B/Plasma,IFNG,IFNGR1,0.0002004494809246835,0.0183979328165374,0.101040118870728,0.15404372744640196,0.7,3,IFNGR1;TNF;CCL5,"score=sender_ligand_expression*receiver_receptor_expression*receiver_target_program_score*lr_weight; curated prior baseline, not nichenetr package output"
Myeloid,Normal/Epithelial,CCL5,CCR5,0.0001978262101597464,1.3673385012919896,0.0006888633754305,0.2625334864140834,0.8,2,CCR5;IFNGR1,"score=sender_ligand_expression*receiver_receptor_expression*receiver_target_program_score*lr_weight; curated prior baseline, not nichenetr package output"
Myeloid,Perivascular,VEGFA,FLT1,0.00019126690347469224,0.5940051679586563,0.0221279734464318,0.018189383300945113,0.8,5,FLT1;KDR;TEK;PECAM1;VWF,"score=sender_ligand_expression*receiver_receptor_expression*receiver_target_program_score*lr_weight; curated prior baseline, not nichenetr package output"
Endothelial,B/Plasma,MMP2,ITGAV,0.00018137297358509865,0.6917817225509533,0.0185735512630014,0.0282317979197622,0.5,2,ITGAV;COL1A1,"score=sender_ligand_expression*receiver_receptor_expression*receiver_target_program_score*lr_weight; curated prior baseline, not nichenetr package output"
T/NK,B/Plasma,TGFB1,TGFBR1,0.00018012225298814265,0.4206849548475038,0.0166419019316493,0.028586759121677362,0.9,4,COL1A1;COL1A2;MMP9;MMP2,"score=sender_ligand_expression*receiver_receptor_expression*receiver_target_program_score*lr_weight; curated prior baseline, not nichenetr package output"
B/Plasma,Myeloid,VEGFA,FLT1,0.00017710674189842972,0.0215453194650817,0.0840310077519379,0.12227920227920222,0.8,5,FLT1;KDR;TEK;PECAM1;VWF,"score=sender_ligand_expression*receiver_receptor_expression*receiver_target_program_score*lr_weight; curated prior baseline, not nichenetr package output"
CAF/Fibroblast,B/Plasma,CSF1,CSF1R,0.00016901733108959802,0.2995588011562452,0.0179791976225854,0.0392273402674591,0.8,2,CSF1R;CCR2,"score=sender_ligand_expression*receiver_receptor_expression*receiver_target_program_score*lr_weight; curated prior baseline, not nichenetr package output"
Myeloid,T/NK,COL1A1,ITGA1,0.00016831125643905715,0.1110077519379845,0.066394047821889,0.045673122432365904,0.5,2,ITGA1;MMP2,"score=sender_ligand_expression*receiver_receptor_expression*receiver_target_program_score*lr_weight; curated prior baseline, not nichenetr package output"
Tumor/Malignant,Myeloid,VEGFA,KDR,0.0001678953490041937,0.6991710563926661,0.0019638242894056,0.12227920227920222,1.0,5,FLT1;KDR;TEK;PECAM1;VWF,"score=sender_ligand_expression*receiver_receptor_expression*receiver_target_program_score*lr_weight; curated prior baseline, not nichenetr package output"
Myeloid,T/NK,MMP2,ITGAV,0.0001672361868643204,0.2187080103359173,0.0400692906230476,0.0381666382688703,0.5,2,ITGAV;COL1A1,"score=sender_ligand_expression*receiver_receptor_expression*receiver_target_program_score*lr_weight; curated prior baseline, not nichenetr package output"
Perivascular,B/Plasma,CSF1,CSF1R,0.00016469881185386225,0.2919048497141803,0.0179791976225854,0.0392273402674591,0.8,2,CSF1R;CCR2,"score=sender_ligand_expression*receiver_receptor_expression*receiver_target_program_score*lr_weight; curated prior baseline, not nichenetr package output"
Tumor/Malignant,T/NK,IL6,IL6R,0.0001619973128996018,0.0254808281269141,0.0527063099903447,0.17231918041255231,0.7,3,IL6R;TNF;MMP9,"score=sender_ligand_expression*receiver_receptor_expression*receiver_target_program_score*lr_weight; curated prior baseline, not nichenetr package output"
Normal/Epithelial,B/Plasma,IL6,IL6R,0.00015526121280672804,0.0553386911595866,0.0566121842496285,0.07079883959527344,0.7,3,IL6R;TNF;MMP9,"score=sender_ligand_expression*receiver_receptor_expression*receiver_target_program_score*lr_weight; curated prior baseline, not nichenetr package output"
Normal/Epithelial,T/NK,CCL5,CCR5,0.00015308278642233632,0.0661308840413318,0.0407792355313227,0.0709566270990704,0.8,2,CCR5;IFNGR1,"score=sender_ligand_expression*receiver_receptor_expression*receiver_target_program_score*lr_weight; curated prior baseline, not nichenetr package output"
Myeloid,Endothelial,IL6,IL6R,0.0001508416900259532,0.124547803617571,0.0502301117685733,0.03444475752168057,0.7,3,IL6R;TNF;MMP9,"score=sender_ligand_expression*receiver_receptor_expression*receiver_target_program_score*lr_weight; curated prior baseline, not nichenetr package output"
T/NK,B/Plasma,CCL2,CCR2,0.0001493218809139805,0.0395013346964275,0.0817236255572065,0.05781946508172359,0.8,2,CCR2;CSF1R,"score=sender_ligand_expression*receiver_receptor_expression*receiver_target_program_score*lr_weight; curated prior baseline, not nichenetr package output"
Tumor/Malignant,B/Plasma,VEGFA,FLT1,0.00014476261405369254,0.6991710563926661,0.0052005943536404,0.049765687507143636,0.8,5,FLT1;KDR;TEK;PECAM1;VWF,"score=sender_ligand_expression*receiver_receptor_expression*receiver_target_program_score*lr_weight; curated prior baseline, not nichenetr package output"
Normal/Epithelial,Tumor/Malignant,COL1A1,ITGA1,0.00014476237769670802,0.2107921928817451,0.0210706847972559,0.06518572964732462,0.5,2,ITGA1;MMP2,"score=sender_ligand_expression*receiver_receptor_expression*receiver_target_program_score*lr_weight; curated prior baseline, not nichenetr package output"
Perivascular,B/Plasma,IFNG,IFNGR1,0.0001446534510855085,0.0132767840678591,0.101040118870728,0.15404372744640196,0.7,3,IFNGR1;TNF;CCL5,"score=sender_ligand_expression*receiver_receptor_expression*receiver_target_program_score*lr_weight; curated prior baseline, not nichenetr package output"
B/Plasma,T/NK,TGFB1,TGFBR1,0.00014381113926185564,0.2317979197622585,0.0292213324246038,0.023590680474306278,0.9,4,COL1A1;COL1A2;MMP9;MMP2,"score=sender_ligand_expression*receiver_receptor_expression*receiver_target_program_score*lr_weight; curated prior baseline, not nichenetr package output"
Tumor/Malignant,T/NK,TGFB1,TGFBR1,0.0001367301717922715,0.2203846625015313,0.0292213324246038,0.023590680474306278,0.9,4,COL1A1;COL1A2;MMP9;MMP2,"score=sender_ligand_expression*receiver_receptor_expression*receiver_target_program_score*lr_weight; curated prior baseline, not nichenetr package output"
Myeloid,Tumor/Malignant,VEGFA,FLT1,0.00013606674137960035,0.5940051679586563,0.0216832047041528,0.01320530096715318,0.8,5,FLT1;KDR;TEK;PECAM1;VWF,"score=sender_ligand_expression*receiver_receptor_expression*receiver_target_program_score*lr_weight; curated prior baseline, not nichenetr package output"
CAF/Fibroblast,Endothelial,CCL5,CCR5,0.00012765704179781793,0.592727825954663,0.0009204470742932,0.2924830155599386,0.8,2,CCR5;IFNGR1,"score=sender_ligand_expression*receiver_receptor_expression*receiver_target_program_score*lr_weight; curated prior baseline, not nichenetr package output"
Myeloid,B/Plasma,VEGFA,FLT1,0.0001229881301419384,0.5940051679586563,0.0052005943536404,0.049765687507143636,0.8,5,FLT1;KDR;TEK;PECAM1;VWF,"score=sender_ligand_expression*receiver_receptor_expression*receiver_target_program_score*lr_weight; curated prior baseline, not nichenetr package output"
Tumor/Malignant,T/NK,MMP2,ITGAV,0.00011731018261712714,0.1534158193474621,0.0400692906230476,0.0381666382688703,0.5,2,ITGAV;COL1A1,"score=sender_ligand_expression*receiver_receptor_expression*receiver_target_program_score*lr_weight; curated prior baseline, not nichenetr package output"
Tumor/Malignant,Perivascular,VEGFA,KDR,0.00011725512020701463,0.6991710563926661,0.0092199889360132,0.018189383300945113,1.0,5,FLT1;KDR;TEK;PECAM1;VWF,"score=sender_ligand_expression*receiver_receptor_expression*receiver_target_program_score*lr_weight; curated prior baseline, not nichenetr package output"
Tumor/Malignant,CAF/Fibroblast,IL6,IL6R,0.00011409330780385966,0.0254808281269141,0.0369694203560018,0.17302384212470928,0.7,3,IL6R;TNF;MMP9,"score=sender_ligand_expression*receiver_receptor_expression*receiver_target_program_score*lr_weight; curated prior baseline, not nichenetr package output"
CAF/Fibroblast,Tumor/Malignant,CCL5,CCR5,0.00011214593896643911,0.592727825954663,0.0013475437951733,0.175507370656213,0.8,2,CCR5;IFNGR1,"score=sender_ligand_expression*receiver_receptor_expression*receiver_target_program_score*lr_weight; curated prior baseline, not nichenetr package output"
Tumor/Malignant,CAF/Fibroblast,VEGFA,FLT1,0.00011004367602769781,0.6991710563926661,0.0118667275216795,0.016579090061518104,0.8,5,FLT1;KDR;TEK;PECAM1;VWF,"score=sender_ligand_expression*receiver_receptor_expression*receiver_target_program_score*lr_weight; curated prior baseline, not nichenetr package output"
CAF/Fibroblast,B/Plasma,CCL5,CCR5,0.00010902667004306207,0.592727825954663,0.0060921248142644,0.037741456166418934,0.8,2,CCR5;IFNGR1,"score=sender_ligand_expression*receiver_receptor_expression*receiver_target_program_score*lr_weight; curated prior baseline, not nichenetr package output"
Endothelial,B/Plasma,CSF1,CSF1R,0.00010883787433747597,0.1928994082840236,0.0179791976225854,0.0392273402674591,0.8,2,CSF1R;CCR2,"score=sender_ligand_expression*receiver_receptor_expression*receiver_target_program_score*lr_weight; curated prior baseline, not nichenetr package output"
CAF/Fibroblast,Perivascular,CCL5,CCR5,0.00010109592141177597,0.592727825954663,0.0018439977872026,0.11561866125760643,0.8,2,CCR5;IFNGR1,"score=sender_ligand_expression*receiver_receptor_expression*receiver_target_program_score*lr_weight; curated prior baseline, not nichenetr package output"
Myeloid,Perivascular,VEGFA,KDR,9.961817889306832e-05,0.5940051679586563,0.0092199889360132,0.018189383300945113,1.0,5,FLT1;KDR;TEK;PECAM1;VWF,"score=sender_ligand_expression*receiver_receptor_expression*receiver_target_program_score*lr_weight; curated prior baseline, not nichenetr package output"
Tumor/Malignant,B/Plasma,TGFB1,TGFBR1,9.436083101235918e-05,0.2203846625015313,0.0166419019316493,0.028586759121677362,0.9,4,COL1A1;COL1A2;MMP9;MMP2,"score=sender_ligand_expression*receiver_receptor_expression*receiver_target_program_score*lr_weight; curated prior baseline, not nichenetr package output"
Myeloid,CAF/Fibroblast,VEGFA,FLT1,9.349144485310284e-05,0.5940051679586563,0.0118667275216795,0.016579090061518104,0.8,5,FLT1;KDR;TEK;PECAM1;VWF,"score=sender_ligand_expression*receiver_receptor_expression*receiver_target_program_score*lr_weight; curated prior baseline, not nichenetr package output"
CAF/Fibroblast,B/Plasma,IFNG,IFNGR1,9.116643336380143e-05,0.0083675642781074,0.101040118870728,0.15404372744640196,0.7,3,IFNGR1;TNF;CCL5,"score=sender_ligand_expression*receiver_receptor_expression*receiver_target_program_score*lr_weight; curated prior baseline, not nichenetr package output"
Normal/Epithelial,B/Plasma,CSF1,CSF1R,9.056036664267413e-05,0.1605051664753157,0.0179791976225854,0.0392273402674591,0.8,2,CSF1R;CCR2,"score=sender_ligand_expression*receiver_receptor_expression*receiver_target_program_score*lr_weight; curated prior baseline, not nichenetr package output"
Endothelial,Myeloid,COL1A1,ITGA1,8.71957129122388e-05,0.3925049309664694,0.0057881136950904,0.07676141257536603,0.5,2,ITGA1;MMP2,"score=sender_ligand_expression*receiver_receptor_expression*receiver_target_program_score*lr_weight; curated prior baseline, not nichenetr package output"
Tumor/Malignant,Normal/Epithelial,VEGFA,FLT1,8.594054856374646e-05,0.6991710563926661,0.009873708381171,0.015561247019341116,0.8,5,FLT1;KDR;TEK;VWF;PECAM1,"score=sender_ligand_expression*receiver_receptor_expression*receiver_target_program_score*lr_weight; curated prior baseline, not nichenetr package output"
CAF/Fibroblast,Normal/Epithelial,CCL5,CCR5,8.575572131848934e-05,0.592727825954663,0.0006888633754305,0.2625334864140834,0.8,2,CCR5;IFNGR1,"score=sender_ligand_expression*receiver_receptor_expression*receiver_target_program_score*lr_weight; curated prior baseline, not nichenetr package output"
Tumor/Malignant,B/Plasma,IFNG,IFNGR1,8.408657443122846e-05,0.0077177508269018,0.101040118870728,0.15404372744640196,0.7,3,IFNGR1;TNF;CCL5,"score=sender_ligand_expression*receiver_receptor_expression*receiver_target_program_score*lr_weight; curated prior baseline, not nichenetr package output"
Endothelial,B/Plasma,IFNG,IFNGR1,8.30930465770496e-05,0.0076265614727153,0.101040118870728,0.15404372744640196,0.7,3,IFNGR1;TNF;CCL5,"score=sender_ligand_expression*receiver_receptor_expression*receiver_target_program_score*lr_weight; curated prior baseline, not nichenetr package output"
Tumor/Malignant,Normal/Epithelial,VEGFA,KDR,8.2442968098943e-05,0.6991710563926661,0.0075774971297359,0.015561247019341116,1.0,5,FLT1;KDR;TEK;VWF;PECAM1,"score=sender_ligand_expression*receiver_receptor_expression*receiver_target_program_score*lr_weight; curated prior baseline, not nichenetr package output"
T/NK,Normal/Epithelial,IL6,IL6R,7.722409633667993e-05,0.0015618787982052,0.2571756601607348,0.2746487343502269,0.7,3,IL6R;TNF;MMP9,"score=sender_ligand_expression*receiver_receptor_expression*receiver_target_program_score*lr_weight; curated prior baseline, not nichenetr package output"
T/NK,B/Plasma,CSF1,CSF1R,7.673237363953398e-05,0.1359970466291815,0.0179791976225854,0.0392273402674591,0.8,2,CSF1R;CCR2,"score=sender_ligand_expression*receiver_receptor_expression*receiver_target_program_score*lr_weight; curated prior baseline, not nichenetr package output"
Myeloid,Tumor/Malignant,COL1A1,ITGA1,7.623501560289829e-05,0.1110077519379845,0.0210706847972559,0.06518572964732462,0.5,2,ITGA1;MMP2,"score=sender_ligand_expression*receiver_receptor_expression*receiver_target_program_score*lr_weight; curated prior baseline, not nichenetr package output"
Normal/Epithelial,B/Plasma,IFNG,IFNGR1,7.505316353202286e-05,0.0068886337543053,0.101040118870728,0.15404372744640196,0.7,3,IFNGR1;TNF;CCL5,"score=sender_ligand_expression*receiver_receptor_expression*receiver_target_program_score*lr_weight; curated prior baseline, not nichenetr package output"
Normal/Epithelial,Perivascular,VEGFA,FLT1,7.430661981974462e-05,0.2307692307692307,0.0221279734464318,0.018189383300945113,0.8,5,FLT1;KDR;TEK;PECAM1;VWF,"score=sender_ligand_expression*receiver_receptor_expression*receiver_target_program_score*lr_weight; curated prior baseline, not nichenetr package output"
Myeloid,Normal/Epithelial,VEGFA,FLT1,7.301379185724935e-05,0.5940051679586563,0.009873708381171,0.015561247019341116,0.8,5,FLT1;KDR;TEK;VWF;PECAM1,"score=sender_ligand_expression*receiver_receptor_expression*receiver_target_program_score*lr_weight; curated prior baseline, not nichenetr package output"
Tumor/Malignant,B/Plasma,CSF1,CSF1R,7.262134921861923e-05,0.1287108497692841,0.0179791976225854,0.0392273402674591,0.8,2,CSF1R;CCR2,"score=sender_ligand_expression*receiver_receptor_expression*receiver_target_program_score*lr_weight; curated prior baseline, not nichenetr package output"
B/Plasma,T/NK,COL1A1,ITGA1,7.209327726477249e-05,0.0475482912332838,0.066394047821889,0.045673122432365904,0.5,2,ITGA1;MMP2,"score=sender_ligand_expression*receiver_receptor_expression*receiver_target_program_score*lr_weight; curated prior baseline, not nichenetr package output"
CAF/Fibroblast,Perivascular,VEGFA,FLT1,7.191376503068141e-05,0.2233378974593032,0.0221279734464318,0.018189383300945113,0.8,5,FLT1;KDR;TEK;PECAM1;VWF,"score=sender_ligand_expression*receiver_receptor_expression*receiver_target_program_score*lr_weight; curated prior baseline, not nichenetr package output"
Tumor/Malignant,B/Plasma,IL6,IL6R,7.149038395027386e-05,0.0254808281269141,0.0566121842496285,0.07079883959527344,0.7,3,IL6R;TNF;MMP9,"score=sender_ligand_expression*receiver_receptor_expression*receiver_target_program_score*lr_weight; curated prior baseline, not nichenetr package output"
Myeloid,Normal/Epithelial,VEGFA,KDR,7.00423003281754e-05,0.5940051679586563,0.0075774971297359,0.015561247019341116,1.0,5,FLT1;KDR;TEK;VWF;PECAM1,"score=sender_ligand_expression*receiver_receptor_expression*receiver_target_program_score*lr_weight; curated prior baseline, not nichenetr package output"
B/Plasma,Endothelial,IL6,IL6R,6.838389737909982e-05,0.0564635958395245,0.0502301117685733,0.03444475752168057,0.7,3,IL6R;TNF;MMP9,"score=sender_ligand_expression*receiver_receptor_expression*receiver_target_program_score*lr_weight; curated prior baseline, not nichenetr package output"
Normal/Epithelial,Endothelial,IL6,IL6R,6.702150865676674e-05,0.0553386911595866,0.0502301117685733,0.03444475752168057,0.7,3,IL6R;TNF;MMP9,"score=sender_ligand_expression*receiver_receptor_expression*receiver_target_program_score*lr_weight; curated prior baseline, not nichenetr package output"
Myeloid,Normal/Epithelial,COL1A1,ITGA1,6.245128924897503e-05,0.1110077519379845,0.0303099885189437,0.037122081898201265,0.5,2,ITGA1;MMP2,"score=sender_ligand_expression*receiver_receptor_expression*receiver_target_program_score*lr_weight; curated prior baseline, not nichenetr package output"
B/Plasma,Endothelial,CCL5,CCR5,6.083542032046226e-05,0.2824665676077266,0.0009204470742932,0.2924830155599386,0.8,2,CCR5;IFNGR1,"score=sender_ligand_expression*receiver_receptor_expression*receiver_target_program_score*lr_weight; curated prior baseline, not nichenetr package output"
Myeloid,B/Plasma,MMP2,ITGAV,5.73413851340718e-05,0.2187080103359173,0.0185735512630014,0.0282317979197622,0.5,2,ITGAV;COL1A1,"score=sender_ligand_expression*receiver_receptor_expression*receiver_target_program_score*lr_weight; curated prior baseline, not nichenetr package output"
Myeloid,B/Plasma,CSF1,CSF1R,5.6859468759079925e-05,0.1007751937984496,0.0179791976225854,0.0392273402674591,0.8,2,CSF1R;CCR2,"score=sender_ligand_expression*receiver_receptor_expression*receiver_target_program_score*lr_weight; curated prior baseline, not nichenetr package output"
Normal/Epithelial,Myeloid,VEGFA,KDR,5.541573865962412e-05,0.2307692307692307,0.0019638242894056,0.12227920227920222,1.0,5,FLT1;KDR;TEK;PECAM1;VWF,"score=sender_ligand_expression*receiver_receptor_expression*receiver_target_program_score*lr_weight; curated prior baseline, not nichenetr package output"
CAF/Fibroblast,Myeloid,VEGFA,KDR,5.363121641971027e-05,0.2233378974593032,0.0019638242894056,0.12227920227920222,1.0,5,FLT1;KDR;TEK;PECAM1;VWF,"score=sender_ligand_expression*receiver_receptor_expression*receiver_target_program_score*lr_weight; curated prior baseline, not nichenetr package output"
B/Plasma,Tumor/Malignant,CCL5,CCR5,5.3443548731620746e-05,0.2824665676077266,0.0013475437951733,0.175507370656213,0.8,2,CCR5;IFNGR1,"score=sender_ligand_expression*receiver_receptor_expression*receiver_target_program_score*lr_weight; curated prior baseline, not nichenetr package output"
B/Plasma,CAF/Fibroblast,CCL5,CCR5,5.3209974357818195e-05,0.2824665676077266,0.0012171002586338,0.19346822861199856,0.8,2,CCR5;IFNGR1,"score=sender_ligand_expression*receiver_receptor_expression*receiver_target_program_score*lr_weight; curated prior baseline, not nichenetr package output"
Normal/Epithelial,Tumor/Malignant,VEGFA,FLT1,5.2861521978596164e-05,0.2307692307692307,0.0216832047041528,0.01320530096715318,0.8,5,FLT1;KDR;TEK;PECAM1;VWF,"score=sender_ligand_expression*receiver_receptor_expression*receiver_target_program_score*lr_weight; curated prior baseline, not nichenetr package output"
Perivascular,T/NK,MMP2,ITGAV,5.2029820635454006e-05,0.0680435183477779,0.0400692906230476,0.0381666382688703,0.5,2,ITGAV;COL1A1,"score=sender_ligand_expression*receiver_receptor_expression*receiver_target_program_score*lr_weight; curated prior baseline, not nichenetr package output"
Tumor/Malignant,B/Plasma,VEGFA,KDR,5.170093359060398e-05,0.6991710563926661,0.0014858841010401,0.049765687507143636,1.0,5,FLT1;KDR;TEK;PECAM1;VWF,"score=sender_ligand_expression*receiver_receptor_expression*receiver_target_program_score*lr_weight; curated prior baseline, not nichenetr package output"
Perivascular,B/Plasma,TNF,TNFRSF1A,5.169453182090384e-05,0.0352203577355707,0.0242199108469539,0.08657256067360075,0.7,4,TNFRSF1A;CCL5;CCL2;MMP9,"score=sender_ligand_expression*receiver_receptor_expression*receiver_target_program_score*lr_weight; curated prior baseline, not nichenetr package output"
CAF/Fibroblast,Tumor/Malignant,VEGFA,FLT1,5.115925175919314e-05,0.2233378974593032,0.0216832047041528,0.01320530096715318,0.8,5,FLT1;KDR;TEK;PECAM1;VWF,"score=sender_ligand_expression*receiver_receptor_expression*receiver_target_program_score*lr_weight; curated prior baseline, not nichenetr package output"
Perivascular,B/Plasma,COL1A1,ITGA1,4.883607246361293e-05,6.544163747003504,0.0038632986627043,0.0038632986627043,0.5,2,ITGA1;MMP2,"score=sender_ligand_expression*receiver_receptor_expression*receiver_target_program_score*lr_weight; curated prior baseline, not nichenetr package output"
B/Plasma,Perivascular,CCL5,CCR5,4.817762330346383e-05,0.2824665676077266,0.0018439977872026,0.11561866125760643,0.8,2,CCR5;IFNGR1,"score=sender_ligand_expression*receiver_receptor_expression*receiver_target_program_score*lr_weight; curated prior baseline, not nichenetr package output"
Normal/Epithelial,B/Plasma,VEGFA,FLT1,4.7780520637787765e-05,0.2307692307692307,0.0052005943536404,0.049765687507143636,0.8,5,FLT1;KDR;TEK;PECAM1;VWF,"score=sender_ligand_expression*receiver_receptor_expression*receiver_target_program_score*lr_weight; curated prior baseline, not nichenetr package output"
Normal/Epithelial,Myeloid,COL1A1,ITGA1,4.682788440236967e-05,0.2107921928817451,0.0057881136950904,0.07676141257536603,0.5,2,ITGA1;MMP2,"score=sender_ligand_expression*receiver_receptor_expression*receiver_target_program_score*lr_weight; curated prior baseline, not nichenetr package output"
T/NK,Myeloid,VEGFA,FLT1,4.645365307730441e-05,0.0056511614698699,0.0840310077519379,0.12227920227920222,0.8,5,FLT1;KDR;TEK;PECAM1;VWF,"score=sender_ligand_expression*receiver_receptor_expression*receiver_target_program_score*lr_weight; curated prior baseline, not nichenetr package output"
CAF/Fibroblast,B/Plasma,VEGFA,FLT1,4.624187108126892e-05,0.2233378974593032,0.0052005943536404,0.049765687507143636,0.8,5,FLT1;KDR;TEK;PECAM1;VWF,"score=sender_ligand_expression*receiver_receptor_expression*receiver_target_program_score*lr_weight; curated prior baseline, not nichenetr package output"
Tumor/Malignant,T/NK,VEGFA,FLT1,4.406178020121987e-05,0.6991710563926661,0.0090304992332595,0.008723220513985502,0.8,5,FLT1;KDR;TEK;PECAM1;VWF,"score=sender_ligand_expression*receiver_receptor_expression*receiver_target_program_score*lr_weight; curated prior baseline, not nichenetr package output"
Myeloid,B/Plasma,VEGFA,KDR,4.392433219354901e-05,0.5940051679586563,0.0014858841010401,0.049765687507143636,1.0,5,FLT1;KDR;TEK;PECAM1;VWF,"score=sender_ligand_expression*receiver_receptor_expression*receiver_target_program_score*lr_weight; curated prior baseline, not nichenetr package output"
Normal/Epithelial,T/NK,TGFB1,TGFBR1,4.3450489417681985e-05,0.0700344431687715,0.0292213324246038,0.023590680474306278,0.9,4,COL1A1;COL1A2;MMP9;MMP2,"score=sender_ligand_expression*receiver_receptor_expression*receiver_target_program_score*lr_weight; curated prior baseline, not nichenetr package output"
Tumor/Malignant,Endothelial,CCL5,CCR5,4.2513323278038566e-05,0.1973947486626648,0.0009204470742932,0.2924830155599386,0.8,2,CCR5;IFNGR1,"score=sender_ligand_expression*receiver_receptor_expression*receiver_target_program_score*lr_weight; curated prior baseline, not nichenetr package output"
Tumor/Malignant,T/NK,CCL2,CCR2,4.113382881615975e-05,0.2689370737882314,0.0161015505196796,0.0118738285909013,0.8,2,CCR2;CSF1R,"score=sender_ligand_expression*receiver_receptor_expression*receiver_target_program_score*lr_weight; curated prior baseline, not nichenetr package output"
B/Plasma,Normal/Epithelial,CCL5,CCR5,4.0867196026344855e-05,0.2824665676077266,0.0006888633754305,0.2625334864140834,0.8,2,CCR5;IFNGR1,"score=sender_ligand_expression*receiver_receptor_expression*receiver_target_program_score*lr_weight; curated prior baseline, not nichenetr package output"
Tumor/Malignant,CAF/Fibroblast,VEGFA,KDR,4.056097033072125e-05,0.6991710563926661,0.0034991632435721,0.016579090061518104,1.0,5,FLT1;KDR;TEK;PECAM1;VWF,"score=sender_ligand_expression*receiver_receptor_expression*receiver_target_program_score*lr_weight; curated prior baseline, not nichenetr package output"
Tumor/Malignant,B/Plasma,MMP2,ITGAV,4.022292356530715e-05,0.1534158193474621,0.0185735512630014,0.0282317979197622,0.5,2,ITGAV;COL1A1,"score=sender_ligand_expression*receiver_receptor_expression*receiver_target_program_score*lr_weight; curated prior baseline, not nichenetr package output"
Normal/Epithelial,T/NK,MMP2,ITGAV,3.880339112731581e-05,0.0507462686567164,0.0400692906230476,0.0381666382688703,0.5,2,ITGAV;COL1A1,"score=sender_ligand_expression*receiver_receptor_expression*receiver_target_program_score*lr_weight; curated prior baseline, not nichenetr package output"
Normal/Epithelial,Perivascular,VEGFA,KDR,3.870136448945011e-05,0.2307692307692307,0.0092199889360132,0.018189383300945113,1.0,5,FLT1;KDR;TEK;PECAM1;VWF,"score=sender_ligand_expression*receiver_receptor_expression*receiver_target_program_score*lr_weight; curated prior baseline, not nichenetr package output"
CAF/Fibroblast,Perivascular,VEGFA,KDR,3.745508595347969e-05,0.2233378974593032,0.0092199889360132,0.018189383300945113,1.0,5,FLT1;KDR;TEK;PECAM1;VWF,"score=sender_ligand_expression*receiver_receptor_expression*receiver_target_program_score*lr_weight; curated prior baseline, not nichenetr package output"
Myeloid,T/NK,VEGFA,FLT1,3.743422286960897e-05,0.5940051679586563,0.0090304992332595,0.008723220513985502,0.8,5,FLT1;KDR;TEK;PECAM1;VWF,"score=sender_ligand_expression*receiver_receptor_expression*receiver_target_program_score*lr_weight; curated prior baseline, not nichenetr package output"
Tumor/Malignant,CAF/Fibroblast,CCL5,CCR5,3.718446966543255e-05,0.1973947486626648,0.0012171002586338,0.19346822861199856,0.8,2,CCR5;IFNGR1,"score=sender_ligand_expression*receiver_receptor_expression*receiver_target_program_score*lr_weight; curated prior baseline, not nichenetr package output"
Normal/Epithelial,CAF/Fibroblast,VEGFA,FLT1,3.632114664321599e-05,0.2307692307692307,0.0118667275216795,0.016579090061518104,0.8,5,FLT1;KDR;TEK;PECAM1;VWF,"score=sender_ligand_expression*receiver_receptor_expression*receiver_target_program_score*lr_weight; curated prior baseline, not nichenetr package output"
Tumor/Malignant,B/Plasma,CCL5,CCR5,3.6308894552090184e-05,0.1973947486626648,0.0060921248142644,0.037741456166418934,0.8,2,CCR5;IFNGR1,"score=sender_ligand_expression*receiver_receptor_expression*receiver_target_program_score*lr_weight; curated prior baseline, not nichenetr package output"
Perivascular,Myeloid,VEGFA,KDR,3.5513214780579075e-05,0.1478886225336529,0.0019638242894056,0.12227920227920222,1.0,5,FLT1;KDR;TEK;PECAM1;VWF,"score=sender_ligand_expression*receiver_receptor_expression*receiver_target_program_score*lr_weight; curated prior baseline, not nichenetr package output"
Myeloid,CAF/Fibroblast,VEGFA,KDR,3.445998768623924e-05,0.5940051679586563,0.0034991632435721,0.016579090061518104,1.0,5,FLT1;KDR;TEK;PECAM1;VWF,"score=sender_ligand_expression*receiver_receptor_expression*receiver_target_program_score*lr_weight; curated prior baseline, not nichenetr package output"
Perivascular,Tumor/Malignant,VEGFA,FLT1,3.38763432386037e-05,0.1478886225336529,0.0216832047041528,0.01320530096715318,0.8,5,FLT1;KDR;TEK;PECAM1;VWF,"score=sender_ligand_expression*receiver_receptor_expression*receiver_target_program_score*lr_weight; curated prior baseline, not nichenetr package output"
Tumor/Malignant,Perivascular,CCL5,CCR5,3.366773605702868e-05,0.1973947486626648,0.0018439977872026,0.11561866125760643,0.8,2,CCR5;IFNGR1,"score=sender_ligand_expression*receiver_receptor_expression*receiver_target_program_score*lr_weight; curated prior baseline, not nichenetr package output"
B/Plasma,Tumor/Malignant,COL1A1,ITGA1,3.265397831032193e-05,0.0475482912332838,0.0210706847972559,0.06518572964732462,0.5,2,ITGA1;MMP2,"score=sender_ligand_expression*receiver_receptor_expression*receiver_target_program_score*lr_weight; curated prior baseline, not nichenetr package output"
T/NK,Perivascular,IL6,IL6R,3.1224177625687404e-05,0.0015618787982052,0.115987460815047,0.2462263902426174,0.7,3,IL6R;TNF;MMP9,"score=sender_ligand_expression*receiver_receptor_expression*receiver_target_program_score*lr_weight; curated prior baseline, not nichenetr package output"
Tumor/Malignant,Endothelial,IL6,IL6R,3.0860208420265725e-05,0.0254808281269141,0.0502301117685733,0.03444475752168057,0.7,3,IL6R;TNF;MMP9,"score=sender_ligand_expression*receiver_receptor_expression*receiver_target_program_score*lr_weight; curated prior baseline, not nichenetr package output"
Perivascular,B/Plasma,VEGFA,FLT1,3.062017998460724e-05,0.1478886225336529,0.0052005943536404,0.049765687507143636,0.8,5,FLT1;KDR;TEK;PECAM1;VWF,"score=sender_ligand_expression*receiver_receptor_expression*receiver_target_program_score*lr_weight; curated prior baseline, not nichenetr package output"
Normal/Epithelial,B/Plasma,TGFB1,TGFBR1,2.9986243969437762e-05,0.0700344431687715,0.0166419019316493,0.028586759121677362,0.9,4,COL1A1;COL1A2;MMP9;MMP2,"score=sender_ligand_expression*receiver_receptor_expression*receiver_target_program_score*lr_weight; curated prior baseline, not nichenetr package output"
Tumor/Malignant,Normal/Epithelial,CCL5,CCR5,2.8559025432599666e-05,0.1973947486626648,0.0006888633754305,0.2625334864140834,0.8,2,CCR5;IFNGR1,"score=sender_ligand_expression*receiver_receptor_expression*receiver_target_program_score*lr_weight; curated prior baseline, not nichenetr package output"
Myeloid,Tumor/Malignant,VEGFA,KDR,2.8507391673221098e-05,0.5940051679586563,0.003634284780922,0.01320530096715318,1.0,5,FLT1;KDR;TEK;PECAM1;VWF,"score=sender_ligand_expression*receiver_receptor_expression*receiver_target_program_score*lr_weight; curated prior baseline, not nichenetr package output"
CAF/Fibroblast,Normal/Epithelial,VEGFA,FLT1,2.7452196779648627e-05,0.2233378974593032,0.009873708381171,0.015561247019341116,0.8,5,FLT1;KDR;TEK;VWF;PECAM1,"score=sender_ligand_expression*receiver_receptor_expression*receiver_target_program_score*lr_weight; curated prior baseline, not nichenetr package output"
B/Plasma,Normal/Epithelial,COL1A1,ITGA1,2.6749952478663135e-05,0.0475482912332838,0.0303099885189437,0.037122081898201265,0.5,2,ITGA1;MMP2,"score=sender_ligand_expression*receiver_receptor_expression*receiver_target_program_score*lr_weight; curated prior baseline, not nichenetr package output"
CAF/Fibroblast,Normal/Epithelial,VEGFA,KDR,2.6334956213035075e-05,0.2233378974593032,0.0075774971297359,0.015561247019341116,1.0,5,FLT1;KDR;TEK;VWF;PECAM1,"score=sender_ligand_expression*receiver_receptor_expression*receiver_target_program_score*lr_weight; curated prior baseline, not nichenetr package output"
T/NK,Tumor/Malignant,COL1A1,ITGA1,2.3597782626800112e-05,0.0343613335605157,0.0210706847972559,0.06518572964732462,0.5,2,ITGA1;MMP2,"score=sender_ligand_expression*receiver_receptor_expression*receiver_target_program_score*lr_weight; curated prior baseline, not nichenetr package output"
Perivascular,CAF/Fibroblast,VEGFA,FLT1,2.327643216560144e-05,0.1478886225336529,0.0118667275216795,0.016579090061518104,0.8,5,FLT1;KDR;TEK;PECAM1;VWF,"score=sender_ligand_expression*receiver_receptor_expression*receiver_target_program_score*lr_weight; curated prior baseline, not nichenetr package output"
Endothelial,B/Plasma,TNF,TNFRSF1A,2.2387707001464495e-05,0.0152531229454306,0.0242199108469539,0.08657256067360075,0.7,4,TNFRSF1A;CCL5;CCL2;MMP9,"score=sender_ligand_expression*receiver_receptor_expression*receiver_target_program_score*lr_weight; curated prior baseline, not nichenetr package output"
Perivascular,Endothelial,CCL5,CCR5,2.1684154782241326e-05,0.1006822791812649,0.0009204470742932,0.2924830155599386,0.8,2,CCR5;IFNGR1,"score=sender_ligand_expression*receiver_receptor_expression*receiver_target_program_score*lr_weight; curated prior baseline, not nichenetr package output"
CAF/Fibroblast,Perivascular,CSF1,CSF1R,2.004601121909216e-05,0.2995588011562452,0.0110639867232159,0.0075603909275308336,0.8,2,CSF1R;CCR2,"score=sender_ligand_expression*receiver_receptor_expression*receiver_target_program_score*lr_weight; curated prior baseline, not nichenetr package output"
T/NK,Normal/Epithelial,COL1A1,ITGA1,1.933116871303827e-05,0.0343613335605157,0.0303099885189437,0.037122081898201265,0.5,2,ITGA1;MMP2,"score=sender_ligand_expression*receiver_receptor_expression*receiver_target_program_score*lr_weight; curated prior baseline, not nichenetr package output"
Perivascular,Tumor/Malignant,CCL5,CCR5,1.904939879931967e-05,0.1006822791812649,0.0013475437951733,0.175507370656213,0.8,2,CCR5;IFNGR1,"score=sender_ligand_expression*receiver_receptor_expression*receiver_target_program_score*lr_weight; curated prior baseline, not nichenetr package output"
Perivascular,CAF/Fibroblast,CCL5,CCR5,1.8966143635666337e-05,0.1006822791812649,0.0012171002586338,0.19346822861199856,0.8,2,CCR5;IFNGR1,"score=sender_ligand_expression*receiver_receptor_expression*receiver_target_program_score*lr_weight; curated prior baseline, not nichenetr package output"
Perivascular,B/Plasma,CCL5,CCR5,1.8519551724772324e-05,0.1006822791812649,0.0060921248142644,0.037741456166418934,0.8,2,CCR5;IFNGR1,"score=sender_ligand_expression*receiver_receptor_expression*receiver_target_program_score*lr_weight; curated prior baseline, not nichenetr package output"
Endothelial,Tumor/Malignant,CCL5,CCR5,1.8186385562430597e-05,0.0961209730440499,0.0013475437951733,0.175507370656213,0.8,2,CCR5;IFNGR1,"score=sender_ligand_expression*receiver_receptor_expression*receiver_target_program_score*lr_weight; curated prior baseline, not nichenetr package output"
Perivascular,Normal/Epithelial,VEGFA,FLT1,1.8178139999749974e-05,0.1478886225336529,0.009873708381171,0.015561247019341116,0.8,5,FLT1;KDR;TEK;VWF;PECAM1,"score=sender_ligand_expression*receiver_receptor_expression*receiver_target_program_score*lr_weight; curated prior baseline, not nichenetr package output"
Endothelial,CAF/Fibroblast,CCL5,CCR5,1.8106902187537062e-05,0.0961209730440499,0.0012171002586338,0.19346822861199856,0.8,2,CCR5;IFNGR1,"score=sender_ligand_expression*receiver_receptor_expression*receiver_target_program_score*lr_weight; curated prior baseline, not nichenetr package output"
Perivascular,B/Plasma,MMP2,ITGAV,1.783981110460706e-05,0.0680435183477779,0.0185735512630014,0.0282317979197622,0.5,2,ITGAV;COL1A1,"score=sender_ligand_expression*receiver_receptor_expression*receiver_target_program_score*lr_weight; curated prior baseline, not nichenetr package output"
Endothelial,B/Plasma,CCL5,CCR5,1.7680542659546534e-05,0.0961209730440499,0.0060921248142644,0.037741456166418934,0.8,2,CCR5;IFNGR1,"score=sender_ligand_expression*receiver_receptor_expression*receiver_target_program_score*lr_weight; curated prior baseline, not nichenetr package output"
Perivascular,Normal/Epithelial,VEGFA,KDR,1.743833197650437e-05,0.1478886225336529,0.0075774971297359,0.015561247019341116,1.0,5,FLT1;KDR;TEK;VWF;PECAM1,"score=sender_ligand_expression*receiver_receptor_expression*receiver_target_program_score*lr_weight; curated prior baseline, not nichenetr package output"
Normal/Epithelial,B/Plasma,VEGFA,KDR,1.7064471656352607e-05,0.2307692307692307,0.0014858841010401,0.049765687507143636,1.0,5,FLT1;KDR;TEK;PECAM1;VWF,"score=sender_ligand_expression*receiver_receptor_expression*receiver_target_program_score*lr_weight; curated prior baseline, not nichenetr package output"
CAF/Fibroblast,B/Plasma,VEGFA,KDR,1.6514953957595882e-05,0.2233378974593032,0.0014858841010401,0.049765687507143636,1.0,5,FLT1;KDR;TEK;PECAM1;VWF,"score=sender_ligand_expression*receiver_receptor_expression*receiver_target_program_score*lr_weight; curated prior baseline, not nichenetr package output"
Endothelial,Perivascular,CCL5,CCR5,1.639443587996488e-05,0.0961209730440499,0.0018439977872026,0.11561866125760643,0.8,2,CCR5;IFNGR1,"score=sender_ligand_expression*receiver_receptor_expression*receiver_target_program_score*lr_weight; curated prior baseline, not nichenetr package output"
Perivascular,Normal/Epithelial,CCL5,CCR5,1.456668827935084e-05,0.1006822791812649,0.0006888633754305,0.2625334864140834,0.8,2,CCR5;IFNGR1,"score=sender_ligand_expression*receiver_receptor_expression*receiver_target_program_score*lr_weight; curated prior baseline, not nichenetr package output"
Normal/Epithelial,T/NK,VEGFA,FLT1,1.4543083599341464e-05,0.2307692307692307,0.0090304992332595,0.008723220513985502,0.8,5,FLT1;KDR;TEK;PECAM1;VWF,"score=sender_ligand_expression*receiver_receptor_expression*receiver_target_program_score*lr_weight; curated prior baseline, not nichenetr package output"
Normal/Epithelial,Endothelial,CCL5,CCR5,1.4242747950282107e-05,0.0661308840413318,0.0009204470742932,0.2924830155599386,0.8,2,CCR5;IFNGR1,"score=sender_ligand_expression*receiver_receptor_expression*receiver_target_program_score*lr_weight; curated prior baseline, not nichenetr package output"
CAF/Fibroblast,T/NK,VEGFA,FLT1,1.4074760759157795e-05,0.2233378974593032,0.0090304992332595,0.008723220513985502,0.8,5,FLT1;KDR;TEK;PECAM1;VWF,"score=sender_ligand_expression*receiver_receptor_expression*receiver_target_program_score*lr_weight; curated prior baseline, not nichenetr package output"
Endothelial,Normal/Epithelial,CCL5,CCR5,1.3906759588941685e-05,0.0961209730440499,0.0006888633754305,0.2625334864140834,0.8,2,CCR5;IFNGR1,"score=sender_ligand_expression*receiver_receptor_expression*receiver_target_program_score*lr_weight; curated prior baseline, not nichenetr package output"
Normal/Epithelial,CAF/Fibroblast,VEGFA,KDR,1.3387602128108225e-05,0.2307692307692307,0.0034991632435721,0.016579090061518104,1.0,5,FLT1;KDR;TEK;PECAM1;VWF,"score=sender_ligand_expression*receiver_receptor_expression*receiver_target_program_score*lr_weight; curated prior baseline, not nichenetr package output"
Normal/Epithelial,B/Plasma,MMP2,ITGAV,1.330477713501461e-05,0.0507462686567164,0.0185735512630014,0.0282317979197622,0.5,2,ITGAV;COL1A1,"score=sender_ligand_expression*receiver_receptor_expression*receiver_target_program_score*lr_weight; curated prior baseline, not nichenetr package output"
CAF/Fibroblast,B/Plasma,TNF,TNFRSF1A,1.2951354917551827e-05,0.008823976875095,0.0242199108469539,0.08657256067360075,0.7,4,TNFRSF1A;CCL5;CCL2;MMP9,"score=sender_ligand_expression*receiver_receptor_expression*receiver_target_program_score*lr_weight; curated prior baseline, not nichenetr package output"
Endothelial,Perivascular,CSF1,CSF1R,1.2908529770089714e-05,0.1928994082840236,0.0110639867232159,0.0075603909275308336,0.8,2,CSF1R;CCR2,"score=sender_ligand_expression*receiver_receptor_expression*receiver_target_program_score*lr_weight; curated prior baseline, not nichenetr package output"
Normal/Epithelial,Tumor/Malignant,CCL5,CCR5,1.251216791374853e-05,0.0661308840413318,0.0013475437951733,0.175507370656213,0.8,2,CCR5;IFNGR1,"score=sender_ligand_expression*receiver_receptor_expression*receiver_target_program_score*lr_weight; curated prior baseline, not nichenetr package output"
Normal/Epithelial,CAF/Fibroblast,CCL5,CCR5,1.2457483637447152e-05,0.0661308840413318,0.0012171002586338,0.19346822861199856,0.8,2,CCR5;IFNGR1,"score=sender_ligand_expression*receiver_receptor_expression*receiver_target_program_score*lr_weight; curated prior baseline, not nichenetr package output"
Perivascular,Tumor/Malignant,CCL2,CCR2,1.231209417101929e-05,6.632860040567952,0.0008983625301155,0.002582792274082175,0.8,2,CCR2;CSF1R,"score=sender_ligand_expression*receiver_receptor_expression*receiver_target_program_score*lr_weight; curated prior baseline, not nichenetr package output"
Normal/Epithelial,B/Plasma,CCL5,CCR5,1.216414981432265e-05,0.0661308840413318,0.0060921248142644,0.037741456166418934,0.8,2,CCR5;IFNGR1,"score=sender_ligand_expression*receiver_receptor_expression*receiver_target_program_score*lr_weight; curated prior baseline, not nichenetr package output"
Endothelial,Perivascular,VEGFA,FLT1,1.2151566887901243e-05,0.0377383300460223,0.0221279734464318,0.018189383300945113,0.8,5,FLT1;KDR;TEK;PECAM1;VWF,"score=sender_ligand_expression*receiver_receptor_expression*receiver_target_program_score*lr_weight; curated prior baseline, not nichenetr package output"
Myeloid,Perivascular,CCL2,CCR2,1.1707755768306597e-05,5.885684754521964,0.0005531993361607,0.004494744606306399,0.8,2,CCR2;CSF1R,"score=sender_ligand_expression*receiver_receptor_expression*receiver_target_program_score*lr_weight; curated prior baseline, not nichenetr package output"
Normal/Epithelial,Perivascular,CCL5,CCR5,1.1279312971625394e-05,0.0661308840413318,0.0018439977872026,0.11561866125760643,0.8,2,CCR5;IFNGR1,"score=sender_ligand_expression*receiver_receptor_expression*receiver_target_program_score*lr_weight; curated prior baseline, not nichenetr package output"
Normal/Epithelial,Tumor/Malignant,VEGFA,KDR,1.1075036384404466e-05,0.2307692307692307,0.003634284780922,0.01320530096715318,1.0,5,FLT1;KDR;TEK;PECAM1;VWF,"score=sender_ligand_expression*receiver_receptor_expression*receiver_target_program_score*lr_weight; curated prior baseline, not nichenetr package output"
Perivascular,B/Plasma,VEGFA,KDR,1.093577856593105e-05,0.1478886225336529,0.0014858841010401,0.049765687507143636,1.0,5,FLT1;KDR;TEK;PECAM1;VWF,"score=sender_ligand_expression*receiver_receptor_expression*receiver_target_program_score*lr_weight; curated prior baseline, not nichenetr package output"
Myeloid,Tumor/Malignant,CCL2,CCR2,1.0925167200181419e-05,5.885684754521964,0.0008983625301155,0.002582792274082175,0.8,2,CCR2;CSF1R,"score=sender_ligand_expression*receiver_receptor_expression*receiver_target_program_score*lr_weight; curated prior baseline, not nichenetr package output"
Normal/Epithelial,Perivascular,CSF1,CSF1R,1.0740757258566546e-05,0.1605051664753157,0.0110639867232159,0.0075603909275308336,0.8,2,CSF1R;CCR2,"score=sender_ligand_expression*receiver_receptor_expression*receiver_target_program_score*lr_weight; curated prior baseline, not nichenetr package output"
CAF/Fibroblast,Tumor/Malignant,VEGFA,KDR,1.0718393141638769e-05,0.2233378974593032,0.003634284780922,0.01320530096715318,1.0,5,FLT1;KDR;TEK;PECAM1;VWF,"score=sender_ligand_expression*receiver_receptor_expression*receiver_target_program_score*lr_weight; curated prior baseline, not nichenetr package output"
B/Plasma,Myeloid,COL1A1,ITGA1,1.0562942844147652e-05,0.0475482912332838,0.0057881136950904,0.07676141257536603,0.5,2,ITGA1;MMP2,"score=sender_ligand_expression*receiver_receptor_expression*receiver_target_program_score*lr_weight; curated prior baseline, not nichenetr package output"
CAF/Fibroblast,T/NK,CSF1,CSF1R,9.932905524874272e-06,0.2995588011562452,0.0048276253762708,0.008585600424073733,0.8,2,CSF1R;CCR2,"score=sender_ligand_expression*receiver_receptor_expression*receiver_target_program_score*lr_weight; curated prior baseline, not nichenetr package output"
Perivascular,T/NK,CSF1,CSF1R,9.679112358816192e-06,0.2919048497141803,0.0048276253762708,0.008585600424073733,0.8,2,CSF1R;CCR2,"score=sender_ligand_expression*receiver_receptor_expression*receiver_target_program_score*lr_weight; curated prior baseline, not nichenetr package output"
Perivascular,T/NK,VEGFA,FLT1,9.319945270559598e-06,0.1478886225336529,0.0090304992332595,0.008723220513985502,0.8,5,FLT1;KDR;TEK;PECAM1;VWF,"score=sender_ligand_expression*receiver_receptor_expression*receiver_target_program_score*lr_weight; curated prior baseline, not nichenetr package output"
T/NK,Perivascular,CSF1,CSF1R,9.100711820081124e-06,0.1359970466291815,0.0110639867232159,0.0075603909275308336,0.8,2,CSF1R;CCR2,"score=sender_ligand_expression*receiver_receptor_expression*receiver_target_program_score*lr_weight; curated prior baseline, not nichenetr package output"
Endothelial,Myeloid,VEGFA,KDR,9.062288886217723e-06,0.0377383300460223,0.0019638242894056,0.12227920227920222,1.0,5,FLT1;KDR;TEK;PECAM1;VWF,"score=sender_ligand_expression*receiver_receptor_expression*receiver_target_program_score*lr_weight; curated prior baseline, not nichenetr package output"
Endothelial,Tumor/Malignant,VEGFA,FLT1,8.644590773707739e-06,0.0377383300460223,0.0216832047041528,0.01320530096715318,0.8,5,FLT1;KDR;TEK;PECAM1;VWF,"score=sender_ligand_expression*receiver_receptor_expression*receiver_target_program_score*lr_weight; curated prior baseline, not nichenetr package output"
Tumor/Malignant,Perivascular,CSF1,CSF1R,8.613130806155796e-06,0.1287108497692841,0.0110639867232159,0.0075603909275308336,0.8,2,CSF1R;CCR2,"score=sender_ligand_expression*receiver_receptor_expression*receiver_target_program_score*lr_weight; curated prior baseline, not nichenetr package output"
Perivascular,CAF/Fibroblast,VEGFA,KDR,8.579454163602946e-06,0.1478886225336529,0.0034991632435721,0.016579090061518104,1.0,5,FLT1;KDR;TEK;PECAM1;VWF,"score=sender_ligand_expression*receiver_receptor_expression*receiver_target_program_score*lr_weight; curated prior baseline, not nichenetr package output"
Perivascular,CAF/Fibroblast,CSF1,CSF1R,8.213955966291801e-06,0.2919048497141803,0.0071504640194736,0.0049191135453116,0.8,2,CSF1R;CCR2,"score=sender_ligand_expression*receiver_receptor_expression*receiver_target_program_score*lr_weight; curated prior baseline, not nichenetr package output"
Tumor/Malignant,B/Plasma,COL1A1,ITGA1,7.897388297965707e-06,1.058271060476132,0.0038632986627043,0.0038632986627043,0.5,2,ITGA1;MMP2,"score=sender_ligand_expression*receiver_receptor_expression*receiver_target_program_score*lr_weight; curated prior baseline, not nichenetr package output"
Endothelial,B/Plasma,VEGFA,FLT1,7.813680582931665e-06,0.0377383300460223,0.0052005943536404,0.049765687507143636,0.8,5,FLT1;KDR;TEK;PECAM1;VWF,"score=sender_ligand_expression*receiver_receptor_expression*receiver_target_program_score*lr_weight; curated prior baseline, not nichenetr package output"
T/NK,Myeloid,COL1A1,ITGA1,7.63343525149333e-06,0.0343613335605157,0.0057881136950904,0.07676141257536603,0.5,2,ITGA1;MMP2,"score=sender_ligand_expression*receiver_receptor_expression*receiver_target_program_score*lr_weight; curated prior baseline, not nichenetr package output"
Perivascular,CAF/Fibroblast,CCL2,CCR2,7.184878392591692e-06,6.632860040567952,0.0004564125969876,0.0029666818804198495,0.8,2,CCR2;CSF1R,"score=sender_ligand_expression*receiver_receptor_expression*receiver_target_program_score*lr_weight; curated prior baseline, not nichenetr package output"
Perivascular,Tumor/Malignant,VEGFA,KDR,7.097444793398547e-06,0.1478886225336529,0.003634284780922,0.01320530096715318,1.0,5,FLT1;KDR;TEK;PECAM1;VWF,"score=sender_ligand_expression*receiver_receptor_expression*receiver_target_program_score*lr_weight; curated prior baseline, not nichenetr package output"
T/NK,CAF/Fibroblast,IL6,IL6R,6.993490069803689e-06,0.0015618787982052,0.0369694203560018,0.17302384212470928,0.7,3,IL6R;TNF;MMP9,"score=sender_ligand_expression*receiver_receptor_expression*receiver_target_program_score*lr_weight; curated prior baseline, not nichenetr package output"
B/Plasma,Perivascular,VEGFA,FLT1,6.937492737009336e-06,0.0215453194650817,0.0221279734464318,0.018189383300945113,0.8,5,FLT1;KDR;TEK;PECAM1;VWF,"score=sender_ligand_expression*receiver_receptor_expression*receiver_target_program_score*lr_weight; curated prior baseline, not nichenetr package output"
CAF/Fibroblast,Perivascular,CCL2,CCR2,6.931454231718986e-06,3.4845580404685834,0.0005531993361607,0.004494744606306399,0.8,2,CCR2;CSF1R,"score=sender_ligand_expression*receiver_receptor_expression*receiver_target_program_score*lr_weight; curated prior baseline, not nichenetr package output"
Myeloid,Perivascular,CSF1,CSF1R,6.743719956457674e-06,0.1007751937984496,0.0110639867232159,0.0075603909275308336,0.8,2,CSF1R;CCR2,"score=sender_ligand_expression*receiver_receptor_expression*receiver_target_program_score*lr_weight; curated prior baseline, not nichenetr package output"
CAF/Fibroblast,Tumor/Malignant,CCL2,CCR2,6.468130863041408e-06,3.4845580404685834,0.0008983625301155,0.002582792274082175,0.8,2,CCR2;CSF1R,"score=sender_ligand_expression*receiver_receptor_expression*receiver_target_program_score*lr_weight; curated prior baseline, not nichenetr package output"
Endothelial,T/NK,CSF1,CSF1R,6.396245381186356e-06,0.1928994082840236,0.0048276253762708,0.008585600424073733,0.8,2,CSF1R;CCR2,"score=sender_ligand_expression*receiver_receptor_expression*receiver_target_program_score*lr_weight; curated prior baseline, not nichenetr package output"
Myeloid,CAF/Fibroblast,CCL2,CCR2,6.375519603870642e-06,5.885684754521964,0.0004564125969876,0.0029666818804198495,0.8,2,CCR2;CSF1R,"score=sender_ligand_expression*receiver_receptor_expression*receiver_target_program_score*lr_weight; curated prior baseline, not nichenetr package output"
Endothelial,Perivascular,VEGFA,KDR,6.328941087448529e-06,0.0377383300460223,0.0092199889360132,0.018189383300945113,1.0,5,FLT1;KDR;TEK;PECAM1;VWF,"score=sender_ligand_expression*receiver_receptor_expression*receiver_target_program_score*lr_weight; curated prior baseline, not nichenetr package output"
Endothelial,CAF/Fibroblast,VEGFA,FLT1,5.939697485243861e-06,0.0377383300460223,0.0118667275216795,0.016579090061518104,0.8,5,FLT1;KDR;TEK;PECAM1;VWF,"score=sender_ligand_expression*receiver_receptor_expression*receiver_target_program_score*lr_weight; curated prior baseline, not nichenetr package output"
T/NK,Tumor/Malignant,IL6,IL6R,5.732980470128923e-06,0.0015618787982052,0.0625586998244109,0.0838199463704792,0.7,3,IL6R;TNF;MMP9,"score=sender_ligand_expression*receiver_receptor_expression*receiver_target_program_score*lr_weight; curated prior baseline, not nichenetr package output"
Endothelial,Perivascular,CCL2,CCR2,5.642974831005048e-06,2.836817882971729,0.0005531993361607,0.004494744606306399,0.8,2,CCR2;CSF1R,"score=sender_ligand_expression*receiver_receptor_expression*receiver_target_program_score*lr_weight; curated prior baseline, not nichenetr package output"
Endothelial,CAF/Fibroblast,CSF1,CSF1R,5.428026451496612e-06,0.1928994082840236,0.0071504640194736,0.0049191135453116,0.8,2,CSF1R;CCR2,"score=sender_ligand_expression*receiver_receptor_expression*receiver_target_program_score*lr_weight; curated prior baseline, not nichenetr package output"
B/Plasma,T/NK,CCL2,CCR2,5.408917458375315e-06,0.0353640416047548,0.0161015505196796,0.0118738285909013,0.8,2,CCR2;CSF1R,"score=sender_ligand_expression*receiver_receptor_expression*receiver_target_program_score*lr_weight; curated prior baseline, not nichenetr package output"
Normal/Epithelial,T/NK,CSF1,CSF1R,5.322102534460254e-06,0.1605051664753157,0.0048276253762708,0.008585600424073733,0.8,2,CSF1R;CCR2,"score=sender_ligand_expression*receiver_receptor_expression*receiver_target_program_score*lr_weight; curated prior baseline, not nichenetr package output"
Endothelial,Tumor/Malignant,CCL2,CCR2,5.265778066709938e-06,2.836817882971729,0.0008983625301155,0.002582792274082175,0.8,2,CCR2;CSF1R,"score=sender_ligand_expression*receiver_receptor_expression*receiver_target_program_score*lr_weight; curated prior baseline, not nichenetr package output"
B/Plasma,Myeloid,VEGFA,KDR,5.173782435532015e-06,0.0215453194650817,0.0019638242894056,0.12227920227920222,1.0,5,FLT1;KDR;TEK;PECAM1;VWF,"score=sender_ligand_expression*receiver_receptor_expression*receiver_target_program_score*lr_weight; curated prior baseline, not nichenetr package output"
CAF/Fibroblast,Tumor/Malignant,CSF1,CSF1R,5.028618375412882e-06,0.2995588011562452,0.0053901751806933,0.0038929042971673667,0.8,2,CSF1R;CCR2,"score=sender_ligand_expression*receiver_receptor_expression*receiver_target_program_score*lr_weight; curated prior baseline, not nichenetr package output"
B/Plasma,Tumor/Malignant,VEGFA,FLT1,4.935312973236935e-06,0.0215453194650817,0.0216832047041528,0.01320530096715318,0.8,5,FLT1;KDR;TEK;PECAM1;VWF,"score=sender_ligand_expression*receiver_receptor_expression*receiver_target_program_score*lr_weight; curated prior baseline, not nichenetr package output"
Perivascular,Tumor/Malignant,CSF1,CSF1R,4.900133414471907e-06,0.2919048497141803,0.0053901751806933,0.0038929042971673667,0.8,2,CSF1R;CCR2,"score=sender_ligand_expression*receiver_receptor_expression*receiver_target_program_score*lr_weight; curated prior baseline, not nichenetr package output"
Endothelial,Normal/Epithelial,VEGFA,FLT1,4.638711451770118e-06,0.0377383300460223,0.009873708381171,0.015561247019341116,0.8,5,FLT1;KDR;TEK;VWF;PECAM1,"score=sender_ligand_expression*receiver_receptor_expression*receiver_target_program_score*lr_weight; curated prior baseline, not nichenetr package output"
Normal/Epithelial,CAF/Fibroblast,CSF1,CSF1R,4.516479842940181e-06,0.1605051664753157,0.0071504640194736,0.0049191135453116,0.8,2,CSF1R;CCR2,"score=sender_ligand_expression*receiver_receptor_expression*receiver_target_program_score*lr_weight; curated prior baseline, not nichenetr package output"
Endothelial,Normal/Epithelial,VEGFA,KDR,4.449926683384135e-06,0.0377383300460223,0.0075774971297359,0.015561247019341116,1.0,5,FLT1;KDR;TEK;VWF;PECAM1,"score=sender_ligand_expression*receiver_receptor_expression*receiver_target_program_score*lr_weight; curated prior baseline, not nichenetr package output"
T/NK,B/Plasma,IL6,IL6R,4.382091288844022e-06,0.0015618787982052,0.0566121842496285,0.07079883959527344,0.7,3,IL6R;TNF;MMP9,"score=sender_ligand_expression*receiver_receptor_expression*receiver_target_program_score*lr_weight; curated prior baseline, not nichenetr package output"
Tumor/Malignant,T/NK,CSF1,CSF1R,4.267852274244323e-06,0.1287108497692841,0.0048276253762708,0.008585600424073733,0.8,2,CSF1R;CCR2,"score=sender_ligand_expression*receiver_receptor_expression*receiver_target_program_score*lr_weight; curated prior baseline, not nichenetr package output"
T/NK,CAF/Fibroblast,CSF1,CSF1R,3.826842046823191e-06,0.1359970466291815,0.0071504640194736,0.0049191135453116,0.8,2,CSF1R;CCR2,"score=sender_ligand_expression*receiver_receptor_expression*receiver_target_program_score*lr_weight; curated prior baseline, not nichenetr package output"
Tumor/Malignant,T/NK,VEGFA,KDR,3.637175252458583e-06,0.6991710563926661,0.000596353722951,0.008723220513985502,1.0,5,FLT1;KDR;TEK;PECAM1;VWF,"score=sender_ligand_expression*receiver_receptor_expression*receiver_target_program_score*lr_weight; curated prior baseline, not nichenetr package output"
Tumor/Malignant,CAF/Fibroblast,CSF1,CSF1R,3.621814620154769e-06,0.1287108497692841,0.0071504640194736,0.0049191135453116,0.8,2,CSF1R;CCR2,"score=sender_ligand_expression*receiver_receptor_expression*receiver_target_program_score*lr_weight; curated prior baseline, not nichenetr package output"
B/Plasma,Perivascular,VEGFA,KDR,3.6132774671923424e-06,0.0215453194650817,0.0092199889360132,0.018189383300945113,1.0,5,FLT1;KDR;TEK;PECAM1;VWF,"score=sender_ligand_expression*receiver_receptor_expression*receiver_target_program_score*lr_weight; curated prior baseline, not nichenetr package output"
B/Plasma,CAF/Fibroblast,VEGFA,FLT1,3.39105306698673e-06,0.0215453194650817,0.0118667275216795,0.016579090061518104,0.8,5,FLT1;KDR;TEK;PECAM1;VWF,"score=sender_ligand_expression*receiver_receptor_expression*receiver_target_program_score*lr_weight; curated prior baseline, not nichenetr package output"
Myeloid,T/NK,CSF1,CSF1R,3.3415492230147973e-06,0.1007751937984496,0.0048276253762708,0.008585600424073733,0.8,2,CSF1R;CCR2,"score=sender_ligand_expression*receiver_receptor_expression*receiver_target_program_score*lr_weight; curated prior baseline, not nichenetr package output"
Endothelial,Tumor/Malignant,CSF1,CSF1R,3.238153929576474e-06,0.1928994082840236,0.0053901751806933,0.0038929042971673667,0.8,2,CSF1R;CCR2,"score=sender_ligand_expression*receiver_receptor_expression*receiver_target_program_score*lr_weight; curated prior baseline, not nichenetr package output"
Myeloid,T/NK,VEGFA,KDR,3.0900891519719254e-06,0.5940051679586563,0.000596353722951,0.008723220513985502,1.0,5,FLT1;KDR;TEK;PECAM1;VWF,"score=sender_ligand_expression*receiver_receptor_expression*receiver_target_program_score*lr_weight; curated prior baseline, not nichenetr package output"
Endothelial,CAF/Fibroblast,CCL2,CCR2,3.072911441884731e-06,2.836817882971729,0.0004564125969876,0.0029666818804198495,0.8,2,CCR2;CSF1R,"score=sender_ligand_expression*receiver_receptor_expression*receiver_target_program_score*lr_weight; curated prior baseline, not nichenetr package output"
Normal/Epithelial,Perivascular,CCL2,CCR2,2.9986323937251255e-06,1.507462686567164,0.0005531993361607,0.004494744606306399,0.8,2,CCR2;CSF1R,"score=sender_ligand_expression*receiver_receptor_expression*receiver_target_program_score*lr_weight; curated prior baseline, not nichenetr package output"
B/Plasma,T/NK,MMP2,ITGAV,2.954090872466743e-06,0.0038632986627043,0.0400692906230476,0.0381666382688703,0.5,2,ITGAV;COL1A1,"score=sender_ligand_expression*receiver_receptor_expression*receiver_target_program_score*lr_weight; curated prior baseline, not nichenetr package output"
Endothelial,B/Plasma,COL1A1,ITGA1,2.929083071886897e-06,0.3925049309664694,0.0038632986627043,0.0038632986627043,0.5,2,ITGA1;MMP2,"score=sender_ligand_expression*receiver_receptor_expression*receiver_target_program_score*lr_weight; curated prior baseline, not nichenetr package output"
Myeloid,CAF/Fibroblast,CSF1,CSF1R,2.8357288519375227e-06,0.1007751937984496,0.0071504640194736,0.0049191135453116,0.8,2,CSF1R;CCR2,"score=sender_ligand_expression*receiver_receptor_expression*receiver_target_program_score*lr_weight; curated prior baseline, not nichenetr package output"
Normal/Epithelial,Tumor/Malignant,CCL2,CCR2,2.7981930031382695e-06,1.507462686567164,0.0008983625301155,0.002582792274082175,0.8,2,CCR2;CSF1R,"score=sender_ligand_expression*receiver_receptor_expression*receiver_target_program_score*lr_weight; curated prior baseline, not nichenetr package output"
Endothelial,B/Plasma,VEGFA,KDR,2.790600208189853e-06,0.0377383300460223,0.0014858841010401,0.049765687507143636,1.0,5,FLT1;KDR;TEK;PECAM1;VWF,"score=sender_ligand_expression*receiver_receptor_expression*receiver_target_program_score*lr_weight; curated prior baseline, not nichenetr package output"
Normal/Epithelial,Tumor/Malignant,CSF1,CSF1R,2.6943599265691258e-06,0.1605051664753157,0.0053901751806933,0.0038929042971673667,0.8,2,CSF1R;CCR2,"score=sender_ligand_expression*receiver_receptor_expression*receiver_target_program_score*lr_weight; curated prior baseline, not nichenetr package output"
B/Plasma,Normal/Epithelial,VEGFA,FLT1,2.648302667681351e-06,0.0215453194650817,0.009873708381171,0.015561247019341116,0.8,5,FLT1;KDR;TEK;VWF;PECAM1,"score=sender_ligand_expression*receiver_receptor_expression*receiver_target_program_score*lr_weight; curated prior baseline, not nichenetr package output"
B/Plasma,Normal/Epithelial,VEGFA,KDR,2.5405229079501387e-06,0.0215453194650817,0.0075774971297359,0.015561247019341116,1.0,5,FLT1;KDR;TEK;VWF;PECAM1,"score=sender_ligand_expression*receiver_receptor_expression*receiver_target_program_score*lr_weight; curated prior baseline, not nichenetr package output"
Endothelial,T/NK,VEGFA,FLT1,2.378270651288316e-06,0.0377383300460223,0.0090304992332595,0.008723220513985502,0.8,5,FLT1;KDR;TEK;PECAM1;VWF,"score=sender_ligand_expression*receiver_receptor_expression*receiver_target_program_score*lr_weight; curated prior baseline, not nichenetr package output"
T/NK,Tumor/Malignant,CSF1,CSF1R,2.2829482727322197e-06,0.1359970466291815,0.0053901751806933,0.0038929042971673667,0.8,2,CSF1R;CCR2,"score=sender_ligand_expression*receiver_receptor_expression*receiver_target_program_score*lr_weight; curated prior baseline, not nichenetr package output"
Endothelial,CAF/Fibroblast,VEGFA,KDR,2.1893115730866416e-06,0.0377383300460223,0.0034991632435721,0.016579090061518104,1.0,5,FLT1;KDR;TEK;PECAM1;VWF,"score=sender_ligand_expression*receiver_receptor_expression*receiver_target_program_score*lr_weight; curated prior baseline, not nichenetr package output"
T/NK,Endothelial,IL6,IL6R,1.8916145503487585e-06,0.0015618787982052,0.0502301117685733,0.03444475752168057,0.7,3,IL6R;TNF;MMP9,"score=sender_ligand_expression*receiver_receptor_expression*receiver_target_program_score*lr_weight; curated prior baseline, not nichenetr package output"
T/NK,Perivascular,VEGFA,FLT1,1.8196477298203183e-06,0.0056511614698699,0.0221279734464318,0.018189383300945113,0.8,5,FLT1;KDR;TEK;PECAM1;VWF,"score=sender_ligand_expression*receiver_receptor_expression*receiver_target_program_score*lr_weight; curated prior baseline, not nichenetr package output"
Endothelial,Tumor/Malignant,VEGFA,KDR,1.811131306167566e-06,0.0377383300460223,0.003634284780922,0.01320530096715318,1.0,5,FLT1;KDR;TEK;PECAM1;VWF,"score=sender_ligand_expression*receiver_receptor_expression*receiver_target_program_score*lr_weight; curated prior baseline, not nichenetr package output"
Myeloid,Tumor/Malignant,CSF1,CSF1R,1.6916878735148889e-06,0.1007751937984496,0.0053901751806933,0.0038929042971673667,0.8,2,CSF1R;CCR2,"score=sender_ligand_expression*receiver_receptor_expression*receiver_target_program_score*lr_weight; curated prior baseline, not nichenetr package output"
Normal/Epithelial,CAF/Fibroblast,CCL2,CCR2,1.6329209448277789e-06,1.507462686567164,0.0004564125969876,0.0029666818804198495,0.8,2,CCR2;CSF1R,"score=sender_ligand_expression*receiver_receptor_expression*receiver_target_program_score*lr_weight; curated prior baseline, not nichenetr package output"
Normal/Epithelial,B/Plasma,COL1A1,ITGA1,1.5730448082156257e-06,0.2107921928817451,0.0038632986627043,0.0038632986627043,0.5,2,ITGA1;MMP2,"score=sender_ligand_expression*receiver_receptor_expression*receiver_target_program_score*lr_weight; curated prior baseline, not nichenetr package output"
B/Plasma,T/NK,VEGFA,FLT1,1.357786656005876e-06,0.0215453194650817,0.0090304992332595,0.008723220513985502,0.8,5,FLT1;KDR;TEK;PECAM1;VWF,"score=sender_ligand_expression*receiver_receptor_expression*receiver_target_program_score*lr_weight; curated prior baseline, not nichenetr package output"
T/NK,Myeloid,VEGFA,KDR,1.3570409109298072e-06,0.0056511614698699,0.0019638242894056,0.12227920227920222,1.0,5,FLT1;KDR;TEK;PECAM1;VWF,"score=sender_ligand_expression*receiver_receptor_expression*receiver_target_program_score*lr_weight; curated prior baseline, not nichenetr package output"
T/NK,Tumor/Malignant,VEGFA,FLT1,1.2944923170578693e-06,0.0056511614698699,0.0216832047041528,0.01320530096715318,0.8,5,FLT1;KDR;TEK;PECAM1;VWF,"score=sender_ligand_expression*receiver_receptor_expression*receiver_target_program_score*lr_weight; curated prior baseline, not nichenetr package output"
Perivascular,Endothelial,CCL2,CCR2,1.2615227351156417e-06,6.632860040567952,0.0002629848783694,0.0009040105193950748,0.8,2,CCR2;CSF1R,"score=sender_ligand_expression*receiver_receptor_expression*receiver_target_program_score*lr_weight; curated prior baseline, not nichenetr package output"
B/Plasma,CAF/Fibroblast,VEGFA,KDR,1.2499073804598307e-06,0.0215453194650817,0.0034991632435721,0.016579090061518104,1.0,5,FLT1;KDR;TEK;PECAM1;VWF,"score=sender_ligand_expression*receiver_receptor_expression*receiver_target_program_score*lr_weight; curated prior baseline, not nichenetr package output"
Normal/Epithelial,T/NK,VEGFA,KDR,1.2004903914548742e-06,0.2307692307692307,0.000596353722951,0.008723220513985502,1.0,5,FLT1;KDR;TEK;PECAM1;VWF,"score=sender_ligand_expression*receiver_receptor_expression*receiver_target_program_score*lr_weight; curated prior baseline, not nichenetr package output"
T/NK,B/Plasma,VEGFA,FLT1,1.170066894700556e-06,0.0056511614698699,0.0052005943536404,0.049765687507143636,0.8,5,FLT1;KDR;TEK;PECAM1;VWF,"score=sender_ligand_expression*receiver_receptor_expression*receiver_target_program_score*lr_weight; curated prior baseline, not nichenetr package output"
CAF/Fibroblast,T/NK,VEGFA,KDR,1.1618316664397195e-06,0.2233378974593032,0.000596353722951,0.008723220513985502,1.0,5,FLT1;KDR;TEK;PECAM1;VWF,"score=sender_ligand_expression*receiver_receptor_expression*receiver_target_program_score*lr_weight; curated prior baseline, not nichenetr package output"
Myeloid,Endothelial,CCL2,CCR2,1.1194153176971314e-06,5.885684754521964,0.0002629848783694,0.0009040105193950748,0.8,2,CCR2;CSF1R,"score=sender_ligand_expression*receiver_receptor_expression*receiver_target_program_score*lr_weight; curated prior baseline, not nichenetr package output"
T/NK,B/Plasma,MMP2,ITGAV,1.1093648426833147e-06,0.0042312716533197,0.0185735512630014,0.0282317979197622,0.5,2,ITGAV;COL1A1,"score=sender_ligand_expression*receiver_receptor_expression*receiver_target_program_score*lr_weight; curated prior baseline, not nichenetr package output"
B/Plasma,Tumor/Malignant,VEGFA,KDR,1.0339991869540566e-06,0.0215453194650817,0.003634284780922,0.01320530096715318,1.0,5,FLT1;KDR;TEK;PECAM1;VWF,"score=sender_ligand_expression*receiver_receptor_expression*receiver_target_program_score*lr_weight; curated prior baseline, not nichenetr package output"
Perivascular,Normal/Epithelial,CCL2,CCR2,1.014197446098785e-06,6.632860040567952,0.0002296211251435,0.0008323765786452248,0.8,2,CCR2;CSF1R,"score=sender_ligand_expression*receiver_receptor_expression*receiver_target_program_score*lr_weight; curated prior baseline, not nichenetr package output"
T/NK,Perivascular,VEGFA,KDR,9.47733192614744e-07,0.0056511614698699,0.0092199889360132,0.018189383300945113,1.0,5,FLT1;KDR;TEK;PECAM1;VWF,"score=sender_ligand_expression*receiver_receptor_expression*receiver_target_program_score*lr_weight; curated prior baseline, not nichenetr package output"
Myeloid,Normal/Epithelial,CCL2,CCR2,8.999506110591178e-07,5.885684754521964,0.0002296211251435,0.0008323765786452248,0.8,2,CCR2;CSF1R,"score=sender_ligand_expression*receiver_receptor_expression*receiver_target_program_score*lr_weight; curated prior baseline, not nichenetr package output"
T/NK,CAF/Fibroblast,VEGFA,FLT1,8.894455459570922e-07,0.0056511614698699,0.0118667275216795,0.016579090061518104,0.8,5,FLT1;KDR;TEK;PECAM1;VWF,"score=sender_ligand_expression*receiver_receptor_expression*receiver_target_program_score*lr_weight; curated prior baseline, not nichenetr package output"
Myeloid,B/Plasma,COL1A1,ITGA1,8.283995980614751e-07,0.1110077519379845,0.0038632986627043,0.0038632986627043,0.5,2,ITGA1;MMP2,"score=sender_ligand_expression*receiver_receptor_expression*receiver_target_program_score*lr_weight; curated prior baseline, not nichenetr package output"
Perivascular,T/NK,VEGFA,KDR,7.693351048809711e-07,0.1478886225336529,0.000596353722951,0.008723220513985502,1.0,5,FLT1;KDR;TEK;PECAM1;VWF,"score=sender_ligand_expression*receiver_receptor_expression*receiver_target_program_score*lr_weight; curated prior baseline, not nichenetr package output"
T/NK,Normal/Epithelial,VEGFA,FLT1,6.94628177614621e-07,0.0056511614698699,0.009873708381171,0.015561247019341116,0.8,5,FLT1;KDR;TEK;VWF;PECAM1,"score=sender_ligand_expression*receiver_receptor_expression*receiver_target_program_score*lr_weight; curated prior baseline, not nichenetr package output"
T/NK,Normal/Epithelial,VEGFA,KDR,6.663584262000738e-07,0.0056511614698699,0.0075774971297359,0.015561247019341116,1.0,5,FLT1;KDR;TEK;VWF;PECAM1,"score=sender_ligand_expression*receiver_receptor_expression*receiver_target_program_score*lr_weight; curated prior baseline, not nichenetr package output"
CAF/Fibroblast,Endothelial,CSF1,CSF1R,6.629696032533081e-07,0.2995588011562452,0.0019723865877712,0.0014025860179705998,0.8,2,CSF1R;CCR2,"score=sender_ligand_expression*receiver_receptor_expression*receiver_target_program_score*lr_weight; curated prior baseline, not nichenetr package output"
CAF/Fibroblast,Endothelial,CCL2,CCR2,6.627381194530263e-07,3.4845580404685834,0.0002629848783694,0.0009040105193950748,0.8,2,CCR2;CSF1R,"score=sender_ligand_expression*receiver_receptor_expression*receiver_target_program_score*lr_weight; curated prior baseline, not nichenetr package output"
Perivascular,Endothelial,CSF1,CSF1R,6.460302339833023e-07,0.2919048497141803,0.0019723865877712,0.0014025860179705998,0.8,2,CSF1R;CCR2,"score=sender_ligand_expression*receiver_receptor_expression*receiver_target_program_score*lr_weight; curated prior baseline, not nichenetr package output"
CAF/Fibroblast,Normal/Epithelial,CSF1,CSF1R,5.728137123408688e-07,0.2995588011562452,0.0018369690011481,0.0013011863758132334,0.8,2,CSF1R;CCR2,"score=sender_ligand_expression*receiver_receptor_expression*receiver_target_program_score*lr_weight; curated prior baseline, not nichenetr package output"
Perivascular,Normal/Epithelial,CSF1,CSF1R,5.581778935210466e-07,0.2919048497141803,0.0018369690011481,0.0013011863758132334,0.8,2,CSF1R;CCR2,"score=sender_ligand_expression*receiver_receptor_expression*receiver_target_program_score*lr_weight; curated prior baseline, not nichenetr package output"
Tumor/Malignant,Perivascular,CCL2,CCR2,5.3496741811334e-07,0.2689370737882314,0.0005531993361607,0.004494744606306399,0.8,2,CCR2;CSF1R,"score=sender_ligand_expression*receiver_receptor_expression*receiver_target_program_score*lr_weight; curated prior baseline, not nichenetr package output"
CAF/Fibroblast,Normal/Epithelial,CCL2,CCR2,5.328063375092137e-07,3.4845580404685834,0.0002296211251435,0.0008323765786452248,0.8,2,CCR2;CSF1R,"score=sender_ligand_expression*receiver_receptor_expression*receiver_target_program_score*lr_weight; curated prior baseline, not nichenetr package output"
Endothelial,Normal/Epithelial,CCL2,CCR2,4.337636305244476e-07,2.836817882971729,0.0002296211251435,0.0008323765786452248,0.8,2,CCR2;CSF1R,"score=sender_ligand_expression*receiver_receptor_expression*receiver_target_program_score*lr_weight; curated prior baseline, not nichenetr package output"
T/NK,B/Plasma,VEGFA,KDR,4.1788103382162315e-07,0.0056511614698699,0.0014858841010401,0.049765687507143636,1.0,5,FLT1;KDR;TEK;PECAM1;VWF,"score=sender_ligand_expression*receiver_receptor_expression*receiver_target_program_score*lr_weight; curated prior baseline, not nichenetr package output"
Endothelial,Normal/Epithelial,CSF1,CSF1R,3.688605567288801e-07,0.1928994082840236,0.0018369690011481,0.0013011863758132334,0.8,2,CSF1R;CCR2,"score=sender_ligand_expression*receiver_receptor_expression*receiver_target_program_score*lr_weight; curated prior baseline, not nichenetr package output"
B/Plasma,Perivascular,CSF1,CSF1R,3.679023357203367e-07,0.0054977711738484,0.0110639867232159,0.0075603909275308336,0.8,2,CSF1R;CCR2,"score=sender_ligand_expression*receiver_receptor_expression*receiver_target_program_score*lr_weight; curated prior baseline, not nichenetr package output"
Normal/Epithelial,Endothelial,CSF1,CSF1R,3.5522256774804086e-07,0.1605051664753157,0.0019723865877712,0.0014025860179705998,0.8,2,CSF1R;CCR2,"score=sender_ligand_expression*receiver_receptor_expression*receiver_target_program_score*lr_weight; curated prior baseline, not nichenetr package output"
T/NK,CAF/Fibroblast,VEGFA,KDR,3.2784050572135844e-07,0.0056511614698699,0.0034991632435721,0.016579090061518104,1.0,5,FLT1;KDR;TEK;PECAM1;VWF,"score=sender_ligand_expression*receiver_receptor_expression*receiver_target_program_score*lr_weight; curated prior baseline, not nichenetr package output"
T/NK,Endothelial,CSF1,CSF1R,3.009823370215153e-07,0.1359970466291815,0.0019723865877712,0.0014025860179705998,0.8,2,CSF1R;CCR2,"score=sender_ligand_expression*receiver_receptor_expression*receiver_target_program_score*lr_weight; curated prior baseline, not nichenetr package output"
Tumor/Malignant,CAF/Fibroblast,CCL2,CCR2,2.9131930398194354e-07,0.2689370737882314,0.0004564125969876,0.0029666818804198495,0.8,2,CCR2;CSF1R,"score=sender_ligand_expression*receiver_receptor_expression*receiver_target_program_score*lr_weight; curated prior baseline, not nichenetr package output"
Normal/Epithelial,Endothelial,CCL2,CCR2,2.8670866561510403e-07,1.507462686567164,0.0002629848783694,0.0009040105193950748,0.8,2,CCR2;CSF1R,"score=sender_ligand_expression*receiver_receptor_expression*receiver_target_program_score*lr_weight; curated prior baseline, not nichenetr package output"
Tumor/Malignant,Endothelial,CSF1,CSF1R,2.848568650848315e-07,0.1287108497692841,0.0019723865877712,0.0014025860179705998,0.8,2,CSF1R;CCR2,"score=sender_ligand_expression*receiver_receptor_expression*receiver_target_program_score*lr_weight; curated prior baseline, not nichenetr package output"
T/NK,Tumor/Malignant,VEGFA,KDR,2.7120954853613306e-07,0.0056511614698699,0.003634284780922,0.01320530096715318,1.0,5,FLT1;KDR;TEK;PECAM1;VWF,"score=sender_ligand_expression*receiver_receptor_expression*receiver_target_program_score*lr_weight; curated prior baseline, not nichenetr package output"
T/NK,Normal/Epithelial,CSF1,CSF1R,2.6005235982508737e-07,0.1359970466291815,0.0018369690011481,0.0013011863758132334,0.8,2,CSF1R;CCR2,"score=sender_ligand_expression*receiver_receptor_expression*receiver_target_program_score*lr_weight; curated prior baseline, not nichenetr package output"
T/NK,B/Plasma,COL1A1,ITGA1,2.5642276699999894e-07,0.0343613335605157,0.0038632986627043,0.0038632986627043,0.5,2,ITGA1;MMP2,"score=sender_ligand_expression*receiver_receptor_expression*receiver_target_program_score*lr_weight; curated prior baseline, not nichenetr package output"
Tumor/Malignant,Normal/Epithelial,CSF1,CSF1R,2.461197580919562e-07,0.1287108497692841,0.0018369690011481,0.0013011863758132334,0.8,2,CSF1R;CCR2,"score=sender_ligand_expression*receiver_receptor_expression*receiver_target_program_score*lr_weight; curated prior baseline, not nichenetr package output"
Myeloid,Endothelial,CSF1,CSF1R,2.2303097085598845e-07,0.1007751937984496,0.0019723865877712,0.0014025860179705998,0.8,2,CSF1R;CCR2,"score=sender_ligand_expression*receiver_receptor_expression*receiver_target_program_score*lr_weight; curated prior baseline, not nichenetr package output"
Endothelial,T/NK,VEGFA,KDR,1.9631951130914447e-07,0.0377383300460223,0.000596353722951,0.008723220513985502,1.0,5,FLT1;KDR;TEK;PECAM1;VWF,"score=sender_ligand_expression*receiver_receptor_expression*receiver_target_program_score*lr_weight; curated prior baseline, not nichenetr package output"
Myeloid,Normal/Epithelial,CSF1,CSF1R,1.9270144174950058e-07,0.1007751937984496,0.0018369690011481,0.0013011863758132334,0.8,2,CSF1R;CCR2,"score=sender_ligand_expression*receiver_receptor_expression*receiver_target_program_score*lr_weight; curated prior baseline, not nichenetr package output"
B/Plasma,T/NK,CSF1,CSF1R,1.822975704817638e-07,0.0054977711738484,0.0048276253762708,0.008585600424073733,0.8,2,CSF1R;CCR2,"score=sender_ligand_expression*receiver_receptor_expression*receiver_target_program_score*lr_weight; curated prior baseline, not nichenetr package output"
B/Plasma,CAF/Fibroblast,CSF1,CSF1R,1.547026381334747e-07,0.0054977711738484,0.0071504640194736,0.0049191135453116,0.8,2,CSF1R;CCR2,"score=sender_ligand_expression*receiver_receptor_expression*receiver_target_program_score*lr_weight; curated prior baseline, not nichenetr package output"
B/Plasma,T/NK,VEGFA,KDR,1.120814456608438e-07,0.0215453194650817,0.000596353722951,0.008723220513985502,1.0,5,FLT1;KDR;TEK;PECAM1;VWF,"score=sender_ligand_expression*receiver_receptor_expression*receiver_target_program_score*lr_weight; curated prior baseline, not nichenetr package output"
B/Plasma,Tumor/Malignant,CSF1,CSF1R,9.228970419803988e-08,0.0054977711738484,0.0053901751806933,0.0038929042971673667,0.8,2,CSF1R;CCR2,"score=sender_ligand_expression*receiver_receptor_expression*receiver_target_program_score*lr_weight; curated prior baseline, not nichenetr package output"
T/NK,Perivascular,CCL2,CCR2,7.857573051166085e-08,0.0395013346964275,0.0005531993361607,0.004494744606306399,0.8,2,CCR2;CSF1R,"score=sender_ligand_expression*receiver_receptor_expression*receiver_target_program_score*lr_weight; curated prior baseline, not nichenetr package output"
T/NK,Tumor/Malignant,CCL2,CCR2,7.332344564618959e-08,0.0395013346964275,0.0008983625301155,0.002582792274082175,0.8,2,CCR2;CSF1R,"score=sender_ligand_expression*receiver_receptor_expression*receiver_target_program_score*lr_weight; curated prior baseline, not nichenetr package output"
B/Plasma,Perivascular,CCL2,CCR2,7.034586107769382e-08,0.0353640416047548,0.0005531993361607,0.004494744606306399,0.8,2,CCR2;CSF1R,"score=sender_ligand_expression*receiver_receptor_expression*receiver_target_program_score*lr_weight; curated prior baseline, not nichenetr package output"
B/Plasma,Tumor/Malignant,CCL2,CCR2,6.564369033004695e-08,0.0353640416047548,0.0008983625301155,0.002582792274082175,0.8,2,CCR2;CSF1R,"score=sender_ligand_expression*receiver_receptor_expression*receiver_target_program_score*lr_weight; curated prior baseline, not nichenetr package output"
Tumor/Malignant,Endothelial,CCL2,CCR2,5.1149915846901565e-08,0.2689370737882314,0.0002629848783694,0.0009040105193950748,0.8,2,CCR2;CSF1R,"score=sender_ligand_expression*receiver_receptor_expression*receiver_target_program_score*lr_weight; curated prior baseline, not nichenetr package output"
T/NK,CAF/Fibroblast,CCL2,CCR2,4.278882479097093e-08,0.0395013346964275,0.0004564125969876,0.0029666818804198495,0.8,2,CCR2;CSF1R,"score=sender_ligand_expression*receiver_receptor_expression*receiver_target_program_score*lr_weight; curated prior baseline, not nichenetr package output"
Tumor/Malignant,Normal/Epithelial,CCL2,CCR2,4.1121822521367366e-08,0.2689370737882314,0.0002296211251435,0.0008323765786452248,0.8,2,CCR2;CSF1R,"score=sender_ligand_expression*receiver_receptor_expression*receiver_target_program_score*lr_weight; curated prior baseline, not nichenetr package output"
B/Plasma,CAF/Fibroblast,CCL2,CCR2,3.830720637050556e-08,0.0353640416047548,0.0004564125969876,0.0029666818804198495,0.8,2,CCR2;CSF1R,"score=sender_ligand_expression*receiver_receptor_expression*receiver_target_program_score*lr_weight; curated prior baseline, not nichenetr package output"
B/Plasma,Endothelial,CSF1,CSF1R,1.2167411405824956e-08,0.0054977711738484,0.0019723865877712,0.0014025860179705998,0.8,2,CSF1R;CCR2,"score=sender_ligand_expression*receiver_receptor_expression*receiver_target_program_score*lr_weight; curated prior baseline, not nichenetr package output"
B/Plasma,Normal/Epithelial,CSF1,CSF1R,1.0512789821355124e-08,0.0054977711738484,0.0018369690011481,0.0013011863758132334,0.8,2,CSF1R;CCR2,"score=sender_ligand_expression*receiver_receptor_expression*receiver_target_program_score*lr_weight; curated prior baseline, not nichenetr package output"
T/NK,Endothelial,CCL2,CCR2,7.512872498767314e-09,0.0395013346964275,0.0002629848783694,0.0009040105193950748,0.8,2,CCR2;CSF1R,"score=sender_ligand_expression*receiver_receptor_expression*receiver_target_program_score*lr_weight; curated prior baseline, not nichenetr package output"
B/Plasma,Endothelial,CCL2,CCR2,6.725988821882873e-09,0.0353640416047548,0.0002629848783694,0.0009040105193950748,0.8,2,CCR2;CSF1R,"score=sender_ligand_expression*receiver_receptor_expression*receiver_target_program_score*lr_weight; curated prior baseline, not nichenetr package output"
T/NK,Normal/Epithelial,CCL2,CCR2,6.0399514721525305e-09,0.0395013346964275,0.0002296211251435,0.0008323765786452248,0.8,2,CCR2;CSF1R,"score=sender_ligand_expression*receiver_receptor_expression*receiver_target_program_score*lr_weight; curated prior baseline, not nichenetr package output"
B/Plasma,Normal/Epithelial,CCL2,CCR2,5.4073386834501025e-09,0.0353640416047548,0.0002296211251435,0.0008323765786452248,0.8,2,CCR2;CSF1R,"score=sender_ligand_expression*receiver_receptor_expression*receiver_target_program_score*lr_weight; curated prior baseline, not nichenetr package output"
