Cell	cell_type
HN28_P15_D06_S330_comb	CAF/Fibroblast
HN28_P6_G05_S173_comb	CAF/Fibroblast
HN26_P14_D11_S239_comb	Tumor/Malignant
HN26_P14_H05_S281_comb	CAF/Fibroblast
HN26_P25_H09_S189_comb	Tumor/Malignant
HN26_P14_H06_S282_comb	Tumor/Malignant
HN25_P25_C04_S316_comb	Tumor/Malignant
HN26_P25_A11_S107_comb	CAF/Fibroblast
HN26_P25_C09_S129_comb	Tumor/Malignant
HNSCC26_P24_H05_S377_comb	Tumor/Malignant
HN25_P5_E10_S58_comb	CAF/Fibroblast
HN25_P24_B02_S110_comb	Tumor/Malignant
HN25_P25_C01_S313_comb	B/Plasma
HN28_P15_G06_S366_comb	CAF/Fibroblast
HN26_P6_B06_S18_comb	CAF/Fibroblast
HN25_P5_C05_S29_comb	CAF/Fibroblast
HN28_P6_D09_S141_comb	CAF/Fibroblast
HN26_P5_H01_S85_comb	Tumor/Malignant
HN26_P13_D07_S139_comb	CAF/Fibroblast
HN26_P5_E06_S54_comb	Tumor/Malignant
HN26_P26_H05_S377_comb	Tumor/Malignant
HNSCC26_P24_F12_S360_comb	Tumor/Malignant
HNSCC26_P24_F03_S351_comb	Tumor/Malignant
HN26_P6_D08_S44_comb	Tumor/Malignant
HN25_P5_E12_S60_comb	CAF/Fibroblast
HNSCC26_P24_C01_S313_comb	Tumor/Malignant
HN25_P5_F01_S61_comb	CAF/Fibroblast
HN26_P5_D12_S48_comb	CAF/Fibroblast
HN25_P25_C11_S323_comb	CAF/Fibroblast
HN25_P25_B12_S312_comb	Tumor/Malignant
HN25_P5_E11_S59_comb	Tumor/Malignant
HN26_P5_G11_S83_comb	CAF/Fibroblast
HNSCC26_P12_G04_S268_comb	CAF/Fibroblast
HN25_P23_G05_S269_comb	CAF/Fibroblast
HN26_P25_E02_S146_comb	Tumor/Malignant
HN25_P25_F01_S349_comb	CAF/Fibroblast
HN26_P26_E10_S346_comb	Tumor/Malignant
HN26_P6_B04_S16_comb	Tumor/Malignant
HN25_P23_C01_S217_comb	B/Plasma
HN28_P6_A09_S105_comb	CAF/Fibroblast
HN25_P25_E06_S342_comb	CAF/Fibroblast
HN25_P23_H09_S285_comb	CAF/Fibroblast
HN28_P6_H07_S187_comb	CAF/Fibroblast
HNSCC26_P24_D01_S325_comb	Tumor/Malignant
HN25_P24_H02_S182_comb	Tumor/Malignant
HN26_P13_E03_S147_comb	Tumor/Malignant
HN26_P25_B03_S111_comb	Tumor/Malignant
HNSCC26_P12_D11_S239_comb	CAF/Fibroblast
HN28_P6_B03_S111_comb	CAF/Fibroblast
HN26_P5_H08_S92_comb	Tumor/Malignant
HN25_P5_B06_S18_comb	Other/Stromal
HN25_P5_B04_S16_comb	CAF/Fibroblast
HNSCC26_P24_D02_S326_comb	Tumor/Malignant
HN25_P5_A05_S5_comb	CAF/Fibroblast
HN26_P5_D09_S45_comb	Tumor/Malignant
HNSCC26_P12_G11_S275_comb	CAF/Fibroblast
HN26_P25_A01_S97_comb	Tumor/Malignant
HN26_P25_A03_S99_comb	Tumor/Malignant
HNSCC26_P12_H11_S287_comb	CAF/Fibroblast
HN25_P24_F06_S162_comb	CAF/Fibroblast
HN26_P6_A08_S8_comb	CAF/Fibroblast
HNSCC26_P24_H10_S382_comb	Unknown
HN25_P5_B12_S24_comb	Tumor/Malignant
HN28_P6_A02_S98_comb	CAF/Fibroblast
HN25_P24_G02_S170_comb	CAF/Fibroblast
HN26_P13_C04_S124_comb	Tumor/Malignant
HN25_P25_A12_S300_comb	Tumor/Malignant
HN26_P14_C05_S221_comb	CAF/Fibroblast
HN25_P24_H04_S184_comb	CAF/Fibroblast
HN26_P25_A07_S103_comb	Myeloid
HNSCC26_P12_H07_S283_comb	Tumor/Malignant
HN26_P25_C02_S122_comb	Tumor/Malignant
HN26_P26_F06_S354_comb	Tumor/Malignant
HN28_P6_H10_S190_comb	CAF/Fibroblast
HN25_P25_C07_S319_comb	Tumor/Malignant
HNSCC26_P24_C09_S321_comb	Tumor/Malignant
HNSCC26_P24_F08_S356_comb	CAF/Fibroblast
HN28_P6_G06_S174_comb	CAF/Fibroblast
HN25_P5_H09_S93_comb	CAF/Fibroblast
HN26_P14_A02_S194_comb	CAF/Fibroblast
HNSCC26_P24_B09_S309_comb	Tumor/Malignant
HN26_P13_F04_S160_comb	CAF/Fibroblast
HN25_P24_A08_S104_comb	CAF/Fibroblast
HN26_P13_F07_S163_comb	CAF/Fibroblast
HN26_P13_D06_S138_comb	Tumor/Malignant
HN28_P15_B12_S312_comb	Tumor/Malignant
HN28_P15_D11_S335_comb	CAF/Fibroblast
HN28_P15_C09_S321_comb	CAF/Fibroblast
HN26_P25_G03_S171_comb	Tumor/Malignant
HN28_P6_C01_S121_comb	Endothelial
HN25_P23_H02_S278_comb	B/Plasma
HN26_P25_E03_S147_comb	Tumor/Malignant
HN26_P5_F06_S66_comb	CAF/Fibroblast
HN28_P15_A01_S289_comb	CAF/Fibroblast
HN26_P25_F09_S165_comb	Tumor/Malignant
HN25_P5_B01_S13_comb	CAF/Fibroblast
HN26_P6_B02_S14_comb	Tumor/Malignant
HNSCC26_P24_A09_S297_comb	Tumor/Malignant
HN28_P6_E12_S156_comb	CAF/Fibroblast
HN25_P5_G10_S82_comb	CAF/Fibroblast
HNSCC26_P24_F11_S359_comb	Tumor/Malignant
HN26_P13_G10_S178_comb	CAF/Fibroblast
HN26_P6_G03_S75_comb	CAF/Fibroblast
HN25_P24_B12_S120_comb	T/NK
HN26_P13_B04_S112_comb	Tumor/Malignant
HN26_P13_H09_S189_comb	CAF/Fibroblast
HN25_P5_E09_S57_comb	Tumor/Malignant
HN26_P26_D03_S327_comb	Tumor/Malignant
HN26_P14_B04_S208_comb	Tumor/Malignant
HN25_P25_F05_S353_comb	CAF/Fibroblast
HN26_P14_H03_S279_comb	Tumor/Malignant
HN28_P6_D03_S135_comb	CAF/Fibroblast
HN26_P5_F01_S61_comb	CAF/Fibroblast
HNSCC26_P24_G03_S363_comb	Unknown
HN28_P6_A11_S107_comb	Unknown
HN26_P14_F07_S259_comb	CAF/Fibroblast
HN26_P25_G08_S176_comb	Tumor/Malignant
HN25_P25_G12_S372_comb	Tumor/Malignant
HNSCC26_P12_F04_S256_comb	Tumor/Malignant
HN26_P6_B05_S17_comb	Tumor/Malignant
HN26_P26_H04_S376_comb	Tumor/Malignant
HN28_P15_B10_S310_comb	B/Plasma
HN28_P15_F05_S353_comb	CAF/Fibroblast
HN25_P25_B08_S308_comb	Myeloid
HNSCC26_P24_E10_S346_comb	CAF/Fibroblast
HN26_P5_F02_S62_comb	Tumor/Malignant
HN28_P15_D01_S325_comb	CAF/Fibroblast
HN25_P25_A07_S295_comb	CAF/Fibroblast
HN26_P14_C10_S226_comb	Tumor/Malignant
HNSCC26_P24_H08_S380_comb	Tumor/Malignant
HN26_P5_G03_S75_comb	CAF/Fibroblast
HN25_P5_D05_S41_comb	CAF/Fibroblast
HN26_P26_D10_S334_comb	CAF/Fibroblast
HN26_P6_H12_S96_comb	CAF/Fibroblast
HN25_P5_D12_S48_comb	Tumor/Malignant
HN25_P5_F12_S72_comb	Tumor/Malignant
HN26_P14_C04_S220_comb	Tumor/Malignant
HN26_P26_B12_S312_comb	Tumor/Malignant
HN25_P5_E06_S54_comb	CAF/Fibroblast
HN25_P23_B12_S216_comb	Tumor/Malignant
HN26_P25_H04_S184_comb	Tumor/Malignant
HN28_P6_E06_S150_comb	CAF/Fibroblast
HN25_P24_D08_S140_comb	CAF/Fibroblast
HN28_P6_E09_S153_comb	CAF/Fibroblast
HN26_P26_D12_S336_comb	Tumor/Malignant
HN26_P26_F07_S355_comb	Tumor/Malignant
HN28_P15_G07_S367_comb	Tumor/Malignant
HN25_P23_B11_S215_comb	CAF/Fibroblast
HN25_P24_G09_S177_comb	CAF/Fibroblast
HN28_P15_F12_S360_comb	Tumor/Malignant
HN28_P15_A06_S294_comb	CAF/Fibroblast
HN26_P14_D08_S236_comb	CAF/Fibroblast
HN28_P15_H10_S382_comb	CAF/Fibroblast
HN26_P25_C12_S132_comb	Tumor/Malignant
HN25_P24_E11_S155_comb	CAF/Fibroblast
HN26_P13_G06_S174_comb	B/Plasma
HN25_P5_F09_S69_comb	Tumor/Malignant
HN26_P25_E11_S155_comb	Unknown
HN25_P23_E12_S252_comb	Tumor/Malignant
HN28_P15_H08_S380_comb	CAF/Fibroblast
HN25_P24_F07_S163_comb	Tumor/Malignant
HN25_P23_G06_S270_comb	Tumor/Malignant
HN28_P6_E02_S146_comb	CAF/Fibroblast
HN25_P24_G10_S178_comb	Tumor/Malignant
HN26_P14_D05_S233_comb	Tumor/Malignant
HN26_P14_A01_S193_comb	Tumor/Malignant
HNSCC26_P24_C10_S322_comb	Tumor/Malignant
HN26_P26_H09_S381_comb	Tumor/Malignant
HN25_P24_F02_S158_comb	CAF/Fibroblast
HN28_P15_H11_S383_comb	CAF/Fibroblast
HN25_P23_C06_S222_comb	CAF/Fibroblast
HN25_P5_D10_S46_comb	CAF/Fibroblast
HN26_P26_B08_S308_comb	Tumor/Malignant
HN26_P25_D02_S134_comb	Tumor/Malignant
HN25_P23_H03_S279_comb	CAF/Fibroblast
HN26_P26_C04_S316_comb	Tumor/Malignant
HN28_P6_E10_S154_comb	CAF/Fibroblast
HN26_P25_B08_S116_comb	Tumor/Malignant
HN28_P6_D12_S144_comb	CAF/Fibroblast
HN26_P14_H11_S287_comb	CAF/Fibroblast
HN25_P24_C10_S130_comb	CAF/Fibroblast
HN25_P25_C02_S314_comb	B/Plasma
HN26_P13_A02_S98_comb	Myeloid
HN26_P5_E08_S56_comb	CAF/Fibroblast
HN28_P6_B07_S115_comb	CAF/Fibroblast
HN25_P24_F05_S161_comb	CAF/Fibroblast
HN26_P14_B09_S213_comb	Tumor/Malignant
HN25_P23_B01_S205_comb	Tumor/Malignant
HN25_P5_A07_S7_comb	Tumor/Malignant
HN28_P15_A02_S290_comb	CAF/Fibroblast
HN26_P13_D01_S133_comb	Tumor/Malignant
HN28_P6_B09_S117_comb	CAF/Fibroblast
HN25_P5_E05_S53_comb	CAF/Fibroblast
HN25_P5_D04_S40_comb	CAF/Fibroblast
HN25_P25_E01_S337_comb	B/Plasma
HN28_P6_F05_S161_comb	CAF/Fibroblast
HN26_P14_E08_S248_comb	CAF/Fibroblast
HN28_P6_D08_S140_comb	CAF/Fibroblast
HN26_P6_B08_S20_comb	Tumor/Malignant
HN26_P5_A09_S9_comb	Tumor/Malignant
HN26_P25_H01_S181_comb	Tumor/Malignant
HNSCC26_P24_B11_S311_comb	Tumor/Malignant
HN26_P6_F03_S63_comb	CAF/Fibroblast
HN28_P6_G08_S176_comb	CAF/Fibroblast
HN26_P26_A03_S291_comb	CAF/Fibroblast
HN25_P23_A12_S204_comb	B/Plasma
HN26_P13_F01_S157_comb	Tumor/Malignant
HN25_P5_G12_S84_comb	Myeloid
HN26_P5_A07_S7_comb	Tumor/Malignant
HN25_P23_B02_S206_comb	CAF/Fibroblast
HN25_P5_B07_S19_comb	CAF/Fibroblast
HN25_P5_H04_S88_comb	Unknown
HN28_P15_C11_S323_comb	CAF/Fibroblast
HNSCC26_P12_F08_S260_comb	Tumor/Malignant
HN28_P6_F12_S168_comb	CAF/Fibroblast
HN26_P5_G06_S78_comb	Tumor/Malignant
HN28_P6_G11_S179_comb	CAF/Fibroblast
HN26_P5_H04_S88_comb	CAF/Fibroblast
HNSCC26_P24_B01_S301_comb	Tumor/Malignant
HN25_P24_D12_S144_comb	CAF/Fibroblast
HN28_P15_C05_S317_comb	T/NK
HNSCC26_P24_E02_S338_comb	Tumor/Malignant
HN25_P25_C10_S322_comb	Tumor/Malignant
HN28_P15_B05_S305_comb	CAF/Fibroblast
HN28_P15_C07_S319_comb	Tumor/Malignant
HN28_P15_E02_S338_comb	Tumor/Malignant
HN26_P6_F08_S68_comb	CAF/Fibroblast
HN25_P25_D09_S333_comb	Tumor/Malignant
HN28_P6_F09_S165_comb	CAF/Fibroblast
HN25_P23_A08_S200_comb	Myeloid
HN28_P6_C07_S127_comb	CAF/Fibroblast
HN28_P15_F10_S358_comb	Tumor/Malignant
HN28_P6_H12_S192_comb	CAF/Fibroblast
HN26_P6_F07_S67_comb	CAF/Fibroblast
HNSCC26_P24_D12_S336_comb	Tumor/Malignant
HN26_P6_D05_S41_comb	Tumor/Malignant
HN25_P24_D09_S141_comb	B/Plasma
HN25_P24_C08_S128_comb	CAF/Fibroblast
HN26_P25_D04_S136_comb	CAF/Fibroblast
HN28_P15_D12_S336_comb	Tumor/Malignant
HN25_P5_B03_S15_comb	CAF/Fibroblast
HN25_P25_F03_S351_comb	B/Plasma
HN25_P5_A09_S9_comb	Other/Stromal
HN26_P25_C03_S123_comb	Tumor/Malignant
HNSCC26_P24_B12_S312_comb	Tumor/Malignant
HNSCC26_P24_G05_S365_comb	Tumor/Malignant
HN25_P25_H06_S378_comb	Tumor/Malignant
HN26_P25_G05_S173_comb	Tumor/Malignant
HN26_P14_B11_S215_comb	Tumor/Malignant
HN28_P6_C02_S122_comb	CAF/Fibroblast
HN28_P6_D06_S138_comb	CAF/Fibroblast
HNSCC26_P24_B08_S308_comb	Tumor/Malignant
HN25_P5_D01_S37_comb	CAF/Fibroblast
HN26_P6_H06_S90_comb	Tumor/Malignant
HN25_P5_H06_S90_comb	CAF/Fibroblast
HN26_P26_E08_S344_comb	Tumor/Malignant
HNSCC26_P12_A02_S194_comb	CAF/Fibroblast
HN26_P5_F05_S65_comb	CAF/Fibroblast
HN25_P25_D05_S329_comb	Tumor/Malignant
HN26_P14_D10_S238_comb	Tumor/Malignant
HN26_P6_B07_S19_comb	CAF/Fibroblast
HN26_P14_D06_S234_comb	Tumor/Malignant
HNSCC26_P24_F09_S357_comb	Tumor/Malignant
HN25_P25_A09_S297_comb	Tumor/Malignant
HN26_P25_F05_S161_comb	Tumor/Malignant
HN26_P5_E02_S50_comb	CAF/Fibroblast
HNSCC26_P12_F11_S263_comb	Tumor/Malignant
HN26_P14_F05_S257_comb	CAF/Fibroblast
HN25_P23_B03_S207_comb	CAF/Fibroblast
HN26_P25_C04_S124_comb	Tumor/Malignant
HN28_P15_A07_S295_comb	Tumor/Malignant
HN26_P5_E12_S60_comb	CAF/Fibroblast
HN25_P5_D07_S43_comb	CAF/Fibroblast
HN25_P5_C09_S33_comb	Tumor/Malignant
HN25_P25_E07_S343_comb	CAF/Fibroblast
HN28_P15_E03_S339_comb	CAF/Fibroblast
HN25_P5_C12_S36_comb	CAF/Fibroblast
HNSCC26_P12_E03_S243_comb	Unknown
HN28_P6_C11_S131_comb	CAF/Fibroblast
HN25_P24_E04_S148_comb	CAF/Fibroblast
HNSCC26_P12_G10_S274_comb	CAF/Fibroblast
HN26_P13_E07_S151_comb	CAF/Fibroblast
HN26_P13_H03_S183_comb	CAF/Fibroblast
HN25_P5_C08_S32_comb	CAF/Fibroblast
HN26_P14_F02_S254_comb	Tumor/Malignant
HNSCC26_P12_C07_S223_comb	CAF/Fibroblast
HN25_P5_G02_S74_comb	Tumor/Malignant
HNSCC26_P24_D11_S335_comb	Tumor/Malignant
HN25_P25_A03_S291_comb	CAF/Fibroblast
HN25_P5_H12_S96_comb	Unknown
HN26_P25_A05_S101_comb	Tumor/Malignant
HN26_P14_F03_S255_comb	Tumor/Malignant
HN25_P5_E08_S56_comb	CAF/Fibroblast
HN28_P15_D02_S326_comb	CAF/Fibroblast
HN25_P5_D08_S44_comb	Tumor/Malignant
HN25_P25_F11_S359_comb	CAF/Fibroblast
HN25_P23_E05_S245_comb	CAF/Fibroblast
HN28_P15_G03_S363_comb	Tumor/Malignant
HN26_P26_G04_S364_comb	Tumor/Malignant
HN28_P6_H09_S189_comb	Tumor/Malignant
HNSCC26_P24_D04_S328_comb	Tumor/Malignant
HN25_P25_C08_S320_comb	CAF/Fibroblast
HN26_P5_A06_S6_comb	Tumor/Malignant
HN28_P15_C12_S324_comb	CAF/Fibroblast
HNSCC26_P12_H10_S286_comb	Tumor/Malignant
HN28_P15_D05_S329_comb	Tumor/Malignant
HN25_P5_A06_S6_comb	Tumor/Malignant
HN26_P14_C09_S225_comb	CAF/Fibroblast
HN25_P5_H02_S86_comb	CAF/Fibroblast
HN25_P5_A12_S12_comb	CAF/Fibroblast
HN26_P14_G04_S268_comb	CAF/Fibroblast
HN26_P6_E01_S49_comb	CAF/Fibroblast
HN26_P14_D04_S232_comb	Tumor/Malignant
HN26_P26_F04_S352_comb	Tumor/Malignant
HN25_P23_F04_S256_comb	CAF/Fibroblast
HN28_P6_A03_S99_comb	CAF/Fibroblast
HNSCC26_P24_H06_S378_comb	Tumor/Malignant
HNSCC26_P24_A05_S293_comb	Tumor/Malignant
HN26_P14_E12_S252_comb	Tumor/Malignant
HN26_P26_B01_S301_comb	Tumor/Malignant
HNSCC26_P24_E01_S337_comb	Tumor/Malignant
HNSCC26_P12_D04_S232_comb	Tumor/Malignant
HN25_P23_C05_S221_comb	CAF/Fibroblast
HNSCC26_P24_B02_S302_comb	Tumor/Malignant
HN28_P6_D10_S142_comb	CAF/Fibroblast
HN26_P26_B09_S309_comb	Tumor/Malignant
HNSCC26_P12_D10_S238_comb	Tumor/Malignant
HN25_P23_H04_S280_comb	Tumor/Malignant
HN28_P6_F01_S157_comb	CAF/Fibroblast
HN26_P5_G02_S74_comb	CAF/Fibroblast
HN25_P23_H10_S286_comb	CAF/Fibroblast
HN28_P6_B12_S120_comb	CAF/Fibroblast
HN26_P13_F12_S168_comb	Tumor/Malignant
HN25_P25_C03_S315_comb	Tumor/Malignant
HN28_P15_E11_S347_comb	B/Plasma
HN26_P25_B05_S113_comb	Tumor/Malignant
HN28_P15_B03_S303_comb	B/Plasma
HN25_P24_G05_S173_comb	Tumor/Malignant
HN26_P14_D03_S231_comb	CAF/Fibroblast
HN26_P25_C07_S127_comb	Tumor/Malignant
HN25_P5_E04_S52_comb	CAF/Fibroblast
HN28_P6_B11_S119_comb	CAF/Fibroblast
HN26_P6_G04_S76_comb	T/NK
HN26_P14_A05_S197_comb	CAF/Fibroblast
HN26_P25_B10_S118_comb	Tumor/Malignant
HN28_P6_G09_S177_comb	CAF/Fibroblast
HN26_P5_E03_S51_comb	CAF/Fibroblast
HN28_P15_D03_S327_comb	B/Plasma
HN25_P5_E07_S55_comb	Tumor/Malignant
HN28_P15_F09_S357_comb	Tumor/Malignant
HN26_P14_F10_S262_comb	Tumor/Malignant
HN26_P6_C01_S25_comb	CAF/Fibroblast
HN25_P24_E10_S154_comb	Tumor/Malignant
HN28_P15_E01_S337_comb	Tumor/Malignant
HN26_P25_A08_S104_comb	Tumor/Malignant
HN25_P25_E02_S338_comb	CAF/Fibroblast
HN26_P26_F02_S350_comb	Tumor/Malignant
HNSCC26_P12_A07_S199_comb	Tumor/Malignant
HN26_P5_G12_S84_comb	CAF/Fibroblast
HN26_P26_C10_S322_comb	CAF/Fibroblast
HN25_P24_F08_S164_comb	CAF/Fibroblast
HN26_P5_H10_S94_comb	Tumor/Malignant
HN28_P15_H09_S381_comb	CAF/Fibroblast
HN28_P15_G12_S372_comb	Tumor/Malignant
HN26_P26_B04_S304_comb	CAF/Fibroblast
HN25_P24_G07_S175_comb	Tumor/Malignant
HN26_P25_F10_S166_comb	Tumor/Malignant
HN25_P23_C04_S220_comb	CAF/Fibroblast
HN25_P23_H08_S284_comb	CAF/Fibroblast
HN26_P13_E12_S156_comb	Tumor/Malignant
HN28_P6_B02_S110_comb	Unknown
HN25_P5_C07_S31_comb	Tumor/Malignant
HN25_P24_B04_S112_comb	Tumor/Malignant
HN26_P6_H05_S89_comb	CAF/Fibroblast
HN25_P5_H08_S92_comb	CAF/Fibroblast
HN26_P14_G10_S274_comb	Tumor/Malignant
HN25_P24_B06_S114_comb	CAF/Fibroblast
HN25_P23_G01_S265_comb	Tumor/Malignant
HN28_P6_H02_S182_comb	CAF/Fibroblast
HNSCC26_P24_A07_S295_comb	Tumor/Malignant
HN26_P14_B03_S207_comb	Tumor/Malignant
HN28_P6_F07_S163_comb	CAF/Fibroblast
HN25_P5_G03_S75_comb	Tumor/Malignant
HN26_P13_A11_S107_comb	CAF/Fibroblast
HN25_P23_E06_S246_comb	Tumor/Malignant
HN28_P15_A04_S292_comb	CAF/Fibroblast
HN25_P5_B10_S22_comb	Tumor/Malignant
HN28_P15_H05_S377_comb	CAF/Fibroblast
HN25_P5_C02_S26_comb	Tumor/Malignant
HN25_P23_D02_S230_comb	CAF/Fibroblast
HN25_P24_G01_S169_comb	Tumor/Malignant
HN28_P15_C06_S318_comb	CAF/Fibroblast
HN28_P15_H03_S375_comb	CAF/Fibroblast
HN28_P6_H11_S191_comb	CAF/Fibroblast
HN28_P6_C05_S125_comb	CAF/Fibroblast
HN26_P14_D07_S235_comb	CAF/Fibroblast
HN26_P5_D11_S47_comb	Unknown
HNSCC26_P12_B06_S210_comb	Tumor/Malignant
HN28_P6_H01_S181_comb	CAF/Fibroblast
HN26_P14_A12_S204_comb	CAF/Fibroblast
HN25_P5_F08_S68_comb	CAF/Fibroblast
HN25_P24_G08_S176_comb	Tumor/Malignant
HN25_P5_A08_S8_comb	CAF/Fibroblast
HNSCC26_P12_C11_S227_comb	Unknown
HN28_P15_E08_S344_comb	Tumor/Malignant
HNSCC26_P24_G10_S370_comb	CAF/Fibroblast
HN25_P25_D07_S331_comb	CAF/Fibroblast
HN26_P14_E09_S249_comb	CAF/Fibroblast
HN28_P15_H01_S373_comb	Endothelial
HN26_P6_C06_S30_comb	Tumor/Malignant
HN26_P5_C11_S35_comb	CAF/Fibroblast
HN26_P14_H08_S284_comb	CAF/Fibroblast
HN26_P25_D05_S137_comb	Tumor/Malignant
HNSCC26_P12_E01_S241_comb	CAF/Fibroblast
HNSCC26_P24_C12_S324_comb	CAF/Fibroblast
HN25_P23_F08_S260_comb	Tumor/Malignant
HN28_P15_H07_S379_comb	CAF/Fibroblast
HN25_P5_H03_S87_comb	CAF/Fibroblast
HN25_P25_G11_S371_comb	Tumor/Malignant
HN25_P23_F07_S259_comb	B/Plasma
HNSCC26_P12_B01_S205_comb	Tumor/Malignant
HN25_P23_D04_S232_comb	CAF/Fibroblast
HN25_P25_E12_S348_comb	CAF/Fibroblast
HN26_P25_F02_S158_comb	Tumor/Malignant
HN28_P15_F08_S356_comb	CAF/Fibroblast
HN25_P5_D09_S45_comb	Tumor/Malignant
HN25_P24_D02_S134_comb	CAF/Fibroblast
HN25_P25_E09_S345_comb	Myeloid
HN28_P6_F03_S159_comb	CAF/Fibroblast
HN25_P25_C09_S321_comb	CAF/Fibroblast
HN28_P6_D05_S137_comb	CAF/Fibroblast
HNSCC26_P24_G09_S369_comb	Tumor/Malignant
HN25_P25_B07_S307_comb	CAF/Fibroblast
HN26_P13_E05_S149_comb	Tumor/Malignant
HN26_P14_D01_S229_comb	CAF/Fibroblast
HN26_P5_D02_S38_comb	CAF/Fibroblast
HN25_P23_D01_S229_comb	Tumor/Malignant
HN26_P6_E02_S50_comb	CAF/Fibroblast
HN26_P26_G10_S370_comb	Myeloid
HN26_P13_F11_S167_comb	Tumor/Malignant
HN26_P25_A12_S108_comb	Tumor/Malignant
HN28_P15_D08_S332_comb	Tumor/Malignant
HN26_P6_E09_S57_comb	Unknown
HN28_P6_D11_S143_comb	CAF/Fibroblast
HNSCC26_P24_D06_S330_comb	Tumor/Malignant
HN25_P24_A04_S100_comb	CAF/Fibroblast
HN25_P24_E01_S145_comb	Tumor/Malignant
HN28_P15_B09_S309_comb	CAF/Fibroblast
HNSCC26_P24_G01_S361_comb	Tumor/Malignant
HN25_P5_H11_S95_comb	Other/Stromal
HN25_P24_A01_S97_comb	CAF/Fibroblast
HN26_P6_B09_S21_comb	T/NK
HN26_P26_A10_S298_comb	Tumor/Malignant
HN28_P6_A05_S101_comb	CAF/Fibroblast
HN26_P14_E01_S241_comb	CAF/Fibroblast
HN28_P6_A04_S100_comb	CAF/Fibroblast
HN25_P5_H05_S89_comb	CAF/Fibroblast
HN25_P23_D03_S231_comb	Myeloid
HN28_P6_B04_S112_comb	CAF/Fibroblast
HN26_P13_E01_S145_comb	Tumor/Malignant
HNSCC26_P12_D01_S229_comb	CAF/Fibroblast
HN26_P25_E04_S148_comb	Tumor/Malignant
HN26_P14_A04_S196_comb	Tumor/Malignant
HNSCC26_P24_A01_S289_comb	Unknown
HN28_P15_C02_S314_comb	Tumor/Malignant
HN25_P23_E02_S242_comb	CAF/Fibroblast
HN26_P13_E09_S153_comb	CAF/Fibroblast
HN25_P24_A12_S108_comb	CAF/Fibroblast
HN25_P25_H09_S381_comb	Unknown
HN25_P5_A10_S10_comb	CAF/Fibroblast
HNSCC26_P12_D08_S236_comb	Tumor/Malignant
HN25_P24_F01_S157_comb	Tumor/Malignant
HN26_P5_D01_S37_comb	Tumor/Malignant
HN26_P6_A04_S4_comb	Tumor/Malignant
HNSCC26_P24_E04_S340_comb	CAF/Fibroblast
HN26_P26_B07_S307_comb	Tumor/Malignant
HN28_P15_F06_S354_comb	Tumor/Malignant
HN25_P5_E01_S49_comb	Tumor/Malignant
HN28_P6_B06_S114_comb	CAF/Fibroblast
HNSCC26_P24_H07_S379_comb	Tumor/Malignant
HN26_P26_G01_S361_comb	Tumor/Malignant
HN26_P26_A12_S300_comb	Tumor/Malignant
HN26_P14_C12_S228_comb	Tumor/Malignant
HN26_P5_C03_S27_comb	CAF/Fibroblast
HN28_P6_D07_S139_comb	CAF/Fibroblast
HN26_P25_G06_S174_comb	CAF/Fibroblast
HN25_P5_B02_S14_comb	CAF/Fibroblast
HN25_P25_A10_S298_comb	CAF/Fibroblast
HN25_P25_A06_S294_comb	CAF/Fibroblast
HN26_P5_D06_S42_comb	Tumor/Malignant
HNSCC26_P12_E08_S248_comb	Myeloid
HN28_P15_A11_S299_comb	CAF/Fibroblast
HN28_P6_F04_S160_comb	CAF/Fibroblast
HN28_P6_E07_S151_comb	CAF/Fibroblast
HN26_P5_C12_S36_comb	Myeloid
HN28_P15_B04_S304_comb	Tumor/Malignant
HN26_P6_H10_S94_comb	Tumor/Malignant
HN26_P26_C05_S317_comb	Tumor/Malignant
HN28_P6_E04_S148_comb	CAF/Fibroblast
HN25_P25_G02_S362_comb	Tumor/Malignant
HN25_P5_H01_S85_comb	CAF/Fibroblast
HN25_P24_F12_S168_comb	Tumor/Malignant
HN26_P25_H08_S188_comb	Tumor/Malignant
HN28_P15_C04_S316_comb	CAF/Fibroblast
HN26_P5_F12_S72_comb	CAF/Fibroblast
HN26_P25_H06_S186_comb	Tumor/Malignant
HNSCC26_P12_D02_S230_comb	CAF/Fibroblast
HN28_P6_F08_S164_comb	CAF/Fibroblast
HN25_P24_B07_S115_comb	Tumor/Malignant
HN28_P15_B11_S311_comb	CAF/Fibroblast
HN26_P25_H05_S185_comb	Tumor/Malignant
HN28_P6_F11_S167_comb	CAF/Fibroblast
HNSCC26_P24_E12_S348_comb	Tumor/Malignant
HN26_P6_G01_S73_comb	Tumor/Malignant
HN28_P6_F10_S166_comb	CAF/Fibroblast
HN25_P24_A05_S101_comb	CAF/Fibroblast
HN25_P25_B05_S305_comb	Tumor/Malignant
HN25_P5_G04_S76_comb	T/NK
HN26_P13_G08_S176_comb	Unknown
HN26_P25_D08_S140_comb	Tumor/Malignant
HN25_P5_C11_S35_comb	Myeloid
HN25_P5_E03_S51_comb	T/NK
HN28_P15_G11_S371_comb	CAF/Fibroblast
HN25_P23_B08_S212_comb	CAF/Fibroblast
HN25_P5_F02_S62_comb	CAF/Fibroblast
HN25_P5_C10_S34_comb	CAF/Fibroblast
HN26_P13_G01_S169_comb	Tumor/Malignant
HN26_P6_F09_S69_comb	CAF/Fibroblast
HN25_P24_B01_S109_comb	Tumor/Malignant
HN25_P25_A08_S296_comb	CAF/Fibroblast
HN26_P26_D07_S331_comb	Tumor/Malignant
HNSCC26_P24_G06_S366_comb	Tumor/Malignant
HNSCC26_P12_F06_S258_comb	Tumor/Malignant
HN25_P5_F11_S71_comb	Tumor/Malignant
HN25_P23_A02_S194_comb	CAF/Fibroblast
HN26_P26_H03_S375_comb	Tumor/Malignant
HN26_P26_B05_S305_comb	T/NK
HN25_P5_H07_S91_comb	CAF/Fibroblast
HN26_P6_H04_S88_comb	Tumor/Malignant
HN26_P13_D11_S143_comb	Tumor/Malignant
HN26_P26_B02_S302_comb	Tumor/Malignant
HN25_P23_F01_S253_comb	CAF/Fibroblast
HN28_P15_A08_S296_comb	CAF/Fibroblast
HN25_P24_A02_S98_comb	Tumor/Malignant
HN25_P5_G08_S80_comb	CAF/Fibroblast
HN26_P25_G04_S172_comb	Tumor/Malignant
HN25_P23_D12_S240_comb	CAF/Fibroblast
HN26_P6_A05_S5_comb	Tumor/Malignant
HN28_P15_H04_S376_comb	B/Plasma
HN26_P26_C09_S321_comb	Myeloid
HN25_P5_F06_S66_comb	Myeloid
HN28_P6_C10_S130_comb	CAF/Fibroblast
HN25_P25_A11_S299_comb	CAF/Fibroblast
HN25_P5_B09_S21_comb	Tumor/Malignant
HN26_P5_G08_S80_comb	CAF/Fibroblast
HN28_P15_D09_S333_comb	Tumor/Malignant
HN26_P25_E12_S156_comb	CAF/Fibroblast
HN26_P6_H11_S95_comb	CAF/Fibroblast
HN25_P5_B08_S20_comb	Myeloid
HN26_P13_A08_S104_comb	Tumor/Malignant
HN28_P6_D04_S136_comb	CAF/Fibroblast
HN26_P5_F03_S63_comb	CAF/Fibroblast
HN26_P25_B07_S115_comb	Tumor/Malignant
HNSCC26_P12_G07_S271_comb	Tumor/Malignant
HN28_P6_D02_S134_comb	CAF/Fibroblast
HN28_P15_G05_S365_comb	B/Plasma
HN25_P5_G09_S81_comb	CAF/Fibroblast
HN25_P23_E09_S249_comb	CAF/Fibroblast
HN25_P5_C03_S27_comb	Myeloid
HN28_P15_B02_S302_comb	Tumor/Malignant
HN26_P6_E03_S51_comb	Tumor/Malignant
HNSCC26_P12_D06_S234_comb	CAF/Fibroblast
HN25_P25_E08_S344_comb	Tumor/Malignant
HN25_P5_D02_S38_comb	CAF/Fibroblast
HN28_P15_D10_S334_comb	Tumor/Malignant
HN26_P5_E01_S49_comb	CAF/Fibroblast
HN26_P6_B01_S13_comb	CAF/Fibroblast
HN28_P15_G02_S362_comb	B/Plasma
HN26_P5_C07_S31_comb	CAF/Fibroblast
HNSCC26_P24_F07_S355_comb	Tumor/Malignant
HNSCC26_P24_D07_S331_comb	Tumor/Malignant
HN26_P6_A09_S9_comb	Tumor/Malignant
HN28_P6_F06_S162_comb	CAF/Fibroblast
HN28_P6_A10_S106_comb	CAF/Fibroblast
HNSCC26_P24_A06_S294_comb	T/NK
HN26_P14_G11_S275_comb	CAF/Fibroblast
HN25_P24_H12_S192_comb	Myeloid
HNSCC26_P12_F07_S259_comb	CAF/Fibroblast
HN25_P5_G05_S77_comb	Tumor/Malignant
HN26_P26_G09_S369_comb	Tumor/Malignant
HN26_P5_B04_S16_comb	CAF/Fibroblast
HN28_P6_A08_S104_comb	CAF/Fibroblast
HN28_P6_B10_S118_comb	CAF/Fibroblast
HN26_P14_C03_S219_comb	CAF/Fibroblast
HNSCC26_P24_F05_S353_comb	Tumor/Malignant
HN28_P15_A03_S291_comb	Tumor/Malignant
HNSCC26_P24_C02_S314_comb	Tumor/Malignant
HN26_P6_F02_S62_comb	Tumor/Malignant
HN26_P6_G07_S79_comb	Tumor/Malignant
HN28_P15_H02_S374_comb	CAF/Fibroblast
HN25_P23_B06_S210_comb	CAF/Fibroblast
HNSCC26_P12_C02_S218_comb	Tumor/Malignant
HNSCC26_P24_A04_S292_comb	Tumor/Malignant
HN28_P15_H06_S378_comb	Tumor/Malignant
HN26_P26_H11_S383_comb	Tumor/Malignant
HN28_P5_D11_S239_comb	CAF/Fibroblast
HN28_P14_E02_S146_comb	CAF/Fibroblast
HN28_P3P4_A07_S7_comb	CAF/Fibroblast
HN28_P3P4_F08_S68_comb	CAF/Fibroblast
HN28_P14_D07_S139_comb	Tumor/Malignant
HN28_P3P4_D07_S43_comb	Tumor/Malignant
HN23_P11_D10_S46_comb	T/NK
HN23_P11_B04_S16_comb	T/NK
HN28_P3P4_A12_S12_comb	CAF/Fibroblast
HN28_P3P4_A03_S3_comb	Other/Stromal
HN28_P14_G09_S177_comb	Tumor/Malignant
HN28_P3P4_H08_S92_comb	CAF/Fibroblast
HN28_P3P4_A08_S8_comb	CAF/Fibroblast
HN28_P5_A11_S203_comb	Endothelial
HN28_P3P4_F02_S62_comb	CAF/Fibroblast
HN28_P5_G10_S274_comb	CAF/Fibroblast
HN28_P14_H04_S184_comb	B/Plasma
HN28_P3P4_G12_S84_comb	CAF/Fibroblast
HN28_P14_G04_S172_comb	Tumor/Malignant
HN28_P5_A05_S197_comb	CAF/Fibroblast
HN23_P11_A04_S4_comb	T/NK
HN28_P5_G05_S269_comb	Tumor/Malignant
HN28_P3P4_H07_S91_comb	CAF/Fibroblast
HN28_P5_G12_S276_comb	CAF/Fibroblast
HN28_P3P4_H01_S85_comb	Tumor/Malignant
HN23_P11_B07_S19_comb	T/NK
HN28_P5_B03_S207_comb	CAF/Fibroblast
HN23_P11_C01_S25_comb	T/NK
HN23_P11_C09_S33_comb	T/NK
HN28_P5_E07_S247_comb	Tumor/Malignant
HN28_P3P4_F06_S66_comb	Unknown
HN28_P3P4_E08_S56_comb	CAF/Fibroblast
HN28_P5_F08_S260_comb	CAF/Fibroblast
HN28_P3P4_E05_S53_comb	CAF/Fibroblast
HN28_P3P4_D11_S47_comb	Unknown
HN28_P5_F02_S254_comb	CAF/Fibroblast
HN23_P11_H03_S87_comb	T/NK
HN23_P11_E09_S57_comb	T/NK
HN23_P11_C07_S31_comb	T/NK
HN28_P3P4_C11_S35_comb	CAF/Fibroblast
HN28_P3P4_G05_S77_comb	CAF/Fibroblast
HN28_P14_F03_S159_comb	CAF/Fibroblast
HN28_P3P4_H10_S94_comb	CAF/Fibroblast
HN28_P14_C04_S124_comb	CAF/Fibroblast
HN28_P14_E09_S153_comb	CAF/Fibroblast
HN28_P5_H08_S284_comb	CAF/Fibroblast
HN28_P3P4_E06_S54_comb	CAF/Fibroblast
HN28_P3P4_C04_S28_comb	CAF/Fibroblast
HN23_P11_B10_S22_comb	T/NK
HN28_P14_E03_S147_comb	CAF/Fibroblast
HN28_P14_B05_S113_comb	B/Plasma
HN28_P5_G04_S268_comb	CAF/Fibroblast
HN28_P5_H11_S287_comb	CAF/Fibroblast
HN28_P3P4_B04_S16_comb	CAF/Fibroblast
HN23_P11_G07_S79_comb	T/NK
HN28_P5_E09_S249_comb	CAF/Fibroblast
HN28_P3P4_F03_S63_comb	CAF/Fibroblast
HN28_P3P4_G03_S75_comb	Endothelial
HN28_P5_B02_S206_comb	Tumor/Malignant
HN28_P3P4_D12_S48_comb	CAF/Fibroblast
HN28_P3P4_B02_S14_comb	CAF/Fibroblast
HN23_P11_G12_S84_comb	T/NK
HN28_P5_A07_S199_comb	Unknown
HN28_P14_A06_S102_comb	Tumor/Malignant
HN28_P3P4_E03_S51_comb	CAF/Fibroblast
HN28_P14_D05_S137_comb	CAF/Fibroblast
HN28_P14_G02_S170_comb	Tumor/Malignant
HN28_P5_H07_S283_comb	CAF/Fibroblast
HN28_P3P4_D09_S45_comb	Tumor/Malignant
HN28_P14_E06_S150_comb	Endothelial
HN28_P3P4_B06_S18_comb	CAF/Fibroblast
HN28_P5_D07_S235_comb	CAF/Fibroblast
HN28_P3P4_G02_S74_comb	CAF/Fibroblast
HN28_P5_G07_S271_comb	CAF/Fibroblast
HN23_P11_B08_S20_comb	T/NK
HN28_P14_C01_S121_comb	B/Plasma
HN28_P3P4_H12_S96_comb	CAF/Fibroblast
HN23_P11_A12_S12_comb	T/NK
HN23_P11_G05_S77_comb	T/NK
HN28_P14_B08_S116_comb	B/Plasma
HN28_P3P4_F05_S65_comb	CAF/Fibroblast
HN28_P14_C07_S127_comb	Tumor/Malignant
HN28_P3P4_E02_S50_comb	Other/Stromal
HN28_P14_C09_S129_comb	Endothelial
HN28_P14_B04_S112_comb	B/Plasma
HN23_P11_B05_S17_comb	T/NK
HN28_P5_C08_S224_comb	CAF/Fibroblast
HN28_P14_F07_S163_comb	CAF/Fibroblast
HN28_P5_F06_S258_comb	CAF/Fibroblast
HN28_P14_C05_S125_comb	CAF/Fibroblast
HN28_P5_D04_S232_comb	CAF/Fibroblast
HN28_P14_A08_S104_comb	Myeloid
HN23_P11_G09_S81_comb	T/NK
HN28_P5_D02_S230_comb	CAF/Fibroblast
HN23_P11_G08_S80_comb	T/NK
HN28_P14_C06_S126_comb	Tumor/Malignant
HN28_P14_A10_S106_comb	Tumor/Malignant
HN28_P5_H04_S280_comb	CAF/Fibroblast
HN28_P14_A09_S105_comb	CAF/Fibroblast
HN28_P5_G01_S265_comb	CAF/Fibroblast
HN28_P5_C09_S225_comb	CAF/Fibroblast
HN28_P14_B07_S115_comb	Tumor/Malignant
HN28_P3P4_G04_S76_comb	CAF/Fibroblast
HN23_P11_H12_S96_comb	T/NK
HN28_P3P4_A01_S1_comb	CAF/Fibroblast
HN28_P3P4_H05_S89_comb	CAF/Fibroblast
HN28_P5_E10_S250_comb	CAF/Fibroblast
HN28_P14_A07_S103_comb	Tumor/Malignant
HN28_P5_A09_S201_comb	Tumor/Malignant
HN28_P14_F11_S167_comb	Tumor/Malignant
HN23_P11_A08_S8_comb	T/NK
HN28_P14_B10_S118_comb	CAF/Fibroblast
HN28_P3P4_C12_S36_comb	CAF/Fibroblast
HN28_P14_E08_S152_comb	Tumor/Malignant
HN28_P14_C10_S130_comb	Tumor/Malignant
HN28_P3P4_H09_S93_comb	CAF/Fibroblast
HN28_P14_A02_S98_comb	Endothelial
HN28_P14_A03_S99_comb	CAF/Fibroblast
HN23_P11_E01_S49_comb	T/NK
HN28_P14_D08_S140_comb	CAF/Fibroblast
HN28_P3P4_B01_S13_comb	CAF/Fibroblast
HN28_P3P4_H06_S90_comb	CAF/Fibroblast
HN23_P11_B01_S13_comb	T/NK
HN28_P3P4_B10_S22_comb	Other/Stromal
HN28_P3P4_F10_S70_comb	CAF/Fibroblast
HN28_P3P4_A06_S6_comb	Tumor/Malignant
HN23_P11_F01_S61_comb	T/NK
HN28_P5_E04_S244_comb	CAF/Fibroblast
HN28_P5_B04_S208_comb	CAF/Fibroblast
HN23_P11_E08_S56_comb	T/NK
HN28_P5_B05_S209_comb	CAF/Fibroblast
HN28_P5_F03_S255_comb	CAF/Fibroblast
HN28_P5_H02_S278_comb	Tumor/Malignant
HN23_P11_D09_S45_comb	T/NK
HN23_P11_D04_S40_comb	T/NK
HN28_P3P4_B12_S24_comb	Tumor/Malignant
HN28_P3P4_G06_S78_comb	CAF/Fibroblast
HN28_P3P4_B08_S20_comb	CAF/Fibroblast
HN28_P3P4_B11_S23_comb	Endothelial
HN23_P11_E04_S52_comb	T/NK
HN28_P5_H03_S279_comb	CAF/Fibroblast
HN23_P11_F09_S69_comb	T/NK
HN28_P14_G12_S180_comb	CAF/Fibroblast
HN28_P3P4_E07_S55_comb	CAF/Fibroblast
HN28_P14_C02_S122_comb	CAF/Fibroblast
HN28_P3P4_H02_S86_comb	CAF/Fibroblast
HN28_P3P4_E04_S52_comb	CAF/Fibroblast
HN28_P3P4_D08_S44_comb	CAF/Fibroblast
HN28_P3P4_D04_S40_comb	CAF/Fibroblast
HN28_P5_H09_S285_comb	CAF/Fibroblast
HN23_P11_C04_S28_comb	T/NK
HN28_P5_C10_S226_comb	CAF/Fibroblast
HN28_P5_B11_S215_comb	CAF/Fibroblast
HN28_P14_D12_S144_comb	Tumor/Malignant
HN23_P11_H04_S88_comb	T/NK
HN28_P3P4_H11_S95_comb	CAF/Fibroblast
HN28_P3P4_E09_S57_comb	CAF/Fibroblast
HN28_P14_D09_S141_comb	CAF/Fibroblast
HN28_P5_B10_S214_comb	CAF/Fibroblast
HN28_P3P4_D06_S42_comb	CAF/Fibroblast
HN28_P5_E05_S245_comb	CAF/Fibroblast
HN28_P14_A04_S100_comb	B/Plasma
HN28_P3P4_B09_S21_comb	CAF/Fibroblast
HN28_P3P4_A02_S2_comb	Myeloid
HN28_P5_H10_S286_comb	CAF/Fibroblast
HN28_P3P4_D02_S38_comb	CAF/Fibroblast
HN28_P3P4_G01_S73_comb	CAF/Fibroblast
HN28_P3P4_H04_S88_comb	Tumor/Malignant
HN28_P5_F04_S256_comb	CAF/Fibroblast
HN28_P5_C04_S220_comb	Tumor/Malignant
HN23_P11_H11_S95_comb	T/NK
HN28_P14_G10_S178_comb	CAF/Fibroblast
HN28_P5_G09_S273_comb	CAF/Fibroblast
HN23_P11_E10_S58_comb	T/NK
HN28_P3P4_F12_S72_comb	CAF/Fibroblast
HN28_P3P4_B07_S19_comb	CAF/Fibroblast
HN23_P11_B12_S24_comb	T/NK
HN28_P3P4_C06_S30_comb	CAF/Fibroblast
HN28_P5_C07_S223_comb	CAF/Fibroblast
HN28_P3P4_E10_S58_comb	CAF/Fibroblast
HN28_P14_D10_S142_comb	B/Plasma
HN28_P14_H02_S182_comb	Tumor/Malignant
HN28_P3P4_D01_S37_comb	Tumor/Malignant
HN28_P5_A01_S193_comb	CAF/Fibroblast
HN23_P11_E11_S59_comb	T/NK
HN23_P11_E07_S55_comb	T/NK
HN23_P11_G06_S78_comb	T/NK
HN23_P11_D11_S47_comb	T/NK
HN28_P5_F11_S263_comb	Tumor/Malignant
HN28_P14_H07_S187_comb	CAF/Fibroblast
HN28_P3P4_F04_S64_comb	CAF/Fibroblast
HN28_P5_E02_S242_comb	CAF/Fibroblast
HN28_P14_G08_S176_comb	Tumor/Malignant
HN28_P5_A10_S202_comb	CAF/Fibroblast
HN23_P11_G11_S83_comb	T/NK
HN28_P3P4_G11_S83_comb	CAF/Fibroblast
HN23_P11_E12_S60_comb	T/NK
HN28_P3P4_A05_S5_comb	CAF/Fibroblast
HN28_P5_H06_S282_comb	CAF/Fibroblast
HN23_P11_F03_S63_comb	T/NK
HN28_P5_H01_S277_comb	Tumor/Malignant
HN28_P5_F12_S264_comb	Tumor/Malignant
HN28_P3P4_C08_S32_comb	CAF/Fibroblast
HN28_P3P4_D10_S46_comb	Other/Stromal
HN28_P3P4_C01_S25_comb	CAF/Fibroblast
HN28_P14_G11_S179_comb	CAF/Fibroblast
HN23_P11_C03_S27_comb	T/NK
HN28_P5_B09_S213_comb	Tumor/Malignant
HN28_P5_C05_S221_comb	Tumor/Malignant
HN28_P5_F07_S259_comb	CAF/Fibroblast
HN28_P14_D06_S138_comb	CAF/Fibroblast
HN28_P3P4_F09_S69_comb	CAF/Fibroblast
HN23_P11_A09_S9_comb	T/NK
HN28_P14_E07_S151_comb	CAF/Fibroblast
HN28_P14_B11_S119_comb	CAF/Fibroblast
HN23_P11_D07_S43_comb	T/NK
HN28_P14_F10_S166_comb	CAF/Fibroblast
HN28_P5_B08_S212_comb	Tumor/Malignant
HN28_P14_E10_S154_comb	CAF/Fibroblast
HN28_P5_C01_S217_comb	Other/Stromal
HN28_P3P4_A11_S11_comb	CAF/Fibroblast
HN28_P3P4_C10_S34_comb	CAF/Fibroblast
HN28_P5_D01_S229_comb	CAF/Fibroblast
HN28_P3P4_E12_S60_comb	Other/Stromal
HN28_P3P4_F01_S61_comb	CAF/Fibroblast
HN28_P3P4_A09_S9_comb	Tumor/Malignant
HN28_P14_D02_S134_comb	CAF/Fibroblast
HN23_P11_E03_S51_comb	T/NK
HN28_P3P4_B05_S17_comb	CAF/Fibroblast
HN28_P5_A08_S200_comb	CAF/Fibroblast
HN28_P14_E01_S145_comb	CAF/Fibroblast
HN28_P14_G01_S169_comb	Unknown
HN28_P5_H05_S281_comb	CAF/Fibroblast
HN28_P3P4_A04_S4_comb	CAF/Fibroblast
HN28_P3P4_G07_S79_comb	CAF/Fibroblast
HN28_P5_E06_S246_comb	CAF/Fibroblast
HN28_P14_G05_S173_comb	Tumor/Malignant
HN23_P11_G10_S82_comb	T/NK
HN28_P3P4_C09_S33_comb	CAF/Fibroblast
HN28_P3P4_F07_S67_comb	Endothelial
HN28_P5_G08_S272_comb	Tumor/Malignant
HN28_P14_F01_S157_comb	Tumor/Malignant
HN28_P3P4_G08_S80_comb	CAF/Fibroblast
HN23_P11_H10_S94_comb	T/NK
HN28_P3P4_H03_S87_comb	CAF/Fibroblast
HN28_P14_B12_S120_comb	CAF/Fibroblast
HN28_P5_A12_S204_comb	CAF/Fibroblast
HN28_P14_F02_S158_comb	Tumor/Malignant
HN28_P14_B09_S117_comb	CAF/Fibroblast
HN28_P3P4_A10_S10_comb	CAF/Fibroblast
HN28_P5_D05_S233_comb	Tumor/Malignant
HN28_P5_D06_S234_comb	CAF/Fibroblast
HN23_P11_A07_S7_comb	T/NK
HN28_P14_G06_S174_comb	Tumor/Malignant
HN28_P14_H12_S192_comb	Tumor/Malignant
HN23_P11_G02_S74_comb	T/NK
HN28_P3P4_C03_S27_comb	CAF/Fibroblast
HN23_P11_D03_S39_comb	T/NK
HN28_P14_B03_S111_comb	CAF/Fibroblast
HN23_P11_B06_S18_comb	T/NK
HN28_P3P4_C02_S26_comb	CAF/Fibroblast
HN23_P11_B11_S23_comb	T/NK
HN28_P5_A04_S196_comb	Tumor/Malignant
HN28_P5_E03_S243_comb	CAF/Fibroblast
HN28_P5_A03_S195_comb	CAF/Fibroblast
HN28_P5_D12_S240_comb	CAF/Fibroblast
HN28_P14_E11_S155_comb	CAF/Fibroblast
HN28_P14_C12_S132_comb	Myeloid
HN28_P3P4_B03_S15_comb	Endothelial
HN28_P14_A05_S101_comb	Tumor/Malignant
HN28_P14_F04_S160_comb	CAF/Fibroblast
HN28_P3P4_D03_S39_comb	CAF/Fibroblast
HN28_P5_G02_S266_comb	CAF/Fibroblast
HN28_P3P4_C05_S29_comb	CAF/Fibroblast
HN28_P5_C02_S218_comb	CAF/Fibroblast
HN28_P3P4_C07_S31_comb	CAF/Fibroblast
HN28_P5_E11_S251_comb	CAF/Fibroblast
HN28_P3P4_F11_S71_comb	CAF/Fibroblast
HN28_P5_F10_S262_comb	Tumor/Malignant
HN25_P13P30_G05_S269_comb	T/NK
HN25_P13P30_C07_S223_comb	T/NK
HN25_P13P30_G03_S267_comb	T/NK
HN25_P13P30_F09_S261_comb	T/NK
HN25_P13P30_C05_S221_comb	T/NK
HN25_P13P30_C03_S219_comb	T/NK
HN25_P13P30_D11_S239_comb	T/NK
HN25_P13P30_A10_S202_comb	T/NK
HN25_P13P30_D03_S231_comb	T/NK
HN25_P13P30_C11_S227_comb	T/NK
HN25_P13P30_A05_S197_comb	T/NK
HN25_P13P30_D06_S234_comb	T/NK
HN25_P13P30_E05_S245_comb	T/NK
HN25_P13P30_C06_S222_comb	T/NK
HN25_P13P30_A08_S200_comb	T/NK
HN25_P13P30_B09_S213_comb	T/NK
HN25_P13P30_A03_S195_comb	T/NK
HN25_P13P30_B10_S214_comb	T/NK
HN25_P13P30_B03_S207_comb	T/NK
HN25_P13P30_C10_S226_comb	T/NK
HN25_P13P30_F12_S264_comb	T/NK
HN25_P13P30_E01_S241_comb	T/NK
HN25_P13P30_B08_S212_comb	T/NK
HN25_P13P30_B04_S208_comb	T/NK
HN25_P13P30_E07_S247_comb	T/NK
HN25_P13P30_C04_S220_comb	T/NK
HN25_P13P30_A01_S193_comb	T/NK
HN25_P13P30_A09_S201_comb	T/NK
HN25_P13P30_D10_S238_comb	T/NK
HN25_P13P30_A12_S204_comb	T/NK
HN25_P13P30_C08_S224_comb	T/NK
HN25_P13P30_B05_S209_comb	T/NK
HN25_P13P30_F07_S259_comb	T/NK
HN25_P13P30_H02_S278_comb	T/NK
HN25_P13P30_D07_S235_comb	T/NK
HN25_P13P30_F01_S253_comb	T/NK
HNSCC25_P20_B02_S302_comb	B/Plasma
HNSCC25_P20_F12_S360_comb	CAF/Fibroblast
HNSCC25_P2_C05_S29_comb	Unknown
HNSCC25_P20_E07_S343_comb	Tumor/Malignant
HNSCC25_P20_E09_S345_comb	Tumor/Malignant
HNSCC25_P2_G09_S81_comb	Tumor/Malignant
HNSCC25_P20_C01_S313_comb	Tumor/Malignant
HNSCC25_P2_H08_S92_comb	CAF/Fibroblast
HNSCC25_P2_H09_S93_comb	CAF/Fibroblast
HNSCC25_P20_C05_S317_comb	CAF/Fibroblast
HNSCC25_P2_F07_S67_comb	CAF/Fibroblast
HNSCC25_P20_D11_S335_comb	Tumor/Malignant
HNSCC25_P2_F09_S69_comb	Unknown
HNSCC25_P2_A04_S4_comb	CAF/Fibroblast
HNSCC25_P20_B08_S308_comb	B/Plasma
HNSCC25_P2_E02_S50_comb	CAF/Fibroblast
HNSCC25_P2_F05_S65_comb	CAF/Fibroblast
HNSCC25_P2_E08_S56_comb	Tumor/Malignant
HNSCC25_P2_D12_S48_comb	Tumor/Malignant
HNSCC25_P2_C06_S30_comb	Unknown
HNSCC25_P2_H01_S85_comb	CAF/Fibroblast
HNSCC25_P20_C02_S314_comb	CAF/Fibroblast
HNSCC25_P2_D11_S47_comb	Tumor/Malignant
HNSCC25_P20_G07_S367_comb	Tumor/Malignant
HNSCC25_P20_H01_S373_comb	CAF/Fibroblast
HNSCC25_P20_G01_S361_comb	CAF/Fibroblast
HNSCC25_P20_B03_S303_comb	CAF/Fibroblast
HNSCC25_P20_H02_S374_comb	B/Plasma
HNSCC25_P2_B10_S22_comb	Myeloid
HNSCC25_P2_C01_S25_comb	Tumor/Malignant
HNSCC25_P2_G02_S74_comb	Tumor/Malignant
HNSCC25_P2_E04_S52_comb	Tumor/Malignant
HNSCC25_P20_B06_S306_comb	Tumor/Malignant
HNSCC25_P2_B11_S23_comb	CAF/Fibroblast
HNSCC25_P2_D10_S46_comb	CAF/Fibroblast
HNSCC25_P20_F09_S357_comb	CAF/Fibroblast
HNSCC25_P2_F10_S70_comb	Tumor/Malignant
HNSCC25_P2_H06_S90_comb	T/NK
HNSCC25_P2_C09_S33_comb	CAF/Fibroblast
HNSCC25_P20_D03_S327_comb	CAF/Fibroblast
HNSCC25_P2_C03_S27_comb	CAF/Fibroblast
HNSCC25_P2_G01_S73_comb	Unknown
HNSCC25_P2_G12_S84_comb	CAF/Fibroblast
HNSCC25_P2_G11_S83_comb	Tumor/Malignant
HNSCC25_P2_B01_S13_comb	Tumor/Malignant
HNSCC25_P20_B05_S305_comb	CAF/Fibroblast
HNSCC25_P20_E06_S342_comb	Tumor/Malignant
HNSCC25_P20_D08_S332_comb	CAF/Fibroblast
HNSCC25_P20_A05_S293_comb	CAF/Fibroblast
HNSCC25_P20_G09_S369_comb	Tumor/Malignant
HNSCC25_P20_E02_S338_comb	Tumor/Malignant
HNSCC25_P2_D09_S45_comb	CAF/Fibroblast
HNSCC25_P20_D02_S326_comb	CAF/Fibroblast
HNSCC25_P2_E09_S57_comb	Tumor/Malignant
HNSCC25_P20_G02_S362_comb	CAF/Fibroblast
HNSCC25_P2_H07_S91_comb	Tumor/Malignant
HNSCC25_P2_G08_S80_comb	CAF/Fibroblast
HNSCC25_P2_F12_S72_comb	Tumor/Malignant
HNSCC25_P2_B06_S18_comb	Tumor/Malignant
HNSCC25_P2_F06_S66_comb	Tumor/Malignant
HNSCC25_P2_A02_S2_comb	CAF/Fibroblast
HNSCC25_P2_B12_S24_comb	CAF/Fibroblast
HNSCC25_P2_E10_S58_comb	CAF/Fibroblast
HNSCC25_P20_F06_S354_comb	B/Plasma
HNSCC25_P2_E03_S51_comb	CAF/Fibroblast
HNSCC25_P2_G05_S77_comb	CAF/Fibroblast
HNSCC25_P2_D05_S41_comb	Unknown
HNSCC25_P2_E07_S55_comb	CAF/Fibroblast
HNSCC25_P20_D09_S333_comb	Tumor/Malignant
HNSCC25_P2_F04_S64_comb	Myeloid
HNSCC25_P2_B05_S17_comb	CAF/Fibroblast
HNSCC25_P20_C11_S323_comb	CAF/Fibroblast
HNSCC25_P2_F11_S71_comb	Tumor/Malignant
HNSCC25_P2_B02_S14_comb	Tumor/Malignant
HNSCC25_P2_B03_S15_comb	CAF/Fibroblast
HNSCC25_P2_F02_S62_comb	Unknown
HNSCC25_P2_E06_S54_comb	CAF/Fibroblast
HNSCC25_P20_F04_S352_comb	Tumor/Malignant
HNSCC25_P20_H08_S380_comb	B/Plasma
HNSCC25_P2_A01_S1_comb	CAF/Fibroblast
HNSCC25_P2_A06_S6_comb	Unknown
HNSCC25_P20_A04_S292_comb	CAF/Fibroblast
HNSCC25_P2_D06_S42_comb	CAF/Fibroblast
HNSCC25_P20_G04_S364_comb	CAF/Fibroblast
HNSCC25_P2_A03_S3_comb	CAF/Fibroblast
HNSCC25_P2_A10_S10_comb	CAF/Fibroblast
HNSCC25_P20_B07_S307_comb	B/Plasma
HNSCC25_P20_D12_S336_comb	Tumor/Malignant
HNSCC25_P2_C11_S35_comb	CAF/Fibroblast
HNSCC25_P20_E08_S344_comb	Tumor/Malignant
HNSCC25_P2_D03_S39_comb	CAF/Fibroblast
HNSCC25_P2_D07_S43_comb	Tumor/Malignant
HNSCC25_P2_H04_S88_comb	Myeloid
HNSCC25_P2_C04_S28_comb	Tumor/Malignant
HNSCC25_P2_H03_S87_comb	Tumor/Malignant
HNSCC25_P20_D06_S330_comb	B/Plasma
HNSCC25_P2_B08_S20_comb	Tumor/Malignant
HNSCC25_P2_A05_S5_comb	CAF/Fibroblast
HNSCC25_P2_B04_S16_comb	CAF/Fibroblast
HNSCC25_P2_A12_S12_comb	Tumor/Malignant
HNSCC25_P2_H10_S94_comb	CAF/Fibroblast
HNSCC25_P2_F01_S61_comb	CAF/Fibroblast
HNSCC25_P20_A02_S290_comb	B/Plasma
HNSCC25_P20_B11_S311_comb	Myeloid
HNSCC25_P20_F10_S358_comb	Tumor/Malignant
HNSCC25_P20_H12_S384_comb	Tumor/Malignant
HNSCC25_P2_D02_S38_comb	CAF/Fibroblast
HNSCC25_P20_B12_S312_comb	CAF/Fibroblast
HNSCC25_P2_F03_S63_comb	Tumor/Malignant
HNSCC25_P2_G03_S75_comb	Tumor/Malignant
HNSCC25_P2_E05_S53_comb	Tumor/Malignant
HNSCC25_P20_D07_S331_comb	B/Plasma
HNSCC25_P2_A09_S9_comb	Tumor/Malignant
HNSCC26_P3_F11_S167_comb	CAF/Fibroblast
HNSCC26_P23_B02_S302_comb	Tumor/Malignant
HNSCC26_P3_H03_S183_comb	CAF/Fibroblast
HNSCC26_P3_G12_S180_comb	CAF/Fibroblast
HNSCC26_P23_G04_S364_comb	Tumor/Malignant
HNSCC26_P23_B10_S310_comb	CAF/Fibroblast
HNSCC26_P23_D07_S331_comb	Tumor/Malignant
HNSCC26_P3_A10_S106_comb	CAF/Fibroblast
HNSCC26_P3_E11_S155_comb	CAF/Fibroblast
HNSCC26_P3_B08_S116_comb	CAF/Fibroblast
HNSCC26_P23_A04_S292_comb	CAF/Fibroblast
HNSCC26_P3_D09_S141_comb	CAF/Fibroblast
HNSCC26_P3_H07_S187_comb	CAF/Fibroblast
HNSCC26_P23_H01_S373_comb	Tumor/Malignant
HNSCC26_P23_F08_S356_comb	Tumor/Malignant
HNSCC26_P23_F11_S359_comb	Tumor/Malignant
HNSCC26_P3_D03_S135_comb	T/NK
HNSCC26_P23_B08_S308_comb	CAF/Fibroblast
HNSCC26_P23_F06_S354_comb	Tumor/Malignant
HNSCC26_P3_H06_S186_comb	Tumor/Malignant
HNSCC26_P23_E07_S343_comb	Tumor/Malignant
HNSCC26_P3_B03_S111_comb	Tumor/Malignant
HNSCC26_P3_D10_S142_comb	CAF/Fibroblast
HNSCC26_P3_A03_S99_comb	CAF/Fibroblast
HNSCC26_P23_G09_S369_comb	Tumor/Malignant
HNSCC26_P23_E01_S337_comb	Tumor/Malignant
HNSCC26_P3_A02_S98_comb	Tumor/Malignant
HNSCC26_P3_C12_S132_comb	CAF/Fibroblast
HNSCC26_P23_A01_S289_comb	Tumor/Malignant
HNSCC26_P23_G01_S361_comb	CAF/Fibroblast
HNSCC26_P3_H09_S189_comb	CAF/Fibroblast
HNSCC26_P23_B03_S303_comb	CAF/Fibroblast
HNSCC26_P23_D06_S330_comb	Tumor/Malignant
HNSCC26_P23_C10_S322_comb	Tumor/Malignant
HNSCC26_P23_C11_S323_comb	Tumor/Malignant
HNSCC26_P3_C10_S130_comb	Tumor/Malignant
HNSCC26_P23_A05_S293_comb	CAF/Fibroblast
HNSCC26_P3_H10_S190_comb	CAF/Fibroblast
HNSCC26_P3_F03_S159_comb	Tumor/Malignant
HNSCC26_P23_H08_S380_comb	Tumor/Malignant
HNSCC26_P3_E12_S156_comb	CAF/Fibroblast
HNSCC26_P23_B07_S307_comb	Tumor/Malignant
HNSCC26_P23_E08_S344_comb	Tumor/Malignant
HNSCC26_P3_E03_S147_comb	CAF/Fibroblast
HNSCC26_P23_G03_S363_comb	Tumor/Malignant
HNSCC26_P3_C11_S131_comb	Tumor/Malignant
HNSCC26_P3_A09_S105_comb	Unknown
HNSCC26_P23_A06_S294_comb	Tumor/Malignant
HNSCC26_P23_A07_S295_comb	Tumor/Malignant
HNSCC26_P23_D01_S325_comb	Unknown
HNSCC26_P23_A10_S298_comb	CAF/Fibroblast
HNSCC26_P23_C06_S318_comb	Tumor/Malignant
HNSCC26_P23_C07_S319_comb	Tumor/Malignant
HNSCC26_P23_D05_S329_comb	Tumor/Malignant
HNSCC26_P3_G08_S176_comb	Tumor/Malignant
HNSCC26_P23_C02_S314_comb	Tumor/Malignant
HNSCC26_P23_G11_S371_comb	Tumor/Malignant
HNSCC26_P23_A03_S291_comb	Tumor/Malignant
HNSCC26_P23_D09_S333_comb	Tumor/Malignant
HNSCC26_P3_D04_S136_comb	Tumor/Malignant
HNSCC26_P3_C07_S127_comb	Tumor/Malignant
HNSCC26_P3_H05_S185_comb	Tumor/Malignant
HNSCC26_P23_F07_S355_comb	Tumor/Malignant
HNSCC26_P23_H11_S383_comb	Tumor/Malignant
HNSCC26_P23_E02_S338_comb	CAF/Fibroblast
HNSCC26_P3_D11_S143_comb	CAF/Fibroblast
HNSCC26_P3_E02_S146_comb	CAF/Fibroblast
HNSCC26_P23_C01_S313_comb	Tumor/Malignant
HNSCC26_P23_F05_S353_comb	CAF/Fibroblast
HNSCC26_P23_A11_S299_comb	Tumor/Malignant
HNSCC26_P23_C04_S316_comb	Tumor/Malignant
HNSCC26_P23_D12_S336_comb	Tumor/Malignant
HNSCC26_P3_D05_S137_comb	Tumor/Malignant
HNSCC26_P3_D07_S139_comb	CAF/Fibroblast
HNSCC26_P23_H03_S375_comb	Tumor/Malignant
HNSCC26_P23_B05_S305_comb	CAF/Fibroblast
HNSCC26_P3_F08_S164_comb	CAF/Fibroblast
HNSCC26_P23_G12_S372_comb	Tumor/Malignant
HNSCC26_P23_H07_S379_comb	Tumor/Malignant
HNSCC25_P12_B02_S110_comb	T/NK
HNSCC24_P3_H01_S85_comb	Myeloid
HNSCC25_P31_D01_S229_comb	T/NK
HNSCC25_P4_G05_S269_comb	Tumor/Malignant
HNSCC25_P12_F08_S164_comb	T/NK
HNSCC24_P3_C11_S35_comb	CAF/Fibroblast
HNSCC24_P3_G12_S84_comb	Myeloid
HNSCC25_P12_D04_S136_comb	T/NK
HNSCC25_P12_F03_S159_comb	T/NK
HNSCC25_P31_G02_S266_comb	T/NK
HNSCC25_P12_E01_S145_comb	T/NK
HNSCC25_P4_H01_S277_comb	CAF/Fibroblast
HNSCC25_P12_B03_S111_comb	T/NK
HNSCC25_P4_H04_S280_comb	Tumor/Malignant
HNSCC25_P31_B01_S205_comb	T/NK
HNSCC25_P12_C03_S123_comb	T/NK
HNSCC25_P4_F02_S254_comb	CAF/Fibroblast
HNSCC25_P4_G12_S276_comb	Tumor/Malignant
HNSCC25_P12_F10_S166_comb	T/NK
HNSCC25_P12_E06_S150_comb	T/NK
HNSCC25_P4_D11_S239_comb	T/NK
HNSCC25_P4_D05_S233_comb	CAF/Fibroblast
HNSCC25_P12_A12_S108_comb	T/NK
HNSCC24_P3_D02_S38_comb	Unknown
HNSCC25_P31_F05_S257_comb	T/NK
HNSCC25_P4_B03_S207_comb	CAF/Fibroblast
HNSCC25_P4_A03_S195_comb	Myeloid
HNSCC25_P31_A08_S200_comb	T/NK
HNSCC25_P12_G02_S170_comb	T/NK
HNSCC25_P12_E08_S152_comb	T/NK
HNSCC25_P4_E03_S243_comb	CAF/Fibroblast
HNSCC25_P31_G01_S265_comb	T/NK
HNSCC25_P12_F09_S165_comb	T/NK
HNSCC25_P31_E05_S245_comb	T/NK
HNSCC24_P3_F01_S61_comb	Myeloid
HNSCC25_P31_G07_S271_comb	T/NK
HNSCC24_P3_B02_S14_comb	Myeloid
HNSCC25_P4_C02_S218_comb	CAF/Fibroblast
HNSCC25_P31_F02_S254_comb	T/NK
HNSCC24_P3_C01_S25_comb	Myeloid
HNSCC25_P4_A02_S194_comb	Tumor/Malignant
HNSCC25_P4_A01_S193_comb	Tumor/Malignant
HNSCC24_P3_E06_S54_comb	CAF/Fibroblast
HNSCC25_P4_C11_S227_comb	CAF/Fibroblast
HNSCC25_P31_H07_S283_comb	T/NK
HNSCC24_P3_D08_S44_comb	CAF/Fibroblast
HNSCC25_P31_C11_S227_comb	T/NK
HNSCC25_P4_D01_S229_comb	CAF/Fibroblast
HNSCC25_P31_A09_S201_comb	T/NK
HNSCC25_P4_G07_S271_comb	CAF/Fibroblast
HNSCC25_P31_B09_S213_comb	T/NK
HNSCC24_P3_G08_S80_comb	Myeloid
HNSCC25_P31_D05_S233_comb	T/NK
HNSCC25_P4_H12_S288_comb	Tumor/Malignant
HNSCC24_P3_E10_S58_comb	CAF/Fibroblast
HNSCC24_P3_D10_S46_comb	Myeloid
HNSCC25_P4_A07_S199_comb	Tumor/Malignant
HNSCC25_P4_F03_S255_comb	Tumor/Malignant
HNSCC25_P4_B09_S213_comb	Tumor/Malignant
HNSCC24_P3_G09_S81_comb	Myeloid
HNSCC25_P12_E12_S156_comb	T/NK
HNSCC25_P4_E02_S242_comb	Other/Stromal
HNSCC24_P3_A01_S1_comb	Unknown
HNSCC25_P31_H03_S279_comb	T/NK
HNSCC25_P12_H07_S187_comb	T/NK
HNSCC25_P12_E11_S155_comb	T/NK
HNSCC24_P3_D01_S37_comb	Tumor/Malignant
HNSCC24_P3_A10_S10_comb	CAF/Fibroblast
HNSCC25_P4_B01_S205_comb	CAF/Fibroblast
HNSCC24_P3_G10_S82_comb	T/NK
HNSCC25_P4_A08_S200_comb	Endothelial
HNSCC25_P12_B09_S117_comb	T/NK
HNSCC24_P3_B09_S21_comb	CAF/Fibroblast
HNSCC25_P31_H12_S288_comb	T/NK
HNSCC24_P3_G04_S76_comb	Myeloid
HNSCC25_P31_A11_S203_comb	T/NK
HNSCC24_P3_E02_S50_comb	Myeloid
HNSCC25_P12_A08_S104_comb	T/NK
HNSCC25_P12_H08_S188_comb	T/NK
HNSCC24_P3_B10_S22_comb	CAF/Fibroblast
HNSCC24_P3_H06_S90_comb	Myeloid
HNSCC25_P12_H06_S186_comb	T/NK
HNSCC24_P3_H10_S94_comb	Myeloid
HNSCC25_P4_E04_S244_comb	CAF/Fibroblast
HNSCC25_P31_C01_S217_comb	T/NK
HNSCC25_P12_H12_S192_comb	T/NK
HNSCC25_P4_D03_S231_comb	CAF/Fibroblast
HNSCC25_P12_B10_S118_comb	T/NK
HNSCC25_P12_C02_S122_comb	Myeloid
HNSCC25_P12_F11_S167_comb	T/NK
HNSCC25_P4_F11_S263_comb	CAF/Fibroblast
HNSCC24_P3_E09_S57_comb	CAF/Fibroblast
HNSCC25_P31_C05_S221_comb	T/NK
HNSCC25_P12_F06_S162_comb	T/NK
HNSCC25_P4_F07_S259_comb	Tumor/Malignant
HNSCC25_P31_G08_S272_comb	T/NK
HNSCC24_P3_C12_S36_comb	CAF/Fibroblast
HNSCC25_P31_B06_S210_comb	T/NK
HNSCC24_P3_F03_S63_comb	CAF/Fibroblast
HNSCC25_P4_D08_S236_comb	CAF/Fibroblast
HNSCC25_P4_D09_S237_comb	Myeloid
HNSCC24_P3_G05_S77_comb	CAF/Fibroblast
HNSCC25_P4_F10_S262_comb	CAF/Fibroblast
HNSCC25_P12_A11_S107_comb	T/NK
HNSCC25_P12_E02_S146_comb	T/NK
HNSCC24_P3_B03_S15_comb	Unknown
HNSCC25_P12_H01_S181_comb	T/NK
HNSCC25_P31_C09_S225_comb	T/NK
HNSCC24_P3_B07_S19_comb	CAF/Fibroblast
HNSCC25_P4_B05_S209_comb	CAF/Fibroblast
HNSCC25_P4_B04_S208_comb	Tumor/Malignant
HNSCC25_P4_G08_S272_comb	Tumor/Malignant
HNSCC25_P31_A02_S194_comb	T/NK
HNSCC25_P4_B06_S210_comb	CAF/Fibroblast
HNSCC24_P3_H05_S89_comb	Endothelial
HNSCC25_P4_C04_S220_comb	Tumor/Malignant
HNSCC25_P12_D11_S143_comb	T/NK
HNSCC25_P31_H04_S280_comb	T/NK
HNSCC24_P3_E03_S51_comb	CAF/Fibroblast
HNSCC25_P4_H07_S283_comb	Tumor/Malignant
HNSCC25_P31_H01_S277_comb	T/NK
HNSCC25_P12_C06_S126_comb	T/NK
HNSCC25_P12_D02_S134_comb	T/NK
HNSCC25_P12_A03_S99_comb	T/NK
HNSCC25_P31_H11_S287_comb	T/NK
HNSCC25_P4_B12_S216_comb	CAF/Fibroblast
HNSCC25_P31_B02_S206_comb	T/NK
HNSCC25_P4_C10_S226_comb	Tumor/Malignant
HNSCC25_P31_D06_S234_comb	T/NK
HNSCC25_P4_F01_S253_comb	CAF/Fibroblast
HNSCC25_P4_B07_S211_comb	CAF/Fibroblast
HNSCC25_P4_A10_S202_comb	CAF/Fibroblast
HNSCC25_P12_E10_S154_comb	T/NK
HNSCC25_P4_E07_S247_comb	CAF/Fibroblast
HNSCC25_P12_E04_S148_comb	T/NK
HNSCC25_P31_H10_S286_comb	T/NK
HNSCC25_P31_A07_S199_comb	T/NK
HNSCC25_P4_G11_S275_comb	Tumor/Malignant
HNSCC25_P4_F12_S264_comb	Tumor/Malignant
HNSCC25_P12_B01_S109_comb	T/NK
HNSCC25_P31_F06_S258_comb	T/NK
HNSCC25_P31_G03_S267_comb	T/NK
HNSCC25_P31_D07_S235_comb	T/NK
HNSCC25_P4_H09_S285_comb	T/NK
HNSCC25_P31_D04_S232_comb	T/NK
HNSCC25_P12_A10_S106_comb	T/NK
HNSCC25_P4_E08_S248_comb	CAF/Fibroblast
HNSCC25_P31_C04_S220_comb	T/NK
HNSCC25_P4_A04_S196_comb	Tumor/Malignant
HNSCC25_P4_F08_S260_comb	CAF/Fibroblast
HNSCC25_P4_G09_S273_comb	CAF/Fibroblast
HNSCC24_P3_A04_S4_comb	CAF/Fibroblast
HNSCC25_P4_C08_S224_comb	CAF/Fibroblast
HNSCC25_P31_B11_S215_comb	T/NK
HNSCC25_P4_A09_S201_comb	CAF/Fibroblast
HNSCC25_P12_B08_S116_comb	T/NK
HNSCC25_P31_C10_S226_comb	T/NK
HNSCC25_P12_G01_S169_comb	T/NK
HNSCC25_P31_D03_S231_comb	T/NK
HNSCC25_P31_G05_S269_comb	T/NK
HNSCC25_P4_D07_S235_comb	CAF/Fibroblast
HNSCC25_P12_G05_S173_comb	T/NK
HNSCC24_P3_D12_S48_comb	CAF/Fibroblast
HNSCC25_P4_E01_S241_comb	CAF/Fibroblast
HNSCC25_P31_F03_S255_comb	T/NK
HNSCC25_P4_F06_S258_comb	CAF/Fibroblast
HNSCC25_P12_H04_S184_comb	T/NK
HNSCC25_P31_A10_S202_comb	T/NK
HNSCC25_P4_H02_S278_comb	Tumor/Malignant
HNSCC25_P31_F10_S262_comb	T/NK
HNSCC25_P12_A01_S97_comb	T/NK
HNSCC25_P4_C06_S222_comb	Tumor/Malignant
HNSCC25_P4_A06_S198_comb	CAF/Fibroblast
HNSCC25_P31_G11_S275_comb	T/NK
HNSCC24_P3_C10_S34_comb	Myeloid
HNSCC25_P12_H10_S190_comb	T/NK
HNSCC25_P12_D01_S133_comb	T/NK
HNSCC25_P31_F01_S253_comb	T/NK
HNSCC25_P4_G04_S268_comb	CAF/Fibroblast
HNSCC24_P3_F04_S64_comb	CAF/Fibroblast
HNSCC25_P31_E03_S243_comb	T/NK
HNSCC24_P3_A06_S6_comb	Myeloid
HNSCC25_P12_C09_S129_comb	T/NK
HNSCC25_P31_C06_S222_comb	T/NK
HNSCC24_P3_E12_S60_comb	Tumor/Malignant
HNSCC25_P4_G03_S267_comb	CAF/Fibroblast
HNSCC25_P4_D06_S234_comb	CAF/Fibroblast
HNSCC25_P4_H10_S286_comb	CAF/Fibroblast
HNSCC25_P31_B07_S211_comb	T/NK
HNSCC25_P4_B10_S214_comb	CAF/Fibroblast
HNSCC25_P4_D12_S240_comb	Unknown
HNSCC25_P12_F12_S168_comb	T/NK
HNSCC25_P31_G04_S268_comb	T/NK
HNSCC25_P4_B02_S206_comb	CAF/Fibroblast
HNSCC25_P31_F04_S256_comb	T/NK
HNSCC25_P4_G06_S270_comb	Tumor/Malignant
HNSCC24_P3_D03_S39_comb	CAF/Fibroblast
HNSCC25_P4_E11_S251_comb	Tumor/Malignant
HNSCC25_P31_D08_S236_comb	T/NK
HNSCC25_P31_B04_S208_comb	T/NK
HNSCC24_P3_H03_S87_comb	Tumor/Malignant
HNSCC25_P4_G01_S265_comb	CAF/Fibroblast
HNSCC25_P4_E09_S249_comb	Tumor/Malignant
HNSCC24_P3_D07_S43_comb	Unknown
HNSCC25_P4_C12_S228_comb	Myeloid
HNSCC24_P3_C08_S32_comb	CAF/Fibroblast
HNSCC25_P12_F01_S157_comb	T/NK
HNSCC25_P12_H09_S189_comb	T/NK
HNSCC25_P31_E08_S248_comb	T/NK
HNSCC24_P3_B06_S18_comb	Tumor/Malignant
HNSCC24_P3_F02_S62_comb	CAF/Fibroblast
HNSCC24_P3_B08_S20_comb	Myeloid
HNSCC25_P12_G07_S175_comb	T/NK
HNSCC24_P3_G11_S83_comb	CAF/Fibroblast
HNSCC25_P12_H11_S191_comb	T/NK
HNSCC25_P31_B12_S216_comb	T/NK
HNSCC24_P3_G01_S73_comb	CAF/Fibroblast
HNSCC25_P31_A04_S196_comb	T/NK
HNSCC25_P12_G04_S172_comb	T/NK
HNSCC25_P31_C08_S224_comb	T/NK
HNSCC25_P12_E05_S149_comb	T/NK
HNSCC25_P31_E06_S246_comb	T/NK
HNSCC25_P4_B11_S215_comb	CAF/Fibroblast
HNSCC25_P4_F05_S257_comb	Tumor/Malignant
HNSCC25_P4_D10_S238_comb	CAF/Fibroblast
HNSCC25_P12_A09_S105_comb	T/NK
HNSCC25_P4_B08_S212_comb	CAF/Fibroblast
HNSCC24_P3_B01_S13_comb	Myeloid
HNSCC25_P31_E04_S244_comb	T/NK
HNSCC25_P4_C09_S225_comb	CAF/Fibroblast
HNSCC25_P12_G09_S177_comb	T/NK
HNSCC25_P31_B10_S214_comb	T/NK
HNSCC25_P31_E02_S242_comb	T/NK
HNSCC25_P12_B12_S120_comb	T/NK
HNSCC25_P4_C01_S217_comb	Tumor/Malignant
HNSCC24_P3_C02_S26_comb	CAF/Fibroblast
HNSCC25_P12_A02_S98_comb	T/NK
HNSCC25_P12_G08_S176_comb	T/NK
HNSCC24_P3_G06_S78_comb	Tumor/Malignant
HNSCC25_P12_C08_S128_comb	T/NK
HNSCC25_P31_E07_S247_comb	T/NK
HNSCC25_P12_D06_S138_comb	T/NK
HNSCC25_P31_E01_S241_comb	T/NK
HNSCC24_P3_F11_S71_comb	Myeloid
HNSCC24_P3_E11_S59_comb	CAF/Fibroblast
HNSCC25_P12_G11_S179_comb	T/NK
HNSCC25_P4_H06_S282_comb	Tumor/Malignant
HNSCC25_P31_H06_S282_comb	T/NK
HNSCC25_P31_A06_S198_comb	T/NK
HNSCC25_P4_D02_S230_comb	CAF/Fibroblast
HNSCC24_P3_A02_S2_comb	CAF/Fibroblast
HNSCC24_P3_A07_S7_comb	CAF/Fibroblast
HNSCC25_P31_C02_S218_comb	T/NK
HNSCC25_P12_D12_S144_comb	T/NK
HNSCC25_P31_A03_S195_comb	T/NK
HNSCC25_P12_B04_S112_comb	T/NK
HNSCC25_P4_H08_S284_comb	CAF/Fibroblast
HNSCC25_P12_H03_S183_comb	T/NK
HNSCC25_P4_E12_S252_comb	Tumor/Malignant
HNSCC25_P31_A05_S197_comb	T/NK
HNSCC22_P5_B11_S215_comb	CAF/Fibroblast
HNSCC18_P4_A12_S12_comb	Tumor/Malignant
HNSCC22_P5_C08_S224_comb	CAF/Fibroblast
HNSCC22_P5_D11_S239_comb	CAF/Fibroblast
HNSCC22_P5_H09_S285_comb	CAF/Fibroblast
HNSCC18_P4_H04_S88_comb	Tumor/Malignant
HNSCC18_P4_D10_S46_comb	Myeloid
HNSCC22_P5_F06_S258_comb	Tumor/Malignant
HNSCC22_P5_C09_S225_comb	Tumor/Malignant
HNSCC18_P4_G09_S81_comb	Unknown
HNSCC18_P4_E01_S49_comb	Tumor/Malignant
HNSCC22_P5_C04_S220_comb	Tumor/Malignant
HNSCC22_P5_A04_S196_comb	Tumor/Malignant
HNSCC18_P4_E07_S55_comb	Tumor/Malignant
HNSCC18_P4_C07_S31_comb	Tumor/Malignant
HNSCC18_P4_A11_S11_comb	Myeloid
HNSCC22_P5_A12_S204_comb	Tumor/Malignant
HNSCC22_P5_D06_S234_comb	Tumor/Malignant
HNSCC22_P5_F10_S262_comb	CAF/Fibroblast
HNSCC22_P5_H12_S288_comb	Unknown
HNSCC22_P5_D12_S240_comb	Tumor/Malignant
HNSCC18_P4_E02_S50_comb	Unknown
HNSCC22_P5_A11_S203_comb	CAF/Fibroblast
HNSCC18_P4_C12_S36_comb	CAF/Fibroblast
HNSCC22_P5_A08_S200_comb	Tumor/Malignant
HNSCC22_P5_H11_S287_comb	Tumor/Malignant
HNSCC18_P4_F05_S65_comb	Unknown
HNSCC22_P5_C05_S221_comb	Tumor/Malignant
HNSCC18_P4_C08_S32_comb	Unknown
HNSCC18_P4_G03_S75_comb	Unknown
HNSCC22_P5_E02_S242_comb	Myeloid
HNSCC22_P5_A07_S199_comb	Tumor/Malignant
HNSCC18_P4_A05_S5_comb	Myeloid
HNSCC22_P5_B02_S206_comb	Tumor/Malignant
HNSCC22_P5_B04_S208_comb	CAF/Fibroblast
HNSCC22_P5_A05_S197_comb	Tumor/Malignant
HNSCC18_P4_F04_S64_comb	Tumor/Malignant
HNSCC18_P4_C06_S30_comb	Unknown
HNSCC22_P5_G02_S266_comb	Tumor/Malignant
HNSCC22_P5_C01_S217_comb	Tumor/Malignant
HNSCC22_P5_G03_S267_comb	Tumor/Malignant
HNSCC22_P5_D05_S233_comb	Tumor/Malignant
HNSCC18_P4_F08_S68_comb	Unknown
HNSCC22_P5_F09_S261_comb	Tumor/Malignant
HNSCC18_P4_D08_S44_comb	Unknown
HNSCC18_P4_E09_S57_comb	Unknown
HNSCC18_P4_H01_S85_comb	Tumor/Malignant
HNSCC22_P5_H06_S282_comb	Tumor/Malignant
HNSCC22_P5_B03_S207_comb	Tumor/Malignant
HNSCC22_P5_F04_S256_comb	CAF/Fibroblast
HNSCC22_P5_D09_S237_comb	Tumor/Malignant
HNSCC22_P5_F12_S264_comb	Tumor/Malignant
HNSCC22_P5_C11_S227_comb	Myeloid
HNSCC22_P5_H03_S279_comb	Tumor/Malignant
HNSCC18_P4_F12_S72_comb	Tumor/Malignant
HNSCC22_P5_B05_S209_comb	Tumor/Malignant
HNSCC18_P4_B11_S23_comb	Tumor/Malignant
HNSCC22_P5_A10_S202_comb	Tumor/Malignant
HNSCC18_P4_A07_S7_comb	Unknown
HNSCC18_P4_G07_S79_comb	Tumor/Malignant
HNSCC18_P4_E06_S54_comb	Tumor/Malignant
HNSCC18_P4_B12_S24_comb	Unknown
HNSCC22_P5_A06_S198_comb	Tumor/Malignant
HNSCC18_P4_D09_S45_comb	Tumor/Malignant
HNSCC22_P5_D03_S231_comb	CAF/Fibroblast
HNSCC18_P4_C10_S34_comb	Tumor/Malignant
HNSCC22_P5_C06_S222_comb	Tumor/Malignant
HNSCC22_P5_G07_S271_comb	Tumor/Malignant
HNSCC22_P5_C12_S228_comb	Tumor/Malignant
HNSCC22_P5_F05_S257_comb	CAF/Fibroblast
HNSCC18_P4_C04_S28_comb	Tumor/Malignant
HNSCC18_P4_H05_S89_comb	Tumor/Malignant
HNSCC22_P5_E10_S250_comb	Tumor/Malignant
HNSCC22_P5_E06_S246_comb	Tumor/Malignant
HNSCC22_P5_E04_S244_comb	Tumor/Malignant
HNSCC22_P5_B07_S211_comb	Tumor/Malignant
HNSCC22_P5_G08_S272_comb	Tumor/Malignant
HNSCC18_P4_B09_S21_comb	CAF/Fibroblast
HNSCC18_P4_D02_S38_comb	Unknown
HNSCC18_P4_G12_S84_comb	Tumor/Malignant
HNSCC22_P5_E07_S247_comb	Tumor/Malignant
HNSCC18_P4_F11_S71_comb	Tumor/Malignant
HNSCC22_P5_D01_S229_comb	Tumor/Malignant
HNSCC22_P5_A01_S193_comb	Tumor/Malignant
HNSCC18_P4_H11_S95_comb	Tumor/Malignant
HNSCC22_P5_A09_S201_comb	CAF/Fibroblast
HNSCC22_P5_G04_S268_comb	Tumor/Malignant
HNSCC18_P4_G04_S76_comb	Unknown
HNSCC18_P4_H12_S96_comb	Tumor/Malignant
HNSCC22_P5_D08_S236_comb	Tumor/Malignant
HNSCC18_P4_C01_S25_comb	Tumor/Malignant
HNSCC22_P5_F02_S254_comb	Tumor/Malignant
HNSCC22_P5_H01_S277_comb	Tumor/Malignant
HNSCC18_P4_C11_S35_comb	Tumor/Malignant
HNSCC22_P5_F11_S263_comb	Tumor/Malignant
HNSCC22_P5_D02_S230_comb	Tumor/Malignant
HNSCC18_P4_F01_S61_comb	Unknown
HNSCC18_P4_D06_S42_comb	Tumor/Malignant
HNSCC18_P4_G11_S83_comb	Tumor/Malignant
HNSCC22_P5_G11_S275_comb	CAF/Fibroblast
HNSCC22_P5_C10_S226_comb	Tumor/Malignant
HNSCC18_P4_C02_S26_comb	Tumor/Malignant
HNSCC18_P4_A03_S3_comb	CAF/Fibroblast
HNSCC22_P5_F03_S255_comb	Tumor/Malignant
HNSCC18_P4_F10_S70_comb	Tumor/Malignant
HNSCC18_P4_E04_S52_comb	Tumor/Malignant
HNSCC22_P5_E09_S249_comb	Tumor/Malignant
HNSCC22_P5_F07_S259_comb	Tumor/Malignant
HNSCC18_P4_C09_S33_comb	Tumor/Malignant
HNSCC18_P4_F03_S63_comb	Tumor/Malignant
HNSCC18_P4_H10_S94_comb	Tumor/Malignant
HNSCC22_P5_E08_S248_comb	Tumor/Malignant
HNSCC18_P4_G02_S74_comb	Tumor/Malignant
HNSCC22_P5_E05_S245_comb	Tumor/Malignant
HNSCC22_P5_F01_S253_comb	Tumor/Malignant
HNSCC22_P5_B12_S216_comb	Tumor/Malignant
HNSCC22_P5_G05_S269_comb	Tumor/Malignant
HNSCC18_P4_B08_S20_comb	Unknown
HNSCC18_P4_A09_S9_comb	Tumor/Malignant
HNSCC22_P5_G01_S265_comb	CAF/Fibroblast
HNSCC22_P5_B10_S214_comb	Tumor/Malignant
HNSCC22_P5_B09_S213_comb	Tumor/Malignant
HNSCC22_P5_G12_S276_comb	Tumor/Malignant
HNSCC22_P5_E03_S243_comb	Tumor/Malignant
HNSCC18_P4_F07_S67_comb	Unknown
HNSCC22_P5_E01_S241_comb	Tumor/Malignant
HNSCC18_P4_E03_S51_comb	Tumor/Malignant
HNSCC18_P4_H02_S86_comb	Tumor/Malignant
HNSCC18_P4_H08_S92_comb	Tumor/Malignant
HNSCC22_P5_H02_S278_comb	Tumor/Malignant
HNSCC22_P5_H07_S283_comb	Tumor/Malignant
HNSCC18_P4_D05_S41_comb	Unknown
HNSCC18_P4_C03_S27_comb	Tumor/Malignant
HNSCC22_P5_E11_S251_comb	CAF/Fibroblast
HNSCC22_P5_H05_S281_comb	Tumor/Malignant
HNSCC18_P4_E08_S56_comb	Unknown
HNSCC22_P5_B06_S210_comb	Tumor/Malignant
HNSCC22_P5_H04_S280_comb	Tumor/Malignant
HNSCC18_P4_E12_S60_comb	Unknown
HNSCC22_P5_B08_S212_comb	Tumor/Malignant
HNSCC22_P5_C03_S219_comb	Tumor/Malignant
HNSCC22_P5_D07_S235_comb	CAF/Fibroblast
HNSCC18_P4_B10_S22_comb	Tumor/Malignant
HNSCC22_P5_C07_S223_comb	Tumor/Malignant
HNSCC22_P5_H08_S284_comb	Tumor/Malignant
HNSCC25_P3_B03_S111_comb	CAF/Fibroblast
HNSCC25_P3_E03_S147_comb	Tumor/Malignant
HNSCC25_P22_F04_S352_comb	CAF/Fibroblast
HNSCC25_P3_C12_S132_comb	Unknown
HNSCC25_P22_F01_S349_comb	Tumor/Malignant
HNSCC25_P22_F05_S353_comb	CAF/Fibroblast
HNSCC25_P3_B10_S118_comb	CAF/Fibroblast
HNSCC25_P22_E04_S340_comb	CAF/Fibroblast
HNSCC25_P22_H05_S377_comb	CAF/Fibroblast
HNSCC25_P22_C08_S320_comb	Myeloid
HNSCC25_P3_A05_S101_comb	CAF/Fibroblast
HNSCC25_P3_H04_S184_comb	CAF/Fibroblast
HNSCC25_P3_E08_S152_comb	CAF/Fibroblast
HNSCC25_P3_F03_S159_comb	CAF/Fibroblast
HNSCC25_P22_E09_S345_comb	Tumor/Malignant
HNSCC25_P22_H12_S384_comb	Tumor/Malignant
HNSCC25_P3_H12_S192_comb	Tumor/Malignant
HNSCC25_P3_D03_S135_comb	Myeloid
HNSCC25_P3_F07_S163_comb	Tumor/Malignant
HNSCC25_P3_D07_S139_comb	Tumor/Malignant
HNSCC25_P3_F09_S165_comb	CAF/Fibroblast
HNSCC25_P3_D04_S136_comb	Tumor/Malignant
HNSCC25_P3_D08_S140_comb	Tumor/Malignant
HNSCC25_P3_C06_S126_comb	CAF/Fibroblast
HNSCC25_P3_H03_S183_comb	Tumor/Malignant
HNSCC25_P3_G11_S179_comb	Tumor/Malignant
HNSCC25_P3_D05_S137_comb	Tumor/Malignant
HNSCC25_P22_G07_S367_comb	CAF/Fibroblast
HNSCC25_P3_E10_S154_comb	CAF/Fibroblast
HNSCC25_P22_D02_S326_comb	CAF/Fibroblast
HNSCC25_P3_G02_S170_comb	CAF/Fibroblast
HNSCC25_P3_G12_S180_comb	Unknown
HNSCC25_P3_B04_S112_comb	CAF/Fibroblast
HNSCC25_P3_C02_S122_comb	CAF/Fibroblast
HNSCC25_P3_G05_S173_comb	CAF/Fibroblast
HNSCC25_P22_F10_S358_comb	CAF/Fibroblast
HNSCC25_P22_A08_S296_comb	CAF/Fibroblast
HNSCC25_P22_E08_S344_comb	Tumor/Malignant
HNSCC25_P3_B07_S115_comb	Tumor/Malignant
HNSCC25_P22_C03_S315_comb	B/Plasma
HNSCC25_P3_H10_S190_comb	Unknown
HNSCC25_P22_C09_S321_comb	Tumor/Malignant
HNSCC25_P22_H07_S379_comb	B/Plasma
HNSCC25_P22_G10_S370_comb	B/Plasma
HNSCC25_P22_D04_S328_comb	CAF/Fibroblast
HNSCC25_P3_G06_S174_comb	Other/Stromal
HNSCC25_P3_E07_S151_comb	Tumor/Malignant
HNSCC25_P3_C11_S131_comb	Myeloid
HNSCC25_P3_E05_S149_comb	Tumor/Malignant
HNSCC25_P22_E10_S346_comb	CAF/Fibroblast
HNSCC25_P3_C05_S125_comb	CAF/Fibroblast
HNSCC25_P3_F05_S161_comb	T/NK
HNSCC25_P22_H03_S375_comb	CAF/Fibroblast
HNSCC25_P3_B01_S109_comb	Tumor/Malignant
HNSCC25_P3_A06_S102_comb	Myeloid
HNSCC25_P22_G02_S362_comb	Tumor/Malignant
HNSCC25_P3_A11_S107_comb	CAF/Fibroblast
HNSCC25_P3_A09_S105_comb	Tumor/Malignant
HNSCC25_P3_F08_S164_comb	Tumor/Malignant
HNSCC25_P22_H09_S381_comb	CAF/Fibroblast
HNSCC25_P22_G04_S364_comb	Tumor/Malignant
HNSCC25_P22_H06_S378_comb	CAF/Fibroblast
HNSCC25_P3_D11_S143_comb	CAF/Fibroblast
HNSCC25_P3_B06_S114_comb	CAF/Fibroblast
HNSCC25_P3_G10_S178_comb	Tumor/Malignant
HNSCC25_P3_H07_S187_comb	Tumor/Malignant
HNSCC25_P3_A07_S103_comb	Tumor/Malignant
HNSCC25_P3_E11_S155_comb	Tumor/Malignant
HNSCC25_P3_C08_S128_comb	CAF/Fibroblast
HNSCC25_P22_C04_S316_comb	Tumor/Malignant
HNSCC25_P3_D02_S134_comb	CAF/Fibroblast
HNSCC25_P22_B06_S306_comb	CAF/Fibroblast
HNSCC25_P3_E06_S150_comb	CAF/Fibroblast
HNSCC25_P3_H09_S189_comb	Tumor/Malignant
HNSCC25_P22_F11_S359_comb	CAF/Fibroblast
HNSCC25_P22_E02_S338_comb	CAF/Fibroblast
HNSCC25_P3_B12_S120_comb	Other/Stromal
HNSCC25_P3_B11_S119_comb	CAF/Fibroblast
HNSCC25_P3_D09_S141_comb	CAF/Fibroblast
HNSCC25_P3_A02_S98_comb	Tumor/Malignant
HNSCC25_P3_E01_S145_comb	Tumor/Malignant
HNSCC25_P3_A01_S97_comb	Tumor/Malignant
HNSCC25_P3_C07_S127_comb	CAF/Fibroblast
HNSCC25_P3_D10_S142_comb	CAF/Fibroblast
HNSCC25_P3_G09_S177_comb	Tumor/Malignant
HNSCC25_P3_C09_S129_comb	CAF/Fibroblast
HNSCC25_P3_B08_S116_comb	Tumor/Malignant
HNSCC25_P22_B02_S302_comb	CAF/Fibroblast
HNSCC25_P3_H05_S185_comb	CAF/Fibroblast
HNSCC25_P22_D12_S336_comb	Tumor/Malignant
HNSCC25_P3_B09_S117_comb	Tumor/Malignant
HNSCC25_P3_E02_S146_comb	CAF/Fibroblast
HNSCC25_P3_F02_S158_comb	Tumor/Malignant
HNSCC25_P3_G04_S172_comb	Tumor/Malignant
HNSCC25_P22_E01_S337_comb	Tumor/Malignant
HNSCC25_P3_D06_S138_comb	Tumor/Malignant
HNSCC25_P22_D11_S335_comb	CAF/Fibroblast
HNSCC25_P3_E12_S156_comb	Tumor/Malignant
HNSCC25_P3_H02_S182_comb	Tumor/Malignant
HNSCC25_P3_E09_S153_comb	CAF/Fibroblast
HNSCC25_P3_F04_S160_comb	Other/Stromal
HNSCC25_P22_B01_S301_comb	CAF/Fibroblast
HNSCC25_P3_D01_S133_comb	CAF/Fibroblast
HNSCC25_P22_G09_S369_comb	CAF/Fibroblast
HNSCC25_P3_A03_S99_comb	CAF/Fibroblast
HNSCC25_P3_A04_S100_comb	Other/Stromal
HNSCC25_P3_F12_S168_comb	Myeloid
HNSCC25_P22_B12_S312_comb	CAF/Fibroblast
HNSCC25_P3_F10_S166_comb	Tumor/Malignant
HNSCC28_P2_A12_S12_comb	Other/Stromal
HNSCC28_P2_A09_S9_comb	CAF/Fibroblast
HNSCC28_P12_G09_S273_comb	CAF/Fibroblast
HNSCC28_P12_H02_S278_comb	Tumor/Malignant
HNSCC28_P2_C06_S30_comb	CAF/Fibroblast
HNSCC28_P1_G09_S81_comb	CAF/Fibroblast
HNSCC28_P2_H06_S90_comb	CAF/Fibroblast
HNSCC28_P1_E11_S59_comb	CAF/Fibroblast
HNSCC28_P13_C08_S224_comb	CAF/Fibroblast
HNSCC28_P1_D11_S47_comb	CAF/Fibroblast
HNSCC28_P12_B07_S211_comb	CAF/Fibroblast
HNSCC28_P1_F01_S61_comb	CAF/Fibroblast
HNSCC28_P1_G12_S84_comb	CAF/Fibroblast
HNSCC28_P2_E11_S59_comb	CAF/Fibroblast
HNSCC28_P1_D01_S37_comb	CAF/Fibroblast
HNSCC28_P13_H11_S287_comb	Tumor/Malignant
HNSCC28_P2_H01_S85_comb	CAF/Fibroblast
HNSCC28_P12_G03_S267_comb	CAF/Fibroblast
HNSCC28_P1_B09_S21_comb	CAF/Fibroblast
HNSCC28_P1_G05_S77_comb	Tumor/Malignant
HNSCC28_P13_A05_S197_comb	CAF/Fibroblast
HNSCC28_P1_G10_S82_comb	Unknown
HNSCC28_P12_B06_S210_comb	Unknown
HNSCC28_P1_B04_S16_comb	CAF/Fibroblast
HNSCC28_P12_C02_S218_comb	Tumor/Malignant
HNSCC28_P12_E02_S242_comb	Tumor/Malignant
HNSCC28_P13_H02_S278_comb	Tumor/Malignant
HNSCC28_P13_G05_S269_comb	Endothelial
HNSCC28_P12_H07_S283_comb	B/Plasma
HNSCC28_P1_H04_S88_comb	CAF/Fibroblast
HNSCC28_P12_E01_S241_comb	CAF/Fibroblast
HNSCC28_P1_F12_S72_comb	CAF/Fibroblast
HNSCC28_P1_E02_S50_comb	CAF/Fibroblast
HNSCC28_P2_H05_S89_comb	CAF/Fibroblast
HNSCC28_P2_G10_S82_comb	CAF/Fibroblast
HNSCC28_P13_H07_S283_comb	Tumor/Malignant
HNSCC28_P2_A04_S4_comb	CAF/Fibroblast
HNSCC28_P1_E05_S53_comb	CAF/Fibroblast
HNSCC28_P13_F08_S260_comb	CAF/Fibroblast
HNSCC28_P13_C04_S220_comb	Tumor/Malignant
HNSCC28_P1_H11_S95_comb	CAF/Fibroblast
HNSCC28_P2_E12_S60_comb	Tumor/Malignant
HNSCC28_P1_G03_S75_comb	Endothelial
HNSCC28_P12_A08_S200_comb	CAF/Fibroblast
HNSCC28_P2_F09_S69_comb	Tumor/Malignant
HNSCC28_P12_G08_S272_comb	CAF/Fibroblast
HNSCC28_P2_F08_S68_comb	CAF/Fibroblast
HNSCC28_P1_A09_S9_comb	Tumor/Malignant
HNSCC28_P1_A08_S8_comb	Endothelial
HNSCC28_P2_H02_S86_comb	CAF/Fibroblast
HNSCC28_P1_B10_S22_comb	CAF/Fibroblast
HNSCC28_P12_B09_S213_comb	Tumor/Malignant
HNSCC28_P1_F02_S62_comb	CAF/Fibroblast
HNSCC28_P13_F05_S257_comb	CAF/Fibroblast
HNSCC28_P2_E03_S51_comb	CAF/Fibroblast
HNSCC28_P1_H01_S85_comb	CAF/Fibroblast
HNSCC28_P2_E02_S50_comb	CAF/Fibroblast
HNSCC28_P13_C02_S218_comb	Tumor/Malignant
HNSCC28_P13_F04_S256_comb	CAF/Fibroblast
HNSCC28_P12_E07_S247_comb	Tumor/Malignant
HNSCC28_P13_F02_S254_comb	Tumor/Malignant
HNSCC28_P1_B01_S13_comb	CAF/Fibroblast
HNSCC28_P1_C08_S32_comb	CAF/Fibroblast
HNSCC28_P1_D05_S41_comb	CAF/Fibroblast
HNSCC28_P12_B05_S209_comb	B/Plasma
HNSCC28_P2_B12_S24_comb	Tumor/Malignant
HNSCC28_P2_G04_S76_comb	Unknown
HNSCC28_P13_G07_S271_comb	Tumor/Malignant
HNSCC28_P12_G04_S268_comb	CAF/Fibroblast
HNSCC28_P12_A02_S194_comb	Tumor/Malignant
HNSCC28_P2_E08_S56_comb	CAF/Fibroblast
HNSCC28_P2_G09_S81_comb	CAF/Fibroblast
HNSCC28_P13_D06_S234_comb	Tumor/Malignant
HNSCC28_P2_C11_S35_comb	CAF/Fibroblast
HNSCC28_P12_B12_S216_comb	CAF/Fibroblast
HNSCC28_P13_H12_S288_comb	T/NK
HNSCC28_P13_E01_S241_comb	CAF/Fibroblast
HNSCC28_P1_F03_S63_comb	CAF/Fibroblast
HNSCC28_P1_C09_S33_comb	CAF/Fibroblast
HNSCC28_P12_E08_S248_comb	Tumor/Malignant
HNSCC28_P13_G09_S273_comb	Tumor/Malignant
HNSCC28_P2_G06_S78_comb	CAF/Fibroblast
HNSCC28_P13_F06_S258_comb	B/Plasma
HNSCC28_P2_B06_S18_comb	CAF/Fibroblast
HNSCC28_P2_H09_S93_comb	Tumor/Malignant
HNSCC28_P12_C10_S226_comb	Endothelial
HNSCC28_P1_B12_S24_comb	Endothelial
HNSCC28_P12_C08_S224_comb	Tumor/Malignant
HNSCC28_P13_G02_S266_comb	Tumor/Malignant
HNSCC28_P12_B02_S206_comb	Tumor/Malignant
HNSCC28_P2_B10_S22_comb	CAF/Fibroblast
HNSCC28_P13_B12_S216_comb	Tumor/Malignant
HNSCC28_P13_D10_S238_comb	B/Plasma
HNSCC28_P12_B10_S214_comb	CAF/Fibroblast
HNSCC28_P12_E05_S245_comb	CAF/Fibroblast
HNSCC28_P12_C07_S223_comb	Tumor/Malignant
HNSCC28_P2_A01_S1_comb	CAF/Fibroblast
HNSCC28_P13_D11_S239_comb	B/Plasma
HNSCC28_P13_G03_S267_comb	CAF/Fibroblast
HNSCC28_P1_A05_S5_comb	Endothelial
HNSCC28_P13_A07_S199_comb	Tumor/Malignant
HNSCC28_P12_B08_S212_comb	Tumor/Malignant
HNSCC28_P13_D02_S230_comb	T/NK
HNSCC28_P13_E08_S248_comb	CAF/Fibroblast
HNSCC28_P13_E12_S252_comb	CAF/Fibroblast
HNSCC28_P12_H09_S285_comb	CAF/Fibroblast
HNSCC28_P13_H03_S279_comb	CAF/Fibroblast
HNSCC28_P1_E10_S58_comb	CAF/Fibroblast
HNSCC28_P1_G02_S74_comb	CAF/Fibroblast
HNSCC28_P2_F06_S66_comb	CAF/Fibroblast
HNSCC28_P12_H10_S286_comb	CAF/Fibroblast
HNSCC28_P1_D09_S45_comb	CAF/Fibroblast
HNSCC28_P12_B11_S215_comb	CAF/Fibroblast
HNSCC28_P12_G07_S271_comb	B/Plasma
HNSCC28_P12_G02_S266_comb	CAF/Fibroblast
HNSCC28_P2_E07_S55_comb	CAF/Fibroblast
HNSCC28_P13_E10_S250_comb	Unknown
HNSCC28_P13_F12_S264_comb	Endothelial
HNSCC28_P13_D09_S237_comb	CAF/Fibroblast
HNSCC28_P13_D12_S240_comb	B/Plasma
HNSCC28_P12_A11_S203_comb	Tumor/Malignant
HNSCC28_P2_A02_S2_comb	Tumor/Malignant
HNSCC28_P2_G01_S73_comb	CAF/Fibroblast
HNSCC28_P12_D01_S229_comb	CAF/Fibroblast
HNSCC28_P1_D04_S40_comb	Tumor/Malignant
HNSCC28_P2_G07_S79_comb	Other/Stromal
HNSCC28_P2_F05_S65_comb	CAF/Fibroblast
HNSCC28_P2_F03_S63_comb	CAF/Fibroblast
HNSCC28_P12_A09_S201_comb	CAF/Fibroblast
HNSCC28_P13_E03_S243_comb	Tumor/Malignant
HNSCC28_P13_E04_S244_comb	Tumor/Malignant
HNSCC28_P1_A01_S1_comb	CAF/Fibroblast
HNSCC28_P13_A01_S193_comb	CAF/Fibroblast
HNSCC28_P1_H12_S96_comb	CAF/Fibroblast
HNSCC28_P1_E08_S56_comb	CAF/Fibroblast
HNSCC28_P1_F07_S67_comb	CAF/Fibroblast
HNSCC28_P13_F01_S253_comb	Tumor/Malignant
HNSCC28_P13_E06_S246_comb	Tumor/Malignant
HNSCC28_P1_F11_S71_comb	CAF/Fibroblast
HNSCC28_P2_H03_S87_comb	CAF/Fibroblast
HNSCC28_P1_F10_S70_comb	CAF/Fibroblast
HNSCC28_P12_C09_S225_comb	CAF/Fibroblast
HNSCC28_P2_D12_S48_comb	CAF/Fibroblast
HNSCC28_P12_D07_S235_comb	Tumor/Malignant
HNSCC28_P13_A12_S204_comb	CAF/Fibroblast
HNSCC28_P12_E03_S243_comb	CAF/Fibroblast
HNSCC28_P12_A10_S202_comb	Tumor/Malignant
HNSCC28_P1_B05_S17_comb	CAF/Fibroblast
HNSCC28_P1_D03_S39_comb	CAF/Fibroblast
HNSCC28_P1_C05_S29_comb	CAF/Fibroblast
HNSCC28_P12_C04_S220_comb	Tumor/Malignant
HNSCC28_P1_H03_S87_comb	CAF/Fibroblast
HNSCC28_P13_F09_S261_comb	CAF/Fibroblast
HNSCC28_P12_D11_S239_comb	B/Plasma
HNSCC28_P2_E06_S54_comb	CAF/Fibroblast
HNSCC28_P2_H04_S88_comb	CAF/Fibroblast
HNSCC28_P13_G12_S276_comb	CAF/Fibroblast
HNSCC28_P2_D02_S38_comb	Other/Stromal
HNSCC28_P1_H09_S93_comb	CAF/Fibroblast
HNSCC28_P2_A11_S11_comb	CAF/Fibroblast
HNSCC28_P2_E05_S53_comb	CAF/Fibroblast
HNSCC28_P1_E04_S52_comb	CAF/Fibroblast
HNSCC28_P12_C12_S228_comb	CAF/Fibroblast
HNSCC28_P2_A05_S5_comb	CAF/Fibroblast
HNSCC28_P1_B03_S15_comb	Tumor/Malignant
HNSCC28_P13_B09_S213_comb	B/Plasma
HNSCC28_P13_G06_S270_comb	Tumor/Malignant
HNSCC28_P2_E09_S57_comb	CAF/Fibroblast
HNSCC28_P12_G05_S269_comb	CAF/Fibroblast
HNSCC28_P13_C06_S222_comb	CAF/Fibroblast
HNSCC28_P13_C05_S221_comb	Tumor/Malignant
HNSCC28_P2_D06_S42_comb	CAF/Fibroblast
HNSCC28_P2_E01_S49_comb	CAF/Fibroblast
HNSCC28_P13_C01_S217_comb	CAF/Fibroblast
HNSCC28_P2_B08_S20_comb	CAF/Fibroblast
HNSCC28_P12_C05_S221_comb	Tumor/Malignant
HNSCC28_P1_D08_S44_comb	CAF/Fibroblast
HNSCC28_P12_D09_S237_comb	Tumor/Malignant
HNSCC28_P1_H05_S89_comb	CAF/Fibroblast
HNSCC28_P1_D07_S43_comb	CAF/Fibroblast
HNSCC28_P12_E11_S251_comb	CAF/Fibroblast
HNSCC28_P1_A12_S12_comb	Tumor/Malignant
HNSCC28_P12_H04_S280_comb	Tumor/Malignant
HNSCC28_P12_H11_S287_comb	CAF/Fibroblast
HNSCC28_P13_F10_S262_comb	B/Plasma
HNSCC28_P2_B02_S14_comb	CAF/Fibroblast
HNSCC28_P1_A10_S10_comb	CAF/Fibroblast
HNSCC28_P12_F01_S253_comb	Tumor/Malignant
HNSCC28_P1_C01_S25_comb	CAF/Fibroblast
HNSCC28_P2_D08_S44_comb	CAF/Fibroblast
HNSCC28_P2_B11_S23_comb	Endothelial
HNSCC28_P13_E05_S245_comb	Tumor/Malignant
HNSCC28_P13_H06_S282_comb	CAF/Fibroblast
HNSCC28_P12_D02_S230_comb	Tumor/Malignant
HNSCC28_P2_D11_S47_comb	Tumor/Malignant
HNSCC28_P13_E09_S249_comb	CAF/Fibroblast
HNSCC28_P2_D05_S41_comb	CAF/Fibroblast
HNSCC28_P1_F04_S64_comb	CAF/Fibroblast
HNSCC28_P2_H11_S95_comb	CAF/Fibroblast
HNSCC28_P2_H07_S91_comb	CAF/Fibroblast
HNSCC28_P1_A03_S3_comb	CAF/Fibroblast
HNSCC28_P1_C02_S26_comb	CAF/Fibroblast
HNSCC28_P12_D04_S232_comb	Tumor/Malignant
HNSCC28_P2_D09_S45_comb	CAF/Fibroblast
HNSCC28_P12_F05_S257_comb	Tumor/Malignant
HNSCC28_P1_E01_S49_comb	CAF/Fibroblast
HNSCC28_P12_E04_S244_comb	Tumor/Malignant
HNSCC28_P2_D03_S39_comb	CAF/Fibroblast
HNSCC28_P2_C03_S27_comb	Unknown
HNSCC28_P12_C11_S227_comb	Tumor/Malignant
HNSCC28_P12_G10_S274_comb	Tumor/Malignant
HNSCC28_P2_A03_S3_comb	Endothelial
HNSCC28_P12_B04_S208_comb	CAF/Fibroblast
HNSCC28_P2_C01_S25_comb	CAF/Fibroblast
HNSCC28_P12_A04_S196_comb	T/NK
HNSCC28_P2_D07_S43_comb	CAF/Fibroblast
HNSCC28_P2_G03_S75_comb	CAF/Fibroblast
HNSCC28_P2_B07_S19_comb	Tumor/Malignant
HNSCC28_P2_D04_S40_comb	CAF/Fibroblast
HNSCC28_P1_D12_S48_comb	CAF/Fibroblast
HNSCC28_P12_E12_S252_comb	B/Plasma
HNSCC28_P1_F08_S68_comb	CAF/Fibroblast
HNSCC28_P13_H10_S286_comb	B/Plasma
HNSCC28_P13_G11_S275_comb	CAF/Fibroblast
HNSCC28_P13_D07_S235_comb	Tumor/Malignant
HNSCC28_P1_F05_S65_comb	CAF/Fibroblast
HNSCC28_P12_F08_S260_comb	Tumor/Malignant
HNSCC28_P12_G11_S275_comb	Tumor/Malignant
HNSCC28_P1_E12_S60_comb	CAF/Fibroblast
HNSCC28_P1_A11_S11_comb	CAF/Fibroblast
HNSCC28_P2_F04_S64_comb	CAF/Fibroblast
HNSCC28_P2_B03_S15_comb	CAF/Fibroblast
HNSCC28_P1_B07_S19_comb	Tumor/Malignant
HNSCC28_P13_H05_S281_comb	CAF/Fibroblast
HNSCC28_P12_B03_S207_comb	Tumor/Malignant
HNSCC28_P2_F07_S67_comb	CAF/Fibroblast
HNSCC28_P1_A02_S2_comb	CAF/Fibroblast
HNSCC28_P2_B04_S16_comb	Tumor/Malignant
HNSCC28_P2_G05_S77_comb	CAF/Fibroblast
HNSCC28_P2_C12_S36_comb	CAF/Fibroblast
HNSCC28_P1_H08_S92_comb	CAF/Fibroblast
HNSCC28_P2_C07_S31_comb	CAF/Fibroblast
HNSCC28_P1_H02_S86_comb	CAF/Fibroblast
HNSCC28_P1_E03_S51_comb	CAF/Fibroblast
HNSCC28_P2_G08_S80_comb	CAF/Fibroblast
HNSCC28_P2_H08_S92_comb	CAF/Fibroblast
HNSCC28_P2_G02_S74_comb	CAF/Fibroblast
HNSCC28_P13_E11_S251_comb	Tumor/Malignant
HNSCC28_P13_H04_S280_comb	Tumor/Malignant
HNSCC28_P12_H12_S288_comb	CAF/Fibroblast
HNSCC28_P13_E02_S242_comb	Tumor/Malignant
HNSCC28_P12_F12_S264_comb	CAF/Fibroblast
HNSCC28_P1_G04_S76_comb	Tumor/Malignant
HNSCC28_P2_G12_S84_comb	CAF/Fibroblast
HNSCC28_P1_G11_S83_comb	CAF/Fibroblast
HNSCC28_P12_C03_S219_comb	Tumor/Malignant
HNSCC28_P2_A07_S7_comb	Endothelial
HNSCC28_P2_C10_S34_comb	CAF/Fibroblast
HNSCC28_P2_E10_S58_comb	Endothelial
HNSCC28_P2_A08_S8_comb	Tumor/Malignant
HNSCC28_P2_C02_S26_comb	CAF/Fibroblast
HNSCC26_P11_R_LN_C05_S317_comb	Tumor/Malignant
HNSCC26_P1_pri_G10_S178_comb	Tumor/Malignant
HNSCC26_P1_pri_F06_S162_comb	Tumor/Malignant
HNSCC26_P11_R_LN_C03_S315_comb	Tumor/Malignant
HNSCC25_P19_LN_C10_S226_comb	CAF/Fibroblast
HNSCC26_P1_pri_C12_S132_comb	CAF/Fibroblast
HNSCC26_P11_R_LN_D09_S333_comb	Tumor/Malignant
HNSCC26_P11_R_LN_C08_S320_comb	Tumor/Malignant
HNSCC26_P11_R_LN_E11_S347_comb	Tumor/Malignant
HNSCC26_P11_R_LN_A04_S292_comb	Tumor/Malignant
HNSCC26_P11_R_LN_B04_S304_comb	Tumor/Malignant
HNSCC26_P1_pri_B06_S114_comb	CAF/Fibroblast
HNSCC26_P1_pri_D11_S143_comb	CAF/Fibroblast
HNSCC26_P1_pri_G02_S170_comb	Tumor/Malignant
HNSCC26_P1_pri_B02_S110_comb	CAF/Fibroblast
HNSCC25_P19_LN_D06_S234_comb	B/Plasma
HNSCC26_P1_pri_E03_S147_comb	Myeloid
HNSCC26_P11_R_LN_G06_S366_comb	Tumor/Malignant
HNSCC26_P11_R_LN_F12_S360_comb	Tumor/Malignant
HNSCC26_P11_R_LN_A06_S294_comb	Tumor/Malignant
HNSCC25_P19_LN_D03_S231_comb	Tumor/Malignant
HNSCC26_P11_R_LN_B09_S309_comb	Tumor/Malignant
HNSCC25_P19_LN_C06_S222_comb	Tumor/Malignant
HNSCC26_P1_pri_H09_S189_comb	Tumor/Malignant
HNSCC26_P11_R_LN_B07_S307_comb	Tumor/Malignant
HNSCC25_P19_LN_G11_S275_comb	B/Plasma
HNSCC25_P19_LN_H04_S280_comb	Tumor/Malignant
HNSCC26_P11_R_LN_D04_S328_comb	Tumor/Malignant
HNSCC26_P1_pri_D01_S133_comb	CAF/Fibroblast
HNSCC26_P11_R_LN_B05_S305_comb	Unknown
HNSCC26_P1_pri_H03_S183_comb	Tumor/Malignant
HNSCC25_P19_LN_H12_S288_comb	CAF/Fibroblast
HNSCC26_P11_R_LN_G09_S369_comb	CAF/Fibroblast
HNSCC26_P1_pri_H11_S191_comb	CAF/Fibroblast
HNSCC26_P11_R_LN_A09_S297_comb	Tumor/Malignant
HNSCC26_P1_pri_E07_S151_comb	Tumor/Malignant
HNSCC26_P1_pri_G01_S169_comb	Unknown
HNSCC25_P19_LN_D10_S238_comb	CAF/Fibroblast
HNSCC26_P1_pri_E09_S153_comb	Tumor/Malignant
HNSCC26_P11_R_LN_A01_S289_comb	Tumor/Malignant
HNSCC26_P1_pri_C01_S121_comb	Tumor/Malignant
HNSCC26_P1_pri_E06_S150_comb	Tumor/Malignant
HNSCC26_P11_R_LN_H06_S378_comb	Tumor/Malignant
HNSCC26_P11_R_LN_A11_S299_comb	Unknown
HNSCC26_P11_R_LN_D10_S334_comb	Tumor/Malignant
HNSCC26_P11_R_LN_C06_S318_comb	Unknown
HNSCC26_P1_pri_D12_S144_comb	Tumor/Malignant
HNSCC26_P1_pri_F07_S163_comb	Tumor/Malignant
HNSCC26_P1_pri_B09_S117_comb	Tumor/Malignant
HNSCC26_P11_R_LN_D02_S326_comb	Tumor/Malignant
HNSCC26_P11_R_LN_H03_S375_comb	CAF/Fibroblast
HNSCC25_P19_LN_B04_S208_comb	B/Plasma
HNSCC26_P1_pri_H01_S181_comb	CAF/Fibroblast
HNSCC26_P11_R_LN_A02_S290_comb	Tumor/Malignant
HNSCC26_P11_R_LN_G12_S372_comb	Unknown
HNSCC25_P19_LN_G10_S274_comb	Tumor/Malignant
HNSCC25_P19_LN_F05_S257_comb	Tumor/Malignant
HNSCC26_P1_pri_D04_S136_comb	Tumor/Malignant
HNSCC26_P11_R_LN_H09_S381_comb	Tumor/Malignant
HNSCC26_P11_R_LN_F11_S359_comb	CAF/Fibroblast
HNSCC26_P11_R_LN_E08_S344_comb	Tumor/Malignant
HNSCC25_P19_LN_B09_S213_comb	CAF/Fibroblast
HNSCC25_P19_LN_E02_S242_comb	CAF/Fibroblast
HNSCC26_P1_pri_C06_S126_comb	Tumor/Malignant
HNSCC26_P1_pri_H05_S185_comb	Tumor/Malignant
HNSCC25_P19_LN_A02_S194_comb	Tumor/Malignant
HNSCC26_P1_pri_F11_S167_comb	CAF/Fibroblast
HNSCC26_P1_pri_A01_S97_comb	Tumor/Malignant
HNSCC26_P11_R_LN_D01_S325_comb	Tumor/Malignant
HNSCC25_P19_LN_E05_S245_comb	Tumor/Malignant
HNSCC26_P11_R_LN_H02_S374_comb	Tumor/Malignant
HNSCC25_P19_LN_A10_S202_comb	CAF/Fibroblast
HNSCC25_P19_LN_C05_S221_comb	Tumor/Malignant
HNSCC26_P1_pri_A05_S101_comb	Tumor/Malignant
HNSCC26_P11_R_LN_C07_S319_comb	Unknown
HNSCC26_P11_R_LN_C09_S321_comb	Tumor/Malignant
HNSCC25_P19_LN_D05_S233_comb	B/Plasma
HNSCC25_P19_LN_H09_S285_comb	Tumor/Malignant
HNSCC25_P19_LN_E11_S251_comb	CAF/Fibroblast
HNSCC25_P19_LN_F09_S261_comb	Tumor/Malignant
HNSCC25_P19_LN_C09_S225_comb	B/Plasma
HNSCC22_P4_A12_S12_comb	Tumor/Malignant
HNSCC25_P1_pri_C02_S26_comb	Tumor/Malignant
HNSCC24_P13_R_LN_D09_S141_comb	CAF/Fibroblast
HNSCC22_P4_C04_S28_comb	Tumor/Malignant
HNSCC24_P13_R_LN_F03_S159_comb	CAF/Fibroblast
HNSCC25_P1_pri_B09_S21_comb	CAF/Fibroblast
HNSCC22_P4_B03_S15_comb	CAF/Fibroblast
HNSCC22_P2_pri_F01_S253_comb	CAF/Fibroblast
HNSCC22_P4_H06_S90_comb	CAF/Fibroblast
HNSCC22_P4_C05_S29_comb	Tumor/Malignant
HNSCC22_P4_H07_S91_comb	Tumor/Malignant
HNSCC24_P13_R_LN_B05_S113_comb	CAF/Fibroblast
HNSCC22_P4_D03_S39_comb	CAF/Fibroblast
HNSCC22_P2_pri_G06_S270_comb	CAF/Fibroblast
HNSCC25_P1_pri_C09_S33_comb	CAF/Fibroblast
HNSCC25_P1_pri_G11_S83_comb	Unknown
HNSCC25_P1_pri_G01_S73_comb	Tumor/Malignant
HNSCC24_P13_R_LN_F12_S168_comb	CAF/Fibroblast
HNSCC25_P1_pri_B05_S17_comb	Tumor/Malignant
HNSCC22_P4_C11_S35_comb	Myeloid
HNSCC24_P13_R_LN_A03_S99_comb	CAF/Fibroblast
HNSCC22_P4_G10_S82_comb	Tumor/Malignant
HNSCC24_P13_R_LN_E12_S156_comb	CAF/Fibroblast
HNSCC24_P25_L_LN_B12_S312_comb	Unknown
HNSCC22_P4_E06_S54_comb	Tumor/Malignant
HNSCC24_P13_R_LN_C09_S129_comb	CAF/Fibroblast
HNSCC22_P2_pri_F09_S261_comb	CAF/Fibroblast
HNSCC22_P4_H11_S95_comb	CAF/Fibroblast
HNSCC22_P4_E07_S55_comb	Tumor/Malignant
HNSCC22_P4_H10_S94_comb	Tumor/Malignant
HNSCC22_P2_pri_G08_S272_comb	CAF/Fibroblast
HNSCC25_P1_pri_H04_S88_comb	CAF/Fibroblast
HNSCC22_P2_pri_H04_S280_comb	CAF/Fibroblast
HNSCC25_P1_pri_C07_S31_comb	Unknown
HNSCC22_P4_F05_S65_comb	CAF/Fibroblast
HNSCC25_P1_pri_F01_S61_comb	Myeloid
HNSCC24_P25_L_LN_H11_S383_comb	CAF/Fibroblast
HNSCC24_P13_R_LN_D11_S143_comb	CAF/Fibroblast
HNSCC25_P1_pri_E10_S58_comb	CAF/Fibroblast
HNSCC25_P1_pri_A06_S6_comb	Tumor/Malignant
HNSCC22_P2_pri_B08_S212_comb	Myeloid
HNSCC25_P1_pri_C01_S25_comb	Tumor/Malignant
HNSCC24_P25_L_LN_D09_S333_comb	CAF/Fibroblast
HNSCC24_P13_R_LN_H06_S186_comb	CAF/Fibroblast
HNSCC24_P13_R_LN_C03_S123_comb	CAF/Fibroblast
HNSCC24_P13_R_LN_G01_S169_comb	CAF/Fibroblast
HNSCC22_P4_G07_S79_comb	CAF/Fibroblast
HNSCC22_P2_pri_H12_S288_comb	Myeloid
HNSCC22_P4_G03_S75_comb	Tumor/Malignant
HNSCC25_P1_pri_E04_S52_comb	Tumor/Malignant
HNSCC25_P1_pri_H05_S89_comb	Tumor/Malignant
HNSCC25_P1_pri_F12_S72_comb	Tumor/Malignant
HNSCC25_P1_pri_A09_S9_comb	Unknown
HNSCC24_P13_R_LN_A04_S100_comb	CAF/Fibroblast
HNSCC22_P4_G01_S73_comb	CAF/Fibroblast
HNSCC24_P13_R_LN_E03_S147_comb	CAF/Fibroblast
HNSCC22_P4_B02_S14_comb	Myeloid
HNSCC24_P13_R_LN_C02_S122_comb	CAF/Fibroblast
HNSCC22_P4_D10_S46_comb	Tumor/Malignant
HNSCC24_P13_R_LN_G06_S174_comb	CAF/Fibroblast
HNSCC25_P1_pri_E03_S51_comb	Tumor/Malignant
HNSCC24_P25_L_LN_G12_S372_comb	Myeloid
HNSCC22_P2_pri_D09_S237_comb	Myeloid
HNSCC24_P13_R_LN_B02_S110_comb	CAF/Fibroblast
HNSCC24_P13_R_LN_G02_S170_comb	CAF/Fibroblast
HNSCC24_P13_R_LN_F06_S162_comb	CAF/Fibroblast
HNSCC24_P13_R_LN_D01_S133_comb	CAF/Fibroblast
HNSCC24_P13_R_LN_A05_S101_comb	CAF/Fibroblast
HNSCC22_P4_H09_S93_comb	Tumor/Malignant
HNSCC25_P1_pri_A05_S5_comb	CAF/Fibroblast
HNSCC24_P25_L_LN_G05_S365_comb	Tumor/Malignant
HNSCC24_P13_R_LN_F08_S164_comb	CAF/Fibroblast
HNSCC24_P13_R_LN_A06_S102_comb	CAF/Fibroblast
HNSCC24_P13_R_LN_H02_S182_comb	CAF/Fibroblast
HNSCC24_P13_R_LN_C12_S132_comb	CAF/Fibroblast
HNSCC22_P4_C06_S30_comb	CAF/Fibroblast
HNSCC24_P25_L_LN_E06_S342_comb	Myeloid
HNSCC22_P4_D01_S37_comb	Tumor/Malignant
HNSCC22_P2_pri_A03_S195_comb	CAF/Fibroblast
HNSCC25_P1_pri_B04_S16_comb	Tumor/Malignant
HNSCC25_P1_pri_G06_S78_comb	CAF/Fibroblast
HNSCC25_P1_pri_B12_S24_comb	Tumor/Malignant
HNSCC25_P1_pri_E05_S53_comb	Tumor/Malignant
HNSCC24_P13_R_LN_D12_S144_comb	CAF/Fibroblast
HNSCC22_P4_C12_S36_comb	Myeloid
HNSCC25_P1_pri_H12_S96_comb	Tumor/Malignant
HNSCC22_P4_G11_S83_comb	Tumor/Malignant
HNSCC22_P2_pri_E02_S242_comb	CAF/Fibroblast
HNSCC24_P13_R_LN_C07_S127_comb	CAF/Fibroblast
HNSCC22_P4_B11_S23_comb	Tumor/Malignant
HNSCC22_P4_B05_S17_comb	Tumor/Malignant
HNSCC22_P2_pri_D01_S229_comb	Myeloid
HNSCC25_P1_pri_D12_S48_comb	CAF/Fibroblast
HNSCC24_P13_R_LN_F11_S167_comb	CAF/Fibroblast
HNSCC24_P13_R_LN_E02_S146_comb	CAF/Fibroblast
HNSCC25_P1_pri_A10_S10_comb	CAF/Fibroblast
HNSCC22_P2_pri_B12_S216_comb	Tumor/Malignant
HNSCC24_P13_R_LN_E04_S148_comb	CAF/Fibroblast
HNSCC24_P13_R_LN_E10_S154_comb	CAF/Fibroblast
HNSCC22_P4_H02_S86_comb	Tumor/Malignant
HNSCC25_P1_pri_F06_S66_comb	CAF/Fibroblast
HNSCC24_P25_L_LN_H06_S378_comb	Myeloid
HNSCC22_P4_B07_S19_comb	Tumor/Malignant
HNSCC22_P4_E12_S60_comb	CAF/Fibroblast
HNSCC22_P2_pri_H05_S281_comb	Myeloid
HNSCC24_P13_R_LN_H08_S188_comb	CAF/Fibroblast
HNSCC22_P2_pri_C09_S225_comb	Endothelial
HNSCC24_P13_R_LN_A02_S98_comb	CAF/Fibroblast
HNSCC25_P1_pri_G10_S82_comb	CAF/Fibroblast
HNSCC22_P4_A07_S7_comb	Tumor/Malignant
HNSCC25_P1_pri_F04_S64_comb	Tumor/Malignant
HNSCC24_P13_R_LN_A08_S104_comb	CAF/Fibroblast
HNSCC22_P2_pri_C07_S223_comb	Myeloid
HNSCC24_P13_R_LN_H07_S187_comb	CAF/Fibroblast
HNSCC24_P13_R_LN_G09_S177_comb	CAF/Fibroblast
HNSCC22_P2_pri_B03_S207_comb	CAF/Fibroblast
HNSCC22_P4_A09_S9_comb	Tumor/Malignant
HNSCC24_P13_R_LN_E07_S151_comb	CAF/Fibroblast
HNSCC24_P13_R_LN_E01_S145_comb	CAF/Fibroblast
HNSCC24_P13_R_LN_G10_S178_comb	CAF/Fibroblast
HNSCC24_P13_R_LN_A07_S103_comb	CAF/Fibroblast
HNSCC22_P4_B09_S21_comb	Tumor/Malignant
HNSCC22_P2_pri_E07_S247_comb	CAF/Fibroblast
HNSCC24_P13_R_LN_C01_S121_comb	CAF/Fibroblast
HNSCC22_P2_pri_D04_S232_comb	CAF/Fibroblast
HNSCC22_P2_pri_F03_S255_comb	Myeloid
HNSCC22_P4_F11_S71_comb	Tumor/Malignant
HNSCC22_P4_A04_S4_comb	CAF/Fibroblast
HNSCC22_P4_C08_S32_comb	Tumor/Malignant
HNSCC25_P1_pri_B07_S19_comb	Tumor/Malignant
HNSCC22_P4_D04_S40_comb	Tumor/Malignant
HNSCC24_P13_R_LN_D05_S137_comb	CAF/Fibroblast
HNSCC22_P2_pri_E10_S250_comb	CAF/Fibroblast
HNSCC22_P4_E08_S56_comb	Tumor/Malignant
HNSCC22_P4_F03_S63_comb	Tumor/Malignant
HNSCC22_P4_H12_S96_comb	Tumor/Malignant
HNSCC22_P4_D05_S41_comb	CAF/Fibroblast
HNSCC22_P4_E03_S51_comb	Tumor/Malignant
HNSCC24_P13_R_LN_B11_S119_comb	CAF/Fibroblast
HNSCC22_P4_D02_S38_comb	CAF/Fibroblast
HNSCC22_P4_E10_S58_comb	Tumor/Malignant
HNSCC25_P1_pri_H07_S91_comb	Tumor/Malignant
HNSCC22_P4_F07_S67_comb	Tumor/Malignant
HNSCC22_P4_D12_S48_comb	CAF/Fibroblast
HNSCC25_P1_pri_H09_S93_comb	CAF/Fibroblast
HNSCC24_P13_R_LN_D07_S139_comb	CAF/Fibroblast
HNSCC24_P13_R_LN_F05_S161_comb	CAF/Fibroblast
HNSCC22_P2_pri_E04_S244_comb	CAF/Fibroblast
HNSCC25_P1_pri_F08_S68_comb	Unknown
HNSCC22_P4_B06_S18_comb	CAF/Fibroblast
HNSCC25_P1_pri_F11_S71_comb	Tumor/Malignant
HNSCC22_P2_pri_G04_S268_comb	Myeloid
HNSCC22_P4_G02_S74_comb	Tumor/Malignant
HNSCC22_P2_pri_B09_S213_comb	Tumor/Malignant
HNSCC24_P13_R_LN_A09_S105_comb	CAF/Fibroblast
HNSCC24_P13_R_LN_B09_S117_comb	CAF/Fibroblast
HNSCC25_P1_pri_G08_S80_comb	Unknown
HNSCC22_P4_C10_S34_comb	CAF/Fibroblast
HNSCC22_P2_pri_G05_S269_comb	Myeloid
HNSCC24_P13_R_LN_D10_S142_comb	CAF/Fibroblast
HNSCC22_P4_H08_S92_comb	Tumor/Malignant
HNSCC24_P13_R_LN_F01_S157_comb	CAF/Fibroblast
HNSCC22_P4_E11_S59_comb	Tumor/Malignant
HNSCC25_P1_pri_A11_S11_comb	CAF/Fibroblast
HNSCC22_P2_pri_A05_S197_comb	CAF/Fibroblast
HNSCC22_P4_C03_S27_comb	Tumor/Malignant
HNSCC24_P13_R_LN_B03_S111_comb	CAF/Fibroblast
HNSCC25_P1_pri_H11_S95_comb	Tumor/Malignant
HNSCC22_P4_F09_S69_comb	Tumor/Malignant
HNSCC25_P1_pri_E11_S59_comb	Tumor/Malignant
HNSCC22_P2_pri_B06_S210_comb	Myeloid
HNSCC22_P4_A06_S6_comb	Myeloid
HNSCC24_P13_R_LN_H09_S189_comb	CAF/Fibroblast
HNSCC22_P4_A08_S8_comb	CAF/Fibroblast
HNSCC22_P2_pri_D11_S239_comb	Unknown
HNSCC22_P4_B08_S20_comb	Myeloid
HNSCC22_P4_F08_S68_comb	CAF/Fibroblast
HNSCC25_P1_pri_F02_S62_comb	CAF/Fibroblast
HNSCC22_P4_F06_S66_comb	Tumor/Malignant
HNSCC25_P1_pri_G12_S84_comb	Tumor/Malignant
HNSCC22_P4_G09_S81_comb	CAF/Fibroblast
HNSCC24_P13_R_LN_C11_S131_comb	CAF/Fibroblast
HNSCC22_P4_E09_S57_comb	Tumor/Malignant
HNSCC24_P13_R_LN_D06_S138_comb	CAF/Fibroblast
HNSCC25_P1_pri_F03_S63_comb	Tumor/Malignant
HNSCC24_P13_R_LN_B12_S120_comb	CAF/Fibroblast
HNSCC24_P13_R_LN_H01_S181_comb	CAF/Fibroblast
HNSCC24_P13_R_LN_A12_S108_comb	CAF/Fibroblast
HNSCC22_P4_D09_S45_comb	Tumor/Malignant
HNSCC22_P4_B12_S24_comb	Tumor/Malignant
HNSCC22_P4_F04_S64_comb	CAF/Fibroblast
HNSCC22_P4_A11_S11_comb	Tumor/Malignant
HNSCC25_P1_pri_F10_S70_comb	Unknown
HNSCC24_P13_R_LN_G07_S175_comb	CAF/Fibroblast
HNSCC22_P4_D08_S44_comb	Tumor/Malignant
HNSCC22_P2_pri_C01_S217_comb	CAF/Fibroblast
HNSCC22_P2_pri_H07_S283_comb	CAF/Fibroblast
HNSCC24_P13_R_LN_E08_S152_comb	CAF/Fibroblast
HNSCC22_P4_E02_S50_comb	Tumor/Malignant
HNSCC24_P13_R_LN_B06_S114_comb	CAF/Fibroblast
HNSCC24_P13_R_LN_E11_S155_comb	Myeloid
HNSCC24_P13_R_LN_B04_S112_comb	CAF/Fibroblast
HNSCC22_P4_D07_S43_comb	CAF/Fibroblast
HNSCC24_P13_R_LN_C08_S128_comb	CAF/Fibroblast
HNSCC25_P1_pri_G07_S79_comb	Tumor/Malignant
HNSCC22_P2_pri_C12_S228_comb	Unknown
HNSCC25_P1_pri_G03_S75_comb	Tumor/Malignant
HNSCC24_P13_R_LN_B07_S115_comb	CAF/Fibroblast
HNSCC24_P25_L_LN_G11_S371_comb	Unknown
HNSCC22_P2_pri_F11_S263_comb	CAF/Fibroblast
HNSCC22_P2_pri_C08_S224_comb	Myeloid
HNSCC22_P4_F01_S61_comb	Tumor/Malignant
HNSCC22_P2_pri_E09_S249_comb	Unknown
HNSCC22_P2_pri_B05_S209_comb	Myeloid
HNSCC22_P4_D11_S47_comb	Tumor/Malignant
HNSCC22_P2_pri_D07_S235_comb	Myeloid
HNSCC22_P4_C09_S33_comb	Tumor/Malignant
HNSCC25_P1_pri_G05_S77_comb	Tumor/Malignant
HNSCC22_P4_C07_S31_comb	Tumor/Malignant
HNSCC25_P1_pri_C03_S27_comb	Tumor/Malignant
HNSCC25_P1_pri_F05_S65_comb	Myeloid
HNSCC22_P4_H04_S88_comb	Tumor/Malignant
HNSCC22_P4_G05_S77_comb	Tumor/Malignant
HNSCC22_P4_B04_S16_comb	Myeloid
HNSCC24_P13_R_LN_A10_S106_comb	CAF/Fibroblast
HNSCC25_P1_pri_C10_S34_comb	CAF/Fibroblast
HNSCC22_P4_E04_S52_comb	CAF/Fibroblast
HNSCC22_P4_A03_S3_comb	Tumor/Malignant
HNSCC24_P13_R_LN_H04_S184_comb	CAF/Fibroblast
HNSCC22_P4_F02_S62_comb	Tumor/Malignant
HNSCC22_P4_F10_S70_comb	Tumor/Malignant
HNSCC24_P13_R_LN_F02_S158_comb	CAF/Fibroblast
HNSCC24_P13_R_LN_E05_S149_comb	CAF/Fibroblast
HNSCC24_P13_R_LN_E09_S153_comb	CAF/Fibroblast
HNSCC22_P2_pri_C03_S219_comb	CAF/Fibroblast
HNSCC24_P25_L_LN_E10_S346_comb	Unknown
HNSCC25_P1_pri_H01_S85_comb	Tumor/Malignant
HNSCC22_P2_pri_F08_S260_comb	Myeloid
HNSCC22_P4_B01_S13_comb	Tumor/Malignant
HNSCC25_P1_pri_E02_S50_comb	Tumor/Malignant
HNSCC22_P4_B10_S22_comb	Myeloid
HNSCC25_P1_pri_D03_S39_comb	Tumor/Malignant
HNSCC22_P2_pri_E11_S251_comb	CAF/Fibroblast
HNSCC24_P13_R_LN_G03_S171_comb	CAF/Fibroblast
HNSCC20_P15_LN_B04_S208_comb	Tumor/Malignant
HNSCC20_P15_LN_C10_S226_comb	Tumor/Malignant
HNSCC20_P15_LN_G05_S269_comb	Tumor/Malignant
HNSCC20_P15_LN_E01_S241_comb	Tumor/Malignant
HNSCC20_P15_LN_F01_S253_comb	Tumor/Malignant
HNSCC20_P15_LN_C03_S219_comb	Tumor/Malignant
HNSCC20_P15_LN_F04_S256_comb	Tumor/Malignant
HNSCC20_P15_LN_G03_S267_comb	Tumor/Malignant
HNSCC20_P15_LN_D04_S232_comb	Tumor/Malignant
HNSCC20_P15_LN_A10_S202_comb	Tumor/Malignant
HNSCC20_P15_LN_H04_S280_comb	Tumor/Malignant
HNSCC20_P5_pri_F10_S70_comb	CAF/Fibroblast
HNSCC20_P5_pri_F02_S62_comb	Tumor/Malignant
HNSCC20_P15_LN_A02_S194_comb	Tumor/Malignant
HNSCC20_P5_pri_E04_S52_comb	Tumor/Malignant
HNSCC20_P15_LN_E10_S250_comb	Tumor/Malignant
HNSCC20_P5_pri_H07_S91_comb	Tumor/Malignant
HNSCC20_P15_LN_G02_S266_comb	Tumor/Malignant
HNSCC20_P15_LN_E07_S247_comb	Tumor/Malignant
HNSCC20_P5_pri_D03_S39_comb	Tumor/Malignant
HNSCC20_P5_pri_G09_S81_comb	Tumor/Malignant
HNSCC20_P5_pri_H03_S87_comb	Tumor/Malignant
HNSCC20_P15_LN_D03_S231_comb	Tumor/Malignant
HNSCC20_P5_pri_B09_S21_comb	Tumor/Malignant
HNSCC20_P5_pri_G05_S77_comb	Tumor/Malignant
HNSCC20_P5_pri_D05_S41_comb	Tumor/Malignant
HNSCC20_P5_pri_C12_S36_comb	Tumor/Malignant
HNSCC20_P15_LN_D01_S229_comb	Tumor/Malignant
HNSCC20_P15_LN_D08_S236_comb	Tumor/Malignant
HNSCC20_P5_pri_D08_S44_comb	Tumor/Malignant
HNSCC20_P5_pri_G02_S74_comb	Tumor/Malignant
HNSCC20_P5_pri_B02_S14_comb	Tumor/Malignant
HNSCC20_P5_pri_C03_S27_comb	CAF/Fibroblast
HNSCC20_P15_LN_E09_S249_comb	Tumor/Malignant
HNSCC20_P15_LN_B12_S216_comb	Tumor/Malignant
HNSCC20_P5_pri_A09_S9_comb	Tumor/Malignant
HNSCC20_P15_LN_B10_S214_comb	Tumor/Malignant
HNSCC20_P5_pri_A07_S7_comb	Tumor/Malignant
HNSCC20_P15_LN_G12_S276_comb	Tumor/Malignant
HNSCC20_P5_pri_A08_S8_comb	Tumor/Malignant
HNSCC20_P15_LN_H01_S277_comb	Tumor/Malignant
HNSCC20_P5_pri_G04_S76_comb	Tumor/Malignant
HNSCC20_P5_pri_C02_S26_comb	Tumor/Malignant
HNSCC20_P5_pri_C06_S30_comb	Tumor/Malignant
HNSCC20_P5_pri_D04_S40_comb	Tumor/Malignant
HNSCC20_P5_pri_D12_S48_comb	Tumor/Malignant
HNSCC20_P15_LN_D07_S235_comb	Tumor/Malignant
HNSCC20_P15_LN_E05_S245_comb	Tumor/Malignant
HNSCC20_P5_pri_F01_S61_comb	Tumor/Malignant
HNSCC20_P15_LN_A12_S204_comb	Tumor/Malignant
HNSCC20_P5_pri_F05_S65_comb	Unknown
HNSCC20_P5_pri_B04_S16_comb	Unknown
HNSCC20_P15_LN_F05_S257_comb	Tumor/Malignant
HNSCC20_P15_LN_F07_S259_comb	Tumor/Malignant
HNSCC20_P5_pri_B07_S19_comb	Tumor/Malignant
HNSCC20_P15_LN_H11_S287_comb	Tumor/Malignant
HNSCC20_P15_LN_F08_S260_comb	Tumor/Malignant
HNSCC20_P5_pri_F11_S71_comb	CAF/Fibroblast
HNSCC20_P15_LN_A03_S195_comb	Tumor/Malignant
HNSCC20_P15_LN_H02_S278_comb	Tumor/Malignant
HNSCC20_P15_LN_B06_S210_comb	Unknown
HNSCC20_P15_LN_A06_S198_comb	Tumor/Malignant
HNSCC20_P15_LN_H10_S286_comb	Tumor/Malignant
HNSCC20_P5_pri_B11_S23_comb	Tumor/Malignant
HNSCC20_P5_pri_G06_S78_comb	Tumor/Malignant
HNSCC20_P15_LN_C09_S225_comb	Tumor/Malignant
HNSCC20_P5_pri_B03_S15_comb	CAF/Fibroblast
HNSCC20_P15_LN_H03_S279_comb	Tumor/Malignant
HNSCC20_P5_pri_F07_S67_comb	Tumor/Malignant
HNSCC20_P5_pri_D02_S38_comb	Tumor/Malignant
HNSCC20_P15_LN_G08_S272_comb	Tumor/Malignant
HNSCC20_P15_LN_D12_S240_comb	Tumor/Malignant
HNSCC20_P5_pri_C01_S25_comb	Tumor/Malignant
HNSCC20_P15_LN_A07_S199_comb	Tumor/Malignant
HNSCC20_P15_LN_F03_S255_comb	Tumor/Malignant
HNSCC20_P15_LN_H05_S281_comb	Tumor/Malignant
HNSCC20_P15_LN_A04_S196_comb	Tumor/Malignant
HNSCC20_P15_LN_D10_S238_comb	Tumor/Malignant
HNSCC20_P5_pri_D10_S46_comb	Tumor/Malignant
HNSCC20_P15_LN_B11_S215_comb	Tumor/Malignant
HNSCC20_P5_pri_E08_S56_comb	Tumor/Malignant
HNSCC20_P15_LN_A01_S193_comb	Tumor/Malignant
HNSCC20_P5_pri_C04_S28_comb	CAF/Fibroblast
HNSCC20_P15_LN_C04_S220_comb	Tumor/Malignant
HNSCC20_P15_LN_E06_S246_comb	Tumor/Malignant
HNSCC20_P15_LN_C01_S217_comb	Tumor/Malignant
HNSCC20_P5_pri_D06_S42_comb	Tumor/Malignant
HNSCC20_P5_pri_G11_S83_comb	Tumor/Malignant
HNSCC20_P15_LN_E08_S248_comb	Tumor/Malignant
HNSCC20_P15_LN_G01_S265_comb	Tumor/Malignant
HNSCC20_P15_LN_F12_S264_comb	Tumor/Malignant
HNSCC20_P15_LN_D06_S234_comb	Tumor/Malignant
HNSCC20_P15_LN_E12_S252_comb	Tumor/Malignant
HNSCC20_P5_pri_H05_S89_comb	Tumor/Malignant
HNSCC20_P15_LN_A05_S197_comb	Tumor/Malignant
HNSCC20_P5_pri_G08_S80_comb	CAF/Fibroblast
HNSCC20_P5_pri_E03_S51_comb	Tumor/Malignant
HNSCC20_P15_LN_C11_S227_comb	Tumor/Malignant
HNSCC20_P5_pri_E02_S50_comb	Unknown
HNSCC20_P5_pri_H09_S93_comb	Tumor/Malignant
HNSCC20_P5_pri_F08_S68_comb	Tumor/Malignant
HNSCC20_P15_LN_C06_S222_comb	Tumor/Malignant
HNSCC20_P5_pri_E06_S54_comb	Tumor/Malignant
HNSCC20_P15_LN_D09_S237_comb	Tumor/Malignant
HNSCC20_P5_pri_D07_S43_comb	Tumor/Malignant
HNSCC20_P5_pri_A12_S12_comb	CAF/Fibroblast
HNSCC20_P5_pri_C10_S34_comb	Tumor/Malignant
HNSCC20_P15_LN_C12_S228_comb	Tumor/Malignant
HNSCC20_P15_LN_C08_S224_comb	Tumor/Malignant
HNSCC20_P15_LN_F10_S262_comb	Tumor/Malignant
HNSCC20_P15_LN_D02_S230_comb	Tumor/Malignant
HNSCC20_P15_LN_G04_S268_comb	Tumor/Malignant
HNSCC20_P15_LN_H08_S284_comb	Tumor/Malignant
HNSCC20_P5_pri_E07_S55_comb	CAF/Fibroblast
HNSCC20_P5_pri_A01_S1_comb	Tumor/Malignant
HNSCC20_P15_LN_C05_S221_comb	Tumor/Malignant
HNSCC20_P5_pri_A04_S4_comb	Unknown
HNSCC20_P15_LN_E03_S243_comb	Tumor/Malignant
HNSCC20_P5_pri_A03_S3_comb	Tumor/Malignant
HNSCC20_P15_LN_B05_S209_comb	Tumor/Malignant
HNSCC20_P15_LN_G11_S275_comb	Tumor/Malignant
HNSCC20_P15_LN_B07_S211_comb	Tumor/Malignant
HNSCC20_P15_LN_A08_S200_comb	Tumor/Malignant
HNSCC20_P15_LN_G06_S270_comb	Tumor/Malignant
HNSCC20_P15_LN_F06_S258_comb	Tumor/Malignant
HNSCC20_P5_pri_G10_S82_comb	Unknown
HNSCC20_P15_LN_G07_S271_comb	Tumor/Malignant
HNSCC20_P15_LN_B01_S205_comb	Tumor/Malignant
HNSCC20_P15_LN_E02_S242_comb	Tumor/Malignant
HNSCC20_P5_pri_F06_S66_comb	Tumor/Malignant
HNSCC20_P5_pri_H11_S95_comb	Tumor/Malignant
HNSCC20_P5_pri_H04_S88_comb	Tumor/Malignant
HNSCC20_P5_pri_C07_S31_comb	Tumor/Malignant
HNSCC20_P15_LN_B08_S212_comb	Tumor/Malignant
HNSCC20_P5_pri_F04_S64_comb	Tumor/Malignant
HNSCC20_P5_pri_H01_S85_comb	CAF/Fibroblast
HNSCC20_P15_LN_E11_S251_comb	Tumor/Malignant
HNSCC20_P5_pri_H12_S96_comb	Tumor/Malignant
HNSCC20_P5_pri_G07_S79_comb	Endothelial
HNSCC20_P5_pri_B08_S20_comb	CAF/Fibroblast
HNSCC20_P5_pri_B12_S24_comb	Tumor/Malignant
HNSCC20_P5_pri_D09_S45_comb	Tumor/Malignant
HNSCC20_P15_LN_G09_S273_comb	Tumor/Malignant
HNSCC20_P15_LN_F11_S263_comb	Tumor/Malignant
HNSCC20_P15_LN_C02_S218_comb	Tumor/Malignant
HNSCC20_P15_LN_C07_S223_comb	Tumor/Malignant
HNSCC20_P15_LN_H09_S285_comb	Tumor/Malignant
HNSCC20_P5_pri_D01_S37_comb	Tumor/Malignant
HNSCC20_P15_LN_H06_S282_comb	Tumor/Malignant
HNSCC20_P5_pri_E09_S57_comb	Unknown
HNSCC20_P15_LN_G10_S274_comb	Tumor/Malignant
HNSCC20_P15_LN_H07_S283_comb	Tumor/Malignant
HNSCC20_P5_pri_A06_S6_comb	Tumor/Malignant
HNSCC20_P15_LN_B02_S206_comb	Tumor/Malignant
HNSCC20_P5_pri_B05_S17_comb	Tumor/Malignant
HNSCC20_P15_LN_A11_S203_comb	Tumor/Malignant
HNSCC20_P5_pri_D11_S47_comb	Tumor/Malignant
HNSCC20_P15_LN_D05_S233_comb	Tumor/Malignant
HNSCC20_P15_LN_H12_S288_comb	Tumor/Malignant
HNSCC20_P5_pri_E05_S53_comb	Tumor/Malignant
HNSCC20_P5_pri_E12_S60_comb	Tumor/Malignant
HNSCC20_P5_pri_G03_S75_comb	Tumor/Malignant
HNSCC20_P5_pri_B01_S13_comb	CAF/Fibroblast
HNSCC20_P5_pri_A11_S11_comb	Tumor/Malignant
HNSCC20_P15_LN_E04_S244_comb	Tumor/Malignant
HNSCC20_P15_LN_D11_S239_comb	Tumor/Malignant
HNSCC20_P12_E06_S342_comb	Tumor/Malignant
HNSCC20_P12_A03_S291_comb	Unknown
HNSCC20_P1_A01_S1_comb	Tumor/Malignant
HNSCC20_P1_H08_S92_comb	Tumor/Malignant
HNSCC20_P1_C12_S36_comb	Tumor/Malignant
HNSCC20_P2_G02_S170_comb	Tumor/Malignant
HNSCC20_P2_G12_S180_comb	Tumor/Malignant
HNSCC20_P11_E10_S250_comb	Tumor/Malignant
HNSCC20_P2_G07_S175_comb	Tumor/Malignant
HNSCC20_P11_C05_S221_comb	Tumor/Malignant
HNSCC20_P11_D07_S235_comb	Tumor/Malignant
HNSCC20_P11_F10_S262_comb	Tumor/Malignant
HNSCC20_P2_H02_S182_comb	Tumor/Malignant
HNSCC20_P11_D09_S237_comb	Tumor/Malignant
HNSCC20_P11_D10_S238_comb	Tumor/Malignant
HNSCC20_P1_C10_S34_comb	Tumor/Malignant
HNSCC20_P1_H04_S88_comb	Tumor/Malignant
HNSCC20_P11_B03_S207_comb	Tumor/Malignant
HNSCC20_P1_C09_S33_comb	Tumor/Malignant
HNSCC20_P1_F02_S62_comb	Tumor/Malignant
HNSCC20_P2_H05_S185_comb	Tumor/Malignant
HNSCC20_P2_F07_S163_comb	Tumor/Malignant
HNSCC20_P12_G11_S371_comb	Tumor/Malignant
HNSCC20_P11_A12_S204_comb	Tumor/Malignant
HNSCC20_P1_B11_S23_comb	Tumor/Malignant
HNSCC20_P1_E02_S50_comb	Tumor/Malignant
HNSCC20_P12_B04_S304_comb	Tumor/Malignant
HNSCC20_P11_A09_S201_comb	Tumor/Malignant
HNSCC20_P1_C04_S28_comb	Tumor/Malignant
HNSCC20_P2_D12_S144_comb	Tumor/Malignant
HNSCC20_P1_F08_S68_comb	Tumor/Malignant
HNSCC20_P12_G10_S370_comb	Tumor/Malignant
HNSCC20_P1_B08_S20_comb	Tumor/Malignant
HNSCC20_P11_H12_S288_comb	Tumor/Malignant
HNSCC20_P11_D12_S240_comb	Tumor/Malignant
HNSCC20_P2_F10_S166_comb	Tumor/Malignant
HNSCC20_P1_F05_S65_comb	Unknown
HNSCC20_P1_F12_S72_comb	Tumor/Malignant
HNSCC20_P12_C06_S318_comb	Tumor/Malignant
HNSCC20_P11_H08_S284_comb	Tumor/Malignant
HNSCC20_P2_F02_S158_comb	Tumor/Malignant
HNSCC20_P11_H07_S283_comb	Tumor/Malignant
HNSCC20_P12_A01_S289_comb	Tumor/Malignant
HNSCC20_P11_G03_S267_comb	Tumor/Malignant
HNSCC20_P11_F01_S253_comb	Tumor/Malignant
HNSCC20_P12_D03_S327_comb	Tumor/Malignant
HNSCC20_P11_C09_S225_comb	Tumor/Malignant
HNSCC20_P12_B03_S303_comb	Tumor/Malignant
HNSCC20_P1_G10_S82_comb	Tumor/Malignant
HNSCC20_P2_B08_S116_comb	Tumor/Malignant
HNSCC20_P1_G11_S83_comb	Tumor/Malignant
HNSCC20_P11_B11_S215_comb	Tumor/Malignant
HNSCC20_P12_D05_S329_comb	Tumor/Malignant
HNSCC20_P12_D01_S325_comb	Tumor/Malignant
HNSCC20_P11_C11_S227_comb	Tumor/Malignant
HNSCC20_P2_D11_S143_comb	Tumor/Malignant
HNSCC20_P2_E08_S152_comb	Tumor/Malignant
HNSCC20_P2_E06_S150_comb	Tumor/Malignant
HNSCC20_P2_F08_S164_comb	Tumor/Malignant
HNSCC20_P1_D07_S43_comb	Tumor/Malignant
HNSCC20_P2_A04_S100_comb	Tumor/Malignant
HNSCC20_P1_H07_S91_comb	Tumor/Malignant
HNSCC20_P12_B01_S301_comb	Tumor/Malignant
HNSCC20_P1_D02_S38_comb	Tumor/Malignant
HNSCC20_P11_H11_S287_comb	Tumor/Malignant
HNSCC20_P11_B06_S210_comb	Tumor/Malignant
HNSCC20_P2_B05_S113_comb	Tumor/Malignant
HNSCC20_P11_H05_S281_comb	Tumor/Malignant
HNSCC20_P11_A02_S194_comb	Tumor/Malignant
HNSCC20_P12_F02_S350_comb	Tumor/Malignant
HNSCC20_P2_C01_S121_comb	Tumor/Malignant
HNSCC20_P2_G05_S173_comb	Tumor/Malignant
HNSCC20_P1_G05_S77_comb	Tumor/Malignant
HNSCC20_P2_H12_S192_comb	Tumor/Malignant
HNSCC20_P11_F02_S254_comb	Tumor/Malignant
HNSCC20_P11_G04_S268_comb	Tumor/Malignant
HNSCC20_P12_F11_S359_comb	Tumor/Malignant
HNSCC20_P2_C02_S122_comb	Tumor/Malignant
HNSCC20_P2_H07_S187_comb	Tumor/Malignant
HNSCC20_P1_D05_S41_comb	Tumor/Malignant
HNSCC20_P1_E11_S59_comb	Tumor/Malignant
HNSCC20_P2_G06_S174_comb	Tumor/Malignant
HNSCC20_P2_G03_S171_comb	Tumor/Malignant
HNSCC20_P2_C10_S130_comb	Tumor/Malignant
HNSCC20_P12_D08_S332_comb	Tumor/Malignant
HNSCC20_P2_E03_S147_comb	Tumor/Malignant
HNSCC20_P12_E02_S338_comb	Tumor/Malignant
HNSCC20_P2_F11_S167_comb	Tumor/Malignant
HNSCC20_P1_A10_S10_comb	Tumor/Malignant
HNSCC20_P1_A09_S9_comb	Tumor/Malignant
HNSCC20_P2_B03_S111_comb	Tumor/Malignant
HNSCC20_P2_D09_S141_comb	Tumor/Malignant
HNSCC20_P2_G10_S178_comb	Unknown
HNSCC20_P12_A10_S298_comb	Tumor/Malignant
HNSCC20_P11_B05_S209_comb	Tumor/Malignant
HNSCC20_P2_E07_S151_comb	Tumor/Malignant
HNSCC20_P11_E02_S242_comb	Tumor/Malignant
HNSCC20_P2_D04_S136_comb	Tumor/Malignant
HNSCC20_P1_D03_S39_comb	Tumor/Malignant
HNSCC20_P2_F03_S159_comb	Tumor/Malignant
HNSCC20_P12_D12_S336_comb	Tumor/Malignant
HNSCC20_P12_A05_S293_comb	Tumor/Malignant
HNSCC20_P11_H04_S280_comb	CAF/Fibroblast
HNSCC20_P2_B06_S114_comb	Tumor/Malignant
HNSCC20_P2_H03_S183_comb	Tumor/Malignant
HNSCC20_P11_A03_S195_comb	Tumor/Malignant
HNSCC20_P1_C05_S29_comb	Tumor/Malignant
HNSCC20_P12_D11_S335_comb	Tumor/Malignant
HNSCC20_P11_A04_S196_comb	Tumor/Malignant
HNSCC20_P2_D10_S142_comb	Tumor/Malignant
HNSCC20_P2_D01_S133_comb	Tumor/Malignant
HNSCC20_P1_D12_S48_comb	Tumor/Malignant
HNSCC20_P2_C06_S126_comb	Tumor/Malignant
HNSCC20_P1_E10_S58_comb	Tumor/Malignant
HNSCC20_P11_G11_S275_comb	Tumor/Malignant
HNSCC20_P11_G12_S276_comb	Tumor/Malignant
HNSCC20_P12_E10_S346_comb	Tumor/Malignant
HNSCC20_P2_E02_S146_comb	Tumor/Malignant
HNSCC20_P2_C08_S128_comb	Tumor/Malignant
HNSCC20_P12_B10_S310_comb	Tumor/Malignant
HNSCC20_P11_H10_S286_comb	Tumor/Malignant
HNSCC20_P1_F04_S64_comb	Tumor/Malignant
HNSCC20_P12_E05_S341_comb	Tumor/Malignant
HNSCC20_P12_H11_S383_comb	Tumor/Malignant
HNSCC20_P1_A03_S3_comb	Tumor/Malignant
HNSCC20_P12_D09_S333_comb	Tumor/Malignant
HNSCC20_P11_C02_S218_comb	Tumor/Malignant
HNSCC20_P12_E04_S340_comb	Tumor/Malignant
HNSCC20_P11_G09_S273_comb	Tumor/Malignant
HNSCC20_P2_E10_S154_comb	Tumor/Malignant
HNSCC20_P2_C04_S124_comb	Tumor/Malignant
HNSCC20_P12_E11_S347_comb	Tumor/Malignant
HNSCC20_P12_H05_S377_comb	Tumor/Malignant
HNSCC20_P12_E03_S339_comb	Tumor/Malignant
HNSCC20_P1_D06_S42_comb	Tumor/Malignant
HNSCC20_P2_F06_S162_comb	Tumor/Malignant
HNSCC20_P12_H09_S381_comb	Tumor/Malignant
HNSCC20_P11_C03_S219_comb	Tumor/Malignant
HNSCC20_P12_F04_S352_comb	Tumor/Malignant
HNSCC20_P11_E09_S249_comb	Tumor/Malignant
HNSCC20_P1_H03_S87_comb	Tumor/Malignant
HNSCC20_P12_D04_S328_comb	Tumor/Malignant
HNSCC20_P2_A03_S99_comb	Tumor/Malignant
HNSCC20_P1_B10_S22_comb	Tumor/Malignant
HNSCC20_P2_F01_S157_comb	Tumor/Malignant
HNSCC20_P1_H02_S86_comb	Tumor/Malignant
HNSCC20_P1_A12_S12_comb	CAF/Fibroblast
HNSCC20_P1_A06_S6_comb	Tumor/Malignant
HNSCC20_P1_F10_S70_comb	Tumor/Malignant
HNSCC20_P2_A08_S104_comb	Tumor/Malignant
HNSCC20_P1_G09_S81_comb	Tumor/Malignant
HNSCC20_P11_H06_S282_comb	Tumor/Malignant
HNSCC20_P11_G10_S274_comb	Tumor/Malignant
HNSCC20_P11_A01_S193_comb	Tumor/Malignant
HNSCC20_P1_B02_S14_comb	Tumor/Malignant
HNSCC20_P11_D06_S234_comb	Tumor/Malignant
HNSCC20_P1_D01_S37_comb	Tumor/Malignant
HNSCC20_P2_B02_S110_comb	Tumor/Malignant
HNSCC20_P11_B09_S213_comb	Tumor/Malignant
HNSCC20_P1_H11_S95_comb	Tumor/Malignant
HNSCC20_P1_G07_S79_comb	Tumor/Malignant
HNSCC20_P12_E08_S344_comb	Tumor/Malignant
HNSCC20_P2_A05_S101_comb	Tumor/Malignant
HNSCC20_P2_A07_S103_comb	Tumor/Malignant
HNSCC20_P2_B11_S119_comb	Tumor/Malignant
HNSCC20_P11_C07_S223_comb	Tumor/Malignant
HNSCC20_P12_F08_S356_comb	Tumor/Malignant
HNSCC20_P11_G08_S272_comb	Tumor/Malignant
HNSCC20_P11_F09_S261_comb	Tumor/Malignant
HNSCC20_P2_C03_S123_comb	Tumor/Malignant
HNSCC20_P2_D07_S139_comb	Tumor/Malignant
HNSCC20_P12_B07_S307_comb	Tumor/Malignant
HNSCC20_P1_G02_S74_comb	Tumor/Malignant
HNSCC20_P12_G02_S362_comb	Unknown
HNSCC20_P12_G07_S367_comb	Tumor/Malignant
HNSCC20_P12_H01_S373_comb	Tumor/Malignant
HNSCC20_P1_C08_S32_comb	Tumor/Malignant
HNSCC20_P2_C09_S129_comb	Tumor/Malignant
HNSCC20_P12_H02_S374_comb	Tumor/Malignant
HNSCC20_P1_E05_S53_comb	Tumor/Malignant
HNSCC20_P1_B09_S21_comb	Tumor/Malignant
HNSCC20_P11_B08_S212_comb	Tumor/Malignant
HNSCC20_P12_F05_S353_comb	Tumor/Malignant
HNSCC20_P11_G05_S269_comb	Tumor/Malignant
HNSCC20_P1_G12_S84_comb	Tumor/Malignant
HNSCC20_P1_B01_S13_comb	Tumor/Malignant
HNSCC20_P1_D08_S44_comb	Tumor/Malignant
HNSCC20_P11_E03_S243_comb	Tumor/Malignant
HNSCC20_P1_A05_S5_comb	Tumor/Malignant
HNSCC20_P12_H10_S382_comb	Tumor/Malignant
HNSCC20_P11_E07_S247_comb	Tumor/Malignant
HNSCC20_P12_E12_S348_comb	Tumor/Malignant
HNSCC20_P1_H06_S90_comb	Tumor/Malignant
HNSCC20_P1_B06_S18_comb	Tumor/Malignant
HNSCC20_P12_G01_S361_comb	Tumor/Malignant
HNSCC20_P11_B01_S205_comb	Tumor/Malignant
HNSCC20_P1_E08_S56_comb	Tumor/Malignant
HNSCC20_P12_B09_S309_comb	Tumor/Malignant
HNSCC20_P11_D08_S236_comb	Tumor/Malignant
HNSCC20_P11_A06_S198_comb	Tumor/Malignant
HNSCC20_P2_A02_S98_comb	Tumor/Malignant
HNSCC20_P2_B01_S109_comb	Tumor/Malignant
HNSCC20_P1_B04_S16_comb	Tumor/Malignant
HNSCC20_P1_C11_S35_comb	Tumor/Malignant
HNSCC20_P11_D02_S230_comb	Tumor/Malignant
HNSCC20_P12_C12_S324_comb	Tumor/Malignant
HNSCC20_P11_E04_S244_comb	Tumor/Malignant
HNSCC20_P1_H10_S94_comb	Tumor/Malignant
HNSCC20_P12_G12_S372_comb	Tumor/Malignant
HNSCC20_P2_C05_S125_comb	Tumor/Malignant
HNSCC20_P11_C06_S222_comb	Tumor/Malignant
HNSCC20_P11_D11_S239_comb	Tumor/Malignant
HNSCC20_P2_H10_S190_comb	Tumor/Malignant
HNSCC20_P1_G01_S73_comb	Tumor/Malignant
HNSCC20_P12_D06_S330_comb	Tumor/Malignant
HNSCC20_P12_A11_S299_comb	Tumor/Malignant
HNSCC20_P1_H01_S85_comb	Tumor/Malignant
HNSCC20_P1_A04_S4_comb	Tumor/Malignant
HNSCC20_P11_F05_S257_comb	Tumor/Malignant
HNSCC20_P2_B07_S115_comb	Tumor/Malignant
HNSCC20_P11_H02_S278_comb	Tumor/Malignant
HNSCC20_P1_A11_S11_comb	Tumor/Malignant
HNSCC20_P12_A12_S300_comb	Tumor/Malignant
HNSCC20_P11_E11_S251_comb	Tumor/Malignant
HNSCC20_P1_D09_S45_comb	Tumor/Malignant
HNSCC20_P1_B05_S17_comb	Tumor/Malignant
HNSCC20_P11_E01_S241_comb	Tumor/Malignant
HNSCC20_P1_D10_S46_comb	Tumor/Malignant
HNSCC20_P1_G08_S80_comb	Tumor/Malignant
HNSCC20_P1_C03_S27_comb	Tumor/Malignant
HNSCC20_P2_C07_S127_comb	Tumor/Malignant
HNSCC20_P2_G01_S169_comb	Tumor/Malignant
HNSCC20_P11_E06_S246_comb	Tumor/Malignant
HNSCC20_P12_C05_S317_comb	Tumor/Malignant
HNSCC20_P1_E04_S52_comb	Tumor/Malignant
HNSCC20_P2_H09_S189_comb	Tumor/Malignant
HNSCC20_P1_F09_S69_comb	Tumor/Malignant
HNSCC20_P1_D11_S47_comb	Tumor/Malignant
HNSCC20_P2_H08_S188_comb	Tumor/Malignant
HNSCC20_P12_A08_S296_comb	Tumor/Malignant
HNSCC20_P2_G04_S172_comb	Tumor/Malignant
HNSCC20_P11_F08_S260_comb	Tumor/Malignant
HNSCC20_P12_F10_S358_comb	Tumor/Malignant
HNSCC20_P2_F04_S160_comb	Tumor/Malignant
HNSCC20_P11_F06_S258_comb	Tumor/Malignant
HNSCC20_P2_C12_S132_comb	Tumor/Malignant
HNSCC20_P1_G06_S78_comb	Tumor/Malignant
HNSCC20_P12_B06_S306_comb	Tumor/Malignant
HNSCC20_P12_H07_S379_comb	Tumor/Malignant
HNSCC20_P2_A10_S106_comb	Tumor/Malignant
HNSCC20_P12_H03_S375_comb	Tumor/Malignant
HNSCC20_P2_F05_S161_comb	Tumor/Malignant
HNSCC20_P2_E05_S149_comb	Tumor/Malignant
HNSCC20_P11_F04_S256_comb	Tumor/Malignant
HNSCC20_P2_E12_S156_comb	Tumor/Malignant
HNSCC20_P12_B02_S302_comb	Tumor/Malignant
HNSCC20_P12_A04_S292_comb	Tumor/Malignant
HNSCC20_P12_A09_S297_comb	Tumor/Malignant
HNSCC20_P11_A10_S202_comb	Tumor/Malignant
HNSCC20_P11_B04_S208_comb	Tumor/Malignant
HNSCC20_P12_G04_S364_comb	Tumor/Malignant
HNSCC20_P2_B10_S118_comb	Tumor/Malignant
HNSCC20_P2_H06_S186_comb	Unknown
HNSCC20_P12_H04_S376_comb	Tumor/Malignant
HNSCC20_P12_B08_S308_comb	Tumor/Malignant
HNSCC20_P1_C02_S26_comb	Tumor/Malignant
HNSCC20_P1_E12_S60_comb	Tumor/Malignant
HNSCC20_P11_F07_S259_comb	Tumor/Malignant
HNSCC20_P11_F11_S263_comb	Tumor/Malignant
HNSCC20_P11_B12_S216_comb	Tumor/Malignant
HNSCC20_P11_A11_S203_comb	Tumor/Malignant
HNSCC20_P2_F09_S165_comb	Tumor/Malignant
HNSCC20_P1_B12_S24_comb	Tumor/Malignant
HNSCC20_P2_A01_S97_comb	Tumor/Malignant
HNSCC20_P12_C10_S322_comb	Tumor/Malignant
HNSCC20_P1_C07_S31_comb	Tumor/Malignant
HNSCC20_P2_B12_S120_comb	Tumor/Malignant
HNSCC20_P11_B10_S214_comb	Tumor/Malignant
HNSCC20_P1_E03_S51_comb	Tumor/Malignant
HNSCC20_P2_D03_S135_comb	Tumor/Malignant
HNSCC20_P11_G06_S270_comb	Tumor/Malignant
HNSCC20_P12_A07_S295_comb	Tumor/Malignant
HNSCC20_P2_G11_S179_comb	Tumor/Malignant
HNSCC20_P12_E09_S345_comb	Tumor/Malignant
HNSCC20_P1_A07_S7_comb	Tumor/Malignant
HNSCC20_P1_F03_S63_comb	Tumor/Malignant
HNSCC20_P12_A06_S294_comb	Tumor/Malignant
HNSCC20_P11_C08_S224_comb	Tumor/Malignant
HNSCC20_P11_A08_S200_comb	Tumor/Malignant
HNSCC20_P12_C04_S316_comb	Tumor/Malignant
HNSCC20_P12_E01_S337_comb	Tumor/Malignant
HNSCC20_P2_B04_S112_comb	Tumor/Malignant
HNSCC20_P1_E09_S57_comb	Tumor/Malignant
HNSCC20_P2_B09_S117_comb	Tumor/Malignant
HNSCC20_P1_A08_S8_comb	Tumor/Malignant
HNSCC20_P2_D02_S134_comb	Tumor/Malignant
HNSCC20_P11_F03_S255_comb	Tumor/Malignant
HNSCC20_P11_C10_S226_comb	Tumor/Malignant
HNSCC20_P12_A02_S290_comb	Tumor/Malignant
HNSCC20_P1_E06_S54_comb	Tumor/Malignant
HNSCC20_P12_C02_S314_comb	Tumor/Malignant
HNSCC20_P11_E05_S245_comb	Tumor/Malignant
HNSCC20_P12_F09_S357_comb	Tumor/Malignant
HNSCC20_P12_B11_S311_comb	Tumor/Malignant
HNSCC20_P12_B12_S312_comb	Tumor/Malignant
HNSCC20_P11_E08_S248_comb	Tumor/Malignant
HNSCC20_P11_H03_S279_comb	Tumor/Malignant
HNSCC20_P12_G09_S369_comb	Tumor/Malignant
HNSCC20_P2_F12_S168_comb	Tumor/Malignant
HNSCC20_P11_C12_S228_comb	Tumor/Malignant
HNSCC20_P11_H09_S285_comb	Tumor/Malignant
HNSCC20_P12_G03_S363_comb	Tumor/Malignant
HNSCC20_P12_F03_S351_comb	Tumor/Malignant
HNSCC20_P2_D05_S137_comb	Tumor/Malignant
HNSCC20_P2_E11_S155_comb	Tumor/Malignant
HNSCC20_P1_F11_S71_comb	Tumor/Malignant
HNSCC20_P12_F12_S360_comb	Tumor/Malignant
HNSCC20_P11_G07_S271_comb	Tumor/Malignant
HNSCC20_P1_B03_S15_comb	Tumor/Malignant
HNSCC20_P1_A02_S2_comb	Tumor/Malignant
HNSCC20_P2_H01_S181_comb	Tumor/Malignant
HNSCC20_P2_D08_S140_comb	Tumor/Malignant
HNSCC20_P12_C11_S323_comb	Tumor/Malignant
HNSCC20_P1_B07_S19_comb	Tumor/Malignant
HNSCC20_P1_H09_S93_comb	Tumor/Malignant
HNSCC20_P11_H01_S277_comb	Tumor/Malignant
HNSCC20_P2_C11_S131_comb	Tumor/Malignant
HNSCC20_P11_E12_S252_comb	Tumor/Malignant
HNSCC20_P12_G08_S368_comb	Tumor/Malignant
HNSCC20_P12_D02_S326_comb	Tumor/Malignant
HNSCC20_P12_C03_S315_comb	Tumor/Malignant
HNSCC20_P11_B02_S206_comb	Tumor/Malignant
HNSCC20_P11_A07_S199_comb	Tumor/Malignant
HNSCC20_P12_H06_S378_comb	Tumor/Malignant
HNSCC20_P1_E07_S55_comb	Tumor/Malignant
HNSCC20_P2_E04_S148_comb	Tumor/Malignant
HNSCC20_P2_D06_S138_comb	Tumor/Malignant
HNSCC20_P12_C09_S321_comb	Tumor/Malignant
HNSCC20_P11_G02_S266_comb	Tumor/Malignant
HNSCC20_P1_G04_S76_comb	Tumor/Malignant
HNSCC20_P12_H12_S384_comb	Tumor/Malignant
HNSCC20_P12_C07_S319_comb	Tumor/Malignant
HNSCC20_P11_G01_S265_comb	Tumor/Malignant
HNSCC20_P12_D07_S331_comb	Tumor/Malignant
HNSCC20_P12_D10_S334_comb	Tumor/Malignant
HNSCC20_P1_H12_S96_comb	Tumor/Malignant
HNSCC20_P2_A06_S102_comb	Tumor/Malignant
HNSCC20_P1_C01_S25_comb	Tumor/Malignant
HNSCC20_P12_F07_S355_comb	Tumor/Malignant
HNSCC20_P12_H08_S380_comb	Tumor/Malignant
HNSCC20_P1_C06_S30_comb	Tumor/Malignant
HNSCC18_P2_A04_S100_comb	Tumor/Malignant
HNSCC17_P7_A02_S98_comb	CAF/Fibroblast
HNSCC18_P7_H05_S185_comb	Tumor/Malignant
HNSCC18_P3_D04_S328_comb	Tumor/Malignant
HNSCC18_P16_A08_S200_comb	T/NK
HNSCC18_P3_D05_S329_comb	Tumor/Malignant
HNSCC_17_P10_G09_S273_comb	T/NK
HNSCC18_P3_E11_S347_comb	Tumor/Malignant
HNSCC16_P2_B04_S16_comb	Endothelial
HNSCC17_P13_G02_S362_comb	T/NK
HNSCC18_P2_A11_S107_comb	Tumor/Malignant
HNSCC17_P13_C05_S317_comb	T/NK
HNSCC18_P16_B11_S215_comb	T/NK
HNSCC18_P3_B10_S310_comb	Tumor/Malignant
HNSCC17_P3_D01_S229_comb	Tumor/Malignant
HNSCC17_P13_A09_S297_comb	Myeloid
HNSCC17_P2_C01_S25_comb	Tumor/Malignant
HNSCC16_P9_F09_S261_comb	T/NK
HNSCC16_P9_D05_S233_comb	T/NK
HNSCC18_P15_C09_S33_comb	T/NK
HNSCC18_P16_F10_S262_comb	T/NK
HNSCC17_P3_D04_S232_comb	Tumor/Malignant
HNSCC18_P7_E03_S147_comb	CAF/Fibroblast
HNSCC_17_P9_E08_S56_comb	T/NK
HNSCC16_P2_A12_S12_comb	CAF/Fibroblast
HNSCC16_P2_H07_S91_comb	CAF/Fibroblast
HNSCC16_P9_G01_S265_comb	T/NK
HNSCC18_P13_C10_S322_comb	T/NK
HNSCC17_P3_E03_S243_comb	Tumor/Malignant
HNSCC18_P7_A03_S99_comb	Endothelial
HNSCC16_P9_C09_S225_comb	T/NK
HNSCC16_P2_D10_S46_comb	CAF/Fibroblast
HNSCC18_P15_A10_S10_comb	T/NK
HNSCC18_P15_H09_S93_comb	T/NK
HNSCC_17_P10_F06_S258_comb	T/NK
HNSCC_17_P9_H08_S92_comb	T/NK
HNSCC17_P3_B08_S212_comb	Tumor/Malignant
HNSCC16_P2_D08_S44_comb	CAF/Fibroblast
HNSCC18_P3_H08_S380_comb	Tumor/Malignant
HNSCC18_P13_F05_S353_comb	T/NK
HNSCC16_P9_G12_S276_comb	T/NK
HNSCC18_P15_C05_S29_comb	T/NK
HNSCC18_P16_E11_S251_comb	T/NK
HNSCC_17_P9_F12_S72_comb	T/NK
HNSCC18_P2_G12_S180_comb	Tumor/Malignant
HNSCC_17_P10_E02_S242_comb	T/NK
HNSCC16_P2_D03_S39_comb	Endothelial
HNSCC18_P3_F11_S359_comb	Unknown
HNSCC_17_P9_F04_S64_comb	T/NK
HNSCC17_P7_B09_S117_comb	Endothelial
HNSCC_17_P10_D05_S233_comb	T/NK
HNSCC18_P7_E11_S155_comb	Tumor/Malignant
HNSCC16_P9_B09_S213_comb	T/NK
HNSCC18_P2_E11_S155_comb	Tumor/Malignant
HNSCC18_P3_A08_S296_comb	Tumor/Malignant
HNSCC16_P2_F01_S61_comb	CAF/Fibroblast
HNSCC18_P16_G09_S273_comb	T/NK
HNSCC17_P13_F10_S358_comb	Myeloid
HNSCC17_P2_D01_S37_comb	Tumor/Malignant
HNSCC18_P2_F04_S160_comb	Unknown
HNSCC17_P2_A05_S5_comb	Tumor/Malignant
HNSCC18_P7_H11_S191_comb	Tumor/Malignant
HNSCC18_P3_D01_S325_comb	Tumor/Malignant
HNSCC18_P13_C01_S313_comb	B/Plasma
HNSCC17_P2_G07_S79_comb	Tumor/Malignant
HNSCC18_P3_E03_S339_comb	Unknown
HNSCC_17_P10_G01_S265_comb	T/NK
HNSCC17_P7_D04_S136_comb	CAF/Fibroblast
HNSCC18_P2_A01_S97_comb	Unknown
HNSCC18_P16_A04_S196_comb	T/NK
HNSCC_17_P9_A07_S7_comb	T/NK
HNSCC18_P13_E08_S344_comb	Myeloid
HNSCC16_P2_G01_S73_comb	Endothelial
HNSCC17_P13_D03_S327_comb	Myeloid
HNSCC17_P7_F02_S158_comb	CAF/Fibroblast
HNSCC17_P2_F08_S68_comb	Tumor/Malignant
HNSCC17_P2_E03_S51_comb	Tumor/Malignant
HNSCC17_P2_C06_S30_comb	Tumor/Malignant
HNSCC17_P2_C09_S33_comb	Tumor/Malignant
HNSCC18_P3_H12_S384_comb	Tumor/Malignant
HNSCC18_P3_G01_S361_comb	Unknown
HNSCC16_P2_C09_S33_comb	CAF/Fibroblast
HNSCC16_P2_F10_S70_comb	Endothelial
HNSCC16_P2_G08_S80_comb	Endothelial
HNSCC18_P3_G05_S365_comb	Unknown
HNSCC18_P13_E12_S348_comb	T/NK
HNSCC18_P3_G12_S372_comb	CAF/Fibroblast
HNSCC17_P3_A12_S204_comb	Tumor/Malignant
HNSCC18_P3_D09_S333_comb	Unknown
HNSCC17_P2_A04_S4_comb	Tumor/Malignant
HNSCC18_P3_D03_S327_comb	Tumor/Malignant
HNSCC17_P2_C07_S31_comb	Tumor/Malignant
HNSCC_17_P10_E05_S245_comb	T/NK
HNSCC17_P3_C04_S220_comb	Tumor/Malignant
HNSCC16_P2_B06_S18_comb	Endothelial
HNSCC18_P13_F03_S351_comb	T/NK
HNSCC17_P3_B07_S211_comb	Tumor/Malignant
HNSCC18_P3_A02_S290_comb	Myeloid
HNSCC_17_P9_D09_S45_comb	T/NK
HNSCC18_P7_E09_S153_comb	CAF/Fibroblast
HNSCC18_P3_F06_S354_comb	Unknown
HNSCC_17_P9_F06_S66_comb	T/NK
HNSCC18_P13_B02_S302_comb	T/NK
HNSCC16_P2_A06_S6_comb	CAF/Fibroblast
HNSCC17_P13_H10_S382_comb	T/NK
HNSCC17_P3_D03_S231_comb	Tumor/Malignant
HNSCC17_P3_C01_S217_comb	Tumor/Malignant
HNSCC16_P9_H06_S282_comb	CAF/Fibroblast
HNSCC18_P2_A03_S99_comb	Tumor/Malignant
HNSCC17_P7_C12_S132_comb	CAF/Fibroblast
HNSCC18_P2_C09_S129_comb	Unknown
HNSCC_17_P10_D09_S237_comb	T/NK
HNSCC17_P7_D05_S137_comb	CAF/Fibroblast
HNSCC_17_P10_A05_S197_comb	T/NK
HNSCC17_P2_B03_S15_comb	Tumor/Malignant
HNSCC17_P3_C11_S227_comb	Tumor/Malignant
HNSCC18_P13_F09_S357_comb	T/NK
HNSCC17_P7_G03_S171_comb	CAF/Fibroblast
HNSCC16_P9_H10_S286_comb	Endothelial
HNSCC16_P9_B11_S215_comb	T/NK
HNSCC_17_P10_C06_S222_comb	T/NK
HNSCC_17_P10_B02_S206_comb	T/NK
HNSCC_17_P9_F07_S67_comb	T/NK
HNSCC17_P7_H01_S181_comb	Tumor/Malignant
HNSCC_17_P10_D10_S238_comb	T/NK
HNSCC17_P3_E12_S252_comb	Tumor/Malignant
HNSCC17_P2_C11_S35_comb	Tumor/Malignant
HNSCC_17_P10_B04_S208_comb	T/NK
HNSCC18_P13_H08_S380_comb	T/NK
HNSCC16_P2_G07_S79_comb	CAF/Fibroblast
HNSCC16_P2_C12_S36_comb	CAF/Fibroblast
HNSCC17_P3_B10_S214_comb	Tumor/Malignant
HNSCC_17_P10_C04_S220_comb	T/NK
HNSCC16_P9_E06_S246_comb	T/NK
HNSCC17_P2_C03_S27_comb	Tumor/Malignant
HNSCC16_P9_H12_S288_comb	Unknown
HNSCC_17_P9_C03_S27_comb	T/NK
HNSCC18_P16_D07_S235_comb	T/NK
HNSCC_17_P9_B04_S16_comb	T/NK
HNSCC_17_P10_B11_S215_comb	T/NK
HNSCC18_P13_G04_S364_comb	Tumor/Malignant
HNSCC16_P2_C02_S26_comb	Endothelial
HNSCC_17_P9_H05_S89_comb	T/NK
HNSCC17_P2_H07_S91_comb	Tumor/Malignant
HNSCC_17_P9_D10_S46_comb	T/NK
HNSCC18_P15_E06_S54_comb	T/NK
HNSCC17_P3_H02_S278_comb	Tumor/Malignant
HNSCC18_P7_C10_S130_comb	Unknown
HNSCC18_P7_G04_S172_comb	CAF/Fibroblast
HNSCC18_P13_G08_S368_comb	B/Plasma
HNSCC_17_P9_C06_S30_comb	T/NK
HNSCC17_P2_F11_S71_comb	Tumor/Malignant
HNSCC_17_P10_G12_S276_comb	T/NK
HNSCC18_P16_E09_S249_comb	T/NK
HNSCC_17_P10_F11_S263_comb	T/NK
HNSCC17_P3_H10_S286_comb	Tumor/Malignant
HNSCC16_P2_A08_S8_comb	CAF/Fibroblast
HNSCC18_P7_G09_S177_comb	Myeloid
HNSCC16_P9_A04_S196_comb	T/NK
HNSCC17_P7_E02_S146_comb	Endothelial
HNSCC16_P9_F07_S259_comb	T/NK
HNSCC18_P7_C11_S131_comb	CAF/Fibroblast
HNSCC17_P2_B05_S17_comb	Tumor/Malignant
HNSCC17_P7_A05_S101_comb	Endothelial
HNSCC18_P15_D01_S37_comb	T/NK
HNSCC18_P13_F10_S358_comb	Unknown
HNSCC17_P7_A10_S106_comb	CAF/Fibroblast
HNSCC17_P3_A04_S196_comb	Unknown
HNSCC18_P13_D11_S335_comb	T/NK
HNSCC16_P2_A03_S3_comb	CAF/Fibroblast
HNSCC18_P15_B10_S22_comb	T/NK
HNSCC18_P15_A05_S5_comb	T/NK
HNSCC18_P13_H01_S373_comb	T/NK
HNSCC17_P2_E05_S53_comb	Tumor/Malignant
HNSCC18_P13_A02_S290_comb	T/NK
HNSCC18_P16_D10_S238_comb	T/NK
HNSCC18_P3_A10_S298_comb	Unknown
HNSCC16_P2_F05_S65_comb	Endothelial
HNSCC17_P3_B09_S213_comb	Tumor/Malignant
HNSCC17_P3_D02_S230_comb	Tumor/Malignant
HNSCC18_P7_C07_S127_comb	CAF/Fibroblast
HNSCC17_P7_A03_S99_comb	Tumor/Malignant
HNSCC18_P16_A10_S202_comb	T/NK
HNSCC_17_P10_D12_S240_comb	T/NK
HNSCC17_P7_F12_S168_comb	CAF/Fibroblast
HNSCC17_P13_E04_S340_comb	B/Plasma
HNSCC_17_P9_B07_S19_comb	T/NK
HNSCC16_P2_D04_S40_comb	Endothelial
HNSCC_17_P9_D03_S39_comb	T/NK
HNSCC17_P3_G03_S267_comb	Tumor/Malignant
HNSCC18_P7_H03_S183_comb	Unknown
HNSCC17_P7_C05_S125_comb	Tumor/Malignant
HNSCC_17_P9_E02_S50_comb	T/NK
HNSCC18_P15_D05_S41_comb	T/NK
HNSCC18_P15_H07_S91_comb	T/NK
HNSCC16_P9_A06_S198_comb	Myeloid
HNSCC17_P7_G06_S174_comb	CAF/Fibroblast
HNSCC17_P2_B07_S19_comb	Tumor/Malignant
HNSCC17_P7_B01_S109_comb	CAF/Fibroblast
HNSCC18_P15_B11_S23_comb	T/NK
HNSCC18_P15_D03_S39_comb	T/NK
HNSCC16_P9_H07_S283_comb	Endothelial
HNSCC18_P15_D12_S48_comb	T/NK
HNSCC18_P7_F01_S157_comb	Endothelial
HNSCC18_P2_D03_S135_comb	Unknown
HNSCC17_P3_F02_S254_comb	Myeloid
HNSCC16_P2_C05_S29_comb	CAF/Fibroblast
HNSCC18_P3_H01_S373_comb	Tumor/Malignant
HNSCC_17_P9_C07_S31_comb	T/NK
HNSCC17_P7_A08_S104_comb	Tumor/Malignant
HNSCC16_P9_F01_S253_comb	T/NK
HNSCC16_P2_C11_S35_comb	CAF/Fibroblast
HNSCC18_P15_H08_S92_comb	T/NK
HNSCC_17_P10_G08_S272_comb	T/NK
HNSCC16_P9_B04_S208_comb	T/NK
HNSCC18_P13_G03_S363_comb	T/NK
HNSCC18_P7_C02_S122_comb	Tumor/Malignant
HNSCC18_P13_H04_S376_comb	B/Plasma
HNSCC18_P2_C10_S130_comb	Unknown
HNSCC18_P13_B12_S312_comb	T/NK
HNSCC_17_P10_E06_S246_comb	T/NK
HNSCC18_P7_B06_S114_comb	CAF/Fibroblast
HNSCC17_P3_H08_S284_comb	Tumor/Malignant
HNSCC18_P7_B05_S113_comb	CAF/Fibroblast
HNSCC18_P7_G02_S170_comb	Endothelial
HNSCC18_P3_G06_S366_comb	Unknown
HNSCC17_P7_F03_S159_comb	Endothelial
HNSCC_17_P10_H02_S278_comb	T/NK
HNSCC18_P16_E08_S248_comb	T/NK
HNSCC16_P2_C03_S27_comb	CAF/Fibroblast
HNSCC18_P7_F04_S160_comb	Tumor/Malignant
HNSCC18_P15_A12_S12_comb	T/NK
HNSCC_17_P10_A12_S204_comb	T/NK
HNSCC18_P2_D04_S136_comb	Tumor/Malignant
HNSCC_17_P10_H01_S277_comb	T/NK
HNSCC16_P2_B01_S13_comb	CAF/Fibroblast
HNSCC16_P2_G09_S81_comb	CAF/Fibroblast
HNSCC18_P15_F12_S72_comb	T/NK
HNSCC_17_P9_G06_S78_comb	T/NK
HNSCC_17_P10_F08_S260_comb	T/NK
HNSCC16_P9_C07_S223_comb	Myeloid
HNSCC_17_P10_E08_S248_comb	T/NK
HNSCC16_P2_D11_S47_comb	CAF/Fibroblast
HNSCC16_P2_G03_S75_comb	Endothelial
HNSCC16_P2_F08_S68_comb	CAF/Fibroblast
HNSCC18_P2_H10_S190_comb	Tumor/Malignant
HNSCC18_P13_H09_S381_comb	T/NK
HNSCC18_P3_E07_S343_comb	CAF/Fibroblast
HNSCC18_P16_B10_S214_comb	Myeloid
HNSCC17_P2_B06_S18_comb	Tumor/Malignant
HNSCC17_P2_D07_S43_comb	Tumor/Malignant
HNSCC_17_P9_D02_S38_comb	T/NK
HNSCC_17_P9_H11_S95_comb	T/NK
HNSCC18_P16_F06_S258_comb	T/NK
HNSCC18_P15_B07_S19_comb	T/NK
HNSCC17_P3_D06_S234_comb	Tumor/Malignant
HNSCC_17_P9_F08_S68_comb	T/NK
HNSCC17_P7_C10_S130_comb	CAF/Fibroblast
HNSCC17_P13_G10_S370_comb	T/NK
HNSCC17_P3_B01_S205_comb	Tumor/Malignant
HNSCC17_P7_C02_S122_comb	CAF/Fibroblast
HNSCC_17_P10_A02_S194_comb	T/NK
HNSCC18_P2_C06_S126_comb	Tumor/Malignant
HNSCC16_P2_B09_S21_comb	Endothelial
HNSCC18_P2_F05_S161_comb	Unknown
HNSCC18_P16_A01_S193_comb	T/NK
HNSCC18_P7_B07_S115_comb	CAF/Fibroblast
HNSCC_17_P10_B10_S214_comb	T/NK
HNSCC_17_P9_C11_S35_comb	T/NK
HNSCC18_P15_G10_S82_comb	T/NK
HNSCC16_P9_C10_S226_comb	T/NK
HNSCC18_P15_H05_S89_comb	T/NK
HNSCC17_P7_D07_S139_comb	CAF/Fibroblast
HNSCC18_P13_H07_S379_comb	T/NK
HNSCC18_P13_F11_S359_comb	Myeloid
HNSCC17_P7_C11_S131_comb	Endothelial
HNSCC17_P2_G11_S83_comb	Tumor/Malignant
HNSCC17_P3_F09_S261_comb	Tumor/Malignant
HNSCC18_P3_C12_S324_comb	Tumor/Malignant
HNSCC16_P2_C01_S25_comb	CAF/Fibroblast
HNSCC_17_P9_A06_S6_comb	T/NK
HNSCC16_P9_C08_S224_comb	T/NK
HNSCC18_P2_D02_S134_comb	Unknown
HNSCC17_P3_F03_S255_comb	Tumor/Malignant
HNSCC17_P3_F06_S258_comb	Tumor/Malignant
HNSCC17_P2_G03_S75_comb	Tumor/Malignant
HNSCC17_P7_B05_S113_comb	CAF/Fibroblast
HNSCC18_P15_C07_S31_comb	T/NK
HNSCC18_P7_F07_S163_comb	Endothelial
HNSCC_17_P9_G12_S84_comb	T/NK
HNSCC18_P3_A03_S291_comb	Unknown
HNSCC18_P13_E09_S345_comb	B/Plasma
HNSCC16_P2_D09_S45_comb	CAF/Fibroblast
HNSCC_17_P10_F02_S254_comb	T/NK
HNSCC17_P3_E11_S251_comb	Tumor/Malignant
HNSCC18_P3_D06_S330_comb	Unknown
HNSCC_17_P9_F01_S61_comb	T/NK
HNSCC18_P3_B06_S306_comb	Tumor/Malignant
HNSCC18_P16_C04_S220_comb	T/NK
HNSCC17_P7_B03_S111_comb	CAF/Fibroblast
HNSCC17_P3_G08_S272_comb	Tumor/Malignant
HNSCC17_P7_H11_S191_comb	Tumor/Malignant
HNSCC_17_P10_F12_S264_comb	T/NK
HNSCC17_P7_C06_S126_comb	CAF/Fibroblast
HNSCC18_P3_F03_S351_comb	Unknown
HNSCC17_P7_F05_S161_comb	CAF/Fibroblast
HNSCC_17_P9_E05_S53_comb	T/NK
HNSCC_17_P9_D06_S42_comb	T/NK
HNSCC16_P9_E11_S251_comb	T/NK
HNSCC18_P3_B12_S312_comb	Unknown
HNSCC17_P2_B10_S22_comb	Tumor/Malignant
HNSCC_17_P9_E12_S60_comb	T/NK
HNSCC18_P13_D04_S328_comb	T/NK
HNSCC_17_P9_G08_S80_comb	T/NK
HNSCC17_P7_H10_S190_comb	CAF/Fibroblast
HNSCC16_P2_B05_S17_comb	Unknown
HNSCC16_P9_C11_S227_comb	T/NK
HNSCC16_P2_E05_S53_comb	Endothelial
HNSCC16_P9_E09_S249_comb	T/NK
HNSCC_17_P9_D01_S37_comb	T/NK
HNSCC17_P3_H11_S287_comb	Tumor/Malignant
HNSCC18_P16_E02_S242_comb	T/NK
HNSCC_17_P10_D03_S231_comb	T/NK
HNSCC_17_P10_C07_S223_comb	T/NK
HNSCC18_P7_G12_S180_comb	CAF/Fibroblast
HNSCC_17_P9_C10_S34_comb	T/NK
HNSCC18_P3_D12_S336_comb	Unknown
HNSCC17_P7_C08_S128_comb	CAF/Fibroblast
HNSCC17_P2_H12_S96_comb	Tumor/Malignant
HNSCC17_P7_D12_S144_comb	CAF/Fibroblast
HNSCC18_P15_D02_S38_comb	T/NK
HNSCC18_P7_A01_S97_comb	CAF/Fibroblast
HNSCC17_P3_B11_S215_comb	Tumor/Malignant
HNSCC18_P13_F12_S360_comb	T/NK
HNSCC18_P7_G11_S179_comb	Unknown
HNSCC17_P3_G07_S271_comb	Tumor/Malignant
HNSCC18_P3_B01_S301_comb	Tumor/Malignant
HNSCC17_P3_B04_S208_comb	Tumor/Malignant
HNSCC_17_P10_A08_S200_comb	T/NK
HNSCC16_P2_F07_S67_comb	CAF/Fibroblast
HNSCC18_P2_H11_S191_comb	CAF/Fibroblast
HNSCC18_P16_A09_S201_comb	T/NK
HNSCC18_P15_F03_S63_comb	T/NK
HNSCC18_P7_A08_S104_comb	Unknown
HNSCC_17_P9_H10_S94_comb	T/NK
HNSCC18_P3_H02_S374_comb	Tumor/Malignant
HNSCC17_P2_F05_S65_comb	Tumor/Malignant
HNSCC16_P9_B06_S210_comb	Myeloid
HNSCC16_P9_F04_S256_comb	T/NK
HNSCC17_P2_H10_S94_comb	Tumor/Malignant
HNSCC17_P13_F11_S359_comb	B/Plasma
HNSCC18_P2_H04_S184_comb	CAF/Fibroblast
HNSCC16_P9_G08_S272_comb	Myeloid
HNSCC18_P2_C11_S131_comb	Tumor/Malignant
HNSCC18_P3_H03_S375_comb	CAF/Fibroblast
HNSCC_17_P10_B09_S213_comb	T/NK
HNSCC18_P3_A07_S295_comb	Unknown
HNSCC17_P3_E07_S247_comb	Tumor/Malignant
HNSCC17_P7_B08_S116_comb	CAF/Fibroblast
HNSCC16_P9_F03_S255_comb	T/NK
HNSCC18_P13_E02_S338_comb	T/NK
HNSCC17_P7_H08_S188_comb	Tumor/Malignant
HNSCC18_P7_C12_S132_comb	CAF/Fibroblast
HNSCC_17_P9_B06_S18_comb	T/NK
HNSCC_17_P10_F03_S255_comb	T/NK
HNSCC18_P16_B04_S208_comb	T/NK
HNSCC17_P3_D05_S233_comb	Tumor/Malignant
HNSCC16_P9_E04_S244_comb	T/NK
HNSCC18_P7_A02_S98_comb	Endothelial
HNSCC17_P7_C01_S121_comb	Endothelial
HNSCC16_P2_A04_S4_comb	CAF/Fibroblast
HNSCC16_P9_G03_S267_comb	T/NK
HNSCC17_P2_E08_S56_comb	CAF/Fibroblast
HNSCC_17_P10_D02_S230_comb	T/NK
HNSCC18_P15_E01_S49_comb	T/NK
HNSCC_17_P9_A11_S11_comb	T/NK
HNSCC18_P2_E12_S156_comb	Unknown
HNSCC17_P7_G07_S175_comb	Endothelial
HNSCC18_P7_H10_S190_comb	Tumor/Malignant
HNSCC17_P2_F02_S62_comb	Tumor/Malignant
HNSCC16_P9_H08_S284_comb	CAF/Fibroblast
HNSCC16_P9_G09_S273_comb	T/NK
HNSCC16_P9_D09_S237_comb	T/NK
HNSCC17_P13_B01_S301_comb	B/Plasma
HNSCC17_P3_A11_S203_comb	Tumor/Malignant
HNSCC_17_P9_D11_S47_comb	T/NK
HNSCC18_P13_B10_S310_comb	Unknown
HNSCC18_P2_G05_S173_comb	Tumor/Malignant
HNSCC18_P15_A07_S7_comb	T/NK
HNSCC_17_P10_A04_S196_comb	T/NK
HNSCC16_P2_G04_S76_comb	Endothelial
HNSCC17_P2_H03_S87_comb	Tumor/Malignant
HNSCC18_P13_A04_S292_comb	Myeloid
HNSCC18_P3_B05_S305_comb	Unknown
HNSCC16_P9_H01_S277_comb	CAF/Fibroblast
HNSCC18_P16_G01_S265_comb	T/NK
HNSCC18_P3_D10_S334_comb	Tumor/Malignant
HNSCC_17_P9_G07_S79_comb	T/NK
HNSCC18_P7_A07_S103_comb	CAF/Fibroblast
HNSCC_17_P9_F10_S70_comb	T/NK
HNSCC16_P2_E12_S60_comb	Endothelial
HNSCC16_P9_G07_S271_comb	T/NK
HNSCC17_P3_C05_S221_comb	Tumor/Malignant
HNSCC17_P7_G10_S178_comb	CAF/Fibroblast
HNSCC18_P15_E11_S59_comb	T/NK
HNSCC17_P2_H05_S89_comb	Tumor/Malignant
HNSCC17_P3_D07_S235_comb	Tumor/Malignant
HNSCC17_P7_E09_S153_comb	Unknown
HNSCC16_P9_F12_S264_comb	T/NK
HNSCC17_P7_G01_S169_comb	Endothelial
HNSCC18_P2_H05_S185_comb	Unknown
HNSCC17_P3_G09_S273_comb	Unknown
HNSCC16_P9_A10_S202_comb	T/NK
HNSCC17_P2_E02_S50_comb	Tumor/Malignant
HNSCC17_P7_C09_S129_comb	Tumor/Malignant
HNSCC17_P3_F08_S260_comb	Tumor/Malignant
HNSCC16_P9_F05_S257_comb	T/NK
HNSCC_17_P10_C02_S218_comb	T/NK
HNSCC_17_P9_H02_S86_comb	T/NK
HNSCC17_P3_E04_S244_comb	Tumor/Malignant
HNSCC17_P7_A01_S97_comb	CAF/Fibroblast
HNSCC18_P13_F06_S354_comb	T/NK
HNSCC_17_P9_F05_S65_comb	T/NK
HNSCC17_P3_E06_S246_comb	Tumor/Malignant
HNSCC18_P15_C04_S28_comb	T/NK
HNSCC16_P9_G11_S275_comb	Myeloid
HNSCC_17_P10_G03_S267_comb	T/NK
HNSCC17_P7_F07_S163_comb	Endothelial
HNSCC18_P2_G07_S175_comb	Tumor/Malignant
HNSCC16_P2_B10_S22_comb	CAF/Fibroblast
HNSCC17_P2_E06_S54_comb	Tumor/Malignant
HNSCC18_P3_F02_S350_comb	Unknown
HNSCC18_P2_G09_S177_comb	CAF/Fibroblast
HNSCC18_P3_F08_S356_comb	Tumor/Malignant
HNSCC17_P7_H12_S192_comb	Endothelial
HNSCC17_P7_H03_S183_comb	CAF/Fibroblast
HNSCC_17_P9_E09_S57_comb	T/NK
HNSCC_17_P10_C01_S217_comb	T/NK
HNSCC_17_P10_G05_S269_comb	T/NK
HNSCC18_P7_E06_S150_comb	Tumor/Malignant
HNSCC18_P16_H08_S284_comb	T/NK
HNSCC16_P2_H09_S93_comb	CAF/Fibroblast
HNSCC18_P13_B06_S306_comb	T/NK
HNSCC17_P2_E07_S55_comb	CAF/Fibroblast
HNSCC18_P2_C05_S125_comb	Tumor/Malignant
HNSCC_17_P9_B05_S17_comb	T/NK
HNSCC18_P7_D01_S133_comb	CAF/Fibroblast
HNSCC18_P2_E04_S148_comb	Unknown
HNSCC17_P2_G09_S81_comb	Tumor/Malignant
HNSCC16_P9_H02_S278_comb	CAF/Fibroblast
HNSCC_17_P10_G10_S274_comb	T/NK
HNSCC_17_P9_D12_S48_comb	T/NK
HNSCC18_P7_D02_S134_comb	Unknown
HNSCC18_P7_A10_S106_comb	Endothelial
HNSCC17_P3_A03_S195_comb	Unknown
HNSCC18_P2_E08_S152_comb	Unknown
HNSCC17_P2_G10_S82_comb	Tumor/Malignant
HNSCC16_P2_C10_S34_comb	Endothelial
HNSCC17_P3_B03_S207_comb	Tumor/Malignant
HNSCC17_P3_C06_S222_comb	Unknown
HNSCC18_P16_B06_S210_comb	T/NK
HNSCC18_P7_A05_S101_comb	Tumor/Malignant
HNSCC17_P2_E11_S59_comb	Tumor/Malignant
HNSCC_17_P9_H12_S96_comb	T/NK
HNSCC18_P7_H04_S184_comb	Unknown
HNSCC_17_P9_C05_S29_comb	T/NK
HNSCC18_P13_F04_S352_comb	T/NK
HNSCC16_P2_E06_S54_comb	Tumor/Malignant
HNSCC18_P16_B07_S211_comb	T/NK
HNSCC18_P7_G07_S175_comb	Endothelial
HNSCC_17_P10_C09_S225_comb	T/NK
HNSCC18_P15_G12_S84_comb	T/NK
HNSCC18_P13_G02_S362_comb	T/NK
HNSCC17_P3_A10_S202_comb	Tumor/Malignant
HNSCC17_P3_A05_S197_comb	Tumor/Malignant
HNSCC_17_P10_C03_S219_comb	T/NK
HNSCC_17_P10_D11_S239_comb	T/NK
HNSCC_17_P10_H04_S280_comb	T/NK
HNSCC18_P2_G10_S178_comb	Unknown
HNSCC18_P13_G06_S366_comb	T/NK
HNSCC_17_P10_E07_S247_comb	T/NK
HNSCC16_P9_F10_S262_comb	T/NK
HNSCC18_P15_A08_S8_comb	Unknown
HNSCC17_P7_D09_S141_comb	CAF/Fibroblast
HNSCC17_P3_F07_S259_comb	Tumor/Malignant
HNSCC17_P2_G06_S78_comb	Tumor/Malignant
HNSCC18_P7_E02_S146_comb	Unknown
HNSCC16_P2_H12_S96_comb	CAF/Fibroblast
HNSCC18_P15_A03_S3_comb	T/NK
HNSCC17_P7_E05_S149_comb	Endothelial
HNSCC18_P13_A09_S297_comb	Myeloid
HNSCC_17_P9_H01_S85_comb	T/NK
HNSCC18_P15_D04_S40_comb	T/NK
HNSCC18_P3_D02_S326_comb	Unknown
HNSCC17_P2_A06_S6_comb	Tumor/Malignant
HNSCC18_P7_E12_S156_comb	Tumor/Malignant
HNSCC17_P3_E08_S248_comb	Tumor/Malignant
HNSCC18_P2_E01_S145_comb	Tumor/Malignant
HNSCC16_P2_C04_S28_comb	Endothelial
HNSCC18_P15_C03_S27_comb	T/NK
HNSCC16_P9_A05_S197_comb	Myeloid
HNSCC17_P7_E08_S152_comb	Endothelial
HNSCC17_P2_A11_S11_comb	Tumor/Malignant
HNSCC16_P9_H05_S281_comb	CAF/Fibroblast
HNSCC18_P13_E07_S343_comb	T/NK
HNSCC17_P3_E10_S250_comb	Tumor/Malignant
HNSCC16_P2_D05_S41_comb	Endothelial
HNSCC16_P9_E07_S247_comb	T/NK
HNSCC_17_P10_H06_S282_comb	T/NK
HNSCC_17_P10_E03_S243_comb	T/NK
HNSCC18_P13_E05_S341_comb	T/NK
HNSCC18_P2_E05_S149_comb	Tumor/Malignant
HNSCC18_P7_F11_S167_comb	CAF/Fibroblast
HNSCC_17_P10_G02_S266_comb	T/NK
HNSCC_17_P10_A03_S195_comb	T/NK
HNSCC17_P7_B12_S120_comb	Tumor/Malignant
HNSCC18_P7_H06_S186_comb	Endothelial
HNSCC18_P13_C09_S321_comb	T/NK
HNSCC17_P7_E06_S150_comb	CAF/Fibroblast
HNSCC18_P7_F12_S168_comb	Endothelial
HNSCC17_P3_E01_S241_comb	Tumor/Malignant
HNSCC_17_P10_H08_S284_comb	T/NK
HNSCC_17_P10_B06_S210_comb	T/NK
HNSCC_17_P9_D05_S41_comb	T/NK
HNSCC_17_P9_C12_S36_comb	T/NK
HNSCC18_P2_G03_S171_comb	CAF/Fibroblast
HNSCC17_P13_H06_S378_comb	B/Plasma
HNSCC17_P7_A09_S105_comb	CAF/Fibroblast
HNSCC18_P13_G01_S361_comb	T/NK
HNSCC18_P13_F01_S349_comb	T/NK
HNSCC17_P3_C09_S225_comb	Tumor/Malignant
HNSCC18_P3_C01_S313_comb	Unknown
HNSCC17_P3_C08_S224_comb	Tumor/Malignant
HNSCC18_P15_E03_S51_comb	T/NK
HNSCC16_P2_B12_S24_comb	CAF/Fibroblast
HNSCC17_P2_B09_S21_comb	Tumor/Malignant
HNSCC18_P15_B02_S14_comb	T/NK
HNSCC18_P16_F04_S256_comb	T/NK
HNSCC16_P2_E03_S51_comb	Endothelial
HNSCC17_P2_C02_S26_comb	Unknown
HNSCC17_P2_D06_S42_comb	Tumor/Malignant
HNSCC16_P2_A02_S2_comb	Endothelial
HNSCC16_P2_E01_S49_comb	Endothelial
HNSCC18_P7_C08_S128_comb	CAF/Fibroblast
HNSCC16_P9_E03_S243_comb	T/NK
HNSCC18_P2_F09_S165_comb	Unknown
HNSCC16_P9_E10_S250_comb	T/NK
HNSCC18_P7_E05_S149_comb	Endothelial
HNSCC16_P2_H11_S95_comb	Endothelial
HNSCC18_P13_B09_S309_comb	T/NK
HNSCC18_P2_A05_S101_comb	Unknown
HNSCC18_P15_A02_S2_comb	T/NK
HNSCC16_P2_C07_S31_comb	Endothelial
HNSCC16_P2_E08_S56_comb	Endothelial
HNSCC18_P2_B08_S116_comb	Tumor/Malignant
HNSCC18_P13_D03_S327_comb	T/NK
HNSCC16_P9_B12_S216_comb	T/NK
HNSCC18_P2_C12_S132_comb	Tumor/Malignant
HNSCC_17_P10_G06_S270_comb	T/NK
HNSCC16_P9_D10_S238_comb	Myeloid
HNSCC16_P2_A09_S9_comb	CAF/Fibroblast
HNSCC18_P2_G04_S172_comb	CAF/Fibroblast
HNSCC16_P9_D11_S239_comb	T/NK
HNSCC16_P2_G11_S83_comb	Endothelial
HNSCC17_P7_F06_S162_comb	Endothelial
HNSCC_17_P10_A01_S193_comb	T/NK
HNSCC18_P16_C05_S221_comb	T/NK
HNSCC18_P3_E12_S348_comb	Tumor/Malignant
HNSCC18_P2_H09_S189_comb	Unknown
HNSCC16_P9_B08_S212_comb	T/NK
HNSCC18_P13_A11_S299_comb	Myeloid
HNSCC18_P13_D01_S325_comb	T/NK
HNSCC_17_P10_H03_S279_comb	T/NK
HNSCC18_P15_F01_S61_comb	T/NK
HNSCC18_P2_E03_S147_comb	CAF/Fibroblast
HNSCC17_P2_H09_S93_comb	Tumor/Malignant
HNSCC18_P3_H04_S376_comb	Myeloid
HNSCC17_P2_F06_S66_comb	Tumor/Malignant
HNSCC18_P13_E10_S346_comb	T/NK
HNSCC16_P2_E09_S57_comb	CAF/Fibroblast
HNSCC16_P9_B01_S205_comb	T/NK
HNSCC_17_P10_A09_S201_comb	T/NK
HNSCC16_P2_F11_S71_comb	CAF/Fibroblast
HNSCC17_P7_H05_S185_comb	CAF/Fibroblast
HNSCC17_P3_H07_S283_comb	Tumor/Malignant
HNSCC18_P13_E11_S347_comb	T/NK
HNSCC16_P2_D01_S37_comb	CAF/Fibroblast
HNSCC18_P3_G10_S370_comb	Unknown
HNSCC17_P2_B12_S24_comb	Tumor/Malignant
HNSCC16_P2_E04_S52_comb	CAF/Fibroblast
HNSCC_17_P9_A01_S1_comb	T/NK
HNSCC18_P3_B11_S311_comb	CAF/Fibroblast
HNSCC_17_P9_B08_S20_comb	T/NK
HNSCC16_P9_F06_S258_comb	T/NK
HNSCC18_P2_C04_S124_comb	Unknown
HNSCC18_P7_F06_S162_comb	CAF/Fibroblast
HNSCC16_P2_B11_S23_comb	CAF/Fibroblast
HNSCC18_P2_F02_S158_comb	Tumor/Malignant
HNSCC_17_P9_B03_S15_comb	T/NK
HNSCC18_P3_E02_S338_comb	Tumor/Malignant
HNSCC16_P9_G10_S274_comb	T/NK
HNSCC17_P7_G12_S180_comb	Tumor/Malignant
HNSCC18_P2_F03_S159_comb	Tumor/Malignant
HNSCC17_P7_D03_S135_comb	CAF/Fibroblast
HNSCC18_P2_F10_S166_comb	Tumor/Malignant
HNSCC_17_P9_E10_S58_comb	T/NK
HNSCC18_P7_B08_S116_comb	CAF/Fibroblast
HNSCC18_P15_D09_S45_comb	T/NK
HNSCC_17_P9_B12_S24_comb	T/NK
HNSCC18_P3_C07_S319_comb	Unknown
HNSCC17_P2_C04_S28_comb	Tumor/Malignant
HNSCC18_P2_E09_S153_comb	Tumor/Malignant
HNSCC17_P2_D02_S38_comb	Tumor/Malignant
HNSCC17_P7_D11_S143_comb	Tumor/Malignant
HNSCC18_P15_A11_S11_comb	T/NK
HNSCC18_P15_A01_S1_comb	T/NK
HNSCC18_P13_H02_S374_comb	T/NK
HNSCC18_P13_B08_S308_comb	Myeloid
HNSCC16_P9_B05_S209_comb	Myeloid
HNSCC16_P9_A09_S201_comb	T/NK
HNSCC_17_P9_G09_S81_comb	T/NK
HNSCC16_P9_D07_S235_comb	Myeloid
HNSCC16_P9_C02_S218_comb	T/NK
HNSCC17_P7_B10_S118_comb	CAF/Fibroblast
HNSCC18_P15_G06_S78_comb	T/NK
HNSCC17_P3_H06_S282_comb	Myeloid
HNSCC16_P9_A08_S200_comb	T/NK
HNSCC17_P3_H12_S288_comb	Tumor/Malignant
HNSCC_17_P9_B02_S14_comb	T/NK
HNSCC16_P2_C08_S32_comb	Endothelial
HNSCC18_P7_F10_S166_comb	B/Plasma
HNSCC17_P3_F12_S264_comb	Tumor/Malignant
HNSCC_17_P10_C11_S227_comb	T/NK
HNSCC17_P7_G05_S173_comb	Tumor/Malignant
HNSCC17_P7_H06_S186_comb	CAF/Fibroblast
HNSCC18_P13_C12_S324_comb	T/NK
HNSCC18_P7_A12_S108_comb	B/Plasma
HNSCC_17_P9_G05_S77_comb	T/NK
HNSCC18_P7_D07_S139_comb	CAF/Fibroblast
HNSCC18_P16_H07_S283_comb	T/NK
HNSCC17_P2_H08_S92_comb	Unknown
HNSCC17_P3_G02_S266_comb	Tumor/Malignant
HNSCC18_P3_A01_S289_comb	Unknown
HNSCC16_P9_H04_S280_comb	CAF/Fibroblast
HNSCC17_P3_C07_S223_comb	Tumor/Malignant
HNSCC17_P13_B10_S310_comb	T/NK
HNSCC_17_P10_B12_S216_comb	T/NK
HNSCC18_P13_C11_S323_comb	Unknown
HNSCC16_P9_G06_S270_comb	T/NK
HNSCC17_P3_E09_S249_comb	Tumor/Malignant
HNSCC17_P7_G04_S172_comb	Endothelial
HNSCC17_P7_H02_S182_comb	Tumor/Malignant
HNSCC17_P7_B04_S112_comb	Endothelial
HNSCC16_P2_B02_S14_comb	CAF/Fibroblast
HNSCC_17_P10_A07_S199_comb	T/NK
HNSCC18_P7_A04_S100_comb	CAF/Fibroblast
HNSCC18_P3_G03_S363_comb	Unknown
HNSCC17_P2_C05_S29_comb	Tumor/Malignant
HNSCC17_P2_A10_S10_comb	Tumor/Malignant
HNSCC18_P3_G02_S362_comb	Tumor/Malignant
HNSCC16_P2_G05_S77_comb	CAF/Fibroblast
HNSCC18_P15_G04_S76_comb	T/NK
HNSCC18_P7_D12_S144_comb	CAF/Fibroblast
HNSCC_17_P9_C01_S25_comb	T/NK
HNSCC16_P2_C06_S30_comb	Endothelial
HNSCC17_P2_D04_S40_comb	Tumor/Malignant
HNSCC17_P13_B03_S303_comb	Myeloid
HNSCC17_P3_B05_S209_comb	Tumor/Malignant
HNSCC_17_P10_B08_S212_comb	T/NK
HNSCC18_P13_A07_S295_comb	T/NK
HNSCC16_P2_H10_S94_comb	CAF/Fibroblast
HNSCC18_P3_F10_S358_comb	Tumor/Malignant
HNSCC16_P9_A07_S199_comb	T/NK
HNSCC_17_P10_B05_S209_comb	T/NK
HNSCC17_P3_G06_S270_comb	Tumor/Malignant
HNSCC18_P15_G03_S75_comb	T/NK
HNSCC_17_P9_H04_S88_comb	T/NK
HNSCC18_P13_E04_S340_comb	T/NK
HNSCC18_P2_H07_S187_comb	Unknown
HNSCC18_P16_G02_S266_comb	T/NK
HNSCC_17_P10_A06_S198_comb	T/NK
HNSCC16_P2_G02_S74_comb	Endothelial
HNSCC18_P16_C10_S226_comb	T/NK
HNSCC18_P16_A11_S203_comb	T/NK
HNSCC18_P2_B12_S120_comb	Unknown
HNSCC16_P2_D02_S38_comb	Endothelial
HNSCC_17_P9_D08_S44_comb	T/NK
HNSCC16_P9_E02_S242_comb	T/NK
HNSCC18_P2_C07_S127_comb	Tumor/Malignant
HNSCC18_P2_B11_S119_comb	Tumor/Malignant
HNSCC18_P7_G03_S171_comb	Endothelial
HNSCC16_P2_H05_S89_comb	Endothelial
HNSCC16_P2_G06_S78_comb	Endothelial
HNSCC18_P2_D06_S138_comb	Unknown
HNSCC18_P2_B04_S112_comb	Unknown
HNSCC16_P9_C04_S220_comb	T/NK
HNSCC18_P16_A05_S197_comb	T/NK
HNSCC17_P2_E01_S49_comb	Tumor/Malignant
HNSCC18_P7_F03_S159_comb	Unknown
HNSCC17_P2_A12_S12_comb	Unknown
HNSCC17_P3_H09_S285_comb	Tumor/Malignant
HNSCC18_P3_H05_S377_comb	Tumor/Malignant
HNSCC17_P7_F01_S157_comb	Unknown
HNSCC17_P2_H11_S95_comb	Tumor/Malignant
HNSCC17_P3_D11_S239_comb	Tumor/Malignant
HNSCC_17_P10_E10_S250_comb	T/NK
HNSCC18_P16_H09_S285_comb	T/NK
HNSCC18_P15_F05_S65_comb	T/NK
HNSCC18_P16_B03_S207_comb	T/NK
HNSCC17_P2_E04_S52_comb	Tumor/Malignant
HNSCC17_P2_D05_S41_comb	Tumor/Malignant
HNSCC18_P13_G05_S365_comb	T/NK
HNSCC18_P13_C03_S315_comb	T/NK
HNSCC17_P13_G12_S372_comb	B/Plasma
HNSCC17_P3_G04_S268_comb	Tumor/Malignant
HNSCC17_P3_A09_S201_comb	Tumor/Malignant
HNSCC16_P2_G10_S82_comb	CAF/Fibroblast
HNSCC16_P9_B10_S214_comb	T/NK
HNSCC_17_P10_D04_S232_comb	T/NK
HNSCC17_P7_E04_S148_comb	CAF/Fibroblast
HNSCC_17_P9_F11_S71_comb	T/NK
HNSCC16_P9_F11_S263_comb	T/NK
HNSCC17_P3_A06_S198_comb	Tumor/Malignant
HNSCC_17_P9_E04_S52_comb	T/NK
HNSCC17_P2_G12_S84_comb	Tumor/Malignant
HNSCC18_P2_A10_S106_comb	Unknown
HNSCC17_P7_H09_S189_comb	Endothelial
HNSCC17_P2_F03_S63_comb	Tumor/Malignant
HNSCC18_P7_A09_S105_comb	Tumor/Malignant
HNSCC18_P13_C08_S320_comb	T/NK
HNSCC17_P2_B01_S13_comb	Tumor/Malignant
HNSCC17_P7_A12_S108_comb	CAF/Fibroblast
HNSCC18_P7_B11_S119_comb	Endothelial
HNSCC17_P3_A08_S200_comb	Tumor/Malignant
HNSCC18_P7_F05_S161_comb	Unknown
HNSCC17_P3_C12_S228_comb	Tumor/Malignant
HNSCC_17_P10_C05_S221_comb	T/NK
HNSCC18_P13_H12_S384_comb	T/NK
HNSCC18_P3_G07_S367_comb	Tumor/Malignant
HNSCC18_P13_D09_S333_comb	T/NK
HNSCC_17_P10_E12_S252_comb	T/NK
HNSCC18_P3_D11_S335_comb	Tumor/Malignant
HNSCC16_P2_B08_S20_comb	Endothelial
HNSCC17_P2_C08_S32_comb	Tumor/Malignant
HNSCC17_P7_D02_S134_comb	Tumor/Malignant
HNSCC17_P13_E02_S338_comb	B/Plasma
HNSCC18_P15_G05_S77_comb	T/NK
HNSCC17_P2_A08_S8_comb	Tumor/Malignant
HNSCC17_P3_B06_S210_comb	Tumor/Malignant
HNSCC16_P9_D12_S240_comb	T/NK
HNSCC17_P7_G11_S179_comb	Tumor/Malignant
HNSCC16_P2_A10_S10_comb	Endothelial
HNSCC16_P9_D08_S236_comb	T/NK
HNSCC17_P2_H01_S85_comb	Tumor/Malignant
HNSCC16_P9_C03_S219_comb	T/NK
HNSCC18_P7_G05_S173_comb	Endothelial
HNSCC_17_P9_B10_S22_comb	T/NK
HNSCC17_P2_H04_S88_comb	Tumor/Malignant
HNSCC_17_P10_G04_S268_comb	T/NK
HNSCC18_P2_D11_S143_comb	Tumor/Malignant
HNSCC18_P15_B03_S15_comb	T/NK
HNSCC18_P15_E05_S53_comb	T/NK
HNSCC17_P7_G02_S170_comb	Tumor/Malignant
HNSCC16_P2_H01_S85_comb	Endothelial
HNSCC18_P2_E10_S154_comb	Tumor/Malignant
HNSCC_17_P10_C12_S228_comb	T/NK
HNSCC_17_P9_H06_S90_comb	T/NK
HNSCC18_P16_H12_S288_comb	T/NK
HNSCC17_P2_G04_S76_comb	Tumor/Malignant
HNSCC17_P3_F05_S257_comb	Tumor/Malignant
HNSCC17_P2_F04_S64_comb	CAF/Fibroblast
HNSCC18_P7_B04_S112_comb	Tumor/Malignant
HNSCC18_P13_F02_S350_comb	B/Plasma
HNSCC18_P13_E03_S339_comb	T/NK
HNSCC17_P2_E09_S57_comb	Tumor/Malignant
HNSCC17_P3_G05_S269_comb	Tumor/Malignant
HNSCC18_P7_H01_S181_comb	Endothelial
HNSCC17_P2_D10_S46_comb	Tumor/Malignant
HNSCC_17_P9_E07_S55_comb	T/NK
HNSCC18_P15_E10_S58_comb	T/NK
HNSCC17_P3_F01_S253_comb	Tumor/Malignant
HNSCC16_P2_H03_S87_comb	Myeloid
HNSCC16_P2_A05_S5_comb	Endothelial
HNSCC17_P7_F08_S164_comb	CAF/Fibroblast
HNSCC17_P13_G01_S361_comb	T/NK
HNSCC18_P7_C03_S123_comb	Endothelial
HNSCC16_P9_A02_S194_comb	T/NK
HNSCC_17_P9_B11_S23_comb	T/NK
HNSCC18_P15_A04_S4_comb	T/NK
HNSCC18_P7_D04_S136_comb	Unknown
HNSCC18_P3_C11_S323_comb	Tumor/Malignant
HNSCC18_P3_E08_S344_comb	Tumor/Malignant
HNSCC17_P3_A07_S199_comb	Tumor/Malignant
HNSCC16_P2_B03_S15_comb	Endothelial
HNSCC18_P7_C04_S124_comb	CAF/Fibroblast
HNSCC17_P3_B12_S216_comb	Tumor/Malignant
HNSCC_17_P10_D01_S229_comb	T/NK
HNSCC18_P7_D06_S138_comb	CAF/Fibroblast
HNSCC18_P13_A06_S294_comb	T/NK
HNSCC17_P2_G05_S77_comb	Tumor/Malignant
HNSCC18_P15_B01_S13_comb	T/NK
HNSCC_17_P10_B01_S205_comb	T/NK
HNSCC18_P2_F07_S163_comb	CAF/Fibroblast
HNSCC17_P3_E05_S245_comb	Tumor/Malignant
HNSCC17_P3_F04_S256_comb	Unknown
HNSCC16_P9_C12_S228_comb	T/NK
HNSCC17_P7_F04_S160_comb	CAF/Fibroblast
HNSCC18_P13_C04_S316_comb	B/Plasma
HNSCC17_P7_B11_S119_comb	CAF/Fibroblast
HNSCC18_P15_G07_S79_comb	T/NK
HNSCC18_P7_H07_S187_comb	CAF/Fibroblast
HNSCC16_P9_H11_S287_comb	Unknown
HNSCC16_P2_D12_S48_comb	CAF/Fibroblast
HNSCC_17_P9_A08_S8_comb	T/NK
HNSCC_17_P9_C09_S33_comb	T/NK
HNSCC18_P13_G11_S371_comb	T/NK
HNSCC17_P2_D08_S44_comb	Tumor/Malignant
HNSCC18_P13_A03_S291_comb	T/NK
HNSCC17_P7_E11_S155_comb	Unknown
HNSCC18_P13_C02_S314_comb	B/Plasma
HNSCC17_P2_A02_S2_comb	Tumor/Malignant
HNSCC18_P7_C06_S126_comb	CAF/Fibroblast
HNSCC18_P7_B01_S109_comb	CAF/Fibroblast
HNSCC18_P13_E01_S337_comb	T/NK
HNSCC18_P2_F06_S162_comb	Tumor/Malignant
HNSCC18_P7_C09_S129_comb	CAF/Fibroblast
HNSCC18_P7_G10_S178_comb	Other/Stromal
HNSCC_17_P9_E06_S54_comb	T/NK
HNSCC17_P3_D09_S237_comb	Tumor/Malignant
HNSCC18_P7_G01_S169_comb	CAF/Fibroblast
HNSCC18_P2_C01_S121_comb	Unknown
HNSCC18_P15_C11_S35_comb	T/NK
HNSCC18_P16_F02_S254_comb	T/NK
HNSCC18_P3_D08_S332_comb	Unknown
HNSCC18_P13_A05_S293_comb	Myeloid
HNSCC_17_P9_G04_S76_comb	T/NK
HNSCC18_P13_E06_S342_comb	Myeloid
HNSCC_17_P10_D07_S235_comb	T/NK
HNSCC18_P15_C10_S34_comb	T/NK
HNSCC17_P2_C10_S34_comb	Tumor/Malignant
HNSCC16_P9_A11_S203_comb	Myeloid
HNSCC16_P9_G02_S266_comb	T/NK
HNSCC18_P7_C05_S125_comb	Endothelial
HNSCC18_P7_A11_S107_comb	CAF/Fibroblast
HNSCC18_P3_C03_S315_comb	Unknown
HNSCC18_P13_A12_S300_comb	T/NK
HNSCC_17_P10_G07_S271_comb	T/NK
HNSCC17_P3_F11_S263_comb	Tumor/Malignant
HNSCC17_P3_D12_S240_comb	Tumor/Malignant
HNSCC_17_P10_E04_S244_comb	T/NK
HNSCC16_P9_D01_S229_comb	T/NK
HNSCC_17_P9_F03_S63_comb	T/NK
HNSCC17_P2_D09_S45_comb	Tumor/Malignant
HNSCC17_P2_G08_S80_comb	Tumor/Malignant
HNSCC18_P7_D11_S143_comb	Tumor/Malignant
HNSCC_17_P9_A05_S5_comb	T/NK
HNSCC17_P2_F01_S61_comb	Tumor/Malignant
HNSCC17_P3_C03_S219_comb	Tumor/Malignant
HNSCC18_P2_B05_S113_comb	Tumor/Malignant
HNSCC_17_P9_H03_S87_comb	T/NK
HNSCC17_P3_A02_S194_comb	Myeloid
HNSCC16_P2_H02_S86_comb	Endothelial
HNSCC_17_P10_E09_S249_comb	T/NK
HNSCC16_P9_E01_S241_comb	T/NK
HNSCC16_P9_B03_S207_comb	T/NK
HNSCC17_P2_D11_S47_comb	Tumor/Malignant
HNSCC16_P9_C06_S222_comb	T/NK
HNSCC_17_P9_G01_S73_comb	T/NK
HNSCC17_P7_C07_S127_comb	Unknown
HNSCC17_P13_A01_S289_comb	T/NK
HNSCC17_P2_F12_S72_comb	Tumor/Malignant
HNSCC17_P2_C12_S36_comb	Tumor/Malignant
HNSCC18_P16_H11_S287_comb	Myeloid
HNSCC_17_P9_G11_S83_comb	T/NK
HNSCC18_P2_A06_S102_comb	Unknown
HNSCC17_P3_G10_S274_comb	Tumor/Malignant
HNSCC18_P15_E07_S55_comb	T/NK
HNSCC_17_P10_F05_S257_comb	T/NK
HNSCC17_P3_E02_S242_comb	Tumor/Malignant
HNSCC_17_P10_H12_S288_comb	T/NK
HNSCC18_P3_F05_S353_comb	Unknown
HNSCC17_P7_E10_S154_comb	CAF/Fibroblast
HNSCC_17_P10_A10_S202_comb	T/NK
HNSCC17_P2_B04_S16_comb	Tumor/Malignant
HNSCC16_P2_F12_S72_comb	CAF/Fibroblast
HNSCC17_P2_D03_S39_comb	Tumor/Malignant
HNSCC16_P9_C05_S221_comb	T/NK
HNSCC17_P7_C03_S123_comb	CAF/Fibroblast
HNSCC_17_P9_C02_S26_comb	T/NK
HNSCC18_P2_D01_S133_comb	Tumor/Malignant
HNSCC17_P3_D08_S236_comb	Tumor/Malignant
HNSCC_17_P9_E11_S59_comb	T/NK
HNSCC18_P2_F01_S157_comb	Tumor/Malignant
HNSCC16_P2_F09_S69_comb	CAF/Fibroblast
HNSCC18_P7_B03_S111_comb	CAF/Fibroblast
HNSCC_17_P10_F09_S261_comb	T/NK
HNSCC16_P2_H08_S92_comb	CAF/Fibroblast
HNSCC16_P9_D04_S232_comb	T/NK
HNSCC18_P13_H10_S382_comb	T/NK
HNSCC18_P7_E04_S148_comb	CAF/Fibroblast
HNSCC17_P2_G02_S74_comb	Tumor/Malignant
HNSCC17_P3_C10_S226_comb	Tumor/Malignant
HNSCC_17_P9_A12_S12_comb	T/NK
HNSCC17_P2_H02_S86_comb	Tumor/Malignant
HNSCC18_P7_B02_S110_comb	Endothelial
HNSCC18_P7_E01_S145_comb	CAF/Fibroblast
HNSCC_17_P9_H07_S91_comb	T/NK
HNSCC_17_P9_C08_S32_comb	T/NK
HNSCC_17_P9_E01_S49_comb	T/NK
HNSCC18_P2_A12_S108_comb	Tumor/Malignant
HNSCC18_P7_B09_S117_comb	Myeloid
HNSCC17_P2_E12_S60_comb	Tumor/Malignant
HNSCC_17_P10_H05_S281_comb	T/NK
HNSCC18_P3_E04_S340_comb	Tumor/Malignant
HNSCC16_P9_E08_S248_comb	Myeloid
HNSCC18_P15_F11_S71_comb	T/NK
HNSCC18_P7_E08_S152_comb	Unknown
HNSCC18_P3_F01_S349_comb	Unknown
HNSCC17_P3_G12_S276_comb	Tumor/Malignant
HNSCC_17_P10_B07_S211_comb	T/NK
HNSCC18_P3_B08_S308_comb	CAF/Fibroblast
HNSCC16_P2_E07_S55_comb	Endothelial
HNSCC16_P9_F08_S260_comb	T/NK
HNSCC18_P2_A07_S103_comb	Tumor/Malignant
HNSCC17_P3_H03_S279_comb	Tumor/Malignant
HNSCC_17_P9_F09_S69_comb	T/NK
HNSCC16_P9_E12_S252_comb	T/NK
HNSCC17_P3_H05_S281_comb	Tumor/Malignant
HNSCC16_P2_D06_S42_comb	CAF/Fibroblast
HNSCC17_P2_D12_S48_comb	Tumor/Malignant
HNSCC16_P9_B07_S211_comb	T/NK
HNSCC_17_P9_A09_S9_comb	T/NK
HNSCC17_P2_F07_S67_comb	Tumor/Malignant
HNSCC18_P16_C07_S223_comb	T/NK
HNSCC16_P9_G04_S268_comb	T/NK
HNSCC_17_P10_A11_S203_comb	T/NK
HNSCC17_P2_G01_S73_comb	Tumor/Malignant
HNSCC18_P3_H10_S382_comb	CAF/Fibroblast
HNSCC_17_P10_H10_S286_comb	T/NK
HNSCC16_P2_F06_S66_comb	Endothelial
HNSCC17_P7_B06_S114_comb	CAF/Fibroblast
HNSCC_17_P9_A10_S10_comb	T/NK
HNSCC17_P2_B11_S23_comb	Tumor/Malignant
HNSCC18_P13_C06_S318_comb	T/NK
HNSCC17_P13_E12_S348_comb	T/NK
HNSCC18_P2_F12_S168_comb	Myeloid
HNSCC_17_P10_F07_S259_comb	T/NK
HNSCC17_P7_D10_S142_comb	CAF/Fibroblast
HNSCC18_P15_F06_S66_comb	T/NK
HNSCC16_P2_E11_S59_comb	Tumor/Malignant
HNSCC16_P9_A12_S204_comb	T/NK
HNSCC_17_P9_G02_S74_comb	T/NK
HNSCC18_P15_G09_S81_comb	T/NK
HNSCC18_P7_B12_S120_comb	Endothelial
HNSCC_17_P9_H09_S93_comb	T/NK
HNSCC18_P15_E12_S60_comb	T/NK
HNSCC17_P2_B08_S20_comb	Tumor/Malignant
HNSCC_17_P10_B03_S207_comb	T/NK
HNSCC18_P2_F11_S167_comb	Tumor/Malignant
HNSCC17_P2_A03_S3_comb	Tumor/Malignant
HNSCC18_P2_G01_S169_comb	Unknown
HNSCC17_P2_H06_S90_comb	Tumor/Malignant
HNSCC18_P16_F09_S261_comb	T/NK
HNSCC16_P2_H04_S88_comb	Endothelial
HNSCC18_P7_E07_S151_comb	Tumor/Malignant
HNSCC16_P9_A01_S193_comb	T/NK
HNSCC_17_P9_B09_S21_comb	T/NK
HNSCC16_P9_D06_S234_comb	T/NK
HNSCC18_P7_H02_S182_comb	CAF/Fibroblast
HNSCC16_P9_G05_S269_comb	T/NK
HNSCC17_P3_H04_S280_comb	Tumor/Malignant
HNSCC_17_P10_G11_S275_comb	T/NK
HNSCC_17_P10_D06_S234_comb	T/NK
HNSCC17_P7_E03_S147_comb	Endothelial
HNSCC18_P7_E10_S154_comb	Unknown
HNSCC18_P15_C02_S26_comb	T/NK
HNSCC16_P2_F03_S63_comb	Endothelial
HNSCC_17_P9_F02_S62_comb	T/NK
HNSCC16_P2_D07_S43_comb	Endothelial
HNSCC17_P3_F10_S262_comb	Tumor/Malignant
HNSCC_17_P10_F10_S262_comb	T/NK
HNSCC18_P2_B07_S115_comb	Tumor/Malignant
HNSCC_17_P9_C04_S28_comb	T/NK
HNSCC17_P1_HNSCC17_P1_F01	Tumor/Malignant
HNSCC17_P1_HNSCC17_P1_H09	Tumor/Malignant
HNSCC17_P1_HNSCC17_P1_A11	Tumor/Malignant
HNSCC17_P1_HNSCC17_P1_E12	Tumor/Malignant
HNSCC17_P1_HNSCC17_P1_G07	Tumor/Malignant
HNSCC17_P1_HNSCC17_P1_C11	Tumor/Malignant
HNSCC17_P1_HNSCC17_P1_H02	Tumor/Malignant
HNSCC17_P1_HNSCC17_P1_D05	Tumor/Malignant
HNSCC17_P1_HNSCC17_P1_B05	Tumor/Malignant
HNSCC17_P1_HNSCC17_P1_B06	Unknown
HNSCC17_P1_HNSCC17_P1_B04	Tumor/Malignant
HNSCC17_P1_HNSCC17_P1_H03	Tumor/Malignant
HNSCC17_P1_HNSCC17_P1_A10	Tumor/Malignant
HNSCC17_P1_HNSCC17_P1_D03	Myeloid
HNSCC17_P1_HNSCC17_P1_D11	Tumor/Malignant
HNSCC17_P1_HNSCC17_P1_E06	Tumor/Malignant
HNSCC17_P1_HNSCC17_P1_C04	Tumor/Malignant
HNSCC17_P1_HNSCC17_P1_D09	Tumor/Malignant
HNSCC17_P1_HNSCC17_P1_C06	Tumor/Malignant
HNSCC17_P1_HNSCC17_P1_C01	Tumor/Malignant
HNSCC17_P1_HNSCC17_P1_D01	Tumor/Malignant
HNSCC17_P1_HNSCC17_P1_A07	Tumor/Malignant
HNSCC17_P1_HNSCC17_P1_H07	Tumor/Malignant
HNSCC17_P1_HNSCC17_P1_C08	Tumor/Malignant
HNSCC17_P1_HNSCC17_P1_A09	Tumor/Malignant
HNSCC17_P1_HNSCC17_P1_A03	Tumor/Malignant
HNSCC17_P1_HNSCC17_P1_D06	Tumor/Malignant
HNSCC17_P1_HNSCC17_P1_G06	Tumor/Malignant
HNSCC17_P1_HNSCC17_P1_D07	Tumor/Malignant
HNSCC17_P1_HNSCC17_P1_C12	Tumor/Malignant
HNSCC17_P1_HNSCC17_P1_F12	Tumor/Malignant
HNSCC17_P1_HNSCC17_P1_A08	Tumor/Malignant
HNSCC17_P1_HNSCC17_P1_B10	Tumor/Malignant
HNSCC17_P1_HNSCC17_P1_F03	Tumor/Malignant
HNSCC17_P1_HNSCC17_P1_H11	Tumor/Malignant
HNSCC17_P1_HNSCC17_P1_G03	Tumor/Malignant
HNSCC17_P1_HNSCC17_P1_F05	Unknown
HNSCC17_P1_HNSCC17_P1_C03	Tumor/Malignant
HNSCC17_P1_HNSCC17_P1_E07	Tumor/Malignant
HNSCC17_P1_HNSCC17_P1_E01	Tumor/Malignant
HNSCC17_P1_HNSCC17_P1_C02	Tumor/Malignant
HNSCC17_P1_HNSCC17_P1_E09	Tumor/Malignant
HNSCC17_P1_HNSCC17_P1_H10	Tumor/Malignant
HNSCC17_P1_HNSCC17_P1_C09	Tumor/Malignant
HNSCC17_P1_HNSCC17_P1_F08	Unknown
HNSCC17_P1_HNSCC17_P1_B07	Tumor/Malignant
HNSCC17_P1_HNSCC17_P1_C10	Tumor/Malignant
HNSCC17_P1_HNSCC17_P1_H05	Tumor/Malignant
HNSCC17_P1_HNSCC17_P1_E05	Tumor/Malignant
HNSCC17_P1_HNSCC17_P1_E02	Tumor/Malignant
HNSCC17_P1_HNSCC17_P1_D08	Tumor/Malignant
HNSCC17_P1_HNSCC17_P1_B03	Tumor/Malignant
HNSCC17_P1_HNSCC17_P1_D04	Tumor/Malignant
HNSCC17_P1_HNSCC17_P1_F07	Tumor/Malignant
HNSCC17_P1_HNSCC17_P1_D10	Tumor/Malignant
HNSCC17_P1_HNSCC17_P1_E04	Tumor/Malignant
HNSCC17_P1_HNSCC17_P1_G02	B/Plasma
HNSCC17_P1_HNSCC17_P1_A05	Tumor/Malignant
HNSCC17_P1_HNSCC17_P1_C07	Tumor/Malignant
HNSCC17_P1_HNSCC17_P1_F06	Tumor/Malignant
HNSCC17_P1_HNSCC17_P1_F02	Tumor/Malignant
HNSCC17_P1_HNSCC17_P1_D02	Tumor/Malignant
HNSCC17_P1_HNSCC17_P1_G05	Tumor/Malignant
HNSCC17_P1_HNSCC17_P1_E10	Tumor/Malignant
HNSCC17_P1_HNSCC17_P1_H01	Tumor/Malignant
HNSCC17_P1_HNSCC17_P1_G12	Tumor/Malignant
HNSCC17_P1_HNSCC17_P1_H08	Tumor/Malignant
HNSCC17_P1_HNSCC17_P1_H12	Tumor/Malignant
HNSCC17_P1_HNSCC17_P1_G09	Tumor/Malignant
HNSCC17_P1_HNSCC17_P1_A06	Tumor/Malignant
HNSCC17_P1_HNSCC17_P1_E08	Tumor/Malignant
HNSCC17_P1_HNSCC17_P1_G01	Tumor/Malignant
HNSCC17_P1_HNSCC17_P1_B12	Tumor/Malignant
HNSCC17_P1_HNSCC17_P1_E11	Tumor/Malignant
HNSCC17_P1_HNSCC17_P1_A04	Tumor/Malignant
HNSCC17_P1_HNSCC17_P1_F09	Tumor/Malignant
HNSCC17_P1_HNSCC17_P1_A12	Tumor/Malignant
HNSCC17_P1_HNSCC17_P1_F10	Tumor/Malignant
HNSCC17_P1_HNSCC17_P1_A02	Tumor/Malignant
HNSCC17_P1_HNSCC17_P1_B08	Tumor/Malignant
HNSCC17_P1_HNSCC17_P1_G04	Tumor/Malignant
HNSCC17_P1_HNSCC17_P1_G11	Tumor/Malignant
HNSCC17_P1_HNSCC17_P1_B01	Tumor/Malignant
HNSCC17_P1_HNSCC17_P1_F11	Tumor/Malignant
HNSCC17_P1_HNSCC17_P1_B02	Tumor/Malignant
HNSCC17_P1_HNSCC17_P1_H04	Unknown
HNSCC17_P1_HNSCC17_P1_D12	Tumor/Malignant
HNSCC17_P1_HNSCC17_P1_H06	Tumor/Malignant
HNSCC17_P8_HNSCC17_P8_E08	T/NK
HNSCC17_P8_HNSCC17_P8_B11	T/NK
HNSCC17_P8_HNSCC17_P8_E01	T/NK
HNSCC17_P8_HNSCC17_P8_E09	T/NK
HNSCC17_P8_HNSCC17_P8_B12	T/NK
HNSCC17_P8_HNSCC17_P8_D11	T/NK
HNSCC17_P8_HNSCC17_P8_E11	T/NK
HNSCC17_P8_HNSCC17_P8_C08	T/NK
HNSCC17_P8_HNSCC17_P8_F12	T/NK
HNSCC17_P8_HNSCC17_P8_D01	T/NK
HNSCC17_P8_HNSCC17_P8_C12	T/NK
HNSCC17_P8_HNSCC17_P8_A12	T/NK
HNSCC17_P8_HNSCC17_P8_D06	T/NK
HNSCC17_P8_HNSCC17_P8_C03	T/NK
HNSCC17_P8_HNSCC17_P8_A09	T/NK
HNSCC17_P8_HNSCC17_P8_B05	T/NK
HNSCC17_P8_HNSCC17_P8_C01	T/NK
HNSCC17_P8_HNSCC17_P8_C09	T/NK
HNSCC17_P8_HNSCC17_P8_A02	T/NK
HNSCC17_P8_HNSCC17_P8_D12	T/NK
HNSCC17_P8_HNSCC17_P8_B08	T/NK
HNSCC17_P8_HNSCC17_P8_E12	T/NK
HNSCC17_P8_HNSCC17_P8_F08	T/NK
HNSCC17_P8_HNSCC17_P8_B01	T/NK
HNSCC17_P8_HNSCC17_P8_C02	T/NK
HNSCC17_P8_HNSCC17_P8_E07	T/NK
HNSCC17_P8_HNSCC17_P8_E04	T/NK
HNSCC17_P8_HNSCC17_P8_D09	T/NK
HNSCC17_P8_HNSCC17_P8_D03	T/NK
HNSCC17_P8_HNSCC17_P8_C07	T/NK
HNSCC17_P8_HNSCC17_P8_A05	T/NK
HNSCC17_P8_HNSCC17_P8_C06	T/NK
HNSCC17_P8_HNSCC17_P8_A11	T/NK
HNSCC17_P8_HNSCC17_P8_D04	T/NK
HNSCC17_P8_HNSCC17_P8_E05	T/NK
HNSCC17_P8_HNSCC17_P8_A07	T/NK
HNSCC17_P8_HNSCC17_P8_A04	T/NK
HNSCC17_P8_HNSCC17_P8_C04	T/NK
HNSCC17_P8_HNSCC17_P8_E10	T/NK
HNSCC17_P8_HNSCC17_P8_C11	T/NK
HNSCC17_P8_HNSCC17_P8_A08	T/NK
HNSCC17_P8_HNSCC17_P8_B07	T/NK
HNSCC17_P8_HNSCC17_P8_F10	T/NK
HNSCC17_P8_HNSCC17_P8_A03	T/NK
HNSCC17_P8_HNSCC17_P8_D10	T/NK
HNSCC17_P8_HNSCC17_P8_B09	T/NK
HNSCC17_P8_HNSCC17_P8_D05	T/NK
HNSCC17_P8_HNSCC17_P8_C10	T/NK
HNSCC17_P8_HNSCC17_P8_D08	T/NK
HNSCC17_P8_HNSCC17_P8_D02	T/NK
HNSCC17_P8_HNSCC17_P8_F05	T/NK
HNSCC17_P8_HNSCC17_P8_F02	T/NK
HNSCC17_P8_HNSCC17_P8_F06	T/NK
HNSCC18_P14_HNSCC18_P14_H06	T/NK
HNSCC18_P14_HNSCC18_P14_B07	T/NK
HNSCC18_P14_HNSCC18_P14_E03	T/NK
HNSCC18_P14_HNSCC18_P14_C07	T/NK
HNSCC18_P14_HNSCC18_P14_G08	T/NK
HNSCC18_P14_HNSCC18_P14_D12	T/NK
HNSCC18_P14_HNSCC18_P14_F04	T/NK
HNSCC18_P14_HNSCC18_P14_G06	T/NK
HNSCC18_P14_HNSCC18_P14_E09	T/NK
HNSCC18_P14_HNSCC18_P14_H01	T/NK
HNSCC18_P14_HNSCC18_P14_C06	T/NK
HNSCC18_P14_HNSCC18_P14_A12	T/NK
HNSCC18_P14_HNSCC18_P14_E10	T/NK
HNSCC18_P14_HNSCC18_P14_A03	T/NK
HNSCC18_P14_HNSCC18_P14_E08	T/NK
HNSCC18_P14_HNSCC18_P14_D01	T/NK
HNSCC18_P14_HNSCC18_P14_A10	T/NK
HNSCC18_P14_HNSCC18_P14_G01	T/NK
HNSCC18_P14_HNSCC18_P14_A07	T/NK
HNSCC18_P14_HNSCC18_P14_H08	T/NK
HNSCC18_P14_HNSCC18_P14_D07	T/NK
HNSCC18_P14_HNSCC18_P14_B12	T/NK
HNSCC18_P14_HNSCC18_P14_E04	T/NK
HNSCC18_P14_HNSCC18_P14_H10	T/NK
HNSCC18_P14_HNSCC18_P14_C09	T/NK
HNSCC18_P14_HNSCC18_P14_G07	T/NK
HNSCC18_P14_HNSCC18_P14_F05	T/NK
HNSCC18_P14_HNSCC18_P14_B06	T/NK
HNSCC18_P14_HNSCC18_P14_C10	T/NK
HNSCC18_P14_HNSCC18_P14_D09	T/NK
HNSCC18_P14_HNSCC18_P14_F08	T/NK
HNSCC18_P14_HNSCC18_P14_A04	T/NK
HNSCC18_P14_HNSCC18_P14_G10	T/NK
HNSCC18_P14_HNSCC18_P14_H09	T/NK
HNSCC18_P14_HNSCC18_P14_A02	T/NK
HNSCC18_P14_HNSCC18_P14_B02	T/NK
HNSCC18_P14_HNSCC18_P14_B04	T/NK
HNSCC18_P14_HNSCC18_P14_G12	T/NK
HNSCC18_P14_HNSCC18_P14_C12	T/NK
HNSCC18_P14_HNSCC18_P14_C08	T/NK
HNSCC18_P14_HNSCC18_P14_B10	T/NK
HNSCC18_P14_HNSCC18_P14_E07	T/NK
HNSCC18_P14_HNSCC18_P14_B08	T/NK
HNSCC18_P14_HNSCC18_P14_A11	T/NK
HNSCC18_P14_HNSCC18_P14_F12	T/NK
HNSCC18_P14_HNSCC18_P14_H05	T/NK
HNSCC18_P14_HNSCC18_P14_E12	T/NK
HNSCC18_P14_HNSCC18_P14_B05	T/NK
HNSCC18_P14_HNSCC18_P14_D10	T/NK
HNSCC18_P14_HNSCC18_P14_H04	T/NK
HNSCC18_P14_HNSCC18_P14_D04	T/NK
HNSCC18_P14_HNSCC18_P14_E01	T/NK
HNSCC18_P14_HNSCC18_P14_B09	T/NK
HNSCC18_P14_HNSCC18_P14_D06	T/NK
HNSCC18_P14_HNSCC18_P14_F10	T/NK
HNSCC18_P14_HNSCC18_P14_H02	T/NK
HNSCC18_P14_HNSCC18_P14_A05	T/NK
HNSCC18_P14_HNSCC18_P14_D02	T/NK
HNSCC18_P14_HNSCC18_P14_E05	T/NK
HNSCC18_P14_HNSCC18_P14_E06	T/NK
HNSCC18_P14_HNSCC18_P14_C04	T/NK
HNSCC18_P14_HNSCC18_P14_A06	T/NK
HNSCC18_P14_HNSCC18_P14_C05	Unknown
HNSCC18_P14_HNSCC18_P14_C11	T/NK
HNSCC18_P14_HNSCC18_P14_F11	T/NK
HNSCC18_P14_HNSCC18_P14_B01	T/NK
HNSCC18_P14_HNSCC18_P14_G04	T/NK
HNSCC18_P14_HNSCC18_P14_G03	T/NK
HNSCC18_P14_HNSCC18_P14_A08	T/NK
HNSCC18_P1_P9_HNSCC18_P1_P9_E01	Tumor/Malignant
HNSCC18_P1_P9_HNSCC18_P1_P9_C12	Unknown
HNSCC18_P1_P9_HNSCC18_P1_P9_B11	Unknown
HNSCC18_P1_P9_HNSCC18_P1_P9_A03	Tumor/Malignant
HNSCC18_P1_P9_HNSCC18_P1_P9_D06	Tumor/Malignant
HNSCC18_P1_P9_HNSCC18_P1_P9_H04	Unknown
HNSCC18_P1_P9_HNSCC18_P1_P9_F05	Tumor/Malignant
HNSCC18_P1_P9_HNSCC18_P1_P9_F08	Unknown
HNSCC18_P1_P9_HNSCC18_P1_P9_F12	Unknown
HNSCC18_P1_P9_HNSCC18_P1_P9_F02	Unknown
HNSCC18_P1_P9_HNSCC18_P1_P9_F10	Unknown
HNSCC18_P1_P9_HNSCC18_P1_P9_A05	Tumor/Malignant
HNSCC18_P1_P9_HNSCC18_P1_P9_G08	Unknown
HNSCC18_P1_P9_HNSCC18_P1_P9_H08	Tumor/Malignant
HNSCC18_P1_P9_HNSCC18_P1_P9_H11	Unknown
HNSCC18_P1_P9_HNSCC18_P1_P9_F01	Unknown
HNSCC18_P1_P9_HNSCC18_P1_P9_H02	Unknown
HNSCC18_P1_P9_HNSCC18_P1_P9_B12	Unknown
HNSCC18_P1_P9_HNSCC18_P1_P9_F07	Tumor/Malignant
HNSCC18_P1_P9_HNSCC18_P1_P9_A12	Unknown
HNSCC18_P1_P9_HNSCC18_P1_P9_B10	Tumor/Malignant
HNSCC18_P1_P9_HNSCC18_P1_P9_E10	Unknown
HNSCC18_P1_P9_HNSCC18_P1_P9_B03	Tumor/Malignant
HNSCC18_P1_P9_HNSCC18_P1_P9_D08	CAF/Fibroblast
HNSCC18_P1_P9_HNSCC18_P1_P9_G10	Unknown
HNSCC18_P1_P9_HNSCC18_P1_P9_C11	Tumor/Malignant
HNSCC18_P1_P9_HNSCC18_P1_P9_H09	Tumor/Malignant
HNSCC18_P1_P9_HNSCC18_P1_P9_G03	Unknown
HNSCC18_P1_P9_HNSCC18_P1_P9_H01	Unknown
HNSCC18_P1_P9_HNSCC18_P1_P9_A09	Unknown
HNSCC18_P1_P9_HNSCC18_P1_P9_A07	Myeloid
HNSCC18_P1_P9_HNSCC18_P1_P9_G01	Tumor/Malignant
HNSCC18_P1_P9_HNSCC18_P1_P9_F09	Unknown
HNSCC18_P1_P9_HNSCC18_P1_P9_G06	Tumor/Malignant
HNSCC18_P1_P9_HNSCC18_P1_P9_B01	Tumor/Malignant
HNSCC18_P1_P9_HNSCC18_P1_P9_G11	Unknown
HNSCC18_P1_P9_HNSCC18_P1_P9_B04	Unknown
HNSCC18_P1_P9_HNSCC18_P1_P9_H07	Tumor/Malignant
HNSCC18_P1_P9_HNSCC18_P1_P9_H06	Unknown
HNSCC18_P1_P9_HNSCC18_P1_P9_G04	Unknown
HNSCC18_P1_P9_HNSCC18_P1_P9_E06	Unknown
HNSCC18_P1_P9_HNSCC18_P1_P9_E03	Unknown
HNSCC18_P1_P9_HNSCC18_P1_P9_H05	Tumor/Malignant
HNSCC18_P1_P9_HNSCC18_P1_P9_C04	Tumor/Malignant
HNSCC18_P1_P9_HNSCC18_P1_P9_E11	Tumor/Malignant
HNSCC18_P1_P9_HNSCC18_P1_P9_F06	Unknown
HNSCC18_P1_P9_HNSCC18_P1_P9_D09	Tumor/Malignant
HNSCC18_P1_P9_HNSCC18_P1_P9_B06	Tumor/Malignant
HNSCC18_P1_P9_HNSCC18_P1_P9_F03	Unknown
HNSCC18_P1_P9_HNSCC18_P1_P9_H12	Unknown
HNSCC18_P1_P9_HNSCC18_P1_P9_D02	Unknown
HNSCC18_P1_P9_HNSCC18_P1_P9_E09	Tumor/Malignant
HNSCC18_P1_P9_HNSCC18_P1_P9_H10	Unknown
HNSCC18_P1_P9_HNSCC18_P1_P9_D01	Tumor/Malignant
HNSCC18_P1_P9_HNSCC18_P1_P9_H03	Unknown
HNSCC18_P1_P9_HNSCC18_P1_P9_C03	CAF/Fibroblast
HNSCC18_P1_P9_HNSCC18_P1_P9_E07	Unknown
HNSCC18_P1_P9_HNSCC18_P1_P9_F11	Unknown
HNSCC18_P1_P9_HNSCC18_P1_P9_A01	Tumor/Malignant
HNSCC18_P1_P9_HNSCC18_P1_P9_E08	Tumor/Malignant
HNSCC18_P1_P9_HNSCC18_P1_P9_E05	Unknown
HNSCC18_P1_P9_HNSCC18_P1_P9_E04	Tumor/Malignant
HNSCC18_P1_P9_HNSCC18_P1_P9_G02	Tumor/Malignant
HNSCC18_P1_P9_HNSCC18_P1_P9_F04	Tumor/Malignant
HNSCC18_P1_P9_HNSCC18_P1_P9_E02	Tumor/Malignant
HNSCC18_P1_P9_HNSCC18_P1_P9_G07	Tumor/Malignant
HNSCC18_P1_P9_HNSCC18_P1_P9_B07	Tumor/Malignant
HNSCC18_P1_P9_HNSCC18_P1_P9_D11	Unknown
HNSCC18_P1_P9_HNSCC18_P1_P9_B05	Unknown
HNSCC18_P1_P9_HNSCC18_P1_P9_B09	Tumor/Malignant
HNSCC18_P1_P9_HNSCC18_P1_P9_A04	Tumor/Malignant
HNSCC18_P1_P9_HNSCC18_P1_P9_G05	Unknown
HNSCC16_P5_HNSCC16_P5_D08	CAF/Fibroblast
HNSCC16_P5_HNSCC16_P5_E12	Unknown
HNSCC16_P5_HNSCC16_P5_H07	Tumor/Malignant
HNSCC16_P5_HNSCC16_P5_F06	CAF/Fibroblast
HNSCC16_P5_HNSCC16_P5_D07	Myeloid
HNSCC16_P5_HNSCC16_P5_F05	T/NK
HNSCC16_P5_HNSCC16_P5_C09	Tumor/Malignant
HNSCC16_P5_HNSCC16_P5_C07	CAF/Fibroblast
HNSCC16_P5_HNSCC16_P5_F03	CAF/Fibroblast
HNSCC16_P5_HNSCC16_P5_A09	CAF/Fibroblast
HNSCC16_P5_HNSCC16_P5_A02	CAF/Fibroblast
HNSCC16_P5_HNSCC16_P5_F10	Unknown
HNSCC16_P5_HNSCC16_P5_F02	CAF/Fibroblast
HNSCC16_P5_HNSCC16_P5_D06	CAF/Fibroblast
HNSCC16_P5_HNSCC16_P5_C01	Myeloid
HNSCC16_P5_HNSCC16_P5_H05	Tumor/Malignant
HNSCC16_P5_HNSCC16_P5_D03	CAF/Fibroblast
HNSCC16_P5_HNSCC16_P5_B04	Tumor/Malignant
HNSCC16_P5_HNSCC16_P5_F04	Tumor/Malignant
HNSCC16_P5_HNSCC16_P5_H09	Tumor/Malignant
HNSCC16_P5_HNSCC16_P5_H03	Tumor/Malignant
HNSCC16_P5_HNSCC16_P5_E08	CAF/Fibroblast
HNSCC16_P5_HNSCC16_P5_D05	CAF/Fibroblast
HNSCC16_P5_HNSCC16_P5_C08	CAF/Fibroblast
HNSCC16_P5_HNSCC16_P5_B05	CAF/Fibroblast
HNSCC16_P5_HNSCC16_P5_H12	Tumor/Malignant
HNSCC16_P5_HNSCC16_P5_F09	Myeloid
HNSCC16_P5_HNSCC16_P5_C12	Tumor/Malignant
HNSCC16_P5_HNSCC16_P5_D09	Myeloid
HNSCC16_P5_HNSCC16_P5_B06	Tumor/Malignant
HNSCC16_P5_HNSCC16_P5_A07	Myeloid
HNSCC16_P5_HNSCC16_P5_F11	Tumor/Malignant
HNSCC16_P5_HNSCC16_P5_A04	Tumor/Malignant
HNSCC16_P5_HNSCC16_P5_A10	CAF/Fibroblast
HNSCC16_P5_HNSCC16_P5_F08	CAF/Fibroblast
HNSCC16_P5_HNSCC16_P5_E10	CAF/Fibroblast
HNSCC16_P5_HNSCC16_P5_A08	Tumor/Malignant
HNSCC16_P5_HNSCC16_P5_E11	CAF/Fibroblast
HNSCC16_P5_HNSCC16_P5_B08	Myeloid
HNSCC16_P5_HNSCC16_P5_D12	Unknown
HNSCC16_P5_HNSCC16_P5_H01	Tumor/Malignant
HNSCC16_P5_HNSCC16_P5_D04	CAF/Fibroblast
HNSCC16_P5_HNSCC16_P5_E01	Myeloid
HNSCC16_P5_HNSCC16_P5_A03	Unknown
HNSCC16_P5_HNSCC16_P5_B12	CAF/Fibroblast
HNSCC16_P5_HNSCC16_P5_F01	CAF/Fibroblast
HNSCC16_P5_HNSCC16_P5_H06	CAF/Fibroblast
HNSCC16_P5_HNSCC16_P5_C10	CAF/Fibroblast
HNSCC16_P5_HNSCC16_P5_A01	Tumor/Malignant
HNSCC16_P5_HNSCC16_P5_C11	Myeloid
HNSCC16_P5_HNSCC16_P5_A05	CAF/Fibroblast
HNSCC16_P5_HNSCC16_P5_G10	CAF/Fibroblast
HNSCC16_P5_HNSCC16_P5_B10	CAF/Fibroblast
HNSCC16_P5_HNSCC16_P5_G06	T/NK
HNSCC16_P5_HNSCC16_P5_G11	Unknown
HNSCC16_P5_HNSCC16_P5_G02	Unknown
HNSCC16_P5_HNSCC16_P5_E05	Myeloid
HNSCC16_P5_HNSCC16_P5_B02	CAF/Fibroblast
HNSCC16_P5_HNSCC16_P5_E02	CAF/Fibroblast
HNSCC16_P5_HNSCC16_P5_H04	Unknown
HNSCC16_P5_HNSCC16_P5_D01	Tumor/Malignant
HNSCC16_P5_HNSCC16_P5_B11	Tumor/Malignant
HNSCC16_P5_HNSCC16_P5_A06	CAF/Fibroblast
HNSCC16_P5_HNSCC16_P5_B03	T/NK
HNSCC16_P14_HNSCC16_P14_C10	T/NK
HNSCC16_P14_HNSCC16_P14_E03	T/NK
HNSCC16_P14_HNSCC16_P14_F03	T/NK
HNSCC16_P14_HNSCC16_P14_B09	T/NK
HNSCC16_P14_HNSCC16_P14_C11	T/NK
HNSCC16_P14_HNSCC16_P14_F02	T/NK
HNSCC16_P14_HNSCC16_P14_F08	T/NK
HNSCC16_P14_HNSCC16_P14_C08	T/NK
HNSCC16_P14_HNSCC16_P14_H10	T/NK
HNSCC16_P14_HNSCC16_P14_C05	T/NK
HNSCC16_P14_HNSCC16_P14_B08	T/NK
HNSCC16_P14_HNSCC16_P14_D12	T/NK
HNSCC16_P14_HNSCC16_P14_A05	T/NK
HNSCC16_P14_HNSCC16_P14_E09	T/NK
HNSCC16_P14_HNSCC16_P14_E07	T/NK
HNSCC16_P14_HNSCC16_P14_C03	T/NK
HNSCC16_P14_HNSCC16_P14_F07	T/NK
HNSCC16_P14_HNSCC16_P14_E01	T/NK
HNSCC16_P14_HNSCC16_P14_C12	T/NK
HNSCC16_P14_HNSCC16_P14_C06	T/NK
HNSCC16_P14_HNSCC16_P14_F11	T/NK
HNSCC16_P14_HNSCC16_P14_G07	T/NK
HNSCC16_P14_HNSCC16_P14_G06	T/NK
HNSCC16_P14_HNSCC16_P14_C04	T/NK
HNSCC16_P14_HNSCC16_P14_A08	T/NK
HNSCC16_P14_HNSCC16_P14_E04	T/NK
HNSCC16_P14_HNSCC16_P14_G12	Myeloid
HNSCC16_P14_HNSCC16_P14_F09	T/NK
HNSCC16_P14_HNSCC16_P14_B06	T/NK
HNSCC16_P14_HNSCC16_P14_D08	T/NK
HNSCC16_P14_HNSCC16_P14_G03	T/NK
HNSCC16_P14_HNSCC16_P14_A06	T/NK
HNSCC16_P14_HNSCC16_P14_C01	T/NK
HNSCC16_P14_HNSCC16_P14_B10	T/NK
HNSCC16_P14_HNSCC16_P14_E12	T/NK
HNSCC16_P14_HNSCC16_P14_A03	T/NK
HNSCC16_P14_HNSCC16_P14_A01	T/NK
HNSCC16_P14_HNSCC16_P14_B01	T/NK
HNSCC16_P14_HNSCC16_P14_A12	T/NK
HNSCC16_P14_HNSCC16_P14_C09	T/NK
HNSCC16_P14_HNSCC16_P14_D11	T/NK
HNSCC16_P14_HNSCC16_P14_C07	T/NK
HNSCC16_P14_HNSCC16_P14_G01	T/NK
HNSCC16_P14_HNSCC16_P14_G08	T/NK
HNSCC16_P14_HNSCC16_P14_G09	T/NK
HNSCC16_P14_HNSCC16_P14_B11	T/NK
HNSCC16_P14_HNSCC16_P14_B07	T/NK
HNSCC16_P14_HNSCC16_P14_E02	T/NK
HNSCC16_P14_HNSCC16_P14_C02	T/NK
HNSCC16_P14_HNSCC16_P14_F04	T/NK
HNSCC16_P14_HNSCC16_P14_E06	T/NK
HNSCC16_P14_HNSCC16_P14_A10	T/NK
HNSCC16_P14_HNSCC16_P14_B05	T/NK
HNSCC16_P14_HNSCC16_P14_A07	T/NK
HNSCC16_P14_HNSCC16_P14_E10	T/NK
HNSCC16_P14_HNSCC16_P14_H01	T/NK
HNSCC16_P14_HNSCC16_P14_B12	T/NK
HNSCC16_P14_HNSCC16_P14_D09	T/NK
HNSCC16_P14_HNSCC16_P14_G02	T/NK
HNSCC16_P14_HNSCC16_P14_G05	Myeloid
HNSCC16_P14_HNSCC16_P14_F06	T/NK
HNSCC16_P14_HNSCC16_P14_B04	T/NK
HNSCC16_P14_HNSCC16_P14_B03	T/NK
HNSCC16_P14_HNSCC16_P14_E05	T/NK
HNSCC16_P14_HNSCC16_P14_G10	T/NK
HNSCC16_P14_HNSCC16_P14_E08	T/NK
HNSCC16_P14_HNSCC16_P14_A09	T/NK
HNSCC16_P14_HNSCC16_P14_A11	T/NK
HNSCC16_P14_HNSCC16_P14_A04	T/NK
HNSCC16_P14_HNSCC16_P14_A02	T/NK
HNSCC16_P14_HNSCC16_P14_F05	T/NK
HNSCC16_P14_HNSCC16_P14_H03	T/NK
HNSCC16_P14_HNSCC16_P14_G11	T/NK
HNSCC16_P14_HNSCC16_P14_F01	T/NK
HNSCC16_P4_HNSCC16_P4_G10	CAF/Fibroblast
HNSCC16_P4_HNSCC16_P4_F09	Tumor/Malignant
HNSCC16_P4_HNSCC16_P4_D01	Unknown
HNSCC16_P4_HNSCC16_P4_F11	CAF/Fibroblast
HNSCC16_P4_HNSCC16_P4_G06	CAF/Fibroblast
HNSCC16_P4_HNSCC16_P4_A08	CAF/Fibroblast
HNSCC16_P4_HNSCC16_P4_B07	CAF/Fibroblast
HNSCC16_P4_HNSCC16_P4_B10	Tumor/Malignant
HNSCC16_P4_HNSCC16_P4_F01	Tumor/Malignant
HNSCC16_P4_HNSCC16_P4_G05	CAF/Fibroblast
HNSCC16_P4_HNSCC16_P4_G04	Myeloid
HNSCC16_P4_HNSCC16_P4_G11	Myeloid
HNSCC16_P4_HNSCC16_P4_B09	Myeloid
HNSCC16_P4_HNSCC16_P4_D05	Myeloid
HNSCC16_P4_HNSCC16_P4_B01	CAF/Fibroblast
HNSCC16_P4_HNSCC16_P4_F08	Unknown
HNSCC16_P4_HNSCC16_P4_A07	CAF/Fibroblast
HNSCC16_P4_HNSCC16_P4_A06	Unknown
HNSCC16_P4_HNSCC16_P4_E09	CAF/Fibroblast
HNSCC16_P4_HNSCC16_P4_C03	CAF/Fibroblast
HNSCC16_P4_HNSCC16_P4_C10	CAF/Fibroblast
HNSCC16_P4_HNSCC16_P4_C12	Tumor/Malignant
HNSCC16_P4_HNSCC16_P4_C01	Tumor/Malignant
HNSCC16_P4_HNSCC16_P4_B08	CAF/Fibroblast
HNSCC16_P4_HNSCC16_P4_E12	CAF/Fibroblast
HNSCC16_P4_HNSCC16_P4_C05	CAF/Fibroblast
HNSCC16_P4_HNSCC16_P4_F10	CAF/Fibroblast
HNSCC16_P4_HNSCC16_P4_D12	Tumor/Malignant
HNSCC16_P4_HNSCC16_P4_G03	Tumor/Malignant
HNSCC16_P4_HNSCC16_P4_E07	CAF/Fibroblast
HNSCC16_P4_HNSCC16_P4_F03	CAF/Fibroblast
HNSCC16_P4_HNSCC16_P4_H12	Tumor/Malignant
HNSCC16_P4_HNSCC16_P4_G08	CAF/Fibroblast
HNSCC16_P4_HNSCC16_P4_D10	Unknown
HNSCC16_P4_HNSCC16_P4_D09	CAF/Fibroblast
HNSCC16_P4_HNSCC16_P4_B11	Other/Stromal
HNSCC16_P4_HNSCC16_P4_C07	CAF/Fibroblast
HNSCC16_P4_HNSCC16_P4_D11	CAF/Fibroblast
HNSCC16_P4_HNSCC16_P4_H03	Unknown
HNSCC16_P4_HNSCC16_P4_A12	CAF/Fibroblast
HNSCC16_P4_HNSCC16_P4_C11	CAF/Fibroblast
HNSCC16_P4_HNSCC16_P4_A10	CAF/Fibroblast
HNSCC16_P4_HNSCC16_P4_H07	Myeloid
HNSCC16_P4_HNSCC16_P4_C09	CAF/Fibroblast
HNSCC16_P4_HNSCC16_P4_E06	CAF/Fibroblast
HNSCC16_P4_HNSCC16_P4_D04	Unknown
HNSCC16_P4_HNSCC16_P4_A03	CAF/Fibroblast
HNSCC16_P4_HNSCC16_P4_H06	Tumor/Malignant
HNSCC16_P4_HNSCC16_P4_D03	Unknown
HNSCC16_P4_HNSCC16_P4_F07	Tumor/Malignant
HNSCC16_P4_HNSCC16_P4_B06	Myeloid
HNSCC16_P4_HNSCC16_P4_D06	Tumor/Malignant
HNSCC16_P4_HNSCC16_P4_F06	Tumor/Malignant
HNSCC16_P4_HNSCC16_P4_A09	Tumor/Malignant
HNSCC16_P4_HNSCC16_P4_E11	Myeloid
HNSCC16_P4_HNSCC16_P4_G12	Tumor/Malignant
HNSCC16_P4_HNSCC16_P4_E01	CAF/Fibroblast
HNSCC16_P4_HNSCC16_P4_F04	Tumor/Malignant
HNSCC16_P4_HNSCC16_P4_C06	CAF/Fibroblast
HNSCC16_P4_HNSCC16_P4_A11	Tumor/Malignant
HNSCC16_P4_HNSCC16_P4_H11	CAF/Fibroblast
HNSCC16_P4_HNSCC16_P4_D08	Unknown
HNSCC16_P4_HNSCC16_P4_C08	CAF/Fibroblast
HNSCC16_P4_HNSCC16_P4_H09	CAF/Fibroblast
HNSCC16_P4_HNSCC16_P4_G01	CAF/Fibroblast
HNSCC16_P7_HNSCC16_P7_B05	CAF/Fibroblast
HNSCC16_P7_HNSCC16_P7_F06	Unknown
HNSCC16_P7_HNSCC16_P7_C04	CAF/Fibroblast
HNSCC16_P7_HNSCC16_P7_A05	CAF/Fibroblast
HNSCC16_P7_HNSCC16_P7_H01	Tumor/Malignant
HNSCC16_P7_HNSCC16_P7_F07	Unknown
HNSCC16_P7_HNSCC16_P7_G07	CAF/Fibroblast
HNSCC16_P7_HNSCC16_P7_A12	Tumor/Malignant
HNSCC16_P7_HNSCC16_P7_H09	Tumor/Malignant
HNSCC16_P7_HNSCC16_P7_E05	Tumor/Malignant
HNSCC16_P7_HNSCC16_P7_E01	CAF/Fibroblast
HNSCC16_P7_HNSCC16_P7_B12	Tumor/Malignant
HNSCC16_P7_HNSCC16_P7_D11	T/NK
HNSCC16_P7_HNSCC16_P7_E09	Tumor/Malignant
HNSCC16_P7_HNSCC16_P7_C01	Unknown
HNSCC16_P7_HNSCC16_P7_B07	CAF/Fibroblast
HNSCC16_P7_HNSCC16_P7_C08	CAF/Fibroblast
HNSCC16_P7_HNSCC16_P7_G06	Unknown
HNSCC16_P7_HNSCC16_P7_C03	Unknown
HNSCC16_P7_HNSCC16_P7_D02	Tumor/Malignant
HNSCC16_P7_HNSCC16_P7_H02	Myeloid
HNSCC16_P7_HNSCC16_P7_A04	Tumor/Malignant
HNSCC16_P7_HNSCC16_P7_A09	CAF/Fibroblast
HNSCC16_P7_HNSCC16_P7_C07	CAF/Fibroblast
HNSCC16_P7_HNSCC16_P7_H03	Tumor/Malignant
HNSCC16_P7_HNSCC16_P7_G02	Unknown
HNSCC16_P7_HNSCC16_P7_B02	Tumor/Malignant
HNSCC16_P7_HNSCC16_P7_D05	Myeloid
HNSCC16_P7_HNSCC16_P7_G12	CAF/Fibroblast
HNSCC16_P7_HNSCC16_P7_F03	Tumor/Malignant
HNSCC16_P7_HNSCC16_P7_A08	CAF/Fibroblast
HNSCC16_P7_HNSCC16_P7_G09	Myeloid
HNSCC16_P7_HNSCC16_P7_E10	Tumor/Malignant
HNSCC16_P7_HNSCC16_P7_C10	CAF/Fibroblast
HNSCC16_P7_HNSCC16_P7_D08	Tumor/Malignant
HNSCC16_P7_HNSCC16_P7_B10	Tumor/Malignant
HNSCC16_P7_HNSCC16_P7_H04	Tumor/Malignant
HNSCC16_P7_HNSCC16_P7_D03	CAF/Fibroblast
HNSCC16_P7_HNSCC16_P7_F08	Tumor/Malignant
HNSCC16_P7_HNSCC16_P7_B04	Myeloid
HNSCC16_P7_HNSCC16_P7_C06	CAF/Fibroblast
HNSCC16_P7_HNSCC16_P7_C12	Tumor/Malignant
HNSCC16_P7_HNSCC16_P7_C05	Tumor/Malignant
HNSCC16_P7_HNSCC16_P7_E07	Tumor/Malignant
HNSCC16_P7_HNSCC16_P7_F11	Myeloid
HNSCC16_P7_HNSCC16_P7_G01	CAF/Fibroblast
HNSCC16_P7_HNSCC16_P7_A01	Myeloid
HNSCC16_P7_HNSCC16_P7_B11	Unknown
HNSCC16_P7_HNSCC16_P7_H10	Myeloid
HNSCC16_P7_HNSCC16_P7_H08	CAF/Fibroblast
HNSCC16_P7_HNSCC16_P7_F04	Myeloid
HNSCC16_P7_HNSCC16_P7_C02	CAF/Fibroblast
HNSCC16_P7_HNSCC16_P7_E04	CAF/Fibroblast
HNSCC16_P7_HNSCC16_P7_D04	Tumor/Malignant
HNSCC16_P7_HNSCC16_P7_C09	CAF/Fibroblast
HNSCC16_P7_HNSCC16_P7_E02	CAF/Fibroblast
HNSCC16_P7_HNSCC16_P7_H06	CAF/Fibroblast
HNSCC16_P7_HNSCC16_P7_D09	Myeloid
HNSCC16_P7_HNSCC16_P7_B08	CAF/Fibroblast
HNSCC16_P7_HNSCC16_P7_F02	Unknown
HNSCC16_P7_HNSCC16_P7_B09	CAF/Fibroblast
HNSCC16_P7_HNSCC16_P7_G08	Tumor/Malignant
HNSCC16_P11_HNSCC16_P11_E03	T/NK
HNSCC16_P11_HNSCC16_P11_F02	T/NK
HNSCC16_P11_HNSCC16_P11_F07	T/NK
HNSCC16_P11_HNSCC16_P11_F06	T/NK
HNSCC16_P11_HNSCC16_P11_B02	T/NK
HNSCC16_P11_HNSCC16_P11_B04	T/NK
HNSCC16_P11_HNSCC16_P11_C10	T/NK
HNSCC16_P11_HNSCC16_P11_E12	T/NK
HNSCC16_P11_HNSCC16_P11_G02	T/NK
HNSCC16_P11_HNSCC16_P11_F01	T/NK
HNSCC16_P11_HNSCC16_P11_F05	T/NK
HNSCC16_P11_HNSCC16_P11_C12	T/NK
HNSCC16_P11_HNSCC16_P11_C05	T/NK
HNSCC16_P11_HNSCC16_P11_G01	T/NK
HNSCC16_P11_HNSCC16_P11_B05	T/NK
HNSCC16_P11_HNSCC16_P11_G06	T/NK
HNSCC16_P11_HNSCC16_P11_E07	T/NK
HNSCC16_P11_HNSCC16_P11_G07	T/NK
HNSCC16_P11_HNSCC16_P11_B01	T/NK
HNSCC16_P11_HNSCC16_P11_G11	T/NK
HNSCC16_P11_HNSCC16_P11_D05	T/NK
HNSCC16_P11_HNSCC16_P11_H02	T/NK
HNSCC16_P11_HNSCC16_P11_G05	T/NK
HNSCC16_P11_HNSCC16_P11_C06	T/NK
HNSCC16_P11_HNSCC16_P11_G08	T/NK
HNSCC16_P11_HNSCC16_P11_A05	T/NK
HNSCC16_P11_HNSCC16_P11_C11	T/NK
HNSCC16_P11_HNSCC16_P11_E06	T/NK
HNSCC16_P11_HNSCC16_P11_G09	T/NK
HNSCC16_P11_HNSCC16_P11_E08	T/NK
HNSCC16_P11_HNSCC16_P11_D12	T/NK
HNSCC16_P11_HNSCC16_P11_E09	T/NK
HNSCC16_P11_HNSCC16_P11_A06	T/NK
HNSCC16_P11_HNSCC16_P11_A11	T/NK
HNSCC16_P11_HNSCC16_P11_A08	T/NK
HNSCC16_P11_HNSCC16_P11_B07	T/NK
HNSCC16_P11_HNSCC16_P11_B08	T/NK
HNSCC16_P11_HNSCC16_P11_A02	T/NK
HNSCC16_P11_HNSCC16_P11_D11	T/NK
HNSCC16_P11_HNSCC16_P11_B10	T/NK
HNSCC16_P11_HNSCC16_P11_C08	T/NK
HNSCC16_P11_HNSCC16_P11_E04	T/NK
HNSCC16_P11_HNSCC16_P11_F08	T/NK
HNSCC16_P11_HNSCC16_P11_E05	T/NK
HNSCC16_P11_HNSCC16_P11_E01	T/NK
HNSCC16_P11_HNSCC16_P11_A07	T/NK
HNSCC16_P11_HNSCC16_P11_C01	T/NK
HNSCC16_P11_HNSCC16_P11_D03	T/NK
HNSCC16_P11_HNSCC16_P11_A01	T/NK
HNSCC16_P11_HNSCC16_P11_D10	T/NK
HNSCC16_P11_HNSCC16_P11_A09	T/NK
HNSCC16_P11_HNSCC16_P11_C09	T/NK
HNSCC16_P11_HNSCC16_P11_D08	T/NK
HNSCC16_P11_HNSCC16_P11_C07	T/NK
HNSCC16_P11_HNSCC16_P11_C02	T/NK
HNSCC16_P11_HNSCC16_P11_G03	T/NK
HNSCC16_P11_HNSCC16_P11_B12	T/NK
HNSCC16_P11_HNSCC16_P11_D07	T/NK
HNSCC16_P11_HNSCC16_P11_A12	T/NK
HNSCC16_P11_HNSCC16_P11_G04	T/NK
HNSCC16_P11_HNSCC16_P11_E10	T/NK
HNSCC16_P11_HNSCC16_P11_D04	T/NK
HNSCC16_P11_HNSCC16_P11_C04	T/NK
HNSCC16_P11_HNSCC16_P11_A10	T/NK
HNSCC16_P11_HNSCC16_P11_G12	T/NK
HNSCC16_P11_HNSCC16_P11_E11	T/NK
HNSCC16_P11_HNSCC16_P11_H01	T/NK
HNSCC16_P11_HNSCC16_P11_G10	T/NK
HNSCC16_P11_HNSCC16_P11_F10	T/NK
HNSCC16_P11_HNSCC16_P11_F12	T/NK
HNSCC16_P11_HNSCC16_P11_F09	T/NK
HNSCC16_P11_HNSCC16_P11_B09	T/NK
HNSCC16_P11_HNSCC16_P11_B03	T/NK
HNSCC16_P11_HNSCC16_P11_E02	T/NK
HNSCC16_P11_HNSCC16_P11_D02	T/NK
HNSCC16_P12_HNSCC16_P12_H09	T/NK
HNSCC16_P12_HNSCC16_P12_C01	T/NK
HNSCC16_P12_HNSCC16_P12_A12	T/NK
HNSCC16_P12_HNSCC16_P12_H01	T/NK
HNSCC16_P12_HNSCC16_P12_E04	T/NK
HNSCC16_P12_HNSCC16_P12_D01	T/NK
HNSCC16_P12_HNSCC16_P12_C02	T/NK
HNSCC16_P12_HNSCC16_P12_C09	T/NK
HNSCC16_P12_HNSCC16_P12_A03	T/NK
HNSCC16_P12_HNSCC16_P12_B08	T/NK
HNSCC16_P12_HNSCC16_P12_B09	T/NK
HNSCC16_P12_HNSCC16_P12_B12	T/NK
HNSCC16_P12_HNSCC16_P12_G12	T/NK
HNSCC16_P12_HNSCC16_P12_B11	T/NK
HNSCC16_P12_HNSCC16_P12_D08	T/NK
HNSCC16_P12_HNSCC16_P12_C05	T/NK
HNSCC16_P12_HNSCC16_P12_G09	T/NK
HNSCC16_P12_HNSCC16_P12_A11	T/NK
HNSCC16_P12_HNSCC16_P12_D02	T/NK
HNSCC16_P12_HNSCC16_P12_H04	T/NK
HNSCC16_P12_HNSCC16_P12_F02	T/NK
HNSCC16_P12_HNSCC16_P12_E05	T/NK
HNSCC16_P12_HNSCC16_P12_G01	T/NK
HNSCC16_P12_HNSCC16_P12_A09	T/NK
HNSCC16_P12_HNSCC16_P12_A01	T/NK
HNSCC16_P12_HNSCC16_P12_E12	T/NK
HNSCC16_P12_HNSCC16_P12_C08	T/NK
HNSCC16_P12_HNSCC16_P12_D03	T/NK
HNSCC16_P12_HNSCC16_P12_B10	T/NK
HNSCC16_P12_HNSCC16_P12_G10	T/NK
HNSCC16_P12_HNSCC16_P12_F09	T/NK
HNSCC16_P12_HNSCC16_P12_F07	T/NK
HNSCC16_P12_HNSCC16_P12_A08	T/NK
HNSCC16_P12_HNSCC16_P12_E10	T/NK
HNSCC16_P12_HNSCC16_P12_G11	T/NK
HNSCC16_P12_HNSCC16_P12_G06	T/NK
HNSCC16_P12_HNSCC16_P12_G04	T/NK
HNSCC16_P12_HNSCC16_P12_E06	T/NK
HNSCC16_P12_HNSCC16_P12_B02	T/NK
HNSCC16_P12_HNSCC16_P12_B06	T/NK
HNSCC16_P12_HNSCC16_P12_C03	T/NK
HNSCC16_P12_HNSCC16_P12_A05	T/NK
HNSCC16_P12_HNSCC16_P12_E01	T/NK
HNSCC16_P12_HNSCC16_P12_H11	T/NK
HNSCC16_P12_HNSCC16_P12_B01	T/NK
HNSCC16_P12_HNSCC16_P12_D11	T/NK
HNSCC16_P12_HNSCC16_P12_E11	T/NK
HNSCC16_P12_HNSCC16_P12_H05	T/NK
HNSCC16_P12_HNSCC16_P12_F08	T/NK
HNSCC16_P12_HNSCC16_P12_G02	T/NK
HNSCC16_P12_HNSCC16_P12_F04	T/NK
HNSCC16_P12_HNSCC16_P12_E07	T/NK
HNSCC16_P12_HNSCC16_P12_C11	T/NK
HNSCC16_P12_HNSCC16_P12_E09	T/NK
HNSCC16_P12_HNSCC16_P12_F10	T/NK
HNSCC16_P12_HNSCC16_P12_B07	T/NK
HNSCC16_P12_HNSCC16_P12_D09	T/NK
HNSCC16_P12_HNSCC16_P12_A07	T/NK
HNSCC16_P12_HNSCC16_P12_D07	T/NK
HNSCC16_P12_HNSCC16_P12_B05	T/NK
HNSCC16_P12_HNSCC16_P12_G08	T/NK
HNSCC16_P12_HNSCC16_P12_C12	T/NK
HNSCC16_P12_HNSCC16_P12_H02	T/NK
HNSCC16_P12_HNSCC16_P12_F03	T/NK
HNSCC16_P12_HNSCC16_P12_D10	T/NK
HNSCC16_P12_HNSCC16_P12_H10	T/NK
HNSCC16_P12_HNSCC16_P12_A06	T/NK
HNSCC16_P12_HNSCC16_P12_C10	T/NK
HNSCC16_P12_HNSCC16_P12_C04	T/NK
HNSCC16_P12_HNSCC16_P12_F05	T/NK
HNSCC16_P12_HNSCC16_P12_A04	T/NK
HNSCC16_P12_HNSCC16_P12_F11	T/NK
HNSCC16_P12_HNSCC16_P12_C06	T/NK
HNSCC16_P12_HNSCC16_P12_B03	T/NK
HNSCC16_P12_HNSCC16_P12_H06	T/NK
HNSCC16_P12_HNSCC16_P12_D04	T/NK
HNSCC16_P12_HNSCC16_P12_H03	T/NK
HNSCC16_P12_HNSCC16_P12_A02	T/NK
HNSCC16_P12_HNSCC16_P12_G07	T/NK
HNSCC16_P12_HNSCC16_P12_F06	T/NK
HNSCC16_P12_HNSCC16_P12_E03	T/NK
HNSCC16_P12_HNSCC16_P12_H12	T/NK
HNSCC16_P12_HNSCC16_P12_F12	T/NK
HNSCC_combo1_HNSCC_ComboP1_F11	T/NK
HNSCC_combo1_HNSCC_ComboP1_C11	T/NK
HNSCC_combo1_HNSCC_ComboP1_F10	T/NK
HNSCC_combo1_HNSCC_ComboP1_F01	Tumor/Malignant
HNSCC_combo1_HNSCC_ComboP1_D03	Tumor/Malignant
HNSCC_combo1_HNSCC_ComboP1_F02	CAF/Fibroblast
HNSCC_combo1_HNSCC_ComboP1_A11	T/NK
HNSCC_combo1_HNSCC_ComboP1_C08	Tumor/Malignant
HNSCC_combo1_HNSCC_ComboP1_G09	T/NK
HNSCC_combo1_HNSCC_ComboP1_E03	CAF/Fibroblast
HNSCC_combo1_HNSCC_ComboP1_E01	Unknown
HNSCC_combo1_HNSCC_ComboP1_F12	T/NK
HNSCC_combo1_HNSCC_ComboP1_B08	Tumor/Malignant
HNSCC_combo1_HNSCC_ComboP1_G12	T/NK
HNSCC_combo1_HNSCC_ComboP1_B09	T/NK
HNSCC_combo1_HNSCC_ComboP1_H02	Unknown
HNSCC_combo1_HNSCC_ComboP1_C03	Unknown
HNSCC_combo1_HNSCC_ComboP1_G01	CAF/Fibroblast
HNSCC_combo1_HNSCC_ComboP1_A07	Myeloid
HNSCC_combo1_HNSCC_ComboP1_A10	T/NK
HNSCC_combo1_HNSCC_ComboP1_D06	Tumor/Malignant
HNSCC_combo1_HNSCC_ComboP1_F07	Myeloid
HNSCC_combo1_HNSCC_ComboP1_A03	CAF/Fibroblast
HNSCC_combo1_HNSCC_ComboP1_G10	Myeloid
HNSCC_combo1_HNSCC_ComboP1_B02	CAF/Fibroblast
HNSCC_combo1_HNSCC_ComboP1_D11	T/NK
HNSCC_combo1_HNSCC_ComboP1_G07	CAF/Fibroblast
HNSCC_combo1_HNSCC_ComboP1_F03	CAF/Fibroblast
HNSCC_combo1_HNSCC_ComboP1_C12	T/NK
HNSCC_combo1_HNSCC_ComboP1_E06	CAF/Fibroblast
HNSCC_combo1_HNSCC_ComboP1_E10	T/NK
HNSCC_combo1_HNSCC_ComboP1_D01	CAF/Fibroblast
HNSCC_combo1_HNSCC_ComboP1_H01	Myeloid
HNSCC_combo1_HNSCC_ComboP1_C04	Tumor/Malignant
HNSCC_combo1_HNSCC_ComboP1_D09	T/NK
HNSCC_combo1_HNSCC_ComboP1_B03	Tumor/Malignant
HNSCC_combo1_HNSCC_ComboP1_B01	CAF/Fibroblast
HNSCC_combo1_HNSCC_ComboP1_F04	Tumor/Malignant
HNSCC_combo1_HNSCC_ComboP1_G05	CAF/Fibroblast
HNSCC_combo1_HNSCC_ComboP1_B07	CAF/Fibroblast
HNSCC_combo1_HNSCC_ComboP1_D08	Tumor/Malignant
HNSCC_combo1_HNSCC_ComboP1_G04	Tumor/Malignant
HNSCC_combo1_HNSCC_ComboP1_D05	CAF/Fibroblast
HNSCC_combo1_HNSCC_ComboP1_A02	CAF/Fibroblast
HNSCC_combo1_HNSCC_ComboP1_C02	Myeloid
HNSCC_combo1_HNSCC_ComboP1_G03	Tumor/Malignant
HNSCC_combo1_HNSCC_ComboP1_C07	Tumor/Malignant
HNSCC_combo1_HNSCC_ComboP1_C06	Tumor/Malignant
HNSCC_combo1_HNSCC_ComboP1_E08	Tumor/Malignant
HNSCC_combo1_HNSCC_ComboP1_B11	T/NK
HNSCC_combo1_HNSCC_ComboP1_A04	CAF/Fibroblast
HNSCC_combo1_HNSCC_ComboP1_C10	T/NK
HNSCC_combo1_HNSCC_ComboP1_A06	CAF/Fibroblast
HNSCC_combo1_HNSCC_ComboP1_C05	Tumor/Malignant
HNSCC_combo1_HNSCC_ComboP1_E02	Myeloid
HNSCC_combo2_HNSCC_ComboP2_C08	T/NK
HNSCC_combo2_HNSCC_ComboP2_C04	T/NK
HNSCC_combo2_HNSCC_ComboP2_E01	T/NK
HNSCC_combo2_HNSCC_ComboP2_H08	CAF/Fibroblast
HNSCC_combo2_HNSCC_ComboP2_F04	T/NK
HNSCC_combo2_HNSCC_ComboP2_C03	T/NK
HNSCC_combo2_HNSCC_ComboP2_G01	Myeloid
HNSCC_combo2_HNSCC_ComboP2_G10	Unknown
HNSCC_combo2_HNSCC_ComboP2_D09	Unknown
HNSCC_combo2_HNSCC_ComboP2_H02	T/NK
HNSCC_combo2_HNSCC_ComboP2_A05	B/Plasma
HNSCC_combo2_HNSCC_ComboP2_A07	B/Plasma
HNSCC_combo2_HNSCC_ComboP2_B04	T/NK
HNSCC_combo2_HNSCC_ComboP2_G07	B/Plasma
HNSCC_combo2_HNSCC_ComboP2_A01	T/NK
HNSCC_combo2_HNSCC_ComboP2_C05	B/Plasma
HNSCC_combo2_HNSCC_ComboP2_D08	CAF/Fibroblast
HNSCC_combo2_HNSCC_ComboP2_H06	Myeloid
HNSCC_combo2_HNSCC_ComboP2_D04	T/NK
HNSCC_combo2_HNSCC_ComboP2_E10	Unknown
HNSCC_combo2_HNSCC_ComboP2_F07	CAF/Fibroblast
HNSCC_combo2_HNSCC_ComboP2_E05	B/Plasma
HNSCC_combo2_HNSCC_ComboP2_B09	Unknown
HNSCC_combo2_HNSCC_ComboP2_G06	CAF/Fibroblast
HNSCC_combo2_HNSCC_ComboP2_A08	T/NK
HNSCC_combo2_HNSCC_ComboP2_B01	T/NK
HNSCC_combo2_HNSCC_ComboP2_G03	T/NK
HNSCC_combo2_HNSCC_ComboP2_C06	Unknown
HNSCC_combo2_HNSCC_ComboP2_D12	Unknown
HNSCC_combo2_HNSCC_ComboP2_A04	Myeloid
HNSCC_combo2_HNSCC_ComboP2_E06	B/Plasma
HNSCC_combo2_HNSCC_ComboP2_D01	T/NK
HNSCC_combo2_HNSCC_ComboP2_B02	T/NK
HNSCC_combo2_HNSCC_ComboP2_A10	Unknown
HNSCC_combo2_HNSCC_ComboP2_B05	B/Plasma
HNSCC_combo2_HNSCC_ComboP2_B03	T/NK
HNSCC_combo2_HNSCC_ComboP2_E07	B/Plasma
HNSCC_combo2_HNSCC_ComboP2_D05	B/Plasma
HNSCC_combo2_HNSCC_ComboP2_B06	B/Plasma
HNSCC_combo2_HNSCC_ComboP2_A09	CAF/Fibroblast
HNSCC_combo2_HNSCC_ComboP2_F08	T/NK
HNSCC_combo2_HNSCC_ComboP2_H04	T/NK
HNSCC_combo2_HNSCC_ComboP2_D02	Myeloid
HNSCC_combo2_HNSCC_ComboP2_E02	T/NK
HNSCC_combo2_HNSCC_ComboP2_H03	Unknown
HNSCC_combo2_HNSCC_ComboP2_A06	CAF/Fibroblast
HNSCC_combo2_HNSCC_ComboP2_A03	T/NK
HNSCC_combo2_HNSCC_ComboP2_H07	Unknown
HNSCC_combo2_HNSCC_ComboP2_C09	Unknown
HNSCC_combo2_HNSCC_ComboP2_B07	Unknown
HNSCC_combo2_HNSCC_ComboP2_C10	CAF/Fibroblast
HNSCC_combo2_HNSCC_ComboP2_D10	Unknown
HNSCC_combo2_HNSCC_ComboP2_E04	T/NK
HNSCC_combo2_HNSCC_ComboP2_D07	T/NK
HNSCC12_p19_HNSCC12_P19_F03	T/NK
HNSCC12_p19_HNSCC12_P19_G07	T/NK
HNSCC12_p19_HNSCC12_P19_G04	T/NK
HNSCC12_p19_HNSCC12_P19_E06	T/NK
HNSCC12_p19_HNSCC12_P19_B07	T/NK
HNSCC12_p19_HNSCC12_P19_F02	T/NK
HNSCC12_p19_HNSCC12_P19_E11	T/NK
HNSCC12_p19_HNSCC12_P19_F10	T/NK
HNSCC12_p19_HNSCC12_P19_D08	T/NK
HNSCC12_p19_HNSCC12_P19_G05	T/NK
HNSCC12_p19_HNSCC12_P19_B01	T/NK
HNSCC12_p19_HNSCC12_P19_C09	T/NK
HNSCC12_p19_HNSCC12_P19_E10	T/NK
HNSCC12_p19_HNSCC12_P19_E09	T/NK
HNSCC12_p19_HNSCC12_P19_E07	T/NK
HNSCC12_p19_HNSCC12_P19_D12	T/NK
HNSCC12_p19_HNSCC12_P19_H10	T/NK
HNSCC12_p19_HNSCC12_P19_G08	T/NK
HNSCC12_p19_HNSCC12_P19_D09	T/NK
HNSCC12_p19_HNSCC12_P19_B08	T/NK
HNSCC12_p19_HNSCC12_P19_H09	T/NK
HNSCC12_p19_HNSCC12_P19_B05	T/NK
HNSCC12_p19_HNSCC12_P19_G09	T/NK
HNSCC12_p19_HNSCC12_P19_B12	T/NK
HNSCC12_p19_HNSCC12_P19_H11	T/NK
HNSCC12_p19_HNSCC12_P19_H03	T/NK
HNSCC12_p19_HNSCC12_P19_G03	T/NK
HNSCC12_p19_HNSCC12_P19_E02	T/NK
HNSCC12_p19_HNSCC12_P19_F07	T/NK
HNSCC12_p19_HNSCC12_P19_B06	T/NK
HNSCC12_p19_HNSCC12_P19_C05	T/NK
HNSCC12_p19_HNSCC12_P19_H07	T/NK
HNSCC12_p19_HNSCC12_P19_E12	T/NK
HNSCC12_p19_HNSCC12_P19_E03	T/NK
HNSCC12_p19_HNSCC12_P19_A09	T/NK
HNSCC12_p19_HNSCC12_P19_C11	T/NK
HNSCC12_p19_HNSCC12_P19_D07	T/NK
HNSCC12_p19_HNSCC12_P19_B09	T/NK
HNSCC12_p19_HNSCC12_P19_H05	T/NK
HNSCC12_p19_HNSCC12_P19_A11	T/NK
HNSCC12_p19_HNSCC12_P19_F09	T/NK
HNSCC12_p19_HNSCC12_P19_C04	T/NK
HNSCC12_p19_HNSCC12_P19_G06	T/NK
HNSCC12_p19_HNSCC12_P19_E05	T/NK
HNSCC12_p19_HNSCC12_P19_D02	Unknown
HNSCC12_p20_HNSCC12_P20_C06	T/NK
HNSCC12_p20_HNSCC12_P20_B09	T/NK
HNSCC12_p20_HNSCC12_P20_D01	T/NK
HNSCC12_p20_HNSCC12_P20_A02	T/NK
HNSCC12_p20_HNSCC12_P20_B07	T/NK
HNSCC12_p20_HNSCC12_P20_E11	T/NK
HNSCC12_p20_HNSCC12_P20_D09	T/NK
HNSCC12_p20_HNSCC12_P20_D11	T/NK
HNSCC12_p20_HNSCC12_P20_E06	T/NK
HNSCC12_p20_HNSCC12_P20_F05	T/NK
HNSCC12_p20_HNSCC12_P20_G02	T/NK
HNSCC12_p20_HNSCC12_P20_H06	T/NK
HNSCC12_p20_HNSCC12_P20_C02	T/NK
HNSCC12_p20_HNSCC12_P20_D03	T/NK
HNSCC12_p20_HNSCC12_P20_B05	T/NK
HNSCC12_p20_HNSCC12_P20_H03	T/NK
HNSCC12_p20_HNSCC12_P20_A12	T/NK
HNSCC12_p20_HNSCC12_P20_H10	T/NK
HNSCC12_p20_HNSCC12_P20_B08	T/NK
HNSCC12_p20_HNSCC12_P20_C10	T/NK
HNSCC12_p20_HNSCC12_P20_D07	T/NK
HNSCC12_p20_HNSCC12_P20_B11	T/NK
HNSCC12_p20_HNSCC12_P20_E10	T/NK
HNSCC12_p20_HNSCC12_P20_G05	T/NK
HNSCC12_p20_HNSCC12_P20_C01	T/NK
HNSCC12_p20_HNSCC12_P20_E12	T/NK
HNSCC12_p20_HNSCC12_P20_B04	T/NK
HNSCC12_p20_HNSCC12_P20_H04	T/NK
HNSCC12_p20_HNSCC12_P20_B02	T/NK
HNSCC12_p20_HNSCC12_P20_A08	T/NK
HNSCC12_p20_HNSCC12_P20_C03	T/NK
HNSCC12_p20_HNSCC12_P20_G11	T/NK
HNSCC12_p20_HNSCC12_P20_F10	T/NK
HNSCC12_p20_HNSCC12_P20_A01	T/NK
HNSCC12_p20_HNSCC12_P20_G06	T/NK
HNSCC12_p20_HNSCC12_P20_A05	T/NK
HNSCC12_p20_HNSCC12_P20_A07	T/NK
HNSCC12_p20_HNSCC12_P20_E07	T/NK
HNSCC12_p20_HNSCC12_P20_H09	T/NK
HNSCC12_p20_HNSCC12_P20_E08	T/NK
HNSCC12_p20_HNSCC12_P20_G04	T/NK
HNSCC12_p20_HNSCC12_P20_B03	T/NK
HNSCC12_p20_HNSCC12_P20_C08	T/NK
HNSCC12_p20_HNSCC12_P20_G01	T/NK
HNSCC12_p20_HNSCC12_P20_E04	T/NK
HNSCC12_p20_HNSCC12_P20_H08	T/NK
HNSCC12_p20_HNSCC12_P20_C12	T/NK
HNSCC12_p20_HNSCC12_P20_G09	T/NK
HNSCC12_p20_HNSCC12_P20_D04	T/NK
HNSCC12_p20_HNSCC12_P20_H07	T/NK
HNSCC12_p20_HNSCC12_P20_G12	T/NK
HNSCC13_p11_HNSCC13_P11_D05	CAF/Fibroblast
HNSCC13_p11_HNSCC13_P11_B02	T/NK
HNSCC13_p11_HNSCC13_P11_F10	T/NK
HNSCC13_p11_HNSCC13_P11_D03	T/NK
HNSCC13_p11_HNSCC13_P11_F09	Myeloid
HNSCC13_p11_HNSCC13_P11_A03	T/NK
HNSCC13_p11_HNSCC13_P11_C11	T/NK
HNSCC13_p11_HNSCC13_P11_C03	T/NK
HNSCC13_p11_HNSCC13_P11_B09	T/NK
HNSCC13_p11_HNSCC13_P11_E01	T/NK
HNSCC13_p11_HNSCC13_P11_F07	T/NK
HNSCC10_p14_HNSCC10_P14_B12	B/Plasma
HNSCC10_p14_HNSCC10_P14_B06	B/Plasma
HNSCC10_p14_HNSCC10_P14_A02	T/NK
HNSCC10_p14_HNSCC10_P14_H12	B/Plasma
HNSCC10_p14_HNSCC10_P14_D12	Myeloid
HNSCC10_p14_HNSCC10_P14_D05	Unknown
HNSCC10_p14_HNSCC10_P14_C07	T/NK
HNSCC10_p14_HNSCC10_P14_D02	B/Plasma
HNSCC10_p14_HNSCC10_P14_G08	B/Plasma
HNSCC10_p14_HNSCC10_P14_A12	Endothelial
HNSCC10_p14_HNSCC10_P14_F10	B/Plasma
HNSCC10_p14_HNSCC10_P14_H08	B/Plasma
HNSCC10_p14_HNSCC10_P14_B02	B/Plasma
HNSCC10_p14_HNSCC10_P14_B05	B/Plasma
HNSCC10_p14_HNSCC10_P14_A07	B/Plasma
HNSCC10_p14_HNSCC10_P14_H07	Endothelial
HNSCC10_p14_HNSCC10_P14_G02	B/Plasma
HNSCC10_p14_HNSCC10_P14_F03	B/Plasma
HNSCC10_p14_HNSCC10_P14_A11	B/Plasma
HNSCC10_p14_HNSCC10_P14_C04	B/Plasma
HNSCC10_p14_HNSCC10_P14_G06	B/Plasma
HNSCC10_p14_HNSCC10_P14_E09	T/NK
HNSCC10_p14_HNSCC10_P14_D10	T/NK
HNSCC10_p14_HNSCC10_P14_D08	B/Plasma
HNSCC10_p14_HNSCC10_P14_H04	B/Plasma
HNSCC10_p14_HNSCC10_P14_B10	T/NK
HNSCC10_p14_HNSCC10_P14_A06	B/Plasma
HNSCC10_p14_HNSCC10_P14_E03	T/NK
HNSCC10_p14_HNSCC10_P14_G09	B/Plasma
HNSCC10_p14_HNSCC10_P14_E07	B/Plasma
HNSCC10_p14_HNSCC10_P14_F02	B/Plasma
HNSCC10_p14_HNSCC10_P14_B08	B/Plasma
HNSCC10_p14_HNSCC10_P14_D03	T/NK
HNSCC10_p14_HNSCC10_P14_F06	B/Plasma
HNSCC10_p14_HNSCC10_P14_E05	B/Plasma
HNSCC10_p14_HNSCC10_P14_F09	Endothelial
HNSCC10_p14_HNSCC10_P14_B11	B/Plasma
HNSCC10_p14_HNSCC10_P14_B04	B/Plasma
HNSCC10_p14_HNSCC10_P14_D07	B/Plasma
HNSCC6_p16_HNSCC6_P16_D01	CAF/Fibroblast
HNSCC6_p16_HNSCC6_P16_A10	Endothelial
HNSCC6_p16_HNSCC6_P16_E06	CAF/Fibroblast
HNSCC6_p16_HNSCC6_P16_H05	Tumor/Malignant
HNSCC6_p16_HNSCC6_P16_H08	CAF/Fibroblast
HNSCC6_p16_HNSCC6_P16_B11	CAF/Fibroblast
HNSCC6_p16_HNSCC6_P16_A09	Tumor/Malignant
HNSCC6_p16_HNSCC6_P16_D03	Endothelial
HNSCC6_p16_HNSCC6_P16_F04	CAF/Fibroblast
HNSCC6_p16_HNSCC6_P16_E01	Tumor/Malignant
HNSCC6_p16_HNSCC6_P16_G07	CAF/Fibroblast
HNSCC6_p16_HNSCC6_P16_G03	Tumor/Malignant
HNSCC6_p16_HNSCC6_P16_H06	Endothelial
HNSCC6_p16_HNSCC6_P16_A07	Tumor/Malignant
HNSCC6_p16_HNSCC6_P16_F06	Tumor/Malignant
HNSCC6_p16_HNSCC6_P16_E05	CAF/Fibroblast
HNSCC6_p16_HNSCC6_P16_B03	Tumor/Malignant
HNSCC6_p16_HNSCC6_P16_A06	Tumor/Malignant
HNSCC6_p16_HNSCC6_P16_B06	Tumor/Malignant
HNSCC6_p16_HNSCC6_P16_A04	Endothelial
HNSCC6_p16_HNSCC6_P16_G05	Endothelial
HNSCC6_p16_HNSCC6_P16_E12	CAF/Fibroblast
HNSCC6_p16_HNSCC6_P16_F07	Endothelial
HNSCC6_p16_HNSCC6_P16_G11	Tumor/Malignant
HNSCC6_p16_HNSCC6_P16_D07	Tumor/Malignant
HNSCC6_p16_HNSCC6_P16_D12	Tumor/Malignant
HNSCC6_p16_HNSCC6_P16_A08	Tumor/Malignant
HNSCC6_p16_HNSCC6_P16_C02	Tumor/Malignant
HNSCC6_p16_HNSCC6_P16_C03	Endothelial
HNSCC6_p16_HNSCC6_P16_B04	Tumor/Malignant
HNSCC6_p16_HNSCC6_P16_D10	Endothelial
HNSCC6_p16_HNSCC6_P16_B07	CAF/Fibroblast
HNSCC6_p16_HNSCC6_P16_F11	Endothelial
HNSCC6_p16_HNSCC6_P16_C04	Tumor/Malignant
HNSCC6_p16_HNSCC6_P16_H07	Tumor/Malignant
HNSCC6_p16_HNSCC6_P16_A12	Tumor/Malignant
HNSCC6_p16_HNSCC6_P16_F05	Tumor/Malignant
HNSCC6_p16_HNSCC6_P16_G10	Tumor/Malignant
HNSCC6_p16_HNSCC6_P16_F09	Tumor/Malignant
HNSCC6_p16_HNSCC6_P16_B08	CAF/Fibroblast
HNSCC6_p16_HNSCC6_P16_B02	Tumor/Malignant
HNSCC6_p16_HNSCC6_P16_D05	Tumor/Malignant
HNSCC6_p16_HNSCC6_P16_D11	CAF/Fibroblast
HNSCC6_p16_HNSCC6_P16_G06	Tumor/Malignant
HNSCC6_p16_HNSCC6_P16_A05	Endothelial
HNSCC6_p16_HNSCC6_P16_E03	CAF/Fibroblast
HNSCC6_p16_HNSCC6_P16_E04	Tumor/Malignant
HNSCC6_p16_HNSCC6_P16_F10	Endothelial
HNSCC6_p16_HNSCC6_P16_H11	Tumor/Malignant
HNSCC6_p16_HNSCC6_P16_H04	Endothelial
HNSCC6_p16_HNSCC6_P16_H10	Tumor/Malignant
HNSCC6_p16_HNSCC6_P16_E07	Myeloid
HNSCC6_p16_HNSCC6_P16_C10	CAF/Fibroblast
HNSCC6_p16_HNSCC6_P16_A03	Tumor/Malignant
HNSCC6_p16_HNSCC6_P16_F02	Myeloid
HNSCC6_p16_HNSCC6_P16_B10	Endothelial
HNSCC6_p16_HNSCC6_P16_F01	Tumor/Malignant
HNSCC6_p16_HNSCC6_P16_B05	Endothelial
HNSCC6_p16_HNSCC6_P16_C01	Tumor/Malignant
HNSCC6_p16_HNSCC6_P16_H03	Tumor/Malignant
HNSCC6_p16_HNSCC6_P16_B01	Tumor/Malignant
HNSCC6_p16_HNSCC6_P16_A11	Tumor/Malignant
HNSCC10_p1_HNSCC10_P1_G09	Endothelial
HNSCC10_p1_HNSCC10_P1_A06	B/Plasma
HNSCC10_p1_HNSCC10_P1_B05	CAF/Fibroblast
HNSCC10_p1_HNSCC10_P1_C05	CAF/Fibroblast
HNSCC10_p1_HNSCC10_P1_D03	CAF/Fibroblast
HNSCC10_p1_HNSCC10_P1_C12	Endothelial
HNSCC10_p1_HNSCC10_P1_E06	CAF/Fibroblast
HNSCC10_p1_HNSCC10_P1_D07	B/Plasma
HNSCC10_p1_HNSCC10_P1_F10	CAF/Fibroblast
HNSCC10_p1_HNSCC10_P1_B08	CAF/Fibroblast
HNSCC10_p1_HNSCC10_P1_E05	Endothelial
HNSCC10_p1_HNSCC10_P1_A07	Endothelial
HNSCC10_p1_HNSCC10_P1_B07	CAF/Fibroblast
HNSCC10_p1_HNSCC10_P1_H07	B/Plasma
HNSCC10_p1_HNSCC10_P1_F06	CAF/Fibroblast
HNSCC10_p1_HNSCC10_P1_H04	B/Plasma
HNSCC10_p1_HNSCC10_P1_G11	CAF/Fibroblast
HNSCC10_p1_HNSCC10_P1_H11	CAF/Fibroblast
HNSCC10_p1_HNSCC10_P1_F02	CAF/Fibroblast
HNSCC10_p1_HNSCC10_P1_D04	CAF/Fibroblast
HNSCC10_p1_HNSCC10_P1_F08	CAF/Fibroblast
HNSCC10_p1_HNSCC10_P1_G05	B/Plasma
HNSCC10_p1_HNSCC10_P1_G01	CAF/Fibroblast
HNSCC10_p1_HNSCC10_P1_G04	CAF/Fibroblast
HNSCC10_p1_HNSCC10_P1_A01	CAF/Fibroblast
HNSCC10_p1_HNSCC10_P1_H08	B/Plasma
HNSCC10_p1_HNSCC10_P1_F07	CAF/Fibroblast
HNSCC10_p1_HNSCC10_P1_E04	CAF/Fibroblast
HNSCC10_p1_HNSCC10_P1_D09	CAF/Fibroblast
HNSCC10_p1_HNSCC10_P1_F09	CAF/Fibroblast
HNSCC10_p1_HNSCC10_P1_C06	B/Plasma
HNSCC10_p1_HNSCC10_P1_D01	CAF/Fibroblast
HNSCC10_p1_HNSCC10_P1_F05	CAF/Fibroblast
HNSCC10_p1_HNSCC10_P1_A03	CAF/Fibroblast
HNSCC10_p1_HNSCC10_P1_A05	B/Plasma
HNSCC10_p1_HNSCC10_P1_D12	Tumor/Malignant
HNSCC10_p1_HNSCC10_P1_B09	CAF/Fibroblast
HNSCC10_p4_HNSCC10_P4_F12	B/Plasma
HNSCC10_p4_HNSCC10_P4_A06	Endothelial
HNSCC10_p4_HNSCC10_P4_H12	B/Plasma
HNSCC10_p4_HNSCC10_P4_H04	Unknown
HNSCC10_p4_HNSCC10_P4_D12	B/Plasma
HNSCC10_p4_HNSCC10_P4_H10	B/Plasma
HNSCC10_p4_HNSCC10_P4_B11	B/Plasma
HNSCC10_p4_HNSCC10_P4_A12	B/Plasma
HNSCC10_p4_HNSCC10_P4_A01	CAF/Fibroblast
HNSCC10_p4_HNSCC10_P4_G04	CAF/Fibroblast
HNSCC10_p4_HNSCC10_P4_H07	B/Plasma
HNSCC10_p4_HNSCC10_P4_C11	B/Plasma
HNSCC10_p4_HNSCC10_P4_C10	B/Plasma
HNSCC12_p11_HNSCC12_P11_G05	Unknown
HNSCC12_p11_HNSCC12_P11_C03	Unknown
HNSCC12_p11_HNSCC12_P11_B10	Unknown
HNSCC12_p11_HNSCC12_P11_G06	Unknown
HNSCC12_p11_HNSCC12_P11_H12	Tumor/Malignant
HNSCC12_p11_HNSCC12_P11_E11	Unknown
HNSCC12_p11_HNSCC12_P11_A03	Unknown
HNSCC12_p11_HNSCC12_P11_D08	Unknown
HNSCC12_p11_HNSCC12_P11_F12	Tumor/Malignant
HNSCC12_p11_HNSCC12_P11_E10	CAF/Fibroblast
HNSCC12_p11_HNSCC12_P11_G07	Unknown
HNSCC12_p11_HNSCC12_P11_E05	Unknown
HNSCC12_p11_HNSCC12_P11_G12	Tumor/Malignant
HNSCC12_p11_HNSCC12_P11_B12	Unknown
HNSCC12_p11_HNSCC12_P11_F09	Tumor/Malignant
HNSCC12_p18_HNSCC12_P18_F12	T/NK
HNSCC12_p18_HNSCC12_P18_C05	T/NK
HNSCC12_p18_HNSCC12_P18_D02	T/NK
HNSCC12_p18_HNSCC12_P18_G05	T/NK
HNSCC12_p18_HNSCC12_P18_E05	T/NK
HNSCC12_p18_HNSCC12_P18_B07	T/NK
HNSCC12_p18_HNSCC12_P18_G07	T/NK
HNSCC12_p18_HNSCC12_P18_H07	T/NK
HNSCC12_p18_HNSCC12_P18_D08	T/NK
HNSCC12_p18_HNSCC12_P18_A07	T/NK
HNSCC12_p18_HNSCC12_P18_D03	T/NK
HNSCC12_p18_HNSCC12_P18_C04	T/NK
HNSCC12_p18_HNSCC12_P18_C09	T/NK
HNSCC12_p18_HNSCC12_P18_F03	T/NK
HNSCC12_p18_HNSCC12_P18_H01	T/NK
HNSCC12_p18_HNSCC12_P18_F11	T/NK
HNSCC12_p18_HNSCC12_P18_B09	T/NK
HNSCC12_p18_HNSCC12_P18_F07	T/NK
HNSCC12_p18_HNSCC12_P18_H05	T/NK
HNSCC12_p18_HNSCC12_P18_H06	T/NK
HNSCC12_p18_HNSCC12_P18_C03	T/NK
HNSCC12_p18_HNSCC12_P18_C10	T/NK
HNSCC12_p18_HNSCC12_P18_C12	T/NK
HNSCC12_p18_HNSCC12_P18_D06	T/NK
HNSCC12_p18_HNSCC12_P18_B05	T/NK
HNSCC12_p18_HNSCC12_P18_H08	T/NK
HNSCC12_p18_HNSCC12_P18_E02	T/NK
HNSCC12_p18_HNSCC12_P18_C11	T/NK
HNSCC12_p18_HNSCC12_P18_D04	T/NK
HNSCC12_p18_HNSCC12_P18_C02	T/NK
HNSCC12_p18_HNSCC12_P18_D09	T/NK
HNSCC12_p18_HNSCC12_P18_F09	T/NK
HNSCC12_p18_HNSCC12_P18_A12	T/NK
HNSCC12_p18_HNSCC12_P18_D12	T/NK
HNSCC12_p18_HNSCC12_P18_G08	T/NK
HNSCC12_p18_HNSCC12_P18_E10	T/NK
HNSCC12_p18_HNSCC12_P18_D10	T/NK
HNSCC12_p18_HNSCC12_P18_C08	T/NK
HNSCC12_p18_HNSCC12_P18_H03	T/NK
HNSCC12_p18_HNSCC12_P18_E03	T/NK
HNSCC12_p18_HNSCC12_P18_G06	T/NK
HNSCC12_p18_HNSCC12_P18_G10	T/NK
HNSCC12_p18_HNSCC12_P18_A01	T/NK
HNSCC12_p18_HNSCC12_P18_B01	T/NK
HNSCC12_p18_HNSCC12_P18_E11	T/NK
HNSCC12_p18_HNSCC12_P18_C01	T/NK
HNSCC13_p1_HNSCC13_P1_B12	Tumor/Malignant
HNSCC13_p1_HNSCC13_P1_E09	CAF/Fibroblast
HNSCC13_p1_HNSCC13_P1_G05	Tumor/Malignant
HNSCC13_p1_HNSCC13_P1_B04	CAF/Fibroblast
HNSCC13_p1_HNSCC13_P1_D10	CAF/Fibroblast
HNSCC13_p1_HNSCC13_P1_D05	CAF/Fibroblast
HNSCC13_p1_HNSCC13_P1_D09	Unknown
HNSCC13_p1_HNSCC13_P1_G10	Myeloid
HNSCC13_p1_HNSCC13_P1_A04	CAF/Fibroblast
HNSCC13_p1_HNSCC13_P1_D02	Unknown
HNSCC13_p1_HNSCC13_P1_A10	Tumor/Malignant
HNSCC13_p1_HNSCC13_P1_G11	Tumor/Malignant
HNSCC13_p1_HNSCC13_P1_D11	Tumor/Malignant
HNSCC13_p1_HNSCC13_P1_H12	Myeloid
HNSCC13_p1_HNSCC13_P1_B02	Tumor/Malignant
HNSCC13_p1_HNSCC13_P1_F08	B/Plasma
HNSCC13_p1_HNSCC13_P1_B05	CAF/Fibroblast
HNSCC13_p1_HNSCC13_P1_B09	Myeloid
HNSCC13_p19_HNSCC13_P19_E06	Tumor/Malignant
HNSCC13_p19_HNSCC13_P19_D04	T/NK
HNSCC13_p19_HNSCC13_P19_G06	Myeloid
HNSCC13_p19_HNSCC13_P19_B11	Myeloid
HNSCC13_p19_HNSCC13_P19_A04	Myeloid
HNSCC13_p19_HNSCC13_P19_F05	Myeloid
HNSCC13_p19_HNSCC13_P19_B06	Myeloid
HNSCC13_p19_HNSCC13_P19_E11	Unknown
HNSCC13_p19_HNSCC13_P19_H06	Myeloid
HNSCC13_p19_HNSCC13_P19_G07	Myeloid
HNSCC13_p19_HNSCC13_P19_C12	Myeloid
HNSCC13_p19_HNSCC13_P19_H01	Myeloid
HNSCC13_p19_HNSCC13_P19_F07	Myeloid
HNSCC13_p19_HNSCC13_P19_H12	Myeloid
HNSCC13_p19_HNSCC13_P19_G05	Myeloid
HNSCC13_p19_HNSCC13_P19_G04	Unknown
HNSCC13_p19_HNSCC13_P19_C01	Myeloid
HNSCC13_p19_HNSCC13_P19_E12	Endothelial
HNSCC13_p19_HNSCC13_P19_F09	Endothelial
HNSCC13_p19_HNSCC13_P19_H03	Unknown
HNSCC13_p19_HNSCC13_P19_B10	CAF/Fibroblast
HNSCC13_p19_HNSCC13_P19_G11	Myeloid
HNSCC13_p19_HNSCC13_P19_D12	B/Plasma
HNSCC13_p19_HNSCC13_P19_A11	Myeloid
HNSCC13_p19_HNSCC13_P19_B12	Endothelial
HNSCC13_p19_HNSCC13_P19_A10	Myeloid
HNSCC13_p19_HNSCC13_P19_H09	T/NK
HNSCC13_p19_HNSCC13_P19_F06	CAF/Fibroblast
HNSCC13_p19_HNSCC13_P19_D03	Myeloid
HNSCC13_p19_HNSCC13_P19_E07	Myeloid
HNSCC13_p19_HNSCC13_P19_H11	B/Plasma
HNSCC13_p19_HNSCC13_P19_E03	Unknown
HNSCC13_p19_HNSCC13_P19_C08	Myeloid
HNSCC13_p19_HNSCC13_P19_B03	T/NK
HNSCC13_p19_HNSCC13_P19_D06	CAF/Fibroblast
HNSCC13_p19_HNSCC13_P19_C06	Myeloid
HNSCC13_p19_HNSCC13_P19_E10	Myeloid
HNSCC13_p19_HNSCC13_P19_C10	CAF/Fibroblast
HNSCC13_p19_HNSCC13_P19_E02	Myeloid
HNSCC13_p19_HNSCC13_P19_B02	Myeloid
HNSCC13_p19_HNSCC13_P19_G09	B/Plasma
HNSCC13_p19_HNSCC13_P19_G01	Unknown
HNSCC13_p19_HNSCC13_P19_D02	Myeloid
HNSCC13_p19_HNSCC13_P19_F04	Myeloid
HNSCC13_p19_HNSCC13_P19_A05	Myeloid
HNSCC13_p19_HNSCC13_P19_E09	T/NK
HNSCC13_p19_HNSCC13_P19_A08	T/NK
HNSCC13_p19_HNSCC13_P19_F01	T/NK
HNSCC13_p19_HNSCC13_P19_F03	B/Plasma
HNSCC13_p19_HNSCC13_P19_G10	Myeloid
HNSCC13_p19_HNSCC13_P19_G03	B/Plasma
HNSCC13_p19_HNSCC13_P19_A06	Myeloid
HNSCC13_p19_HNSCC13_P19_F12	Myeloid
HNSCC13_p19_HNSCC13_P19_E08	CAF/Fibroblast
HNSCC13_p19_HNSCC13_P19_H10	Myeloid
HNSCC13_p19_HNSCC13_P19_C11	Myeloid
HNSCC13_p19_HNSCC13_P19_B04	Myeloid
HNSCC13_p19_HNSCC13_P19_B08	Myeloid
HNSCC13_p19_HNSCC13_P19_B07	Myeloid
HNSCC13_p19_HNSCC13_P19_E01	CAF/Fibroblast
HNSCC13_p19_HNSCC13_P19_G08	Unknown
HNSCC5_p3_HNSCC5_P3_D09	Myeloid
HNSCC5_p3_HNSCC5_P3_E10	CAF/Fibroblast
HNSCC5_p3_HNSCC5_P3_A10	Myeloid
HNSCC5_p3_HNSCC5_P3_E03	Tumor/Malignant
HNSCC5_p3_HNSCC5_P3_E09	Endothelial
HNSCC5_p3_HNSCC5_P3_F12	Myeloid
HNSCC5_p3_HNSCC5_P3_C05	Myeloid
HNSCC5_p3_HNSCC5_P3_A08	Myeloid
HNSCC5_p3_HNSCC5_P3_D10	Tumor/Malignant
HNSCC5_p3_HNSCC5_P3_F07	Tumor/Malignant
HNSCC5_p3_HNSCC5_P3_H01	Tumor/Malignant
HNSCC5_p3_HNSCC5_P3_F08	Myeloid
HNSCC5_p3_HNSCC5_P3_C01	Myeloid
HNSCC5_p3_HNSCC5_P3_C11	Tumor/Malignant
HNSCC5_p3_HNSCC5_P3_H06	CAF/Fibroblast
HNSCC5_p3_HNSCC5_P3_A05	CAF/Fibroblast
HNSCC5_p3_HNSCC5_P3_E12	Myeloid
HNSCC5_p3_HNSCC5_P3_E08	CAF/Fibroblast
HNSCC5_p3_HNSCC5_P3_G10	Myeloid
HNSCC5_p3_HNSCC5_P3_C06	Myeloid
HNSCC5_p3_HNSCC5_P3_D05	Myeloid
HNSCC5_p3_HNSCC5_P3_G07	Tumor/Malignant
HNSCC5_p3_HNSCC5_P3_A04	Tumor/Malignant
HNSCC5_p3_HNSCC5_P3_D06	Endothelial
HNSCC6_p13_hnscc6_p13_A06	Unknown
HNSCC6_p13_hnscc6_p13_C03	Unknown
HNSCC6_p13_hnscc6_p13_G12	Unknown
HNSCC6_p13_hnscc6_p13_G06	Unknown
HNSCC6_p13_hnscc6_p13_C06	Unknown
HNSCC6_p13_hnscc6_p13_E03	Unknown
HNSCC6_p13_hnscc6_p13_F11	Unknown
HNSCC6_p13_hnscc6_p13_A11	Unknown
HNSCC6_p13_hnscc6_p13_E08	Unknown
HNSCC6_p13_hnscc6_p13_F08	Unknown
HNSCC6_p13_hnscc6_p13_G08	Unknown
HNSCC6_p13_hnscc6_p13_D05	Unknown
HNSCC6_p13_hnscc6_p13_A05	Unknown
HNSCC6_p13_hnscc6_p13_G03	Unknown
HNSCC6_p13_hnscc6_p13_B05	Unknown
HNSCC6_p13_hnscc6_p13_H11	Unknown
HNSCC6_p13_hnscc6_p13_B12	Unknown
HNSCC6_p13_hnscc6_p13_G02	Unknown
HNSCC6_p13_hnscc6_p13_C11	Unknown
HNSCC6_p13_hnscc6_p13_C12	Unknown
HNSCC6_p13_hnscc6_p13_B07	Unknown
HNSCC6_p13_hnscc6_p13_A10	Unknown
HNSCC6_p13_hnscc6_p13_C04	Unknown
HNSCC6_p13_hnscc6_p13_G11	Unknown
HNSCC6_p13_hnscc6_p13_C09	Unknown
HNSCC6_p13_hnscc6_p13_A07	Unknown
HNSCC6_p13_hnscc6_p13_D08	Unknown
HNSCC6_p13_hnscc6_p13_F04	Unknown
HNSCC6_p13_hnscc6_p13_E05	Unknown
HNSCC5_p11_p12_hnscc5_p11_p12_F08	T/NK
HNSCC5_p11_p12_hnscc5_p11_p12_D11	T/NK
HNSCC5_p11_p12_hnscc5_p11_p12_E09	Myeloid
HNSCC5_p11_p12_hnscc5_p11_p12_D01	T/NK
HNSCC5_p11_p12_hnscc5_p11_p12_E12	Myeloid
HNSCC5_p11_p12_hnscc5_p11_p12_G03	T/NK
HNSCC5_p11_p12_hnscc5_p11_p12_A04	Myeloid
HNSCC5_p11_p12_hnscc5_p11_p12_C11	Myeloid
HNSCC5_p11_p12_hnscc5_p11_p12_E08	T/NK
HNSCC5_p11_p12_hnscc5_p11_p12_G12	T/NK
HNSCC5_p11_p12_hnscc5_p11_p12_G07	T/NK
HNSCC5_p11_p12_hnscc5_p11_p12_B12	Myeloid
HNSCC5_p11_p12_hnscc5_p11_p12_C10	T/NK
HNSCC5_p11_p12_hnscc5_p11_p12_A01	T/NK
HNSCC5_p11_p12_hnscc5_p11_p12_E11	Myeloid
HNSCC5_p11_p12_hnscc5_p11_p12_D09	Myeloid
HNSCC5_p11_p12_hnscc5_p11_p12_H01	Myeloid
HNSCC5_p11_p12_hnscc5_p11_p12_C03	T/NK
HNSCC5_p11_p12_hnscc5_p11_p12_C07	T/NK
HNSCC5_p11_p12_hnscc5_p11_p12_H07	T/NK
HNSCC5_p11_p12_hnscc5_p11_p12_E04	T/NK
HNSCC5_p11_p12_hnscc5_p11_p12_B04	Myeloid
HNSCC5_p11_p12_hnscc5_p11_p12_C08	T/NK
HNSCC5_p11_p12_hnscc5_p11_p12_E07	Myeloid
HNSCC5_p11_p12_hnscc5_p11_p12_F05	T/NK
HNSCC5_p11_p12_hnscc5_p11_p12_H05	T/NK
HNSCC5_p11_p12_hnscc5_p11_p12_G05	Myeloid
HNSCC5_p11_p12_hnscc5_p11_p12_B02	Myeloid
HNSCC5_p11_p12_hnscc5_p11_p12_F10	T/NK
HNSCC5_p11_p12_hnscc5_p11_p12_A10	Myeloid
HNSCC5_p11_p12_hnscc5_p11_p12_D05	T/NK
HNSCC5_p11_p12_hnscc5_p11_p12_A05	T/NK
HNSCC5_p11_p12_hnscc5_p11_p12_G09	T/NK
HNSCC5_p11_p12_hnscc5_p11_p12_C06	T/NK
HNSCC5_p11_p12_hnscc5_p11_p12_F09	T/NK
HNSCC5_p11_p12_hnscc5_p11_p12_F11	Myeloid
HNSCC5_p11_p12_hnscc5_p11_p12_H09	Myeloid
HNSCC5_p11_p12_hnscc5_p11_p12_H11	Myeloid
HNSCC5_p11_p12_hnscc5_p11_p12_E05	Myeloid
HNSCC5_p11_p12_hnscc5_p11_p12_G11	T/NK
HNSCC5_p11_p12_hnscc5_p11_p12_H10	Myeloid
HNSCC5_p11_p12_hnscc5_p11_p12_H06	T/NK
HNSCC5_p11_p12_hnscc5_p11_p12_H04	T/NK
HNSCC5_p11_p12_hnscc5_p11_p12_G02	Myeloid
HNSCC5_p11_p12_hnscc5_p11_p12_C02	T/NK
HNSCC5_p11_p12_hnscc5_p11_p12_C09	Myeloid
HNSCC5_p11_p12_hnscc5_p11_p12_D07	Myeloid
HNSCC5_p11_p12_hnscc5_p11_p12_B05	T/NK
HNSCC5_p11_p12_hnscc5_p11_p12_D10	Myeloid
HNSCC5_p11_p12_hnscc5_p11_p12_G01	Myeloid
HNSCC5_p11_p12_hnscc5_p11_p12_B10	T/NK
HNSCC5_p11_p12_hnscc5_p11_p12_E06	Myeloid
HNSCC5_p11_p12_hnscc5_p11_p12_A02	Myeloid
HNSCC5_p11_p12_hnscc5_p11_p12_B06	Myeloid
HNSCC5_p11_p12_hnscc5_p11_p12_A12	Myeloid
HNSCC5_p11_p12_hnscc5_p11_p12_E03	Myeloid
HNSCC7_p8_HNSCC7_P8_D05	Tumor/Malignant
HNSCC7_p8_HNSCC7_P8_A06	CAF/Fibroblast
HNSCC7_p8_HNSCC7_P8_E01	Tumor/Malignant
HNSCC7_p8_HNSCC7_P8_G01	Tumor/Malignant
HNSCC7_p8_HNSCC7_P8_B05	Tumor/Malignant
HNSCC7_p8_HNSCC7_P8_B06	Tumor/Malignant
HNSCC7_p8_HNSCC7_P8_A09	Tumor/Malignant
HNSCC6_p14_hnscc6_p14_G04	Tumor/Malignant
HNSCC6_p14_hnscc6_p14_H05	CAF/Fibroblast
HNSCC6_p14_hnscc6_p14_H09	CAF/Fibroblast
HNSCC6_p14_hnscc6_p14_F08	Tumor/Malignant
HNSCC6_p14_hnscc6_p14_E07	Tumor/Malignant
HNSCC6_p14_hnscc6_p14_E11	Tumor/Malignant
HNSCC6_p14_hnscc6_p14_G08	Tumor/Malignant
HNSCC6_p14_hnscc6_p14_G07	Endothelial
HNSCC6_p14_hnscc6_p14_G02	Unknown
HNSCC6_p14_hnscc6_p14_F11	Endothelial
HNSCC6_p14_hnscc6_p14_H11	Tumor/Malignant
HNSCC6_p14_hnscc6_p14_G12	Tumor/Malignant
HNSCC6_p14_hnscc6_p14_E02	Tumor/Malignant
HNSCC6_p14_hnscc6_p14_H02	Endothelial
HNSCC6_p14_hnscc6_p14_H06	Tumor/Malignant
HNSCC6_p14_hnscc6_p14_E12	Myeloid
HNSCC6_p14_hnscc6_p14_F04	Myeloid
HNSCC6_p14_hnscc6_p14_G11	Endothelial
HNSCC6_p14_hnscc6_p14_E05	Tumor/Malignant
HNSCC6_p14_hnscc6_p14_H10	Tumor/Malignant
HNSCC6_p14_hnscc6_p14_H03	Tumor/Malignant
HNSCC6_p14_hnscc6_p14_E04	Tumor/Malignant
HNSCC6_p14_hnscc6_p14_G01	Tumor/Malignant
HNSCC6_p14_hnscc6_p14_E06	Tumor/Malignant
HNSCC6_p14_hnscc6_p14_F06	Tumor/Malignant
HNSCC6_p14_hnscc6_p14_G10	Tumor/Malignant
HNSCC6_p14_hnscc6_p14_H08	Endothelial
HNSCC6_p14_hnscc6_p14_G06	Endothelial
HNSCC6_p14_hnscc6_p14_F01	Tumor/Malignant
HNSCC6_p14_hnscc6_p14_F10	Tumor/Malignant
HNSCC6_p14_hnscc6_p14_E01	Tumor/Malignant
HNSCC6_p14_hnscc6_p14_E08	CAF/Fibroblast
HNSCC6_p14_hnscc6_p14_H01	Tumor/Malignant
HNSCC6_p14_hnscc6_p14_H07	Tumor/Malignant
HNSCC6_p14_hnscc6_p14_F09	Endothelial
HNSCC6_p14_hnscc6_p14_E03	Tumor/Malignant
HNSCC6_p14_hnscc6_p14_E09	Tumor/Malignant
HNSCC6_p14_hnscc6_p14_G09	Tumor/Malignant
HNSCC5_p9_HNSCC5_P9_B10	Tumor/Malignant
HNSCC5_p9_HNSCC5_P9_G01	CAF/Fibroblast
HNSCC5_p9_HNSCC5_P9_F07	CAF/Fibroblast
HNSCC5_p9_HNSCC5_P9_D01	CAF/Fibroblast
HNSCC5_p9_HNSCC5_P9_D08	Tumor/Malignant
HNSCC5_p9_HNSCC5_P9_A10	CAF/Fibroblast
HNSCC5_p9_HNSCC5_P9_D03	Tumor/Malignant
HNSCC5_p9_HNSCC5_P9_F06	CAF/Fibroblast
HNSCC5_p9_HNSCC5_P9_B11	Tumor/Malignant
HNSCC5_p9_HNSCC5_P9_H03	Tumor/Malignant
HNSCC5_p9_HNSCC5_P9_H10	Tumor/Malignant
HNSCC5_p9_HNSCC5_P9_B06	Tumor/Malignant
HNSCC5_p9_HNSCC5_P9_A02	Tumor/Malignant
HNSCC5_p9_HNSCC5_P9_G04	Tumor/Malignant
HNSCC5_p9_HNSCC5_P9_A06	Tumor/Malignant
HNSCC5_p9_HNSCC5_P9_B07	Tumor/Malignant
HNSCC5_p9_HNSCC5_P9_A03	CAF/Fibroblast
HNSCC5_p9_HNSCC5_P9_G07	Tumor/Malignant
HNSCC5_p9_HNSCC5_P9_H11	CAF/Fibroblast
HNSCC5_p9_HNSCC5_P9_D11	CAF/Fibroblast
HNSCC5_p9_HNSCC5_P9_D04	Tumor/Malignant
HNSCC5_p9_HNSCC5_P9_G11	Tumor/Malignant
HNSCC5_p9_HNSCC5_P9_G09	Tumor/Malignant
HNSCC5_p9_HNSCC5_P9_D10	Tumor/Malignant
HNSCC5_p9_HNSCC5_P9_F01	CAF/Fibroblast
HNSCC5_p9_HNSCC5_P9_E09	Tumor/Malignant
HNSCC5_p9_HNSCC5_P9_B09	Tumor/Malignant
HNSCC5_p9_HNSCC5_P9_E10	Tumor/Malignant
HNSCC5_p9_HNSCC5_P9_F10	Tumor/Malignant
HNSCC5_p9_HNSCC5_P9_D02	CAF/Fibroblast
HNSCC5_p9_HNSCC5_P9_E04	CAF/Fibroblast
HNSCC5_p9_HNSCC5_P9_A05	CAF/Fibroblast
HNSCC5_p9_HNSCC5_P9_A08	Tumor/Malignant
HNSCC5_p9_HNSCC5_P9_C10	CAF/Fibroblast
HNSCC5_p9_HNSCC5_P9_G02	Tumor/Malignant
HNSCC5_p9_HNSCC5_P9_F12	Tumor/Malignant
HNSCC5_p9_HNSCC5_P9_A09	Tumor/Malignant
HNSCC5_p9_HNSCC5_P9_C11	Endothelial
HNSCC5_p9_HNSCC5_P9_G06	Tumor/Malignant
HNSCC5_p9_HNSCC5_P9_H06	Tumor/Malignant
HNSCC5_p9_HNSCC5_P9_C02	CAF/Fibroblast
HNSCC5_p9_HNSCC5_P9_D05	Tumor/Malignant
HNSCC5_p9_HNSCC5_P9_C07	CAF/Fibroblast
HNSCC5_p9_HNSCC5_P9_F09	Tumor/Malignant
HNSCC5_p9_HNSCC5_P9_A07	CAF/Fibroblast
HNSCC5_p9_HNSCC5_P9_F03	Endothelial
HNSCC5_p9_HNSCC5_P9_C12	Tumor/Malignant
HNSCC5_p9_HNSCC5_P9_H12	CAF/Fibroblast
HNSCC5_p9_HNSCC5_P9_E08	Tumor/Malignant
HNSCC5_p9_HNSCC5_P9_C03	Tumor/Malignant
HNSCC5_p9_HNSCC5_P9_E11	CAF/Fibroblast
HNSCC5_p9_HNSCC5_P9_B08	Tumor/Malignant
HNSCC5_p9_HNSCC5_P9_H08	Tumor/Malignant
HNSCC5_p9_HNSCC5_P9_E02	Tumor/Malignant
HNSCC5_p14_HNSCC5_P14_LN_F03	Tumor/Malignant
HNSCC5_p14_HNSCC5_P14_LN_E06	Unknown
HNSCC5_p14_HNSCC5_P14_LN_E02	Endothelial
HNSCC5_p14_HNSCC5_P14_LN_A08	Endothelial
HNSCC5_p14_HNSCC5_P14_LN_A09	Tumor/Malignant
HNSCC5_p14_HNSCC5_P14_LN_D04	Endothelial
HNSCC5_p14_HNSCC5_P14_LN_H01	CAF/Fibroblast
HNSCC5_p14_HNSCC5_P14_LN_C03	Tumor/Malignant
HNSCC5_p14_HNSCC5_P14_LN_E08	Tumor/Malignant
HNSCC5_p14_HNSCC5_P14_LN_H02	CAF/Fibroblast
HNSCC5_p14_HNSCC5_P14_LN_F11	Endothelial
HNSCC5_p14_HNSCC5_P14_LN_D05	CAF/Fibroblast
HNSCC5_p14_HNSCC5_P14_LN_H11	Tumor/Malignant
HNSCC5_p14_HNSCC5_P14_LN_F02	Endothelial
HNSCC5_p14_HNSCC5_P14_LN_D07	Endothelial
HNSCC5_p14_HNSCC5_P14_LN_G08	Tumor/Malignant
HNSCC5_p14_HNSCC5_P14_LN_G06	Tumor/Malignant
HNSCC5_p14_HNSCC5_P14_LN_D03	CAF/Fibroblast
HNSCC5_p14_HNSCC5_P14_LN_C05	Endothelial
HNSCC5_p14_HNSCC5_P14_LN_G11	Endothelial
HNSCC5_p14_HNSCC5_P14_LN_D01	Tumor/Malignant
HNSCC5_p14_HNSCC5_P14_LN_E04	CAF/Fibroblast
HNSCC5_p14_HNSCC5_P14_LN_G07	Endothelial
HNSCC5_p14_HNSCC5_P14_LN_C01	Tumor/Malignant
HNSCC5_p14_HNSCC5_P14_LN_G05	CAF/Fibroblast
HNSCC5_p14_HNSCC5_P14_LN_H03	Endothelial
HNSCC5_p14_HNSCC5_P14_LN_A04	Tumor/Malignant
HNSCC5_p14_HNSCC5_P14_LN_H06	Endothelial
HNSCC5_p14_HNSCC5_P14_LN_C06	CAF/Fibroblast
HNSCC5_p14_HNSCC5_P14_LN_B09	Endothelial
HNSCC5_p14_HNSCC5_P14_LN_B11	B/Plasma
HNSCC5_p14_HNSCC5_P14_LN_A03	Endothelial
HNSCC5_p14_HNSCC5_P14_LN_C09	Tumor/Malignant
HNSCC5_p14_HNSCC5_P14_LN_A05	CAF/Fibroblast
HNSCC5_p14_HNSCC5_P14_LN_A10	Endothelial
HNSCC5_p14_HNSCC5_P14_LN_B05	CAF/Fibroblast
HNSCC5_p14_HNSCC5_P14_LN_H05	Endothelial
HNSCC5_p14_HNSCC5_P14_LN_G09	Tumor/Malignant
HNSCC5_p14_HNSCC5_P14_LN_B06	Tumor/Malignant
HNSCC5_p14_HNSCC5_P14_LN_B04	CAF/Fibroblast
HNSCC5_p14_HNSCC5_P14_LN_E10	CAF/Fibroblast
HNSCC5_p14_HNSCC5_P14_LN_G03	Endothelial
HNSCC5_p14_HNSCC5_P14_LN_A12	Endothelial
HNSCC5_p14_HNSCC5_P14_LN_F07	Endothelial
HNSCC5_p14_HNSCC5_P14_LN_D08	Endothelial
HNSCC5_p14_HNSCC5_P14_LN_B07	Tumor/Malignant
HNSCC5_p14_HNSCC5_P14_LN_G02	CAF/Fibroblast
HNSCC5_p14_HNSCC5_P14_LN_C08	Tumor/Malignant
HNSCC5_p14_HNSCC5_P14_LN_E07	Endothelial
HNSCC5_p14_HNSCC5_P14_LN_E09	Tumor/Malignant
HNSCC5_p14_HNSCC5_P14_LN_D12	Endothelial
HNSCC5_p14_HNSCC5_P14_LN_B01	CAF/Fibroblast
HNSCC5_p14_HNSCC5_P14_LN_E03	Endothelial
HNSCC5_p14_HNSCC5_P14_LN_A07	Tumor/Malignant
HNSCC5_p14_HNSCC5_P14_LN_B10	Endothelial
HNSCC5_p14_HNSCC5_P14_LN_F01	CAF/Fibroblast
HNSCC5_p14_HNSCC5_P14_LN_F05	Tumor/Malignant
HNSCC5_p14_HNSCC5_P14_LN_D10	Tumor/Malignant
HNSCC5_p14_HNSCC5_P14_LN_H07	Endothelial
HNSCC5_p14_HNSCC5_P14_LN_E12	Tumor/Malignant
HNSCC8_1ant_HNSCC8_1ant_F06	CAF/Fibroblast
HNSCC8_1ant_HNSCC8_1ant_H01	Endothelial
HNSCC8_1ant_HNSCC8_1ant_B03	CAF/Fibroblast
HNSCC8_1ant_HNSCC8_1ant_E03	CAF/Fibroblast
HNSCC8_1ant_HNSCC8_1ant_B01	CAF/Fibroblast
HNSCC8_1ant_HNSCC8_1ant_E01	Endothelial
HNSCC8_1ant_HNSCC8_1ant_B04	CAF/Fibroblast
HNSCC8_1ant_HNSCC8_1ant_A09	Endothelial
HNSCC8_1ant_HNSCC8_1ant_F04	Endothelial
HNSCC8_1ant_HNSCC8_1ant_G11	Endothelial
HNSCC8_1ant_HNSCC8_1ant_C07	CAF/Fibroblast
HNSCC8_1ant_HNSCC8_1ant_C05	CAF/Fibroblast
HNSCC8_1ant_HNSCC8_1ant_C09	Endothelial
HNSCC8_1ant_HNSCC8_1ant_G04	Endothelial
HNSCC8_1ant_HNSCC8_1ant_F05	CAF/Fibroblast
HNSCC8_1ant_HNSCC8_1ant_D02	CAF/Fibroblast
HNSCC8_1ant_HNSCC8_1ant_A04	Endothelial
HNSCC8_1ant_HNSCC8_1ant_C03	CAF/Fibroblast
HNSCC8_1ant_HNSCC8_1ant_C12	Endothelial
HNSCC8_1ant_HNSCC8_1ant_G02	Endothelial
HNSCC8_1ant_HNSCC8_1ant_A06	CAF/Fibroblast
HNSCC8_1ant_HNSCC8_1ant_E08	CAF/Fibroblast
HNSCC8_1ant_HNSCC8_1ant_B09	CAF/Fibroblast
HNSCC8_1ant_HNSCC8_1ant_C10	Endothelial
HNSCC8_1ant_HNSCC8_1ant_H03	CAF/Fibroblast
HNSCC8_1ant_HNSCC8_1ant_B07	Endothelial
HNSCC8_1ant_HNSCC8_1ant_C06	Endothelial
HNSCC8_1ant_HNSCC8_1ant_E05	Endothelial
HNSCC8_1ant_HNSCC8_1ant_A07	CAF/Fibroblast
HNSCC8_1ant_HNSCC8_1ant_C04	Unknown
HNSCC8_1ant_HNSCC8_1ant_B06	CAF/Fibroblast
HNSCC8_1ant_HNSCC8_1ant_E04	Endothelial
HNSCC8_1ant_HNSCC8_1ant_E10	Endothelial
HNSCC8_1ant_HNSCC8_1ant_F12	Myeloid
HNSCC8_1ant_HNSCC8_1ant_D03	CAF/Fibroblast
HNSCC8_1ant_HNSCC8_1ant_D09	CAF/Fibroblast
HNSCC8_RLN_HNSCC8_RLNI_E09	Endothelial
HNSCC8_RLN_HNSCC8_RLNI_C11	T/NK
HNSCC8_RLN_HNSCC8_RLNI_F01	Endothelial
HNSCC8_RLN_HNSCC8_RLNI_D05	T/NK
HNSCC8_RLN_HNSCC8_RLNI_G05	T/NK
HNSCC8_RLN_HNSCC8_RLNI_D02	CAF/Fibroblast
HNSCC8_RLN_HNSCC8_RLNI_C09	T/NK
HNSCC8_RLN_HNSCC8_RLNI_B07	T/NK
HNSCC8_RLN_HNSCC8_RLNI_A04	T/NK
HNSCC8_RLN_HNSCC8_RLNI_D06	B/Plasma
HNSCC8_RLN_HNSCC8_RLNI_G08	T/NK
HNSCC8_RLN_HNSCC8_RLNI_F10	Endothelial
HNSCC8_RLN_HNSCC8_RLNI_E12	T/NK
HNSCC8_RLN_HNSCC8_RLNI_E11	T/NK
HNSCC8_RLN_HNSCC8_RLNI_D01	Unknown
HNSCC8_RLN_HNSCC8_RLNI_E02	Endothelial
HNSCC8_RLN_HNSCC8_RLNI_H12	CAF/Fibroblast
HNSCC8_RLN_HNSCC8_RLNI_C08	Endothelial
HNSCC8_RLN_HNSCC8_RLNI_H05	CAF/Fibroblast
HNSCC8_RLN_HNSCC8_RLNI_D07	Endothelial
HNSCC8_RLN_HNSCC8_RLNI_D08	T/NK
HNSCC8_RLN_HNSCC8_RLNI_A09	CAF/Fibroblast
HNSCC8_RLN_HNSCC8_RLNI_C01	T/NK
HNSCC8_RLN_HNSCC8_RLNI_B02	T/NK
HNSCC8_RLN_HNSCC8_RLNI_H11	T/NK
HNSCC8_RLN_HNSCC8_RLNI_F07	T/NK
HNSCC8_RLN_HNSCC8_RLNI_A03	Endothelial
HNSCC8_RLN_HNSCC8_RLNI_C07	T/NK
HNSCC8_RLN_HNSCC8_RLNI_H08	T/NK
HNSCC8_RLN_HNSCC8_RLNI_D04	Unknown
HNSCC8_RLN_HNSCC8_RLNI_E01	CAF/Fibroblast
HNSCC8_RLN_HNSCC8_RLNI_D10	CAF/Fibroblast
HNSCC8_RLN_HNSCC8_RLNI_G02	CAF/Fibroblast
HNSCC8_RLN_HNSCC8_RLNI_F08	T/NK
HNSCC8_RLN_HNSCC8_RLNI_H07	T/NK
HNSCC8_RLN_HNSCC8_RLNI_H02	T/NK
HNSCC8_RLN_HNSCC8_RLNI_E08	CAF/Fibroblast
HNSCC8_RLN_HNSCC8_RLNI_E07	CAF/Fibroblast
HNSCC8_RLN_HNSCC8_RLNI_B05	T/NK
HNSCC8_RLN_HNSCC8_RLNI_C05	T/NK
HNSCC8_RLN_HNSCC8_RLNI_F04	T/NK
HNSCC8_RLN_HNSCC8_RLNI_F12	T/NK
HNSCC8_RLN_HNSCC8_RLNI_B09	T/NK
HNSCC8_RLN_HNSCC8_RLNI_G03	T/NK
HNSCC8_RLN_HNSCC8_RLNI_C02	T/NK
HNSCC8_RLN_HNSCC8_RLNI_C12	T/NK
HNSCC8_RLN_HNSCC8_RLNI_B08	T/NK
HNSCC8_RLN_HNSCC8_RLNI_H01	T/NK
HNSCC8_RLN_HNSCC8_RLNI_E03	T/NK
HNSCC8_RLN_HNSCC8_RLNI_B12	Endothelial
HNSCC8_RLN_HNSCC8_RLNI_C06	T/NK
HNSCC8_RLN_HNSCC8_RLNI_F06	CAF/Fibroblast
HNSCC8_RLN_HNSCC8_RLNI_A11	T/NK
HNSCC8_RLN_HNSCC8_RLNI_E10	T/NK
HNSCC8_RLN_HNSCC8_RLNI_H06	T/NK
HNSCC8_RLN_HNSCC8_RLNI_B11	CAF/Fibroblast
HNSCC8_RLN_HNSCC8_RLNI_G12	T/NK
HNSCC8_RLN_HNSCC8_RLNI_D09	Endothelial
HNSCC8_RLN_HNSCC8_RLNI_F03	T/NK
HNSCC8_RLN_HNSCC8_RLNI_A02	Endothelial
HNSCC8_RLN_HNSCC8_RLNI_H10	Endothelial
HNSCC8_RLN_HNSCC8_RLNI_A07	CAF/Fibroblast
HNSCC8_RLN_HNSCC8_RLNI_C04	B/Plasma
HNSCC8_RLN_HNSCC8_RLNI_B06	CAF/Fibroblast
HNSCC8_RLN_HNSCC8_RLNI_E04	CAF/Fibroblast
HNSCC8_RLN_HNSCC8_RLNI_A10	Myeloid
HNSCC8_RLN_HNSCC8_RLNI_H09	T/NK
HNSCC8_RLN_HNSCC8_RLNI_G04	Myeloid
HNSCC6_p14_hnscc6_p14_A06	Tumor/Malignant
HNSCC6_p14_hnscc6_p14_B08	B/Plasma
HNSCC6_p14_hnscc6_p14_A04	Tumor/Malignant
HNSCC6_p14_hnscc6_p14_A05	Tumor/Malignant
HNSCC6_p14_hnscc6_p14_A02	Tumor/Malignant
HNSCC6_p14_hnscc6_p14_C11	CAF/Fibroblast
HNSCC6_p14_hnscc6_p14_B04	Tumor/Malignant
HNSCC6_p14_hnscc6_p14_A12	Tumor/Malignant
HNSCC6_p14_hnscc6_p14_C06	Endothelial
HNSCC6_p14_hnscc6_p14_C05	Tumor/Malignant
HNSCC6_p14_hnscc6_p14_C12	Tumor/Malignant
HNSCC6_p14_hnscc6_p14_B03	Tumor/Malignant
HNSCC6_p14_hnscc6_p14_C03	Tumor/Malignant
HNSCC6_p14_hnscc6_p14_C01	Endothelial
HNSCC6_p14_hnscc6_p14_C07	B/Plasma
HNSCC6_p14_hnscc6_p14_A10	Endothelial
HNSCC6_p14_hnscc6_p14_B12	Tumor/Malignant
HNSCC6_p14_hnscc6_p14_A03	Endothelial
HNSCC6_p14_hnscc6_p14_C10	Tumor/Malignant
HNSCC6_p14_hnscc6_p14_D02	Endothelial
HNSCC6_p14_hnscc6_p14_C02	Endothelial
HNSCC6_p14_hnscc6_p14_D07	CAF/Fibroblast
HNSCC6_p14_hnscc6_p14_B06	CAF/Fibroblast
HNSCC6_p14_hnscc6_p14_D05	Tumor/Malignant
HNSCC6_p14_hnscc6_p14_B01	Tumor/Malignant
HNSCC6_p14_hnscc6_p14_D12	Tumor/Malignant
HNSCC6_p14_hnscc6_p14_A07	Tumor/Malignant
HNSCC6_p14_hnscc6_p14_D11	Unknown
HNSCC6_p14_hnscc6_p14_B09	CAF/Fibroblast
HNSCC6_p14_hnscc6_p14_B02	Tumor/Malignant
HNSCC6_p14_hnscc6_p14_B11	CAF/Fibroblast
HNSCC6_p14_hnscc6_p14_D04	Tumor/Malignant
HNSCC6_p14_hnscc6_p14_A01	Tumor/Malignant
HNSCC6_p14_hnscc6_p14_D10	Tumor/Malignant
HNSCC6_p14_hnscc6_p14_A08	CAF/Fibroblast
HNSCC6_p14_hnscc6_p14_D09	CAF/Fibroblast
HNSCC6_p14_hnscc6_p14_A09	Tumor/Malignant
HNSCC6_p14_hnscc6_p14_D08	Tumor/Malignant
HNSCC6_p14_hnscc6_p14_A11	CAF/Fibroblast
HNSCC6_p14_hnscc6_p14_B07	Unknown
HNSCC5_p5_P5_C07	Myeloid
HNSCC5_p5_P5_C03	Myeloid
HNSCC5_p5_P5_H06	Tumor/Malignant
HNSCC5_p5_P5_B05	Tumor/Malignant
HNSCC5_p5_P5_G09	Myeloid
HNSCC5_p5_P5_F07	Myeloid
HNSCC5_p5_P5_G12	Myeloid
HNSCC5_p5_P5_F04	CAF/Fibroblast
HNSCC5_p5_P5_G03	Myeloid
HNSCC5_p5_P5_E08	Myeloid
HNSCC5_p5_P5_A09	Myeloid
HNSCC5_p5_P5_E11	Tumor/Malignant
HNSCC5_p5_P5_F08	CAF/Fibroblast
HNSCC5_p5_P5_E07	Myeloid
HNSCC5_p5_P5_F05	CAF/Fibroblast
HNSCC5_p5_P5_C12	Unknown
HNSCC5_p5_P5_F11	Tumor/Malignant
HNSCC5_p5_P5_A02	Myeloid
HNSCC5_p5_P5_B03	CAF/Fibroblast
HNSCC5_p5_P5_E04	Tumor/Malignant
HNSCC5_p5_P5_E05	Tumor/Malignant
HNSCC5_p5_P5_H05	CAF/Fibroblast
HNSCC5_p5_P5_F10	Myeloid
HNSCC5_p5_P5_E06	Myeloid
HNSCC5_p5_P5_C09	CAF/Fibroblast
HNSCC5_p5_P5_C10	Myeloid
HNSCC5_p5_P5_A12	CAF/Fibroblast
HNSCC5_p5_P5_H10	CAF/Fibroblast
HNSCC5_p5_P5_D01	Myeloid
HNSCC5_p5_P5_D09	Myeloid
HNSCC5_p5_P5_A06	Myeloid
HNSCC5_p5_P5_G02	Myeloid
HNSCC5_p5_P5_F06	Endothelial
HNSCC5_p5_P5_H09	Myeloid
HNSCC5_p5_P5_D08	Endothelial
HNSCC5_p5_P5_C06	CAF/Fibroblast
HNSCC5_p5_P5_E03	Tumor/Malignant
HNSCC5_p5_P5_B08	Myeloid
HNSCC5_p5_P5_G08	Myeloid
HNSCC5_p5_P5_C02	Myeloid
HNSCC5_p5_P5_E12	Tumor/Malignant
HNSCC5_p5_P5_A08	Tumor/Malignant
HNSCC5_p5_P5_D05	Tumor/Malignant
HNSCC5_p5_P5_D03	Myeloid
HNSCC5_p5_P5_G04	Myeloid
HNSCC5_p7_HNSCC5_P7_E10	CAF/Fibroblast
HNSCC5_p7_HNSCC5_P7_D04	Tumor/Malignant
HNSCC5_p7_HNSCC5_P7_B09	Tumor/Malignant
HNSCC5_p7_HNSCC5_P7_A01	Endothelial
HNSCC5_p7_HNSCC5_P7_F07	CAF/Fibroblast
HNSCC5_p7_HNSCC5_P7_D03	Unknown
HNSCC5_p7_HNSCC5_P7_E06	CAF/Fibroblast
HNSCC5_p7_HNSCC5_P7_F06	CAF/Fibroblast
HNSCC5_p7_HNSCC5_P7_A02	Tumor/Malignant
HNSCC5_p7_HNSCC5_P7_A04	Tumor/Malignant
HNSCC5_p7_HNSCC5_P7_A06	CAF/Fibroblast
HNSCC5_p7_HNSCC5_P7_E11	CAF/Fibroblast
HNSCC5_p7_HNSCC5_P7_D06	Endothelial
HNSCC5_p7_HNSCC5_P7_G02	Tumor/Malignant
HNSCC5_p7_HNSCC5_P7_G06	CAF/Fibroblast
HNSCC5_p7_HNSCC5_P7_A12	Tumor/Malignant
HNSCC5_p7_HNSCC5_P7_C06	CAF/Fibroblast
HNSCC5_p7_HNSCC5_P7_D01	CAF/Fibroblast
HNSCC5_p7_HNSCC5_P7_F10	Tumor/Malignant
HNSCC5_p7_HNSCC5_P7_D10	Tumor/Malignant
HNSCC5_p7_HNSCC5_P7_A11	Endothelial
HNSCC5_p7_HNSCC5_P7_C10	Tumor/Malignant
HNSCC5_p7_HNSCC5_P7_G07	Tumor/Malignant
HNSCC5_p7_HNSCC5_P7_F12	Tumor/Malignant
HNSCC5_p7_HNSCC5_P7_C07	Tumor/Malignant
HNSCC5_p7_HNSCC5_P7_C12	Tumor/Malignant
HNSCC5_p7_HNSCC5_P7_G04	Tumor/Malignant
HNSCC5_p7_HNSCC5_P7_A10	CAF/Fibroblast
HNSCC5_p7_HNSCC5_P7_E07	Tumor/Malignant
HNSCC5_p7_HNSCC5_P7_B04	Unknown
HNSCC5_p7_HNSCC5_P7_G05	Tumor/Malignant
HNSCC5_p7_HNSCC5_P7_D08	CAF/Fibroblast
HNSCC5_p7_HNSCC5_P7_D09	Endothelial
HNSCC5_p7_HNSCC5_P7_E04	Endothelial
HNSCC5_p13_P13_A05	Tumor/Malignant
HNSCC5_p13_P13_H07	Tumor/Malignant
HNSCC5_p13_P13_F12	CAF/Fibroblast
HNSCC5_p13_P13_E03	Tumor/Malignant
HNSCC5_p13_P13_C07	Tumor/Malignant
HNSCC5_p13_P13_A04	Myeloid
HNSCC5_p13_P13_G05	Tumor/Malignant
HNSCC5_p13_P13_E04	Endothelial
HNSCC5_p13_P13_D03	Tumor/Malignant
HNSCC5_p13_P13_G09	Endothelial
HNSCC5_p13_P13_C06	Tumor/Malignant
HNSCC5_p13_P13_C03	Endothelial
HNSCC5_p13_P13_H12	Endothelial
HNSCC5_p13_P13_B05	Tumor/Malignant
HNSCC5_p13_P13_A10	Tumor/Malignant
HNSCC5_p13_P13_D10	B/Plasma
HNSCC5_p13_P13_G04	Tumor/Malignant
HNSCC5_p13_P13_E01	Endothelial
HNSCC5_p13_P13_D11	Tumor/Malignant
HNSCC5_p13_P13_A08	Tumor/Malignant
HNSCC5_p13_P13_C09	Tumor/Malignant
HNSCC5_p13_P13_G08	Tumor/Malignant
HNSCC5_p13_P13_F10	Tumor/Malignant
HNSCC5_p13_P13_H04	Endothelial
HNSCC5_p13_P13_G06	T/NK
HNSCC5_p13_P13_D06	CAF/Fibroblast
HNSCC5_p13_P13_H01	Tumor/Malignant
HNSCC5_p13_P13_B03	Endothelial
HNSCC5_p13_P13_G02	Endothelial
HNSCC5_p13_P13_D01	Tumor/Malignant
HNSCC5_p13_P13_B11	Endothelial
HNSCC5_p13_P13_D02	Endothelial
HNSCC5_p13_P13_F04	Tumor/Malignant
HNSCC5_p13_P13_F09	B/Plasma
HNSCC5_p13_P13_A03	Endothelial
HNSCC5_p13_P13_F08	Endothelial
HNSCC5_p13_P13_H11	Tumor/Malignant
HNSCC5_p13_P13_C12	Unknown
HNSCC5_p13_P13_G07	Myeloid
HNSCC5_p13_P13_D08	Tumor/Malignant
HNSCC5_p13_P13_A09	Endothelial
HNSCC5_p13_P13_H09	Tumor/Malignant
HNSCC5_p13_P13_B12	Tumor/Malignant
HNSCC5_p13_P13_H08	Tumor/Malignant
HNSCC5_p13_P13_G11	Unknown
HNSCC5_p13_P13_C11	Tumor/Malignant
HNSCC5_p15_HNSCC5_P15_C10	Endothelial
HNSCC5_p15_HNSCC5_P15_D03	Tumor/Malignant
HNSCC5_p15_HNSCC5_P15_C11	CAF/Fibroblast
HNSCC5_p15_HNSCC5_P15_C06	Endothelial
HNSCC5_p15_HNSCC5_P15_A08	CAF/Fibroblast
HNSCC5_p15_HNSCC5_P15_B12	Tumor/Malignant
HNSCC5_p15_HNSCC5_P15_D09	CAF/Fibroblast
HNSCC5_p15_HNSCC5_P15_E06	Endothelial
HNSCC5_p15_HNSCC5_P15_B02	CAF/Fibroblast
HNSCC5_p15_HNSCC5_P15_G02	CAF/Fibroblast
HNSCC5_p15_HNSCC5_P15_B04	Endothelial
HNSCC5_p15_HNSCC5_P15_B10	Tumor/Malignant
HNSCC5_p15_HNSCC5_P15_C12	CAF/Fibroblast
HNSCC5_p15_HNSCC5_P15_E11	Tumor/Malignant
HNSCC5_p15_HNSCC5_P15_F03	Tumor/Malignant
HNSCC5_p15_HNSCC5_P15_C09	Endothelial
HNSCC5_p15_HNSCC5_P15_C05	Endothelial
HNSCC5_p15_HNSCC5_P15_B09	Endothelial
HNSCC5_p15_HNSCC5_P15_C03	Endothelial
HNSCC5_p15_HNSCC5_P15_A01	Tumor/Malignant
HNSCC5_p15_HNSCC5_P15_E03	Tumor/Malignant
HNSCC5_p15_HNSCC5_P15_B01	Endothelial
HNSCC5_p15_HNSCC5_P15_E02	Endothelial
HNSCC5_p15_HNSCC5_P15_B07	Tumor/Malignant
HNSCC5_p15_HNSCC5_P15_B05	Tumor/Malignant
HNSCC5_p15_HNSCC5_P15_F05	Endothelial
HNSCC5_p15_HNSCC5_P15_G07	CAF/Fibroblast
HNSCC5_p15_HNSCC5_P15_D01	Endothelial
HNSCC5_p15_HNSCC5_P15_B08	Tumor/Malignant
HNSCC5_p15_HNSCC5_P15_D07	Endothelial
HNSCC5_p15_HNSCC5_P15_B11	Endothelial
HNSCC5_p15_HNSCC5_P15_G04	Endothelial
HNSCC5_p15_HNSCC5_P15_D08	Tumor/Malignant
HNSCC5_p15_HNSCC5_P15_D10	CAF/Fibroblast
HNSCC5_p15_HNSCC5_P15_E09	Endothelial
HNSCC5_p15_HNSCC5_P15_F04	Tumor/Malignant
HNSCC5_p15_HNSCC5_P15_F09	Tumor/Malignant
HNSCC5_p15_HNSCC5_P15_A11	Tumor/Malignant
HNSCC5_p15_HNSCC5_P15_A09	Tumor/Malignant
HNSCC5_p15_HNSCC5_P15_F06	CAF/Fibroblast
HNSCC5_p15_HNSCC5_P15_B03	Tumor/Malignant
HNSCC5_p15_HNSCC5_P15_G01	Endothelial
HNSCC5_p15_HNSCC5_P15_G06	Tumor/Malignant
HNSCC5_p15_HNSCC5_P15_A12	Tumor/Malignant
HNSCC5_p15_HNSCC5_P15_G03	Tumor/Malignant
HNSCC5_p15_HNSCC5_P15_A04	Tumor/Malignant
HNSCC5_p15_HNSCC5_P15_A05	Endothelial
HNSCC5_p15_HNSCC5_P15_E07	Tumor/Malignant
HNSCC5_p15_HNSCC5_P15_E01	Endothelial
HNSCC5_p15_HNSCC5_P15_A07	CAF/Fibroblast
HNSCC5_p15_HNSCC5_P15_A03	CAF/Fibroblast
HNSCC6_p8_HNSCC6_P8_B11	CAF/Fibroblast
HNSCC6_p8_HNSCC6_P8_B10	CAF/Fibroblast
HNSCC6_p8_HNSCC6_P8_A03	CAF/Fibroblast
HNSCC6_p8_HNSCC6_P8_B07	CAF/Fibroblast
HNSCC6_p8_HNSCC6_P8_G09	CAF/Fibroblast
HNSCC6_p8_HNSCC6_P8_B02	CAF/Fibroblast
HNSCC6_p8_HNSCC6_P8_E03	Endothelial
HNSCC6_p8_HNSCC6_P8_B03	CAF/Fibroblast
HNSCC6_p8_HNSCC6_P8_F12	CAF/Fibroblast
HNSCC6_p8_HNSCC6_P8_H05	CAF/Fibroblast
HNSCC6_p8_HNSCC6_P8_E04	CAF/Fibroblast
HNSCC6_p8_HNSCC6_P8_H01	CAF/Fibroblast
HNSCC6_p8_HNSCC6_P8_A11	CAF/Fibroblast
HNSCC6_p8_HNSCC6_P8_H08	CAF/Fibroblast
HNSCC6_p8_HNSCC6_P8_F03	CAF/Fibroblast
HNSCC6_p8_HNSCC6_P8_E01	CAF/Fibroblast
HNSCC6_p8_HNSCC6_P8_H12	Unknown
HNSCC6_p8_HNSCC6_P8_B08	CAF/Fibroblast
HNSCC6_p8_HNSCC6_P8_H07	Endothelial
HNSCC6_p8_HNSCC6_P8_G05	CAF/Fibroblast
HNSCC6_p8_HNSCC6_P8_B12	CAF/Fibroblast
HNSCC6_p8_HNSCC6_P8_B04	CAF/Fibroblast
HNSCC6_p8_HNSCC6_P8_C07	Endothelial
HNSCC6_p8_HNSCC6_P8_B09	Endothelial
HNSCC6_p8_HNSCC6_P8_F07	CAF/Fibroblast
HNSCC6_p8_HNSCC6_P8_A01	CAF/Fibroblast
HNSCC6_p8_HNSCC6_P8_C12	CAF/Fibroblast
HNSCC6_p8_HNSCC6_P8_H02	Endothelial
HNSCC6_p8_HNSCC6_P8_H03	CAF/Fibroblast
HNSCC6_p8_HNSCC6_P8_A02	CAF/Fibroblast
HNSCC6_p8_HNSCC6_P8_D07	CAF/Fibroblast
HNSCC6_p8_HNSCC6_P8_A12	Endothelial
HNSCC6_p8_HNSCC6_P8_F08	CAF/Fibroblast
HNSCC6_p8_HNSCC6_P8_C10	CAF/Fibroblast
HNSCC6_p8_HNSCC6_P8_G12	Endothelial
HNSCC6_p8_HNSCC6_P8_A09	Endothelial
HNSCC6_p8_HNSCC6_P8_F01	Endothelial
HNSCC6_p8_HNSCC6_P8_D11	Endothelial
HNSCC6_p8_HNSCC6_P8_E09	Endothelial
HNSCC6_p8_HNSCC6_P8_G08	CAF/Fibroblast
HNSCC6_p8_HNSCC6_P8_C06	CAF/Fibroblast
HNSCC6_p8_HNSCC6_P8_G10	CAF/Fibroblast
HNSCC6_p8_HNSCC6_P8_H04	Endothelial
HNSCC6_p8_HNSCC6_P8_C11	Endothelial
HNSCC6_p8_HNSCC6_P8_E08	Endothelial
HNSCC6_p8_HNSCC6_P8_C04	Endothelial
HNSCC6_p8_HNSCC6_P8_A04	CAF/Fibroblast
HNSCC6_p8_HNSCC6_P8_B05	CAF/Fibroblast
HNSCC6_p8_HNSCC6_P8_A10	B/Plasma
HNSCC6_p8_HNSCC6_P8_D10	CAF/Fibroblast
HNSCC6_p8_HNSCC6_P8_F05	CAF/Fibroblast
HNSCC6_p8_HNSCC6_P8_E07	CAF/Fibroblast
HNSCC6_p8_HNSCC6_P8_E06	CAF/Fibroblast
HNSCC6_p8_HNSCC6_P8_F06	CAF/Fibroblast
HNSCC6_p8_HNSCC6_P8_G04	CAF/Fibroblast
HNSCC6_p8_HNSCC6_P8_A06	CAF/Fibroblast
HNSCC6_p8_HNSCC6_P8_A05	Endothelial
HNSCC6_p8_HNSCC6_P8_D02	Unknown
HNSCC6_p8_HNSCC6_P8_H10	CAF/Fibroblast
HNSCC6_p8_HNSCC6_P8_A08	Endothelial
HNSCC6_p8_HNSCC6_P8_D12	CAF/Fibroblast
HNSCC6_p8_HNSCC6_P8_D06	CAF/Fibroblast
HNSCC6_p8_HNSCC6_P8_G11	Endothelial
HNSCC6_p8_HNSCC6_P8_H11	CAF/Fibroblast
HNSCC6_p15_HNSCC6_P15_LN_F07	Endothelial
HNSCC6_p15_HNSCC6_P15_LN_B04	Tumor/Malignant
HNSCC6_p15_HNSCC6_P15_LN_C08	CAF/Fibroblast
HNSCC6_p15_HNSCC6_P15_LN_C06	Tumor/Malignant
HNSCC6_p15_HNSCC6_P15_LN_G02	CAF/Fibroblast
HNSCC6_p15_HNSCC6_P15_LN_E02	Tumor/Malignant
HNSCC6_p15_HNSCC6_P15_LN_E11	CAF/Fibroblast
HNSCC6_p15_HNSCC6_P15_LN_F04	Tumor/Malignant
HNSCC6_p15_HNSCC6_P15_LN_H11	Tumor/Malignant
HNSCC6_p15_HNSCC6_P15_LN_F10	CAF/Fibroblast
HNSCC6_p15_HNSCC6_P15_LN_C07	CAF/Fibroblast
HNSCC6_p15_HNSCC6_P15_LN_A10	Tumor/Malignant
HNSCC6_p15_HNSCC6_P15_LN_E01	Endothelial
HNSCC6_p15_HNSCC6_P15_LN_G12	Tumor/Malignant
HNSCC6_p15_HNSCC6_P15_LN_C09	Tumor/Malignant
HNSCC6_p15_HNSCC6_P15_LN_D04	Tumor/Malignant
HNSCC6_p15_HNSCC6_P15_LN_E12	Tumor/Malignant
HNSCC6_p15_HNSCC6_P15_LN_B01	Tumor/Malignant
HNSCC6_p15_HNSCC6_P15_LN_A03	Myeloid
HNSCC6_p15_HNSCC6_P15_LN_C01	Tumor/Malignant
HNSCC6_p15_HNSCC6_P15_LN_E09	Tumor/Malignant
HNSCC6_p15_HNSCC6_P15_LN_A12	Tumor/Malignant
HNSCC6_p15_HNSCC6_P15_LN_A07	Tumor/Malignant
HNSCC6_p15_HNSCC6_P15_LN_H01	Tumor/Malignant
HNSCC6_p15_HNSCC6_P15_LN_F02	Tumor/Malignant
HNSCC6_p15_HNSCC6_P15_LN_G09	Tumor/Malignant
HNSCC6_p15_HNSCC6_P15_LN_C12	Endothelial
HNSCC6_p15_HNSCC6_P15_LN_A01	CAF/Fibroblast
HNSCC6_p15_HNSCC6_P15_LN_B11	Tumor/Malignant
HNSCC6_p15_HNSCC6_P15_LN_D01	Tumor/Malignant
HNSCC6_p15_HNSCC6_P15_LN_D03	Endothelial
HNSCC6_p15_HNSCC6_P15_LN_C04	Tumor/Malignant
HNSCC6_p15_HNSCC6_P15_LN_H08	Tumor/Malignant
HNSCC6_p15_HNSCC6_P15_LN_H06	Endothelial
HNSCC6_p15_HNSCC6_P15_LN_F03	CAF/Fibroblast
HNSCC6_p15_HNSCC6_P15_LN_G10	Tumor/Malignant
HNSCC6_p15_HNSCC6_P15_LN_H10	Tumor/Malignant
HNSCC6_p15_HNSCC6_P15_LN_D06	Tumor/Malignant
HNSCC6_p15_HNSCC6_P15_LN_G07	CAF/Fibroblast
HNSCC6_p15_HNSCC6_P15_LN_C11	CAF/Fibroblast
HNSCC6_p15_HNSCC6_P15_LN_E04	CAF/Fibroblast
HNSCC6_p15_HNSCC6_P15_LN_H03	CAF/Fibroblast
HNSCC6_p15_HNSCC6_P15_LN_F08	Tumor/Malignant
HNSCC6_p15_HNSCC6_P15_LN_C05	B/Plasma
HNSCC6_p15_HNSCC6_P15_LN_G08	Tumor/Malignant
HNSCC6_p15_HNSCC6_P15_LN_A04	Tumor/Malignant
HNSCC6_p15_HNSCC6_P15_LN_A02	Myeloid
HNSCC6_p15_HNSCC6_P15_LN_C02	Tumor/Malignant
HNSCC6_p15_HNSCC6_P15_LN_G05	Tumor/Malignant
HNSCC6_p15_HNSCC6_P15_LN_H04	CAF/Fibroblast
HNSCC6_p15_HNSCC6_P15_LN_H07	Tumor/Malignant
HNSCC6_p15_HNSCC6_P15_LN_E03	Tumor/Malignant
HNSCC6_p15_HNSCC6_P15_LN_F05	Tumor/Malignant
HNSCC6_p15_HNSCC6_P15_LN_A06	Tumor/Malignant
HNSCC6_p15_HNSCC6_P15_LN_B02	Endothelial
HNSCC6_p15_HNSCC6_P15_LN_D05	Tumor/Malignant
HNSCC6_p15_HNSCC6_P15_LN_H02	CAF/Fibroblast
HNSCC6_p15_HNSCC6_P15_LN_E05	Tumor/Malignant
HNSCC6_p15_HNSCC6_P15_LN_D08	CAF/Fibroblast
HNSCC6_p15_HNSCC6_P15_LN_E10	CAF/Fibroblast
HNSCC6_p15_HNSCC6_P15_LN_D10	CAF/Fibroblast
HNSCC6_p15_HNSCC6_P15_LN_G01	CAF/Fibroblast
HNSCC6_p15_HNSCC6_P15_LN_B10	CAF/Fibroblast
HNSCC6_p15_HNSCC6_P15_LN_A11	Tumor/Malignant
HNSCC6_p15_HNSCC6_P15_LN_B12	CAF/Fibroblast
HNSCC6_p15_HNSCC6_P15_LN_B07	CAF/Fibroblast
HNSCC6_p15_HNSCC6_P15_LN_E06	CAF/Fibroblast
HNSCC6_p15_HNSCC6_P15_LN_E08	Tumor/Malignant
HNSCC6_p15_HNSCC6_P15_LN_B08	Myeloid
HNSCC6_p15_HNSCC6_P15_LN_F06	Tumor/Malignant
HNSCC6_p15_HNSCC6_P15_LN_D09	Tumor/Malignant
HNSCC6_p15_HNSCC6_P15_LN_A09	Endothelial
HNSCC6_p15_HNSCC6_P15_LN_A08	Tumor/Malignant
HNSCC6_p15_HNSCC6_P15_LN_A05	Tumor/Malignant
HNSCC6_p15_HNSCC6_P15_LN_C03	Tumor/Malignant
HNSCC20_P3_C12_S36_comb	Tumor/Malignant
HNSCC20_P3_D12_S48_comb	Tumor/Malignant
HNSCC20_P3_E08_S56_comb	Tumor/Malignant
HNSCC20_P13_G09_S273_comb	Tumor/Malignant
HNSCC20_P3_B05_S17_comb	Tumor/Malignant
HNSCC20_P3_B02_S14_comb	Tumor/Malignant
HNSCC20_P13_A10_S202_comb	Tumor/Malignant
HNSCC20_P3_G11_S83_comb	Tumor/Malignant
HNSCC17_P4_F02_S158_comb	Tumor/Malignant
HNSCC20_P13_A08_S200_comb	Tumor/Malignant
HNSCC20_P13_F07_S259_comb	Tumor/Malignant
HNSCC20_P3_H01_S85_comb	Tumor/Malignant
HNSCC17_P4_D10_S142_comb	Tumor/Malignant
HNSCC17_P4_D05_S137_comb	Tumor/Malignant
HNSCC20_P13_F04_S256_comb	Tumor/Malignant
HNSCC20_P3_A03_S3_comb	Tumor/Malignant
HNSCC20_P3_D08_S44_comb	Tumor/Malignant
HNSCC17_P4_C01_S121_comb	Tumor/Malignant
HNSCC20_P3_F01_S61_comb	Tumor/Malignant
HNSCC17_P4_F04_S160_comb	Tumor/Malignant
HNSCC20_P13_E09_S249_comb	Tumor/Malignant
HNSCC17_P4_C03_S123_comb	Tumor/Malignant
HNSCC17_P4_H06_S186_comb	Tumor/Malignant
HNSCC20_P3_H02_S86_comb	Tumor/Malignant
HNSCC20_P3_H06_S90_comb	Tumor/Malignant
HNSCC20_P3_E03_S51_comb	Tumor/Malignant
HNSCC17_P4_C05_S125_comb	Tumor/Malignant
HNSCC20_P3_B07_S19_comb	Tumor/Malignant
HNSCC20_P13_E04_S244_comb	Tumor/Malignant
HNSCC20_P13_F03_S255_comb	Tumor/Malignant
HNSCC20_P3_G05_S77_comb	Tumor/Malignant
HNSCC17_P4_E05_S149_comb	Tumor/Malignant
HNSCC20_P3_G01_S73_comb	Tumor/Malignant
HNSCC17_P4_E12_S156_comb	Tumor/Malignant
HNSCC20_P3_A06_S6_comb	Tumor/Malignant
HNSCC20_P13_A04_S196_comb	Tumor/Malignant
HNSCC20_P13_H07_S283_comb	Tumor/Malignant
HNSCC17_P4_D02_S134_comb	Tumor/Malignant
HNSCC20_P13_E03_S243_comb	Tumor/Malignant
HNSCC20_P3_E05_S53_comb	Tumor/Malignant
HNSCC20_P13_E11_S251_comb	Tumor/Malignant
HNSCC20_P3_F02_S62_comb	Tumor/Malignant
HNSCC20_P13_A11_S203_comb	Tumor/Malignant
HNSCC20_P3_D07_S43_comb	Tumor/Malignant
HNSCC20_P3_F10_S70_comb	Tumor/Malignant
HNSCC17_P4_A10_S106_comb	Tumor/Malignant
HNSCC20_P13_D11_S239_comb	Tumor/Malignant
HNSCC20_P13_C04_S220_comb	Tumor/Malignant
HNSCC20_P13_C09_S225_comb	Tumor/Malignant
HNSCC20_P3_E01_S49_comb	Tumor/Malignant
HNSCC20_P3_A12_S12_comb	Tumor/Malignant
HNSCC17_P4_D06_S138_comb	Tumor/Malignant
HNSCC20_P13_C11_S227_comb	Tumor/Malignant
HNSCC17_P4_G09_S177_comb	Tumor/Malignant
HNSCC20_P13_B01_S205_comb	Tumor/Malignant
HNSCC17_P4_E07_S151_comb	Tumor/Malignant
HNSCC20_P3_D03_S39_comb	Tumor/Malignant
HNSCC20_P13_B07_S211_comb	Tumor/Malignant
HNSCC20_P13_H04_S280_comb	Tumor/Malignant
HNSCC17_P4_E11_S155_comb	Tumor/Malignant
HNSCC20_P3_H11_S95_comb	Tumor/Malignant
HNSCC20_P3_C10_S34_comb	Tumor/Malignant
HNSCC20_P3_H04_S88_comb	Tumor/Malignant
HNSCC20_P13_G03_S267_comb	Tumor/Malignant
HNSCC20_P13_H01_S277_comb	Tumor/Malignant
HNSCC20_P3_D06_S42_comb	Tumor/Malignant
HNSCC20_P3_A01_S1_comb	Tumor/Malignant
HNSCC20_P13_E06_S246_comb	Tumor/Malignant
HNSCC20_P3_C03_S27_comb	Tumor/Malignant
HNSCC20_P13_H02_S278_comb	Tumor/Malignant
HNSCC20_P3_D05_S41_comb	Tumor/Malignant
HNSCC20_P3_F04_S64_comb	Tumor/Malignant
HNSCC20_P13_B03_S207_comb	Tumor/Malignant
HNSCC20_P3_B09_S21_comb	Tumor/Malignant
HNSCC20_P3_G02_S74_comb	Tumor/Malignant
HNSCC20_P3_C06_S30_comb	Tumor/Malignant
HNSCC20_P3_H10_S94_comb	Tumor/Malignant
HNSCC17_P4_F03_S159_comb	Tumor/Malignant
HNSCC20_P13_G10_S274_comb	Tumor/Malignant
HNSCC20_P13_C01_S217_comb	Tumor/Malignant
HNSCC20_P13_C10_S226_comb	Tumor/Malignant
HNSCC17_P4_F09_S165_comb	Tumor/Malignant
HNSCC20_P3_A05_S5_comb	Tumor/Malignant
HNSCC20_P3_B03_S15_comb	Tumor/Malignant
HNSCC20_P3_A02_S2_comb	Tumor/Malignant
HNSCC20_P13_D02_S230_comb	Tumor/Malignant
HNSCC20_P3_E06_S54_comb	Tumor/Malignant
HNSCC17_P4_G02_S170_comb	Myeloid
HNSCC17_P4_G08_S176_comb	Tumor/Malignant
HNSCC20_P3_A09_S9_comb	Tumor/Malignant
HNSCC20_P3_F08_S68_comb	Tumor/Malignant
HNSCC20_P3_C07_S31_comb	Tumor/Malignant
HNSCC20_P13_E05_S245_comb	Tumor/Malignant
HNSCC20_P3_E10_S58_comb	Tumor/Malignant
HNSCC20_P3_E02_S50_comb	Tumor/Malignant
HNSCC20_P3_A11_S11_comb	Tumor/Malignant
HNSCC20_P13_E08_S248_comb	Tumor/Malignant
HNSCC20_P3_C09_S33_comb	Tumor/Malignant
HNSCC17_P4_F05_S161_comb	Tumor/Malignant
HNSCC17_P4_H05_S185_comb	Tumor/Malignant
HNSCC20_P3_D11_S47_comb	Tumor/Malignant
HNSCC17_P4_E09_S153_comb	Tumor/Malignant
HNSCC20_P3_H07_S91_comb	CAF/Fibroblast
HNSCC20_P13_C02_S218_comb	Tumor/Malignant
HNSCC17_P4_B02_S110_comb	Tumor/Malignant
HNSCC20_P3_F05_S65_comb	Tumor/Malignant
HNSCC20_P3_F07_S67_comb	Tumor/Malignant
HNSCC17_P4_D03_S135_comb	Tumor/Malignant
HNSCC17_P4_H08_S188_comb	Tumor/Malignant
HNSCC17_P4_D07_S139_comb	Tumor/Malignant
HNSCC17_P4_F07_S163_comb	Tumor/Malignant
HNSCC20_P13_B10_S214_comb	Tumor/Malignant
HNSCC17_P4_B08_S116_comb	Tumor/Malignant
HNSCC17_P4_B07_S115_comb	Unknown
HNSCC20_P13_D03_S231_comb	Tumor/Malignant
HNSCC17_P4_D11_S143_comb	Unknown
HNSCC17_P4_C07_S127_comb	Tumor/Malignant
HNSCC20_P13_E12_S252_comb	Tumor/Malignant
HNSCC17_P4_G04_S172_comb	Tumor/Malignant
HNSCC17_P4_H01_S181_comb	Tumor/Malignant
HNSCC20_P13_H12_S288_comb	Tumor/Malignant
HNSCC20_P3_B12_S24_comb	Tumor/Malignant
HNSCC20_P13_D04_S232_comb	Tumor/Malignant
HNSCC20_P13_F08_S260_comb	Tumor/Malignant
HNSCC20_P13_F11_S263_comb	Tumor/Malignant
HNSCC17_P4_F12_S168_comb	Tumor/Malignant
HNSCC17_P4_A09_S105_comb	Tumor/Malignant
HNSCC20_P3_E12_S60_comb	Tumor/Malignant
HNSCC20_P13_D09_S237_comb	Tumor/Malignant
HNSCC20_P3_B06_S18_comb	Tumor/Malignant
HNSCC20_P3_H03_S87_comb	Tumor/Malignant
HNSCC20_P13_C07_S223_comb	Tumor/Malignant
HNSCC17_P4_B09_S117_comb	Tumor/Malignant
HNSCC17_P4_G06_S174_comb	Tumor/Malignant
HNSCC20_P13_G06_S270_comb	Tumor/Malignant
HNSCC20_P13_G01_S265_comb	Tumor/Malignant
HNSCC20_P13_E01_S241_comb	Tumor/Malignant
HNSCC17_P4_G03_S171_comb	Tumor/Malignant
HNSCC20_P3_E07_S55_comb	Tumor/Malignant
HNSCC17_P4_A04_S100_comb	Tumor/Malignant
HNSCC20_P13_H03_S279_comb	Tumor/Malignant
HNSCC20_P3_G12_S84_comb	Tumor/Malignant
HNSCC20_P3_E04_S52_comb	Tumor/Malignant
HNSCC20_P13_A07_S199_comb	Tumor/Malignant
HNSCC17_P4_H07_S187_comb	Tumor/Malignant
HNSCC20_P3_C01_S25_comb	Tumor/Malignant
HNSCC20_P13_E07_S247_comb	Tumor/Malignant
HNSCC20_P13_B05_S209_comb	Tumor/Malignant
HNSCC20_P3_B04_S16_comb	Tumor/Malignant
HNSCC17_P4_A11_S107_comb	Tumor/Malignant
HNSCC20_P13_G07_S271_comb	Tumor/Malignant
HNSCC17_P4_D09_S141_comb	Tumor/Malignant
HNSCC17_P4_D08_S140_comb	Tumor/Malignant
HNSCC20_P3_D10_S46_comb	Tumor/Malignant
HNSCC20_P13_B08_S212_comb	Tumor/Malignant
HNSCC17_P4_G05_S173_comb	Unknown
HNSCC20_P3_H05_S89_comb	Unknown
HNSCC20_P13_G12_S276_comb	Unknown
HNSCC20_P13_B02_S206_comb	Tumor/Malignant
HNSCC20_P3_B01_S13_comb	Tumor/Malignant
HNSCC17_P4_D01_S133_comb	Tumor/Malignant
HNSCC20_P3_E09_S57_comb	Tumor/Malignant
HNSCC20_P13_G04_S268_comb	Tumor/Malignant
HNSCC20_P13_F05_S257_comb	Tumor/Malignant
HNSCC20_P3_C11_S35_comb	Tumor/Malignant
HNSCC20_P13_A02_S194_comb	Tumor/Malignant
HNSCC20_P13_B06_S210_comb	Tumor/Malignant
HNSCC20_P3_G08_S80_comb	Tumor/Malignant
HNSCC20_P3_H09_S93_comb	Tumor/Malignant
HNSCC20_P3_H12_S96_comb	Tumor/Malignant
HNSCC17_P4_B05_S113_comb	Unknown
HNSCC20_P3_G09_S81_comb	Tumor/Malignant
HNSCC20_P13_E10_S250_comb	Tumor/Malignant
HNSCC20_P3_G10_S82_comb	Tumor/Malignant
HNSCC17_P4_G01_S169_comb	Tumor/Malignant
HNSCC20_P3_A08_S8_comb	Tumor/Malignant
HNSCC17_P4_H02_S182_comb	Tumor/Malignant
HNSCC20_P3_F03_S63_comb	Tumor/Malignant
HNSCC20_P3_A04_S4_comb	Tumor/Malignant
HNSCC20_P13_E02_S242_comb	Tumor/Malignant
HNSCC20_P13_D06_S234_comb	Tumor/Malignant
HNSCC20_P13_B12_S216_comb	Tumor/Malignant
HNSCC20_P13_A09_S201_comb	Tumor/Malignant
HNSCC20_P3_B08_S20_comb	Tumor/Malignant
HNSCC17_P4_E04_S148_comb	Tumor/Malignant
HNSCC17_P4_A06_S102_comb	Tumor/Malignant
HNSCC17_P4_G11_S179_comb	Tumor/Malignant
HNSCC20_P3_C05_S29_comb	Tumor/Malignant
HNSCC20_P3_F06_S66_comb	Tumor/Malignant
HNSCC17_P4_F10_S166_comb	Tumor/Malignant
HNSCC20_P13_D07_S235_comb	Tumor/Malignant
HNSCC20_P3_G04_S76_comb	Tumor/Malignant
HNSCC17_P4_B10_S118_comb	Tumor/Malignant
HNSCC17_P4_G10_S178_comb	Tumor/Malignant
HNSCC20_P13_G05_S269_comb	Tumor/Malignant
HNSCC17_P4_E03_S147_comb	Tumor/Malignant
HNSCC20_P13_F09_S261_comb	Tumor/Malignant
HNSCC20_P3_A07_S7_comb	Tumor/Malignant
HNSCC20_P3_F12_S72_comb	Tumor/Malignant
HNSCC20_P3_D04_S40_comb	Tumor/Malignant
HNSCC17_P4_A07_S103_comb	Tumor/Malignant
HNSCC17_P4_C02_S122_comb	Tumor/Malignant
HNSCC20_P3_G03_S75_comb	Tumor/Malignant
HNSCC17_P4_E01_S145_comb	Tumor/Malignant
HNSCC17_P4_C08_S128_comb	Tumor/Malignant
HNSCC20_P3_G07_S79_comb	Tumor/Malignant
HNSCC20_P13_D08_S236_comb	Tumor/Malignant
HNSCC20_P3_B11_S23_comb	Tumor/Malignant
HNSCC20_P13_A05_S197_comb	Tumor/Malignant
HNSCC20_P3_D02_S38_comb	Tumor/Malignant
HNSCC20_P13_F01_S253_comb	Tumor/Malignant
HNSCC17_P4_F08_S164_comb	Unknown
HNSCC17_P4_A03_S99_comb	Tumor/Malignant
HNSCC20_P13_A03_S195_comb	Tumor/Malignant
HNSCC20_P3_E11_S59_comb	Tumor/Malignant
HNSCC20_P3_F11_S71_comb	Tumor/Malignant
HNSCC20_P13_D05_S233_comb	Tumor/Malignant
HNSCC20_P13_A06_S198_comb	Tumor/Malignant
HNSCC20_P3_C02_S26_comb	Tumor/Malignant
HNSCC17_P4_H09_S189_comb	Tumor/Malignant
HNSCC20_P13_C08_S224_comb	Tumor/Malignant
HNSCC17_P4_A08_S104_comb	Tumor/Malignant
HNSCC17_P4_E10_S154_comb	Tumor/Malignant
HNSCC17_P4_E02_S146_comb	Tumor/Malignant
HNSCC20_P13_F10_S262_comb	Tumor/Malignant
HNSCC17_P4_D04_S136_comb	Tumor/Malignant
HNSCC20_P13_C06_S222_comb	Tumor/Malignant
HNSCC20_P13_C12_S228_comb	Tumor/Malignant
HNSCC17_P4_H04_S184_comb	Tumor/Malignant
HNSCC17_P4_C06_S126_comb	Tumor/Malignant
HNSCC20_P3_D01_S37_comb	Tumor/Malignant
HNSCC20_P3_D09_S45_comb	Tumor/Malignant
HNSCC17_P4_E06_S150_comb	Tumor/Malignant
HNSCC20_P13_H10_S286_comb	Tumor/Malignant
HNSCC17_P4_A02_S98_comb	Unknown
HNSCC20_P13_D01_S229_comb	Tumor/Malignant
HNSCC20_P13_G02_S266_comb	Tumor/Malignant
HNSCC17_P4_B04_S112_comb	Tumor/Malignant
HNSCC17_P4_C09_S129_comb	Tumor/Malignant
HNSCC20_P13_A12_S204_comb	Tumor/Malignant
HNSCC17_P4_F06_S162_comb	Tumor/Malignant
HNSCC20_P3_B10_S22_comb	Tumor/Malignant
HNSCC20_P13_B11_S215_comb	Tumor/Malignant
HNSCC20_P3_C08_S32_comb	Tumor/Malignant
HNSCC17_P4_H03_S183_comb	Tumor/Malignant
HNSCC20_P3_F09_S69_comb	Tumor/Malignant
HNSCC17_P4_G12_S180_comb	Unknown
HNSCC20_P13_C05_S221_comb	Tumor/Malignant
HNSCC17_P4_C12_S132_comb	Tumor/Malignant
HNSCC20_P3_H08_S92_comb	Tumor/Malignant
HNSCC20_P3_G06_S78_comb	Tumor/Malignant
