priority	domain	severity	finding	suggested_action	owner	status	blocks_20_50_if	source_file	resolution_note
P3	methods	comment	# Reviewer 1 — Methods and Novelty	Map concern to formal sheaf API, Hodge target, novelty table, and simulation baselines.	codex_or_authors	open_external_review_item	no	E:/4实验数据/10新算法/SheafSignal/external_ai_review_packet/returned_reviews/reviewer1_methods_novelty.md	NA
P3	reproducibility	comment	external_references_consulted:** None beyond the supplied bundle. Public GitHub (`github.com/healthgreat/SheafSignal`) and the Zenodo DOI (`10.5281/zenodo.20012189`) listed in the routing document **were not fetched** — review is based only on the bundled markdown/TSV evidence.	Check release blockers, GitHub/Zenodo identifiers, and public clean-clone evidence.	codex_or_authors	open_external_review_item	no	E:/4实验数据/10新算法/SheafSignal/external_ai_review_packet/returned_reviews/reviewer1_methods_novelty.md	NA
P0	journal_fit	fatal	Review mode:** Aggressive — explicitly simulating Nature Methods first-round desk-reject / referee-stage rejection threshold, as requested.	Update IF20-50 distance report and journal routing table with the reviewer-specific risk.	codex_or_authors	open_external_review_item	yes	E:/4实验数据/10新算法/SheafSignal/external_ai_review_packet/returned_reviews/reviewer1_methods_novelty.md	NA
P0	journal_fit	fatal	Reject (not ready for Nature Methods or Nature Biotechnology in current form). Strong major revision required for any 20–30 IF route.	Update IF20-50 distance report and journal routing table with the reviewer-specific risk.	codex_or_authors	open_external_review_item	yes	E:/4实验数据/10新算法/SheafSignal/external_ai_review_packet/returned_reviews/reviewer1_methods_novelty.md	NA
P3	methods	comment	"The package shows real engineering effort, honest claim gating, and round-on-round hardening. But the two pillars that a high-impact methods journal will scrutinize first — **mathematical novelty of the sheaf framing** and **algorithmic added value over GSP/Hodge baselines on a non-self-fulfilling task** — remain mathematically thin. The Round 2 ""formal sheaf"" fix is a *labelling* fix, not a *structural* one. A Nature Methods Associate Editor reading this package would, in my judgement, return it without sending out for review, citing insufficient methodological novelty and circular validation."	Map concern to formal sheaf API, Hodge target, novelty table, and simulation baselines.	codex_or_authors	open_external_review_item	no	E:/4实验数据/10新算法/SheafSignal/external_ai_review_packet/returned_reviews/reviewer1_methods_novelty.md	NA
P0	general	fatal	## 2. Top 5 fatal or near-fatal methods concerns	Add to response matrix and assign an owner before submission.	codex_or_authors	open_external_review_item	yes	E:/4实验数据/10新算法/SheafSignal/external_ai_review_packet/returned_reviews/reviewer1_methods_novelty.md	NA
P3	methods	comment	"### F1. The ""rank-one cellular sheaf"" is mathematically degenerate and equivalent to a standard weighted directed graph with node potentials. **[direct + inferred]"	Map concern to formal sheaf API, Hodge target, novelty table, and simulation baselines.	codex_or_authors	open_external_review_item	no	E:/4实验数据/10新算法/SheafSignal/external_ai_review_packet/returned_reviews/reviewer1_methods_novelty.md	NA
P3	methods	comment	`ROUND2_HARDENING_STATUS_2026-05-02.md` defines the rank-one cellular sheaf as:	Map concern to formal sheaf API, Hodge target, novelty table, and simulation baselines.	codex_or_authors	open_external_review_item	no	E:/4实验数据/10新算法/SheafSignal/external_ai_review_packet/returned_reviews/reviewer1_methods_novelty.md	NA
P3	methods	comment	"This is precisely the **standard graph coboundary operator δ⁰** acting on a scalar function over vertices, which is the central object of graph signal processing (Sandryhaila & Moura 2013), graph Hodge theory (Jiang et al. 2011 — already cited), and discrete exterior calculus on graphs (Lim 2020 — already cited). With ±1 restriction maps and ℝ stalks, the cellular-sheaf machinery collapses: the sheaf Laplacian equals the ordinary graph Laplacian, the coboundary is the ordinary gradient, and the ""sheaf-valued flow"" is a scalar edge function. There is **no nontrivial restriction-map structure left to exploit**. The ""rank-one cellular sheaf"" claim is technically correct but mathematically vacuous — it is the trivial sheaf on a graph."	Map concern to formal sheaf API, Hodge target, novelty table, and simulation baselines.	codex_or_authors	open_external_review_item	no	E:/4实验数据/10新算法/SheafSignal/external_ai_review_packet/returned_reviews/reviewer1_methods_novelty.md	NA
P0	methods	fatal	"The bundle's own `SHEAFSIGNAL_NOVELTY_OVERLAP_REPORT.md` already acknowledges this risk: *""Do not claim first-ever use of sheaves in biology""; ""presents an integrated sheaf/Hodge workflow for CCC graphs""*. But the manuscript abstract (`SCI_MANUSCRIPT_V2_POLISHED.md` lines 17–19) still leads with *""models cell-cell communication as a sheaf-valued flow over a biological graph""*. A reviewer with a graph-signal-processing or applied-topology background will recognize within a paragraph that the sheaf framing adds no expressive power over a directed weighted graph. **This is the single most likely first-round desk-reject driver at Nature Methods."	Map concern to formal sheaf API, Hodge target, novelty table, and simulation baselines.	codex_or_authors	open_external_review_item	yes	E:/4实验数据/10新算法/SheafSignal/external_ai_review_packet/returned_reviews/reviewer1_methods_novelty.md	NA
P1	methods	major	"Required action:** Either (a) implement a non-trivial sheaf — higher-rank stalks, non-orthogonal restriction maps, or context-dependent restrictions per ligand-receptor channel — and demonstrate that this richer object captures something the rank-one trivial sheaf cannot; or (b) drop ""sheaf-valued"" from the title and abstract and reframe as *""a graph-Hodge consistency residual for CCC""*. Option (b) is honest but loses the methods-journal hook."	Map concern to formal sheaf API, Hodge target, novelty table, and simulation baselines.	codex_or_authors	open_external_review_item	yes	E:/4实验数据/10新算法/SheafSignal/external_ai_review_packet/returned_reviews/reviewer1_methods_novelty.md	NA
P3	methods	comment	"### F2. The ""sheaf residual"" is `z(LR_flow) − (path_recv − path_send)` — i.e., a graph-smoothness residual already studied for over a decade. **[direct]"	Map concern to formal sheaf API, Hodge target, novelty table, and simulation baselines.	codex_or_authors	open_external_review_item	no	E:/4实验数据/10新算法/SheafSignal/external_ai_review_packet/returned_reviews/reviewer1_methods_novelty.md	NA
P3	methods	comment	Hodge rank aggregation** residual (Jiang et al. 2011 — Math. Program. — already in the manuscript reference list).	Map concern to formal sheaf API, Hodge target, novelty table, and simulation baselines.	codex_or_authors	open_external_review_item	no	E:/4实验数据/10新算法/SheafSignal/external_ai_review_packet/returned_reviews/reviewer1_methods_novelty.md	NA
P1	methods	major	"The novelty must be redefined as **the application** (LR-flow vs pathway-state on a CCC graph), not the **method**. The current manuscript framing (""a computational framework that models cell-cell communication as a sheaf-valued flow… and uses Hodge decomposition to quantify edge-level frustration"") will not survive a methods reviewer's first pass."	Map concern to formal sheaf API, Hodge target, novelty table, and simulation baselines.	codex_or_authors	open_external_review_item	yes	E:/4实验数据/10新算法/SheafSignal/external_ai_review_packet/returned_reviews/reviewer1_methods_novelty.md	NA
P1	methods	major	"Required action:** Restate the contribution as *""applying graph-Hodge consistency to CCC residuals""* and let novelty rest on the **biological/data-analysis pipeline**, not on the mathematical object."	Map concern to formal sheaf API, Hodge target, novelty table, and simulation baselines.	codex_or_authors	open_external_review_item	yes	E:/4实验数据/10新算法/SheafSignal/external_ai_review_packet/returned_reviews/reviewer1_methods_novelty.md	NA
P3	methods	comment	Round 2 reports SheafSignal AP = 1.00 / 0.917 / 0.867 at noise SD 0 / 0.05 / 0.10, against an LR-flow baseline AP ≈ 0.6, a Hodge-only baseline AP ≈ 0.32, and centrality/smoothness baselines AP ≈ 0.63. AP = 1.00 at zero noise is the canonical signature of a method recovering its own definition.	Map concern to formal sheaf API, Hodge target, novelty table, and simulation baselines.	codex_or_authors	open_external_review_item	no	E:/4实验数据/10新算法/SheafSignal/external_ai_review_packet/returned_reviews/reviewer1_methods_novelty.md	NA
P1	code_quality	major	Without the simulation generator code or the recovery CSV, I cannot verify, but the AP gap pattern is **consistent with the synthetic ground truth being constructed from `flow − coboundary_pathway` directly**. If the simulator generates inconsistent edges by injecting `flow_z − (path_recv − path_send)` deviations and SheafSignal scores by computing exactly that quantity, then AP = 1.00 is **definitional, not empirical**. Note also that `sheaf_ground_truth_recovery.csv` is listed as *required* in `02_EVIDENCE_FILE_INDEX.tsv` but **is not present in this review bundle** (see §F5 below) — a referee cannot independently verify the ground-truth construction.	Map concern to source files, tests, packaging, CLI behavior, and add regression coverage.	codex_or_authors	open_external_review_item	yes	E:/4实验数据/10新算法/SheafSignal/external_ai_review_packet/returned_reviews/reviewer1_methods_novelty.md	NA
P1	methods	major	"Required action:** (a) Restore the simulation CSV to the review bundle; (b) describe the data-generating process (DGP) of the synthetic benchmark in mathematical detail; (c) add a non-self-fulfilling task — e.g., recovering simulated **biological perturbations** that propagate through a known pathway, where the ground truth is *the perturbation*, not *the residual definition*; (d) include ""leakage tests"" where SheafSignal is denied access to either LR or pathway, and show degradation matches expectation."	Map concern to formal sheaf API, Hodge target, novelty table, and simulation baselines.	codex_or_authors	open_external_review_item	yes	E:/4实验数据/10新算法/SheafSignal/external_ai_review_packet/returned_reviews/reviewer1_methods_novelty.md	NA
P3	methods	comment	### F4. Hodge decomposition is computed on collapsed antiparallel net flow, with curl basis restricted to complete cell-type triangles — both choices destroy structure the framework exists to capture. **[direct]	Map concern to formal sheaf API, Hodge target, novelty table, and simulation baselines.	codex_or_authors	open_external_review_item	no	E:/4实验数据/10新算法/SheafSignal/external_ai_review_packet/returned_reviews/reviewer1_methods_novelty.md	NA
P3	methods	comment	"> ""For Hodge decomposition, anti-parallel directed edges are collapsed into a canonical pairwise net flow… The current curl space is generated from complete cell-type triangles in the communication graph… Hodge decomposition uses pairwise net flow, so it emphasizes directional imbalance rather than total bidirectional communication."""	Map concern to formal sheaf API, Hodge target, novelty table, and simulation baselines.	codex_or_authors	open_external_review_item	no	E:/4实验数据/10新算法/SheafSignal/external_ai_review_packet/returned_reviews/reviewer1_methods_novelty.md	NA
P3	methods	comment	1. **Antiparallel collapse**: in real CCC, A→B and B→A are biologically distinct (e.g., a TGFB ligand from CAF to T-cell vs an IL-2 ligand from T-cell to CAF). Collapsing them to a single net pairwise flow throws away the very direction-dependent biology that motivates a sheaf framework. The manuscript admits this in the limitations section but does not quantify the information loss.	Map concern to formal sheaf API, Hodge target, novelty table, and simulation baselines.	codex_or_authors	open_external_review_item	no	E:/4实验数据/10新算法/SheafSignal/external_ai_review_packet/returned_reviews/reviewer1_methods_novelty.md	NA
P1	methods	major	Required action:** (a) Replace antiparallel collapse with a directed Hodge decomposition (e.g., magnetic Laplacian or directed graph Hodge as in Schaub et al. 2020); (b) extend the curl basis to higher-order simplices (4-cycles, 5-cycles) or admit that the gradient/curl/harmonic split on a small dense graph is information-poor; (c) report the dimension of the curl basis explicitly per dataset.	Map concern to formal sheaf API, Hodge target, novelty table, and simulation baselines.	codex_or_authors	open_external_review_item	yes	E:/4实验数据/10新算法/SheafSignal/external_ai_review_packet/returned_reviews/reviewer1_methods_novelty.md	NA
P1	general	major	### F5. The bundle is internally inconsistent — 11/22 required evidence files are missing. **[direct, programmatically verified]	Add to response matrix and assign an owner before submission.	codex_or_authors	open_external_review_item	yes	E:/4实验数据/10新算法/SheafSignal/external_ai_review_packet/returned_reviews/reviewer1_methods_novelty.md	NA
P1	general	major	The shareable bundle's own `02_EVIDENCE_FILE_INDEX.tsv` lists 22 files as `required=yes`. Of these, the following 11 are physically absent from the zip:	Add to response matrix and assign an owner before submission.	codex_or_authors	open_external_review_item	yes	E:/4实验数据/10新算法/SheafSignal/external_ai_review_packet/returned_reviews/reviewer1_methods_novelty.md	NA
P1	general	major	Yet `EXTERNAL_AI_REVIEW_ROUTING_2026-05-04.md` declares `Decision: SHAREABLE_REVIEW_BUNDLE_READY`, `Included files: 35`, `Missing required files: 0`. This is a verifiable contradiction in the project's own packaging audit. It implies either (a) the integrity-check script does not actually check filesystem presence against the index, or (b) the bundle was built from a different source-of-truth than the index. Both are concerning for a manuscript whose central pitch is **reproducibility hardening**.	Add to response matrix and assign an owner before submission.	codex_or_authors	open_external_review_item	yes	E:/4实验数据/10新算法/SheafSignal/external_ai_review_packet/returned_reviews/reviewer1_methods_novelty.md	NA
P1	code_quality	major	Required action:** Fix the bundle generator so the integrity report actually verifies presence; add a unit test in `scripts/package_external_beta_review_bundle.py` that checks every `required=yes` row in the index resolves to a file with the expected SHA256; then resend.	Map concern to source files, tests, packaging, CLI behavior, and add regression coverage.	codex_or_authors	open_external_review_item	yes	E:/4实验数据/10新算法/SheafSignal/external_ai_review_packet/returned_reviews/reviewer1_methods_novelty.md	NA
P3	methods	comment	## 3. Does the rank-one cellular sheaf framing justify the manuscript's claims?	Map concern to formal sheaf API, Hodge target, novelty table, and simulation baselines.	codex_or_authors	open_external_review_item	no	E:/4实验数据/10新算法/SheafSignal/external_ai_review_packet/returned_reviews/reviewer1_methods_novelty.md	NA
P3	methods	comment	"A cellular sheaf with ℝ stalks and ±1 restriction maps is the **trivial sheaf** on the underlying graph: it carries no information beyond the graph topology and node values. The ""sheaf coboundary"" `δp(e) = p_target − p_source` is the standard graph gradient (Lim 2020, eq. 2.3). The ""sheaf Laplacian"" `L = δ*δ` is the standard combinatorial graph Laplacian. The ""sheaf residual"" is the residual of an edge signal against a node-gradient potential — a graph-smoothness object."	Map concern to formal sheaf API, Hodge target, novelty table, and simulation baselines.	codex_or_authors	open_external_review_item	no	E:/4实验数据/10新算法/SheafSignal/external_ai_review_packet/returned_reviews/reviewer1_methods_novelty.md	NA
P1	methods	major	For the sheaf framing to do real work, at least **one** of the following must hold:	Map concern to formal sheaf API, Hodge target, novelty table, and simulation baselines.	codex_or_authors	open_external_review_item	yes	E:/4实验数据/10新算法/SheafSignal/external_ai_review_packet/returned_reviews/reviewer1_methods_novelty.md	NA
P3	methods	comment	Hansen & Ghrist's foundational cellular sheaf work (cited as `cellular_sheaves_hansen_2019`) explicitly motivates the formalism by these higher-rank, non-trivial-restriction settings. The current implementation does not use that machinery; it uses sheaf vocabulary on top of a graph-Laplacian computation. The manuscript's title, abstract, and Introduction lead with sheaf-valued language and will not survive sheaf-aware referees.	Map concern to formal sheaf API, Hodge target, novelty table, and simulation baselines.	codex_or_authors	open_external_review_item	no	E:/4实验数据/10新算法/SheafSignal/external_ai_review_packet/returned_reviews/reviewer1_methods_novelty.md	NA
P3	methods	comment	"A **rescue path** that preserves ""sheaf"" wording with mathematical substance: define stalks as **R^|LR_pairs|** (one dimension per LR channel at each cell type), restriction maps as **diagonal matrices encoding the channel-specific receptor expression**, and the consistency residual as the **per-channel mismatch between sender-emitted and receiver-effective channel vectors**. That is a non-trivial sheaf, and the resulting decomposition is genuinely sheaf-Laplacian-based (cf. Hansen & Gebhart 2020). Whether this is implementable in the current codebase is unverified."	Map concern to formal sheaf API, Hodge target, novelty table, and simulation baselines.	codex_or_authors	open_external_review_item	no	E:/4实验数据/10新算法/SheafSignal/external_ai_review_packet/returned_reviews/reviewer1_methods_novelty.md	NA
P3	methods	comment	## 4. Is the Hodge decomposition on `sheaf_residual` technically defensible?	Map concern to formal sheaf API, Hodge target, novelty table, and simulation baselines.	codex_or_authors	open_external_review_item	no	E:/4实验数据/10新算法/SheafSignal/external_ai_review_packet/returned_reviews/reviewer1_methods_novelty.md	NA
P3	methods	comment	Computation**: applying graph Hodge decomposition (Jiang et al. 2011) to any edge signal — including `sheaf_residual` — is mathematically well-defined. The simulation panel reported in `SCI_MANUSCRIPT_V2_POLISHED.md` (gradient_chain → 100% gradient, triangle_curl → 100% curl, harmonic_ring → 100% harmonic) confirms the implementation correctness of the decomposition layer.	Map concern to formal sheaf API, Hodge target, novelty table, and simulation baselines.	codex_or_authors	open_external_review_item	no	E:/4实验数据/10新算法/SheafSignal/external_ai_review_packet/returned_reviews/reviewer1_methods_novelty.md	NA
P3	methods	comment	Contribution**: switching the input of the decomposition from `flow_z` (Round 1) to `sheaf_residual = flow_z − (path_recv − path_send)` (Round 2) is a meaningful modeling choice but **does not constitute a new decomposition method**. The mathematical machinery is unchanged. What changed is *what edge signal is decomposed*, which is at best an applied modelling choice and not a methodological novelty for a methods journal.	Map concern to formal sheaf API, Hodge target, novelty table, and simulation baselines.	codex_or_authors	open_external_review_item	no	E:/4实验数据/10新算法/SheafSignal/external_ai_review_packet/returned_reviews/reviewer1_methods_novelty.md	NA
P3	methods	comment	"A more concerning aspect**: the residual itself already **subtracts the gradient component** (`path_recv − path_send` is exactly a gradient on the node potential). So computing a Hodge decomposition on `sheaf_residual` and then reporting a ""gradient ratio"" is at risk of confusion: the gradient that survives in the residual is the part of `flow_z` not aligned with the pathway gradient. This is interpretable, but the manuscript needs to spell it out clearly, otherwise readers will conflate ""gradient-dominated residual"" with ""gradient-dominated communication"", which means very different things. The current Discussion does not make this distinction sharp."	Map concern to formal sheaf API, Hodge target, novelty table, and simulation baselines.	codex_or_authors	open_external_review_item	no	E:/4实验数据/10新算法/SheafSignal/external_ai_review_packet/returned_reviews/reviewer1_methods_novelty.md	NA
P1	methods	major	## 5. What exact novelty claims must be downgraded?	Map concern to formal sheaf API, Hodge target, novelty table, and simulation baselines.	codex_or_authors	open_external_review_item	yes	E:/4实验数据/10新算法/SheafSignal/external_ai_review_packet/returned_reviews/reviewer1_methods_novelty.md	NA
P1	general	major	Current claim (location) | Required downgrade	Add to response matrix and assign an owner before submission.	codex_or_authors	open_external_review_item	yes	E:/4实验数据/10新算法/SheafSignal/external_ai_review_packet/returned_reviews/reviewer1_methods_novelty.md	NA
P3	methods	comment	"Title: ""SheafSignal maps communication frustration in tissue signaling networks"" | Acceptable, but ""sheaf"" should not appear in the title unless §3 rescue path is implemented. Suggest: *""A graph-Hodge consistency residual for cell–cell communication analysis""*."	Map concern to formal sheaf API, Hodge target, novelty table, and simulation baselines.	codex_or_authors	open_external_review_item	no	E:/4实验数据/10新算法/SheafSignal/external_ai_review_packet/returned_reviews/reviewer1_methods_novelty.md	NA
P3	methods	comment	"Abstract: ""models cell-cell communication as a sheaf-valued flow over a biological graph"" (lines 17–19, `SCI_MANUSCRIPT_V2_POLISHED.md`) | Drop ""sheaf-valued""; replace with ""models inferred CCC as an edge flow over a cell-type graph and applies Hodge decomposition to a pathway-consistency residual""."	Map concern to formal sheaf API, Hodge target, novelty table, and simulation baselines.	codex_or_authors	open_external_review_item	no	E:/4实验数据/10新算法/SheafSignal/external_ai_review_packet/returned_reviews/reviewer1_methods_novelty.md	NA
P3	methods	comment	"Introduction: ""SheafSignal addresses this gap by changing the mathematical object under analysis."" (line 60) | The mathematical object is **not** changed — it is still a graph edge signal. Reword to: ""SheafSignal changes the *quantity* under analysis from edge intensity to edge–pathway consistency residual."""	Map concern to formal sheaf API, Hodge target, novelty table, and simulation baselines.	codex_or_authors	open_external_review_item	no	E:/4实验数据/10新算法/SheafSignal/external_ai_review_packet/returned_reviews/reviewer1_methods_novelty.md	NA
P3	methods	comment	"""cellular sheaves providing the language for local-to-global consistency constraints"" (line 67) | Either implement the §3 rescue (stalks > 1, non-trivial restrictions) or remove the cellular-sheaf citation. Citing Hansen & Ghrist for a rank-one trivial sheaf is overreach."	Map concern to formal sheaf API, Hodge target, novelty table, and simulation baselines.	codex_or_authors	open_external_review_item	no	E:/4实验数据/10新算法/SheafSignal/external_ai_review_packet/returned_reviews/reviewer1_methods_novelty.md	NA
P3	methods	comment	"Round 2 ""formal rank-one cellular sheaf API"" claim | Rename to ""graph-coboundary residual API"" in code and docs. The current API does not implement the cellular-sheaf primitives that justify the name."	Map concern to formal sheaf API, Hodge target, novelty table, and simulation baselines.	codex_or_authors	open_external_review_item	no	E:/4实验数据/10新算法/SheafSignal/external_ai_review_packet/returned_reviews/reviewer1_methods_novelty.md	NA
P3	methods	comment	## 6. Method experiments most likely to improve a 20–50 IF submission	Map concern to formal sheaf API, Hodge target, novelty table, and simulation baselines.	codex_or_authors	open_external_review_item	no	E:/4实验数据/10新算法/SheafSignal/external_ai_review_packet/returned_reviews/reviewer1_methods_novelty.md	NA
P3	methods	comment	1. **Implement a non-trivial sheaf (highest priority).** Stalks with dimension equal to number of LR pairs per cell type; restriction maps encoded by receptor-side expression; demonstrate that the resulting sheaf Laplacian recovers structure that the rank-one Laplacian misses. Without this, the methods-journal hook is brittle.	Map concern to formal sheaf API, Hodge target, novelty table, and simulation baselines.	codex_or_authors	open_external_review_item	no	E:/4实验数据/10新算法/SheafSignal/external_ai_review_packet/returned_reviews/reviewer1_methods_novelty.md	NA
P3	methods	comment	2. **Non-self-fulfilling simulation.** Generate synthetic single-cell data with a **known biological perturbation** (e.g., knock down a ligand in one cell type, propagate downstream pathway changes) and show SheafSignal recovers the perturbation source, edge, or pathway better than CellChat / LIANA / a Hodge-only baseline. AP = 1.00 on a residual-recovery task is not convincing; recovery of an upstream perturbation is.	Map concern to formal sheaf API, Hodge target, novelty table, and simulation baselines.	codex_or_authors	open_external_review_item	no	E:/4实验数据/10新算法/SheafSignal/external_ai_review_packet/returned_reviews/reviewer1_methods_novelty.md	NA
P3	statistics	comment	"3. **Comparator under matched conditions.** Re-run LIANA, CellChat, NicheNet on the simulation in #2, with identical permutation budgets and identical evaluation tasks. Report AP, AUROC, FDR-controlled discovery counts, plus 95% CIs. Without matched-condition comparators, the ""alignment"" Spearman numbers (0.07–0.75) are descriptive only."	Map concern to permutation/FDR/bootstrap/sensitivity outputs and rerun if needed.	codex_or_authors	open_external_review_item	no	E:/4实验数据/10新算法/SheafSignal/external_ai_review_packet/returned_reviews/reviewer1_methods_novelty.md	NA
P3	methods	comment	4. **Directed Hodge decomposition.** Replace antiparallel collapse with a magnetic-Laplacian or signed-edge approach (Schaub et al. 2020; Furutani et al. 2019). This addresses F4 directly and is a small mathematical extension that produces a defensible methodological delta.	Map concern to formal sheaf API, Hodge target, novelty table, and simulation baselines.	codex_or_authors	open_external_review_item	no	E:/4实验数据/10新算法/SheafSignal/external_ai_review_packet/returned_reviews/reviewer1_methods_novelty.md	NA
P3	methods	comment	7. **Ablation: residual without Hodge decomposition.** Show that the Hodge split actually adds information beyond the raw `sheaf_energy` ranking on biological tasks. The manuscript currently uses Hodge ratios as descriptive diagnostics; reviewers will ask whether the decomposition is load-bearing for any biological claim.	Map concern to formal sheaf API, Hodge target, novelty table, and simulation baselines.	codex_or_authors	open_external_review_item	no	E:/4实验数据/10新算法/SheafSignal/external_ai_review_packet/returned_reviews/reviewer1_methods_novelty.md	NA
P3	methods	comment	Bioinformatics** (OUP) — 5–6 IF range, accepts applied algorithms with modest novelty if reproducibility and benchmarking are clean. Realistic primary target.	Map concern to formal sheaf API, Hodge target, novelty table, and simulation baselines.	codex_or_authors	open_external_review_item	no	E:/4实验数据/10新算法/SheafSignal/external_ai_review_packet/returned_reviews/reviewer1_methods_novelty.md	NA
P3	journal_fit	comment	PLOS Computational Biology** — 4–5 IF, accepts honest applied methods. Would tolerate the current scope.	Update IF20-50 distance report and journal routing table with the reviewer-specific risk.	codex_or_authors	open_external_review_item	no	E:/4实验数据/10新算法/SheafSignal/external_ai_review_packet/returned_reviews/reviewer1_methods_novelty.md	NA
P3	methods	comment	Reachable after Round 2 rescue (non-trivial sheaf + perturbation simulation):	Map concern to formal sheaf API, Hodge target, novelty table, and simulation baselines.	codex_or_authors	open_external_review_item	no	E:/4实验数据/10新算法/SheafSignal/external_ai_review_packet/returned_reviews/reviewer1_methods_novelty.md	NA
P3	journal_fit	comment	Cell Reports Methods** (~5 IF, Cell Press) — honest fit for a CCC methodological extension with cancer-context replication.	Update IF20-50 distance report and journal routing table with the reviewer-specific risk.	codex_or_authors	open_external_review_item	no	E:/4实验数据/10新算法/SheafSignal/external_ai_review_packet/returned_reviews/reviewer1_methods_novelty.md	NA
P3	journal_fit	comment	Genome Biology** — 12 IF, possible if the perturbation simulation is convincing and biological validation lands.	Update IF20-50 distance report and journal routing table with the reviewer-specific risk.	codex_or_authors	open_external_review_item	no	E:/4实验数据/10新算法/SheafSignal/external_ai_review_packet/returned_reviews/reviewer1_methods_novelty.md	NA
P0	journal_fit	fatal	"Nature Methods (32.1 IF)** — *not appropriate at current state*. The ""what is mathematically new"" question is unanswered. Probability of desk-reject in my judgement: high."	Update IF20-50 distance report and journal routing table with the reviewer-specific risk.	codex_or_authors	open_external_review_item	yes	E:/4实验数据/10新算法/SheafSignal/external_ai_review_packet/returned_reviews/reviewer1_methods_novelty.md	NA
P3	methods	comment	Nature Biotechnology (41.7 IF)** — *not appropriate*. Method scope is too narrow; no demonstrated translational utility.	Map concern to formal sheaf API, Hodge target, novelty table, and simulation baselines.	codex_or_authors	open_external_review_item	no	E:/4实验数据/10新算法/SheafSignal/external_ai_review_packet/returned_reviews/reviewer1_methods_novelty.md	NA
P3	single_cell	comment	Molecular Cancer (33.9 IF)** — possible only if recast as a **PDAC biology paper** with SheafSignal as a tool, and only if the GSE154778 Myeloid story can be biologically validated, which the bundle explicitly says it cannot.	Map concern to annotation validation, claim gating, and sample-level robustness outputs.	codex_or_authors	open_external_review_item	no	E:/4实验数据/10新算法/SheafSignal/external_ai_review_packet/returned_reviews/reviewer1_methods_novelty.md	NA
P3	journal_fit	comment	Editor's-eye verdict:** present-state best fit is **Bioinformatics or PLOS Comp Bio**. A 20–50 IF route is not currently defensible without the F1/F2/F3 fixes above.	Update IF20-50 distance report and journal routing table with the reviewer-specific risk.	codex_or_authors	open_external_review_item	no	E:/4实验数据/10新算法/SheafSignal/external_ai_review_packet/returned_reviews/reviewer1_methods_novelty.md	NA
P0	code_quality	fatal	The package shows unusually disciplined claim gating, claim-safety auditing, and review-cycle hygiene. Round 1 → Round 2 hardening is real engineering progress, and the boundary statements throughout (`CLAIM_SAFETY_AUDIT_REPORT.md`, `VISIUM_SCOPE_REPORT.md`, `COMPARATOR_SCOPE_REPORT.md`, `NOVELTY_OVERLAP_REPORT.md`) are exemplary in tone — the project clearly takes overclaiming seriously. The reason this review is still a reject is unrelated to discipline: **the central methodological object does not yet justify the methods-journal framing**. Fix that, and a credible 20-IF-tier submission is in reach. Don't fix it, and Nature Methods is not the right venue.	Map concern to source files, tests, packaging, CLI behavior, and add regression coverage.	codex_or_authors	open_external_review_item	yes	E:/4实验数据/10新算法/SheafSignal/external_ai_review_packet/returned_reviews/reviewer1_methods_novelty.md	NA
P3	single_cell	comment	external_references_consulted:** None beyond the supplied bundle. Public GitHub and Zenodo links were not fetched. GEO accession metadata for GSE154778, GSE72056, GSE176078, GSE103322 was not re-verified against the original GEO submissions in this review.	Map concern to annotation validation, claim gating, and sample-level robustness outputs.	codex_or_authors	open_external_review_item	no	E:/4实验数据/10新算法/SheafSignal/external_ai_review_packet/returned_reviews/reviewer2_singlecell_spatial_claims.md	NA
P0	journal_fit	fatal	Review mode:** Aggressive — Nature Methods first-round desk-reject / referee-stage rejection threshold.	Update IF20-50 distance report and journal routing table with the reviewer-specific risk.	codex_or_authors	open_external_review_item	yes	E:/4实验数据/10新算法/SheafSignal/external_ai_review_packet/returned_reviews/reviewer2_singlecell_spatial_claims.md	NA
P0	journal_fit	fatal	Reject as a Nature Methods / Nature Biotechnology / Nature Cancer submission. Major revision plus additional biological validation required for any 20–30 IF route.	Update IF20-50 distance report and journal routing table with the reviewer-specific risk.	codex_or_authors	open_external_review_item	yes	E:/4实验数据/10新算法/SheafSignal/external_ai_review_packet/returned_reviews/reviewer2_singlecell_spatial_claims.md	NA
P3	methods	comment	"The biology in this manuscript is honest about its limitations — almost to a fault. The authors openly admit that the central PDAC GSE154778 case yields **no main-text biological claim**, that Visium is hotspot demonstration only, and that ""computational sheaf-energy rankings are dataset-dependent, not the biological claim that a single cell type universally dominates tumor communication inconsistency"". The problem for a high-impact methods journal is that **what remains is a method without a single positive biological example.** Five public datasets produce five different ""top frustration sources"" with no biological synthesis. A high-impact biology editor will read the discipline as caution; a high-impact methods editor will read it as the absence of a demonstrated biological win. Both are blockers."	Map concern to formal sheaf API, Hodge target, novelty table, and simulation baselines.	codex_or_authors	open_external_review_item	no	E:/4实验数据/10新算法/SheafSignal/external_ai_review_packet/returned_reviews/reviewer2_singlecell_spatial_claims.md	NA
P0	general	fatal	## 2. Top 5 fatal or near-fatal biological / single-cell concerns	Add to response matrix and assign an owner before submission.	codex_or_authors	open_external_review_item	yes	E:/4实验数据/10新算法/SheafSignal/external_ai_review_packet/returned_reviews/reviewer2_singlecell_spatial_claims.md	NA
P3	single_cell	comment	GSE154778 PDAC, pooled expression mode | CAF/Fibroblast (raw score)	Map concern to annotation validation, claim gating, and sample-level robustness outputs.	codex_or_authors	open_external_review_item	no	E:/4实验数据/10新算法/SheafSignal/external_ai_review_packet/returned_reviews/reviewer2_singlecell_spatial_claims.md	NA
P3	single_cell	comment	GSE154778 PDAC, lesion-stratified | Myeloid (both Primary and Metastatic)	Map concern to annotation validation, claim gating, and sample-level robustness outputs.	codex_or_authors	open_external_review_item	no	E:/4实验数据/10新算法/SheafSignal/external_ai_review_packet/returned_reviews/reviewer2_singlecell_spatial_claims.md	NA
P3	single_cell	comment	GSE154778 PDAC, expression-mode permutation | Myeloid (lower raw score, smaller p)	Map concern to annotation validation, claim gating, and sample-level robustness outputs.	codex_or_authors	open_external_review_item	no	E:/4实验数据/10新算法/SheafSignal/external_ai_review_packet/returned_reviews/reviewer2_singlecell_spatial_claims.md	NA
P3	methods	comment	"The flagship dataset (GSE154778, the only one used for ""claim gating"") contradicts itself between modes. CAF wins on raw score; Myeloid wins on p-value; the manuscript correctly declines to promote either. Across datasets, the ""top source"" alternates between CAF, Myeloid, and Endothelial with no biological pattern that the method *itself* explains. The claim gates correctly downgrade these to ""computational rankings"", but a Nature Methods biology referee will ask the obvious question: **if the method's primary output cannot be interpreted biologically on any of the five datasets the manuscript provides, what is the biological reader supposed to do with the method?"	Map concern to formal sheaf API, Hodge target, novelty table, and simulation baselines.	codex_or_authors	open_external_review_item	no	E:/4实验数据/10新算法/SheafSignal/external_ai_review_packet/returned_reviews/reviewer2_singlecell_spatial_claims.md	NA
P3	methods	comment	"The honest answer the manuscript gives — *""this pattern supports the method-level claim that computational sheaf-energy rankings are dataset-dependent""* (line 116) — is a methodological observation dressed as a biological one. It does not constitute a positive demonstration. There is no analogous ""we confirmed this prediction by orthogonal experiment / public protein data / patient outcome"" anywhere in the bundle."	Map concern to formal sheaf API, Hodge target, novelty table, and simulation baselines.	codex_or_authors	open_external_review_item	no	E:/4实验数据/10新算法/SheafSignal/external_ai_review_packet/returned_reviews/reviewer2_singlecell_spatial_claims.md	NA
P1	methods	major	Required action:** Add at least one positive biological demonstration. Candidates: (a) take a published PDAC perturbation study (e.g., a CAF or macrophage depletion) and show SheafSignal predicts the affected interactions; (b) cross-reference Myeloid-as-frustration-source against published PDAC immune-axis literature with explicit hypotheses tested; (c) drop a cell type (e.g., remove macrophages from the input) and show the method recovers loss of the relevant signal in a non-trivial way.	Map concern to formal sheaf API, Hodge target, novelty table, and simulation baselines.	codex_or_authors	open_external_review_item	yes	E:/4实验数据/10新算法/SheafSignal/external_ai_review_packet/returned_reviews/reviewer2_singlecell_spatial_claims.md	NA
P3	single_cell	comment	`ROUND2_HARDENING_STATUS_2026-05-02.md` reports the GSE154778 reannotation as `scanpy_full_v1` with 14,926 cells, 16 samples, ~7 cell-type categories. The bundle provides no:	Map concern to annotation validation, claim gating, and sample-level robustness outputs.	codex_or_authors	open_external_review_item	no	E:/4实验数据/10新算法/SheafSignal/external_ai_review_packet/returned_reviews/reviewer2_singlecell_spatial_claims.md	NA
P3	single_cell	comment	Comparison against the **author-published annotations** of Lin et al. (the original GSE154778 paper), even though those exist.	Map concern to annotation validation, claim gating, and sample-level robustness outputs.	codex_or_authors	open_external_review_item	no	E:/4实验数据/10新算法/SheafSignal/external_ai_review_packet/returned_reviews/reviewer2_singlecell_spatial_claims.md	NA
P3	statistics	comment	Per-cell-type marker confidence panels.	Map concern to permutation/FDR/bootstrap/sensitivity outputs and rerun if needed.	codex_or_authors	open_external_review_item	no	E:/4实验数据/10新算法/SheafSignal/external_ai_review_packet/returned_reviews/reviewer2_singlecell_spatial_claims.md	NA
P3	single_cell	comment	"For coarse types like ""Myeloid"" and ""CAF/Fibroblast"", this matters in cancer biology because the *subtype* is the biology:"	Map concern to annotation validation, claim gating, and sample-level robustness outputs.	codex_or_authors	open_external_review_item	no	E:/4实验数据/10新算法/SheafSignal/external_ai_review_packet/returned_reviews/reviewer2_singlecell_spatial_claims.md	NA
P3	single_cell	comment	"Myeloid in PDAC includes monocytes, macrophages (M1, M2, TAM-1, TAM-2 polarization), DCs, neutrophils, MDSCs. ""Myeloid frustration"" averaged across these is a low-resolution claim."	Map concern to annotation validation, claim gating, and sample-level robustness outputs.	codex_or_authors	open_external_review_item	no	E:/4实验数据/10新算法/SheafSignal/external_ai_review_packet/returned_reviews/reviewer2_singlecell_spatial_claims.md	NA
P3	single_cell	comment	"The manuscript's claim gating correctly stops biological interpretation at this resolution, but a single-cell referee will ask: **why was the analysis run at this resolution at all?** The biology of CCC in PDAC happens between iCAF and TAM2 at minimum, not between ""CAF"" and ""Myeloid""."	Map concern to annotation validation, claim gating, and sample-level robustness outputs.	codex_or_authors	open_external_review_item	no	E:/4实验数据/10新算法/SheafSignal/external_ai_review_packet/returned_reviews/reviewer2_singlecell_spatial_claims.md	NA
P1	single_cell	major	Required action:** Run at least one dataset (GSE154778) at finer cell-state resolution (≥ 12–15 subtypes), with annotation cross-checked against an independent reference (Azimuth or the original publication). Show whether SheafSignal's frustration ranking changes meaningfully under finer annotation. If the ranking is unstable across annotation depth, that is itself a finding the manuscript must report.	Map concern to annotation validation, claim gating, and sample-level robustness outputs.	codex_or_authors	open_external_review_item	yes	E:/4实验数据/10新算法/SheafSignal/external_ai_review_packet/returned_reviews/reviewer2_singlecell_spatial_claims.md	NA
P1	general	major	The smallest absolute cell counts of the major tumor compartments.	Add to response matrix and assign an owner before submission.	codex_or_authors	open_external_review_item	yes	E:/4实验数据/10新算法/SheafSignal/external_ai_review_packet/returned_reviews/reviewer2_singlecell_spatial_claims.md	NA
P1	single_cell	major	"Required action:** Report per-cell-type cell counts and per-cell-type expressed-LR-pair counts for every dataset. Re-run with cell-count-balanced subsampling (e.g., downsample each cell type to min(N_celltype) and re-rank). If ""Endothelial top"" survives this, it merits further investigation; if it doesn't, the manuscript should explicitly state the artifact."	Map concern to annotation validation, claim gating, and sample-level robustness outputs.	codex_or_authors	open_external_review_item	yes	E:/4实验数据/10新算法/SheafSignal/external_ai_review_packet/returned_reviews/reviewer2_singlecell_spatial_claims.md	NA
P3	journal_fit	comment	For a 20–50 IF venue, the spatial section either earns its space by:	Update IF20-50 distance report and journal routing table with the reviewer-specific risk.	codex_or_authors	open_external_review_item	no	E:/4实验数据/10新算法/SheafSignal/external_ai_review_packet/returned_reviews/reviewer2_singlecell_spatial_claims.md	NA
P3	journal_fit	comment	"…or it does not belong in the manuscript at all. The current ""Visium = workflow demonstration"" framing is honest but uninformative for a methods journal that values demonstration over claim discipline."	Update IF20-50 distance report and journal routing table with the reviewer-specific risk.	codex_or_authors	open_external_review_item	no	E:/4实验数据/10新算法/SheafSignal/external_ai_review_packet/returned_reviews/reviewer2_singlecell_spatial_claims.md	NA
P1	general	major	"Required action:** Either drop the Visium section to the supplement and reframe as a ""future-work software extension demonstration"", or add deconvolution + at least one orthogonal validation. The middle ground (current state) reads as filler."	Add to response matrix and assign an owner before submission.	codex_or_authors	open_external_review_item	yes	E:/4实验数据/10新算法/SheafSignal/external_ai_review_packet/returned_reviews/reviewer2_singlecell_spatial_claims.md	NA
P1	journal_fit	major	"This is a major omission. **The pathway gradient is half of the residual definition.** If the pathway sets differ between datasets, the cross-dataset ""top frustration source"" comparison is comparing different residual definitions across datasets. A reviewer will demand sensitivity analysis with at least 3 standard sources (Hallmark, KEGG, Reactome)."	Update IF20-50 distance report and journal routing table with the reviewer-specific risk.	codex_or_authors	open_external_review_item	yes	E:/4实验数据/10新算法/SheafSignal/external_ai_review_packet/returned_reviews/reviewer2_singlecell_spatial_claims.md	NA
P1	general	major	Required action:** Document the exact pathway gene set used per dataset, justify the choice, and provide a sensitivity analysis showing how rankings change with alternative gene-set sources.	Add to response matrix and assign an owner before submission.	codex_or_authors	open_external_review_item	yes	E:/4实验数据/10新算法/SheafSignal/external_ai_review_packet/returned_reviews/reviewer2_singlecell_spatial_claims.md	NA
P3	single_cell	comment	## 3. Is the GSE154778 Myeloid claim appropriately bounded?	Map concern to annotation validation, claim gating, and sample-level robustness outputs.	codex_or_authors	open_external_review_item	no	E:/4实验数据/10新算法/SheafSignal/external_ai_review_packet/returned_reviews/reviewer2_singlecell_spatial_claims.md	NA
P3	single_cell	comment	Sets Myeloid claim gate to `supplement_only` / `supplement_context`.	Map concern to annotation validation, claim gating, and sample-level robustness outputs.	codex_or_authors	open_external_review_item	no	E:/4实验数据/10新算法/SheafSignal/external_ai_review_packet/returned_reviews/reviewer2_singlecell_spatial_claims.md	NA
P3	single_cell	comment	"States Myeloid is ""a lesion-stratified computational hypothesis, not a validated biological source or mechanism""."	Map concern to annotation validation, claim gating, and sample-level robustness outputs.	codex_or_authors	open_external_review_item	no	E:/4实验数据/10新算法/SheafSignal/external_ai_review_packet/returned_reviews/reviewer2_singlecell_spatial_claims.md	NA
P3	single_cell	comment	Notes that pooled expression-mode top-source is CAF/Fibroblast, not Myeloid (`frustration_score=0.4306`, BH-FDR=0.0157 vs Myeloid `frustration_score=0.1845`, BH-FDR=0.0002).	Map concern to annotation validation, claim gating, and sample-level robustness outputs.	codex_or_authors	open_external_review_item	no	E:/4实验数据/10新算法/SheafSignal/external_ai_review_packet/returned_reviews/reviewer2_singlecell_spatial_claims.md	NA
P3	single_cell	comment	"A specific testable biological hypothesis (""Myeloid TAMs in metastatic PDAC drive frustrated TGFB→TGFBR signaling on CAFs"", or similar)."	Map concern to annotation validation, claim gating, and sample-level robustness outputs.	codex_or_authors	open_external_review_item	no	E:/4实验数据/10新算法/SheafSignal/external_ai_review_packet/returned_reviews/reviewer2_singlecell_spatial_claims.md	NA
P3	claims	comment	A mechanism the SheafSignal output uniquely points to that an existing tool would not.	Run claim-safety audit and downgrade unsupported causal/mechanistic wording.	codex_or_authors	open_external_review_item	no	E:/4实验数据/10新算法/SheafSignal/external_ai_review_packet/returned_reviews/reviewer2_singlecell_spatial_claims.md	NA
P3	single_cell	comment	A reason a follow-up wet-lab experiment should target Myeloid rather than CAF.	Map concern to annotation validation, claim gating, and sample-level robustness outputs.	codex_or_authors	open_external_review_item	no	E:/4实验数据/10新算法/SheafSignal/external_ai_review_packet/returned_reviews/reviewer2_singlecell_spatial_claims.md	NA
P3	methods	comment	The result is a cell type that is `supplement_only`, plus a method that produced the supplement, plus no biological prediction. From the reader's perspective, the GSE154778 example exists primarily to demonstrate the claim-gating workflow, not the biological inference. This is fine for a reproducibility paper but thin for a methods-journal biological case study.	Map concern to formal sheaf API, Hodge target, novelty table, and simulation baselines.	codex_or_authors	open_external_review_item	no	E:/4实验数据/10新算法/SheafSignal/external_ai_review_packet/returned_reviews/reviewer2_singlecell_spatial_claims.md	NA
P3	single_cell	comment	Suggestion:** Either drop GSE154778 to a supplementary case-study and replace the main-text biological example with a dataset where SheafSignal does generate a positive testable prediction; or strengthen GSE154778 by integrating it with bulk PDAC TCGA / clinical outcomes (e.g., does Myeloid frustration correlate with response to anti-PD-1 in published cohorts?).	Map concern to annotation validation, claim gating, and sample-level robustness outputs.	codex_or_authors	open_external_review_item	no	E:/4实验数据/10新算法/SheafSignal/external_ai_review_packet/returned_reviews/reviewer2_singlecell_spatial_claims.md	NA
P3	claims	comment	## 4. Sparse cell types, Visium spot labels, and mechanism language	Run claim-safety audit and downgrade unsupported causal/mechanistic wording.	codex_or_authors	open_external_review_item	no	E:/4实验数据/10新算法/SheafSignal/external_ai_review_packet/returned_reviews/reviewer2_singlecell_spatial_claims.md	NA
P1	general	major	"Handled correctly via claim gates in `qc_gse154778_claim_gating.py` and `READMEFile.md` (lines 743–800 of `README.md`). The note that ""low-count cell-type warnings are included in the output tables and must be respected in manuscript interpretation"" is sound. The manuscript text (lines 122–140 of `SCI_MANUSCRIPT_V2_POLISHED.md`) reflects this discipline."	Add to response matrix and assign an owner before submission.	codex_or_authors	open_external_review_item	yes	E:/4实验数据/10新算法/SheafSignal/external_ai_review_packet/returned_reviews/reviewer2_singlecell_spatial_claims.md	NA
P3	methods	comment	"Mostly handled, but one instance to flag in `SCI_MANUSCRIPT_V2_POLISHED.md` line 174: *""the method reports… whether the fitted graph-flow structure is dominated by directional, local curl-like or global circulation-like components""*. The phrase ""global circulation-like components"" risks being read as referring to **physiological circulation** (blood flow) rather than **graph-theoretic harmonic circulation**. Rewrite to ""global graph-circulation-like components (in the graph-theoretic sense, not vascular)"" or similar. The same applies to `README.md` line 105: *""local feedback loops create high curl energy""* — ""feedback loops"" suggests biological feedback regulation; clarify that this is a graph-curl object."	Map concern to formal sheaf API, Hodge target, novelty table, and simulation baselines.	codex_or_authors	open_external_review_item	no	E:/4实验数据/10新算法/SheafSignal/external_ai_review_packet/returned_reviews/reviewer2_singlecell_spatial_claims.md	NA
P3	claims	comment	The Discussion paragraph at lines 198–205 of the manuscript handles overclaim risk well. No further action needed there.	Run claim-safety audit and downgrade unsupported causal/mechanistic wording.	codex_or_authors	open_external_review_item	no	E:/4实验数据/10新算法/SheafSignal/external_ai_review_packet/returned_reviews/reviewer2_singlecell_spatial_claims.md	NA
P1	general	major	## 5. What exact biological claims must be downgraded or removed?	Add to response matrix and assign an owner before submission.	codex_or_authors	open_external_review_item	yes	E:/4实验数据/10新算法/SheafSignal/external_ai_review_packet/returned_reviews/reviewer2_singlecell_spatial_claims.md	NA
P1	general	major	Current text (location) | Required action	Add to response matrix and assign an owner before submission.	codex_or_authors	open_external_review_item	yes	E:/4实验数据/10新算法/SheafSignal/external_ai_review_packet/returned_reviews/reviewer2_singlecell_spatial_claims.md	NA
P3	single_cell	comment	"Abstract line 21–24: ""SheafSignal identified context-specific computational rankings rather than a universal source cell type."" | Acceptable, but the abstract should explicitly say **none of the rankings is biologically validated**. Otherwise readers may infer the rankings are biologically meaningful."	Map concern to annotation validation, claim gating, and sample-level robustness outputs.	codex_or_authors	open_external_review_item	no	E:/4实验数据/10新算法/SheafSignal/external_ai_review_packet/returned_reviews/reviewer2_singlecell_spatial_claims.md	NA
P3	claims	comment	"Line 105 in README: ""local feedback loops create high curl energy"" | Disambiguate: graph-curl, not biological feedback regulation."	Run claim-safety audit and downgrade unsupported causal/mechanistic wording.	codex_or_authors	open_external_review_item	no	E:/4实验数据/10新算法/SheafSignal/external_ai_review_packet/returned_reviews/reviewer2_singlecell_spatial_claims.md	NA
P3	methods	comment	"Discussion line 178–187: pancreatic cancer paragraph | Currently honest. Recommend adding one sentence: ""We do not consider GSE154778 a biological case study; it is presented as a demonstration of why claim gating is necessary in CCC method development."" That sentence would make the discipline visible to readers and protect against over-citation in follow-up literature."	Map concern to formal sheaf API, Hodge target, novelty table, and simulation baselines.	codex_or_authors	open_external_review_item	no	E:/4实验数据/10新算法/SheafSignal/external_ai_review_packet/returned_reviews/reviewer2_singlecell_spatial_claims.md	NA
P3	journal_fit	comment	## 6. What validation or sensitivity analyses would most improve a 20–50 IF submission?	Update IF20-50 distance report and journal routing table with the reviewer-specific risk.	codex_or_authors	open_external_review_item	no	E:/4实验数据/10新算法/SheafSignal/external_ai_review_packet/returned_reviews/reviewer2_singlecell_spatial_claims.md	NA
P3	methods	comment	1. **One positive biological demonstration.** A single dataset where SheafSignal generates a **specific, falsifiable prediction** that is then orthogonally supported (protein, IHC, perturbation, patient outcome). The manuscript currently has zero. Without one, the method's biological utility is asserted, not shown.	Map concern to formal sheaf API, Hodge target, novelty table, and simulation baselines.	codex_or_authors	open_external_review_item	no	E:/4实验数据/10新算法/SheafSignal/external_ai_review_packet/returned_reviews/reviewer2_singlecell_spatial_claims.md	NA
P3	methods	comment	2. **Annotation-resolution sensitivity.** Re-run GSE154778 at coarse (7), medium (12–15, sub-typed), and fine (≥ 25) resolutions. Show whether the frustration ranking is stable across resolution. If not, this defines the resolution at which the method is interpretable.	Map concern to formal sheaf API, Hodge target, novelty table, and simulation baselines.	codex_or_authors	open_external_review_item	no	E:/4实验数据/10新算法/SheafSignal/external_ai_review_packet/returned_reviews/reviewer2_singlecell_spatial_claims.md	NA
P3	single_cell	comment	3. **Independent annotation cross-check on GSE154778.** Compare `scanpy_full_v1` annotations to the original Lin et al. annotations and to Azimuth/CellTypist references. Quantify agreement (ARI, NMI) per cell type. The current bundle does not show this.	Map concern to annotation validation, claim gating, and sample-level robustness outputs.	codex_or_authors	open_external_review_item	no	E:/4实验数据/10新算法/SheafSignal/external_ai_review_packet/returned_reviews/reviewer2_singlecell_spatial_claims.md	NA
P3	single_cell	comment	4. **Cell-count- and LR-coverage-balanced re-ranking.** Subsample each cell type to a common N and re-rank frustration. Address F3 directly.	Map concern to annotation validation, claim gating, and sample-level robustness outputs.	codex_or_authors	open_external_review_item	no	E:/4实验数据/10新算法/SheafSignal/external_ai_review_packet/returned_reviews/reviewer2_singlecell_spatial_claims.md	NA
P3	single_cell	comment	7. **Sample-leverage diagnostic on the Myeloid signal.** Leave-one-sample-out frustration ranking on GSE154778 (16 samples). If Myeloid is driven by ≤ 3 samples, that needs to be in the manuscript. (See Reviewer 3 §F3 for the parallel statistical concern.)	Map concern to annotation validation, claim gating, and sample-level robustness outputs.	codex_or_authors	open_external_review_item	no	E:/4实验数据/10新算法/SheafSignal/external_ai_review_packet/returned_reviews/reviewer2_singlecell_spatial_claims.md	NA
P3	journal_fit	comment	8. **Visium deconvolution.** If Visium stays in the manuscript, run cell2location or RCTD and re-define hotspots in deconvolved space. Otherwise drop.	Update IF20-50 distance report and journal routing table with the reviewer-specific risk.	codex_or_authors	open_external_review_item	no	E:/4实验数据/10新算法/SheafSignal/external_ai_review_packet/returned_reviews/reviewer2_singlecell_spatial_claims.md	NA
P3	comparators	comment	"9. **Comparator under matched conditions for a biological task.** Existing comparator analysis is alignment-only (Spearman). Add a task: ""predict a held-out perturbation effect"" or ""predict a known LR pair from the literature"" and run SheafSignal vs LIANA vs CellChat under identical inputs. Without this, the comparator section is descriptive, not evaluative."	Map concern to comparator scope gate and aligned CellChat/CellPhoneDB/LIANA summaries.	codex_or_authors	open_external_review_item	no	E:/4实验数据/10新算法/SheafSignal/external_ai_review_packet/returned_reviews/reviewer2_singlecell_spatial_claims.md	NA
P3	journal_fit	comment	Bioinformatics** (OUP, ~5–6 IF) — accepts methods with honest limitations and good benchmarking.	Update IF20-50 distance report and journal routing table with the reviewer-specific risk.	codex_or_authors	open_external_review_item	no	E:/4实验数据/10新算法/SheafSignal/external_ai_review_packet/returned_reviews/reviewer2_singlecell_spatial_claims.md	NA
P3	journal_fit	comment	F1000Research** with refereeing — possible if open peer review is acceptable.	Update IF20-50 distance report and journal routing table with the reviewer-specific risk.	codex_or_authors	open_external_review_item	no	E:/4实验数据/10新算法/SheafSignal/external_ai_review_packet/returned_reviews/reviewer2_singlecell_spatial_claims.md	NA
P3	journal_fit	comment	Genome Biology** (~12 IF) — methods + biology, will demand at least one positive demonstration.	Update IF20-50 distance report and journal routing table with the reviewer-specific risk.	codex_or_authors	open_external_review_item	no	E:/4实验数据/10新算法/SheafSignal/external_ai_review_packet/returned_reviews/reviewer2_singlecell_spatial_claims.md	NA
P3	methods	comment	Cell Reports Methods** (~5 IF, Cell Press) — fits a method paper with cancer-context replication.	Map concern to formal sheaf API, Hodge target, novelty table, and simulation baselines.	codex_or_authors	open_external_review_item	no	E:/4实验数据/10新算法/SheafSignal/external_ai_review_packet/returned_reviews/reviewer2_singlecell_spatial_claims.md	NA
P3	journal_fit	comment	Briefings in Bioinformatics** (~10 IF) — survey/methods overlap.	Update IF20-50 distance report and journal routing table with the reviewer-specific risk.	codex_or_authors	open_external_review_item	no	E:/4实验数据/10新算法/SheafSignal/external_ai_review_packet/returned_reviews/reviewer2_singlecell_spatial_claims.md	NA
P3	methods	comment	Nature Methods (32.1 IF)** — *not appropriate at current state*. The biology section provides no positive demonstration, the method's central object is mathematically thin (see Reviewer 1 §F1), and the cross-dataset behaviour does not converge on any biological pattern. A biology referee will return it without sending out for review.	Map concern to formal sheaf API, Hodge target, novelty table, and simulation baselines.	codex_or_authors	open_external_review_item	no	E:/4实验数据/10新算法/SheafSignal/external_ai_review_packet/returned_reviews/reviewer2_singlecell_spatial_claims.md	NA
P3	journal_fit	comment	Nature Cancer (28.5 IF)** — *not appropriate*. The PDAC case is explicitly bounded as non-biological. There is no cancer-mechanistic finding to anchor the submission.	Update IF20-50 distance report and journal routing table with the reviewer-specific risk.	codex_or_authors	open_external_review_item	no	E:/4实验数据/10新算法/SheafSignal/external_ai_review_packet/returned_reviews/reviewer2_singlecell_spatial_claims.md	NA
P3	claims	comment	Nature Biotechnology (41.7 IF)** — *not appropriate*. No translational utility, no clinical claim, no validated biomarker.	Run claim-safety audit and downgrade unsupported causal/mechanistic wording.	codex_or_authors	open_external_review_item	no	E:/4实验数据/10新算法/SheafSignal/external_ai_review_packet/returned_reviews/reviewer2_singlecell_spatial_claims.md	NA
P3	journal_fit	comment	Molecular Cancer (33.9 IF)** — possible only if the manuscript is rewritten as a PDAC biology paper with SheafSignal as the analysis tool — and only after the F1 biological demonstration is added.	Update IF20-50 distance report and journal routing table with the reviewer-specific risk.	codex_or_authors	open_external_review_item	no	E:/4实验数据/10新算法/SheafSignal/external_ai_review_packet/returned_reviews/reviewer2_singlecell_spatial_claims.md	NA
P3	single_cell	comment	Editor's-eye verdict:** Present-state biology fits **PLOS Comp Bio or Bioinformatics**. The 20–50 IF route requires at least one positive biological demonstration (§6 #1) plus annotation hardening. Without those, the manuscript is a careful methods workflow paper, not a high-impact biological methods paper.	Map concern to annotation validation, claim gating, and sample-level robustness outputs.	codex_or_authors	open_external_review_item	no	E:/4实验数据/10新算法/SheafSignal/external_ai_review_packet/returned_reviews/reviewer2_singlecell_spatial_claims.md	NA
P3	single_cell	comment	The manuscript's claim discipline is genuinely admirable — the project openly downgrades its own headline cell type (Myeloid), keeps Visium narrowly scoped, and refuses to convert computational ranking into biological mechanism. This kind of discipline is uncommon and improves the literature. But the same discipline, applied to **all five datasets**, leaves the manuscript without a single demonstrated biological win. A methods reviewer at a 20–50 IF journal does not penalize honesty, but they do penalize the absence of a positive case. Add the positive case (one validated biological example), and most of the present biology critique resolves.	Map concern to annotation validation, claim gating, and sample-level robustness outputs.	codex_or_authors	open_external_review_item	no	E:/4实验数据/10新算法/SheafSignal/external_ai_review_packet/returned_reviews/reviewer2_singlecell_spatial_claims.md	NA
P3	journal_fit	comment	# Reviewer 3 — Statistics, Reproducibility, and Journal Fit	Update IF20-50 distance report and journal routing table with the reviewer-specific risk.	codex_or_authors	open_external_review_item	no	E:/4实验数据/10新算法/SheafSignal/external_ai_review_packet/returned_reviews/reviewer3_statistics_reproducibility.md	NA
P3	reproducibility	comment	external_references_consulted:** None beyond the supplied bundle. The public GitHub URL `https://github.com/healthgreat/SheafSignal` and the Zenodo DOI `10.5281/zenodo.20012189` listed in the routing document **were not fetched or independently verified**. Reproducibility findings are based only on the bundled audit reports and on cross-referencing those reports against each other.	Check release blockers, GitHub/Zenodo identifiers, and public clean-clone evidence.	codex_or_authors	open_external_review_item	no	E:/4实验数据/10新算法/SheafSignal/external_ai_review_packet/returned_reviews/reviewer3_statistics_reproducibility.md	NA
P0	journal_fit	fatal	Review mode:** Aggressive — Nature Methods first-round desk-reject / referee-stage rejection threshold.	Update IF20-50 distance report and journal routing table with the reviewer-specific risk.	codex_or_authors	open_external_review_item	yes	E:/4实验数据/10新算法/SheafSignal/external_ai_review_packet/returned_reviews/reviewer3_statistics_reproducibility.md	NA
P0	statistics	fatal	Reject for any 20–50 IF submission until the public-release reproducibility chain is independently verifiable, the FDR family is pre-registered, and the simulation/comparator evaluation is done under matched conditions. Major revision required.	Map concern to permutation/FDR/bootstrap/sensitivity outputs and rerun if needed.	codex_or_authors	open_external_review_item	yes	E:/4实验数据/10新算法/SheafSignal/external_ai_review_packet/returned_reviews/reviewer3_statistics_reproducibility.md	NA
P0	code_quality	fatal	The package contains a remarkable amount of release infrastructure — preflight scripts, claim-safety audits, manifest builders, journal-metric audits, post-unblock pipelines. But the actual *reproducibility of the science* cannot be evaluated from this bundle alone. The bundle's own evidence index lists 11 files I cannot inspect (including `CLEAN_CLONE_PREFLIGHT_REPORT.md`, `RELEASE_METADATA_PLACEHOLDER_REPORT.md`, and `GIT_RELEASE_READINESS_REPORT.md`); the dashboard from 2026-05-03 lists 7 active blockers and the IF20-50 distance report from 2026-05-04 lists 0 blockers; and the confirmatory permutation results are reported at p-values that hit the resolution floor. None of these alone is fatal; collectively they make the reproducibility claim — which is the manuscript's *primary asset* — impossible to verify externally.	Map concern to source files, tests, packaging, CLI behavior, and add regression coverage.	codex_or_authors	open_external_review_item	yes	E:/4实验数据/10新算法/SheafSignal/external_ai_review_packet/returned_reviews/reviewer3_statistics_reproducibility.md	NA
P0	general	fatal	## 2. Top 5 fatal or near-fatal statistics / reproducibility concerns	Add to response matrix and assign an owner before submission.	codex_or_authors	open_external_review_item	yes	E:/4实验数据/10新算法/SheafSignal/external_ai_review_packet/returned_reviews/reviewer3_statistics_reproducibility.md	NA
P3	statistics	comment	"### F1. The ""10,000-permutation confirmatory subset"" reports p-values at the resolution floor; further precision is unobtainable from the design. **[direct + inferred]"	Map concern to permutation/FDR/bootstrap/sensitivity outputs and rerun if needed.	codex_or_authors	open_external_review_item	no	E:/4实验数据/10新算法/SheafSignal/external_ai_review_packet/returned_reviews/reviewer3_statistics_reproducibility.md	NA
P3	single_cell	comment	node_frustration:Myeloid p = 9.999e-05	Map concern to annotation validation, claim gating, and sample-level robustness outputs.	codex_or_authors	open_external_review_item	no	E:/4实验数据/10新算法/SheafSignal/external_ai_review_packet/returned_reviews/reviewer3_statistics_reproducibility.md	NA
P3	single_cell	comment	edge_sheaf_energy:Myeloid->Tumor/Epithelial p = 9.999e-05	Map concern to annotation validation, claim gating, and sample-level robustness outputs.	codex_or_authors	open_external_review_item	no	E:/4实验数据/10新算法/SheafSignal/external_ai_review_packet/returned_reviews/reviewer3_statistics_reproducibility.md	NA
P3	single_cell	comment	edge_curl:Myeloid->CAF/Fibroblast p = 9.999e-05	Map concern to annotation validation, claim gating, and sample-level robustness outputs.	codex_or_authors	open_external_review_item	no	E:/4实验数据/10新算法/SheafSignal/external_ai_review_packet/returned_reviews/reviewer3_statistics_reproducibility.md	NA
P3	code_quality	comment	This number is `1 / (n + 1)` for `n = 10000`, which is the **minimum possible empirical p-value** when zero null permutations are more extreme than the observed test statistic. It does not mean p ≈ 1e-4; it means **p ≤ 1e-4 and the design cannot resolve further**. Reporting the same floor value for four separate tests, combined with `family FDR` values that simply scale that floor by m/k, is statistical theatre: the FDR numbers (1.998e-4 to 5.999e-4) are mechanical consequences of the floor, not measured quantities.	Map concern to source files, tests, packaging, CLI behavior, and add regression coverage.	codex_or_authors	open_external_review_item	no	E:/4实验数据/10新算法/SheafSignal/external_ai_review_packet/returned_reviews/reviewer3_statistics_reproducibility.md	NA
P3	methods	comment	"The four tests are reported as a ""family"" but they overlap substantially: a node-frustration permutation null and an edge-sheaf-energy permutation null sharing the same input data are not independent, so BH-FDR over them is too liberal."	Map concern to formal sheaf API, Hodge target, novelty table, and simulation baselines.	codex_or_authors	open_external_review_item	no	E:/4实验数据/10新算法/SheafSignal/external_ai_review_packet/returned_reviews/reviewer3_statistics_reproducibility.md	NA
P3	code_quality	comment	"A confirmatory subset that pre-specifies exactly the four tests **already known to be significant in the 1000-permutation pre-screen** is a circular pre-registration. The function of confirmatory testing is to test hypotheses that were proposed *before* seeing the data; here the hypothesis was selected *after* seeing the data (""smallest 1000-perm p-values were"", per Round 2 hardening report), then re-tested at higher resolution."	Map concern to source files, tests, packaging, CLI behavior, and add regression coverage.	codex_or_authors	open_external_review_item	no	E:/4实验数据/10新算法/SheafSignal/external_ai_review_packet/returned_reviews/reviewer3_statistics_reproducibility.md	NA
P1	code_quality	major	"Required action:** (a) Report whether any null permutation matched or exceeded the observed statistic (yes/no, count). If `count = 0`, report `p < 1/(n+1)` rather than the floor value. (b) Document the test family pre-registration timestamp, hash, and which tests were chosen before vs after the 1000-perm pass. (c) For genuinely confirmatory hypotheses, run independent permutations with `n ≥ 10⁵` so the resolution floor is below 0.001 / m_tests with comfortable margin. (d) Drop the framing ""10,000-permutation confirmatory subset"" and replace with ""high-resolution re-evaluation of the four 1000-perm-significant tests""."	Map concern to source files, tests, packaging, CLI behavior, and add regression coverage.	codex_or_authors	open_external_review_item	yes	E:/4实验数据/10新算法/SheafSignal/external_ai_review_packet/returned_reviews/reviewer3_statistics_reproducibility.md	NA
P3	single_cell	comment	### F2. The CAF/Fibroblast vs Myeloid p-value flip is a high-leverage signal that is not diagnosed in the bundle. **[direct + inferred]	Map concern to annotation validation, claim gating, and sample-level robustness outputs.	codex_or_authors	open_external_review_item	no	E:/4实验数据/10新算法/SheafSignal/external_ai_review_packet/returned_reviews/reviewer3_statistics_reproducibility.md	NA
P3	single_cell	comment	Cell type | Raw frustration score | Empirical p (10,000 perms) | BH-FDR	Map concern to annotation validation, claim gating, and sample-level robustness outputs.	codex_or_authors	open_external_review_item	no	E:/4实验数据/10新算法/SheafSignal/external_ai_review_packet/returned_reviews/reviewer3_statistics_reproducibility.md	NA
P3	single_cell	comment	Myeloid | 0.1845 | 9.999e-05 | 0.0002	Map concern to annotation validation, claim gating, and sample-level robustness outputs.	codex_or_authors	open_external_review_item	no	E:/4实验数据/10新算法/SheafSignal/external_ai_review_packet/returned_reviews/reviewer3_statistics_reproducibility.md	NA
P3	single_cell	comment	CAF has 2.3× the raw score of Myeloid but a p-value 100× larger and an FDR 80× larger. This is mathematically possible only if **the null distribution under sample-stratified permutation is much narrower for Myeloid than for CAF**. With 16 PDAC samples (Round 2 report), narrow-null behaviour for Myeloid is most plausibly explained by:	Map concern to annotation validation, claim gating, and sample-level robustness outputs.	codex_or_authors	open_external_review_item	no	E:/4实验数据/10新算法/SheafSignal/external_ai_review_packet/returned_reviews/reviewer3_statistics_reproducibility.md	NA
P3	single_cell	comment	A small number of high-leverage samples driving the Myeloid score.	Map concern to annotation validation, claim gating, and sample-level robustness outputs.	codex_or_authors	open_external_review_item	no	E:/4实验数据/10新算法/SheafSignal/external_ai_review_packet/returned_reviews/reviewer3_statistics_reproducibility.md	NA
P3	single_cell	comment	Or the Myeloid label-shuffle preserving a structural property (e.g., consistent within-sample Myeloid abundance) that makes the permuted nulls cluster.	Map concern to annotation validation, claim gating, and sample-level robustness outputs.	codex_or_authors	open_external_review_item	no	E:/4实验数据/10新算法/SheafSignal/external_ai_review_packet/returned_reviews/reviewer3_statistics_reproducibility.md	NA
P3	single_cell	comment	"The bundle does not include leave-one-sample-out (LOSO) diagnostics for Myeloid, sample-level frustration variance, or the empirical null-distribution width per cell type. These are essential for interpreting the p-value flip. Without them, the headline statistic ""Myeloid empirical p = 9.999e-05 with sample-stratified permutation"" is at risk of being driven by 1–3 samples."	Map concern to annotation validation, claim gating, and sample-level robustness outputs.	codex_or_authors	open_external_review_item	no	E:/4实验数据/10新算法/SheafSignal/external_ai_review_packet/returned_reviews/reviewer3_statistics_reproducibility.md	NA
P1	single_cell	major	"Required action:** Add LOSO Myeloid frustration ranking (drop each of 16 samples, re-rank, report the distribution of Myeloid rank). If the rank distribution is concentrated (Myeloid stays top in ≥ 14/16 LOSO runs), the signal is robust. If it shifts substantially (Myeloid drops below #3 in ≥ 4/16 LOSO runs), the manuscript must report this as a high-leverage finding, not a confirmatory signal. The bundle reports ""Myeloid top in 100/100 cell-bootstraps"" — which is **not** the same as sample-level robustness because cells within a sample are not exchangeable units of variation."	Map concern to annotation validation, claim gating, and sample-level robustness outputs.	codex_or_authors	open_external_review_item	yes	E:/4实验数据/10新算法/SheafSignal/external_ai_review_packet/returned_reviews/reviewer3_statistics_reproducibility.md	NA
P3	statistics	comment	### F3. The pooled FDR family is not pre-specified anywhere in the visible documentation. **[direct]	Map concern to permutation/FDR/bootstrap/sensitivity outputs and rerun if needed.	codex_or_authors	open_external_review_item	no	E:/4实验数据/10新算法/SheafSignal/external_ai_review_packet/returned_reviews/reviewer3_statistics_reproducibility.md	NA
P1	statistics	major	"Round 1 review explicitly flagged this (`round1_review_response_matrix.tsv` row ""Statistics MAJOR — Global multiple-testing family is undefined""). Round 2 status (`fixed_round2_pooled_fdr_audit_script_added`) reports that a pooled FDR audit script was added (`scripts/build_pooled_fdr_audit.py` — visible in the source manifest, not in this content bundle). However, the bundle contains no:"	Map concern to permutation/FDR/bootstrap/sensitivity outputs and rerun if needed.	codex_or_authors	open_external_review_item	yes	E:/4实验数据/10新算法/SheafSignal/external_ai_review_packet/returned_reviews/reviewer3_statistics_reproducibility.md	NA
P3	code_quality	comment	Definition of which test family BH is applied across.	Map concern to source files, tests, packaging, CLI behavior, and add regression coverage.	codex_or_authors	open_external_review_item	no	E:/4实验数据/10新算法/SheafSignal/external_ai_review_packet/returned_reviews/reviewer3_statistics_reproducibility.md	NA
P3	code_quality	comment	Whether per-dataset FDR, pooled-across-datasets FDR, or per-test-class FDR is used for the manuscript-facing numbers.	Map concern to source files, tests, packaging, CLI behavior, and add regression coverage.	codex_or_authors	open_external_review_item	no	E:/4实验数据/10新算法/SheafSignal/external_ai_review_packet/returned_reviews/reviewer3_statistics_reproducibility.md	NA
P3	statistics	comment	"Different choices change the reported FDR by 10–100×. Without a documented family, the FDR claims throughout the manuscript (e.g., ""BH-FDR=0.0002"") are **not interpretable** because the multiple-testing correction depends on the family Mass."	Map concern to permutation/FDR/bootstrap/sensitivity outputs and rerun if needed.	codex_or_authors	open_external_review_item	no	E:/4实验数据/10新算法/SheafSignal/external_ai_review_packet/returned_reviews/reviewer3_statistics_reproducibility.md	NA
P1	general	major	Required action:** Add to Methods a paragraph specifying:	Add to response matrix and assign an owner before submission.	codex_or_authors	open_external_review_item	yes	E:/4实验数据/10新算法/SheafSignal/external_ai_review_packet/returned_reviews/reviewer3_statistics_reproducibility.md	NA
P3	code_quality	comment	1. The exact test family for each BH-corrected statistic in the manuscript.	Map concern to source files, tests, packaging, CLI behavior, and add regression coverage.	codex_or_authors	open_external_review_item	no	E:/4实验数据/10新算法/SheafSignal/external_ai_review_packet/returned_reviews/reviewer3_statistics_reproducibility.md	NA
P3	code_quality	comment	4. A supplementary table listing every BH-corrected p-value, the family it belongs to, family size m, and the per-test BH threshold at α = 0.05.	Map concern to source files, tests, packaging, CLI behavior, and add regression coverage.	codex_or_authors	open_external_review_item	no	E:/4实验数据/10新算法/SheafSignal/external_ai_review_packet/returned_reviews/reviewer3_statistics_reproducibility.md	NA
P3	statistics	comment	### F4. Comparator alignment is reported as point-estimate Spearman without confidence intervals or matched-condition evaluation. **[direct]	Map concern to permutation/FDR/bootstrap/sensitivity outputs and rerun if needed.	codex_or_authors	open_external_review_item	no	E:/4实验数据/10新算法/SheafSignal/external_ai_review_packet/returned_reviews/reviewer3_statistics_reproducibility.md	NA
P3	comparators	comment	"> ""LRProductBaseline across 4 datasets, Spearman -0.0496 to 0.72; LIANA across 3 datasets, Spearman 0.0743 to 0.699; MechanisticTargetPrior across 3 datasets, Spearman 0.176 to 0.643; NicheNet across 3 datasets, Spearman 0.184 to 0.75."""	Map concern to comparator scope gate and aligned CellChat/CellPhoneDB/LIANA summaries.	codex_or_authors	open_external_review_item	no	E:/4实验数据/10新算法/SheafSignal/external_ai_review_packet/returned_reviews/reviewer3_statistics_reproducibility.md	NA
P3	statistics	comment	1. **No confidence intervals** on the Spearman correlations. With n = number of edges per dataset (likely 30–100 directed cell-type edges given 7–8 cell types), Spearman 0.07 has a 95% CI roughly (-0.2, 0.4), and Spearman 0.18 has a CI roughly (-0.1, 0.45). These are not different from zero or from each other. Reporting bare ρ values without CIs invites overinterpretation.	Map concern to permutation/FDR/bootstrap/sensitivity outputs and rerun if needed.	codex_or_authors	open_external_review_item	no	E:/4实验数据/10新算法/SheafSignal/external_ai_review_packet/returned_reviews/reviewer3_statistics_reproducibility.md	NA
P3	methods	comment	"2. **No matched-condition comparison.** SheafSignal was run with sample-stratified permutations and 10⁴ perms; LIANA was run with `--n-perms 1000` (`README.md` line 399). NicheNet uses a ""project-curated TME ligand-target prior matrix, not a full pretrained NicheNet network benchmark"" (`README.md` line 458–460). Each comparator was run under tool-specific defaults, not matched conditions. The Spearman alignment is therefore a comparison of **method × configuration**, not method."	Map concern to formal sheaf API, Hodge target, novelty table, and simulation baselines.	codex_or_authors	open_external_review_item	no	E:/4实验数据/10新算法/SheafSignal/external_ai_review_packet/returned_reviews/reviewer3_statistics_reproducibility.md	NA
P3	code_quality	comment	"3. **No formal test of (non-)equivalence.** The manuscript claims ""alignment with existing communication evidence while preserving a distinct inconsistency-focused readout"" (abstract line 31–32). A formal claim of non-equivalence requires a permutation test that the SheafSignal vs comparator difference is greater than expected from noise. None is reported."	Map concern to source files, tests, packaging, CLI behavior, and add regression coverage.	codex_or_authors	open_external_review_item	no	E:/4实验数据/10新算法/SheafSignal/external_ai_review_packet/returned_reviews/reviewer3_statistics_reproducibility.md	NA
P3	comparators	comment	"4. **Comparator scope is partial.** `COMPARATOR_SCOPE_REPORT.md` correctly notes that ""demo, Visium, GSE103322 and niche-DE remain outside primary comparator-completeness claims"". The boundary-setting is appropriate. But for a 20–50 IF venue, comparator coverage is what reviewers judge — partial coverage means partial defensibility."	Map concern to comparator scope gate and aligned CellChat/CellPhoneDB/LIANA summaries.	codex_or_authors	open_external_review_item	no	E:/4实验数据/10新算法/SheafSignal/external_ai_review_packet/returned_reviews/reviewer3_statistics_reproducibility.md	NA
P1	methods	major	Required action:** (a) Add bootstrap 95% CI to every Spearman value. (b) Run SheafSignal and at least LIANA under **identical permutation budgets and identical inputs** for at least one dataset, and report a paired comparison on a held-out task. (c) Add a formal non-equivalence test (e.g., bootstrap test of `1 - |ρ|` for each pair). (d) State explicitly which comparator-method-dataset cells are completed and which are not, in a single table at the start of the comparator section.	Map concern to formal sheaf API, Hodge target, novelty table, and simulation baselines.	codex_or_authors	open_external_review_item	yes	E:/4实验数据/10新算法/SheafSignal/external_ai_review_packet/returned_reviews/reviewer3_statistics_reproducibility.md	NA
P3	reproducibility	comment	### F5. The bundle is internally inconsistent about whether the public release is complete; clean-clone reproducibility cannot be externally verified. **[direct, programmatically verified]	Check release blockers, GitHub/Zenodo identifiers, and public clean-clone evidence.	codex_or_authors	open_external_review_item	no	E:/4实验数据/10新算法/SheafSignal/external_ai_review_packet/returned_reviews/reviewer3_statistics_reproducibility.md	NA
P3	security_privacy	comment	"`manuscript/SHEAFSIGNAL_STATUS_DASHBOARD_2026-05-03.md` | 2026-05-03 | ""Submission infrastructure index: 44.5%. Final local decision: NO_GO for formal submission. Current live blocker: GitHub token has `repo` but not `workflow` scope; push rejected. Active release blockers: 7."""	Check source/review bundles for credentials, raw data, private paths, and unsafe file inclusion.	codex_or_authors	open_external_review_item	no	E:/4实验数据/10新算法/SheafSignal/external_ai_review_packet/returned_reviews/reviewer3_statistics_reproducibility.md	NA
P3	reproducibility	comment	The 24-hour gap between the dashboard and the distance report is consistent with the GitHub workflow-scope blocker being resolved overnight. But the bundle does not include:	Check release blockers, GitHub/Zenodo identifiers, and public clean-clone evidence.	codex_or_authors	open_external_review_item	no	E:/4实验数据/10新算法/SheafSignal/external_ai_review_packet/returned_reviews/reviewer3_statistics_reproducibility.md	NA
P1	general	major	`release/clean_clone_preflight/CLEAN_CLONE_PREFLIGHT_REPORT.md` (required per the index, **not in the bundle**).	Add to response matrix and assign an owner before submission.	codex_or_authors	open_external_review_item	yes	E:/4实验数据/10新算法/SheafSignal/external_ai_review_packet/returned_reviews/reviewer3_statistics_reproducibility.md	NA
P1	general	major	`release/GIT_RELEASE_READINESS_REPORT.md` (required per the index, **not in the bundle**).	Add to response matrix and assign an owner before submission.	codex_or_authors	open_external_review_item	yes	E:/4实验数据/10新算法/SheafSignal/external_ai_review_packet/returned_reviews/reviewer3_statistics_reproducibility.md	NA
P1	general	major	`release/RELEASE_METADATA_PLACEHOLDER_REPORT.md` (required per the index, **not in the bundle**).	Add to response matrix and assign an owner before submission.	codex_or_authors	open_external_review_item	yes	E:/4实验数据/10新算法/SheafSignal/external_ai_review_packet/returned_reviews/reviewer3_statistics_reproducibility.md	NA
P1	general	major	`manuscript/FINAL_SUBMISSION_BLOCKERS.tsv` (required per the index, **not in the bundle**).	Add to response matrix and assign an owner before submission.	codex_or_authors	open_external_review_item	yes	E:/4实验数据/10新算法/SheafSignal/external_ai_review_packet/returned_reviews/reviewer3_statistics_reproducibility.md	NA
P3	code_quality	comment	The repository at `github.com/healthgreat/SheafSignal` actually contains the release-tagged code claimed.	Map concern to source files, tests, packaging, CLI behavior, and add regression coverage.	codex_or_authors	open_external_review_item	no	E:/4实验数据/10新算法/SheafSignal/external_ai_review_packet/returned_reviews/reviewer3_statistics_reproducibility.md	NA
P3	reproducibility	comment	The Zenodo DOI `10.5281/zenodo.20012189` actually resolves to a deposition matching the claimed SHA256.	Check release blockers, GitHub/Zenodo identifiers, and public clean-clone evidence.	codex_or_authors	open_external_review_item	no	E:/4实验数据/10新算法/SheafSignal/external_ai_review_packet/returned_reviews/reviewer3_statistics_reproducibility.md	NA
P3	reproducibility	comment	A clean-clone reproduction was actually performed against the public URL or only against a local export.	Check release blockers, GitHub/Zenodo identifiers, and public clean-clone evidence.	codex_or_authors	open_external_review_item	no	E:/4实验数据/10新算法/SheafSignal/external_ai_review_packet/returned_reviews/reviewer3_statistics_reproducibility.md	NA
P0	reproducibility	fatal	For a reproducibility-centric methods paper, this is the most consequential gap. **A reviewer at any 20+ IF venue will fetch the GitHub URL and the Zenodo record before sending the manuscript out for review.** If those resources do not match the manuscript's claims, the desk-reject is automatic.	Check release blockers, GitHub/Zenodo identifiers, and public clean-clone evidence.	codex_or_authors	open_external_review_item	yes	E:/4实验数据/10新算法/SheafSignal/external_ai_review_packet/returned_reviews/reviewer3_statistics_reproducibility.md	NA
P1	code_quality	major	Required action:** (a) Restore the four missing reproducibility audits to the review bundle. (b) Provide a verifiable transcript of the clean-clone preflight: clone the public URL into a fresh container, install the locked environment from `envs/requirements-py311-lock.txt`, run `pytest -q`, run `make_publication_figures.py`, and attach the stdout/stderr log + final manifest hash to the bundle. (c) Confirm Zenodo DOI resolution publicly and provide the matching SHA256 in the manuscript Data Availability section.	Map concern to source files, tests, packaging, CLI behavior, and add regression coverage.	codex_or_authors	open_external_review_item	yes	E:/4实验数据/10新算法/SheafSignal/external_ai_review_packet/returned_reviews/reviewer3_statistics_reproducibility.md	NA
P3	statistics	comment	## 3. Are permutation / FDR / bootstrap analyses enough for the claims being made?	Map concern to permutation/FDR/bootstrap/sensitivity outputs and rerun if needed.	codex_or_authors	open_external_review_item	no	E:/4实验数据/10新算法/SheafSignal/external_ai_review_packet/returned_reviews/reviewer3_statistics_reproducibility.md	NA
P3	statistics	comment	Sample-stratified permutation at n=1000 for the per-dataset main analyses is a defensible default.	Map concern to permutation/FDR/bootstrap/sensitivity outputs and rerun if needed.	codex_or_authors	open_external_review_item	no	E:/4实验数据/10新算法/SheafSignal/external_ai_review_packet/returned_reviews/reviewer3_statistics_reproducibility.md	NA
P3	single_cell	comment	Bootstrap stability of Myeloid as the top frustration source over cell resampling (100/100, median 0.9176, 95% interval 0.9110–0.9241) is appropriately reported as **computational stability**, not biological robustness.	Map concern to annotation validation, claim gating, and sample-level robustness outputs.	codex_or_authors	open_external_review_item	no	E:/4实验数据/10新算法/SheafSignal/external_ai_review_packet/returned_reviews/reviewer3_statistics_reproducibility.md	NA
P3	statistics	comment	BH-FDR is the right correction family in principle.	Map concern to permutation/FDR/bootstrap/sensitivity outputs and rerun if needed.	codex_or_authors	open_external_review_item	no	E:/4实验数据/10新算法/SheafSignal/external_ai_review_packet/returned_reviews/reviewer3_statistics_reproducibility.md	NA
P3	security_privacy	comment	Sample-level robustness diagnostics are missing.** See F2 — leave-one-sample-out across 16 samples is the natural unit of variation for a multi-patient, multi-lesion dataset.	Check source/review bundles for credentials, raw data, private paths, and unsafe file inclusion.	codex_or_authors	open_external_review_item	no	E:/4实验数据/10新算法/SheafSignal/external_ai_review_packet/returned_reviews/reviewer3_statistics_reproducibility.md	NA
P3	statistics	comment	The pooled FDR family is not specified.** See F3 — without it, every BH-corrected number in the manuscript is non-interpretable.	Map concern to permutation/FDR/bootstrap/sensitivity outputs and rerun if needed.	codex_or_authors	open_external_review_item	no	E:/4实验数据/10新算法/SheafSignal/external_ai_review_packet/returned_reviews/reviewer3_statistics_reproducibility.md	NA
P3	statistics	comment	Sample-level mixed-effect models on the residual rather than label permutation alone.	Map concern to permutation/FDR/bootstrap/sensitivity outputs and rerun if needed.	codex_or_authors	open_external_review_item	no	E:/4实验数据/10新算法/SheafSignal/external_ai_review_packet/returned_reviews/reviewer3_statistics_reproducibility.md	NA
P3	comparators	comment	## 4. Is comparator coverage adequate for the stated manuscript scope?	Map concern to comparator scope gate and aligned CellChat/CellPhoneDB/LIANA summaries.	codex_or_authors	open_external_review_item	no	E:/4实验数据/10新算法/SheafSignal/external_ai_review_packet/returned_reviews/reviewer3_statistics_reproducibility.md	NA
P3	comparators	comment	Partially. The scope-gating is rigorous, but the comparator analysis itself is descriptive rather than evaluative.	Map concern to comparator scope gate and aligned CellChat/CellPhoneDB/LIANA summaries.	codex_or_authors	open_external_review_item	no	E:/4实验数据/10新算法/SheafSignal/external_ai_review_packet/returned_reviews/reviewer3_statistics_reproducibility.md	NA
P3	single_cell	comment	The scope gate (`COMPARATOR_SCOPE_REPORT.md`) restricts primary comparator claims to GSE72056, GSE154778, and GSE176078 with LRProductBaseline, LIANA, MechanisticTargetPrior, bounded NicheNet, CellPhoneDB, and CellChat. This is honest scope-setting.	Map concern to annotation validation, claim gating, and sample-level robustness outputs.	codex_or_authors	open_external_review_item	no	E:/4实验数据/10新算法/SheafSignal/external_ai_review_packet/returned_reviews/reviewer3_statistics_reproducibility.md	NA
P3	comparators	comment	1. The current manuscript text (lines 142–156) summarises only LRProductBaseline, LIANA, MechanisticTargetPrior, and NicheNet alignments. CellPhoneDB and CellChat — explicitly mentioned in the scope gate as completed — are not in the manuscript Spearman summary. Either include them in the summary, or explain why they were excluded from the Results paragraph.	Map concern to comparator scope gate and aligned CellChat/CellPhoneDB/LIANA summaries.	codex_or_authors	open_external_review_item	no	E:/4实验数据/10新算法/SheafSignal/external_ai_review_packet/returned_reviews/reviewer3_statistics_reproducibility.md	NA
P3	comparators	comment	"2. The comparator section makes only a non-equivalence claim (""not merely a relabelled ligand-receptor product score""). It makes no **superiority claim** — which is correct — but it also does not run any task on which comparators can be **evaluated** (recovery of a known LR pair, prediction of a held-out perturbation, agreement with a curated ground truth). Without an evaluation task, the comparator section is correlation reporting, not benchmarking."	Map concern to comparator scope gate and aligned CellChat/CellPhoneDB/LIANA summaries.	codex_or_authors	open_external_review_item	no	E:/4实验数据/10新算法/SheafSignal/external_ai_review_packet/returned_reviews/reviewer3_statistics_reproducibility.md	NA
P3	methods	comment	"3. NicheNet is bounded to ""nichenetr scoring engine with project-curated TME prior matrix, not a full pretrained NicheNet network benchmark"" (`README.md` line 458–460). This is honest, but it means the NicheNet alignment numbers are **NicheNet-the-engine, not NicheNet-the-method-as-published**. A reviewer with a CCC background will register that this is a custom configuration, not a like-for-like comparison."	Map concern to formal sheaf API, Hodge target, novelty table, and simulation baselines.	codex_or_authors	open_external_review_item	no	E:/4实验数据/10新算法/SheafSignal/external_ai_review_packet/returned_reviews/reviewer3_statistics_reproducibility.md	NA
P1	comparators	major	"Required action:** Either (a) expand the comparator section to include a task-based evaluation (recovery of a curated CCC interaction, held-out prediction, etc.), or (b) explicitly retitle the section as ""Comparator alignment (descriptive)"" and reduce the manuscript-level interpretation accordingly."	Map concern to comparator scope gate and aligned CellChat/CellPhoneDB/LIANA summaries.	codex_or_authors	open_external_review_item	yes	E:/4实验数据/10新算法/SheafSignal/external_ai_review_packet/returned_reviews/reviewer3_statistics_reproducibility.md	NA
P3	reproducibility	comment	## 5. Can the public GitHub / Zenodo release support reproducibility review?	Check release blockers, GitHub/Zenodo identifiers, and public clean-clone evidence.	codex_or_authors	open_external_review_item	no	E:/4实验数据/10新算法/SheafSignal/external_ai_review_packet/returned_reviews/reviewer3_statistics_reproducibility.md	NA
P3	reproducibility	comment	A claim that GitHub URL (`github.com/healthgreat/SheafSignal`) and Zenodo DOI (`10.5281/zenodo.20012189`) are minted and inserted (`IF20_50_DISTANCE_REPORT.md`, `EXTERNAL_AI_REVIEW_ROUTING_2026-05-04.md`).	Check release blockers, GitHub/Zenodo identifiers, and public clean-clone evidence.	codex_or_authors	open_external_review_item	no	E:/4实验数据/10新算法/SheafSignal/external_ai_review_packet/returned_reviews/reviewer3_statistics_reproducibility.md	NA
P3	reproducibility	comment	A dashboard with the GitHub workflow-scope problem unresolved as of 2026-05-03.	Check release blockers, GitHub/Zenodo identifiers, and public clean-clone evidence.	codex_or_authors	open_external_review_item	no	E:/4实验数据/10新算法/SheafSignal/external_ai_review_packet/returned_reviews/reviewer3_statistics_reproducibility.md	NA
P3	reproducibility	comment	The clean-clone preflight report.	Check release blockers, GitHub/Zenodo identifiers, and public clean-clone evidence.	codex_or_authors	open_external_review_item	no	E:/4实验数据/10新算法/SheafSignal/external_ai_review_packet/returned_reviews/reviewer3_statistics_reproducibility.md	NA
P3	reproducibility	comment	The release metadata placeholder report (which would confirm DOI placeholders are replaced).	Check release blockers, GitHub/Zenodo identifiers, and public clean-clone evidence.	codex_or_authors	open_external_review_item	no	E:/4实验数据/10新算法/SheafSignal/external_ai_review_packet/returned_reviews/reviewer3_statistics_reproducibility.md	NA
P3	code_quality	comment	A log of any externally-verifiable test that the public URLs work.	Map concern to source files, tests, packaging, CLI behavior, and add regression coverage.	codex_or_authors	open_external_review_item	no	E:/4实验数据/10新算法/SheafSignal/external_ai_review_packet/returned_reviews/reviewer3_statistics_reproducibility.md	NA
P1	code_quality	major	Required for confidence:** A clean-clone reviewer reproducibility test from outside the author's machine. The bundle's `docs/reviewer_reproducibility_quickstart.md` is referenced but not included. The bundle's GitHub release authorization scripts are referenced but not runnable from this content alone.	Map concern to source files, tests, packaging, CLI behavior, and add regression coverage.	codex_or_authors	open_external_review_item	yes	E:/4实验数据/10新算法/SheafSignal/external_ai_review_packet/returned_reviews/reviewer3_statistics_reproducibility.md	NA
P3	code_quality	comment	A practical test for reviewers: clone `https://github.com/healthgreat/SheafSignal` at the v0.1.0 tag, verify SHA256 matches the source-code review bundle hash (`3f08b5614378167b91c6a853dc640399aaef20e99f6f81beeb1609e24c67f905` per the routing document), install the locked environment, run `pytest -q`, and run the demo. If any step fails, reproducibility claims are not externally verifiable.	Map concern to source files, tests, packaging, CLI behavior, and add regression coverage.	codex_or_authors	open_external_review_item	no	E:/4实验数据/10新算法/SheafSignal/external_ai_review_packet/returned_reviews/reviewer3_statistics_reproducibility.md	NA
P3	code_quality	comment	I have not performed this test in this review.	Map concern to source files, tests, packaging, CLI behavior, and add regression coverage.	codex_or_authors	open_external_review_item	no	E:/4实验数据/10新算法/SheafSignal/external_ai_review_packet/returned_reviews/reviewer3_statistics_reproducibility.md	NA
P1	general	major	## 6. What exact statistical or reproducibility claims must be downgraded?	Add to response matrix and assign an owner before submission.	codex_or_authors	open_external_review_item	yes	E:/4实验数据/10新算法/SheafSignal/external_ai_review_packet/returned_reviews/reviewer3_statistics_reproducibility.md	NA
P1	general	major	Current claim (location) | Required action	Add to response matrix and assign an owner before submission.	codex_or_authors	open_external_review_item	yes	E:/4实验数据/10新算法/SheafSignal/external_ai_review_packet/returned_reviews/reviewer3_statistics_reproducibility.md	NA
P3	code_quality	comment	"`SCI_MANUSCRIPT_V2_POLISHED.md` line 134–137: ""BH-FDR=0.0002 with 10,000 sample-stratified permutations"" | Add: ""(BH-FDR is at the resolution floor of the 10,000-permutation design; the test family used for BH correction is [explicit family])""."	Map concern to source files, tests, packaging, CLI behavior, and add regression coverage.	codex_or_authors	open_external_review_item	no	E:/4实验数据/10新算法/SheafSignal/external_ai_review_packet/returned_reviews/reviewer3_statistics_reproducibility.md	NA
P3	statistics	comment	"`SCI_MANUSCRIPT_V2_POLISHED.md` line 145: ""Spearman -0.0496 to 0.72"" without CIs | Add bootstrap 95% CIs for every Spearman; state the `n` (number of edges) per dataset."	Map concern to permutation/FDR/bootstrap/sensitivity outputs and rerun if needed.	codex_or_authors	open_external_review_item	no	E:/4实验数据/10新算法/SheafSignal/external_ai_review_packet/returned_reviews/reviewer3_statistics_reproducibility.md	NA
P3	single_cell	comment	"`README.md` lines 753–755: ""Myeloid remains the top frustration source in 100/100 resamples, with median frustration score 0.9176 and a 2.5%-97.5% bootstrap interval of 0.9110-0.9241"" | Reframe explicitly: ""100/100 cell-level bootstrap resamples maintain Myeloid as top, but cell-level bootstrap does not address sample-level robustness; see leave-one-sample-out diagnostic in [supplement]."""	Map concern to annotation validation, claim gating, and sample-level robustness outputs.	codex_or_authors	open_external_review_item	no	E:/4实验数据/10新算法/SheafSignal/external_ai_review_packet/returned_reviews/reviewer3_statistics_reproducibility.md	NA
P1	general	major	"`EXTERNAL_AI_REVIEW_ROUTING_2026-05-04.md`: ""Decision: SHAREABLE_REVIEW_BUNDLE_READY"", ""Missing required files: 0"" | Fix the bundle generator to actually verify file presence. As shipped, 11 of 22 files declared `required=yes` in the bundle's own index are absent. (See bundle integrity finding flagged across all three reviews.)"	Add to response matrix and assign an owner before submission.	codex_or_authors	open_external_review_item	yes	E:/4实验数据/10新算法/SheafSignal/external_ai_review_packet/returned_reviews/reviewer3_statistics_reproducibility.md	NA
P3	comparators	comment	"Comparator alignment paragraph (lines 142–156): ""shows alignment with existing communication evidence while preserving a distinct inconsistency-focused readout"" | Add: ""Alignment is assessed by Spearman correlation under tool-specific default configurations; matched-condition comparator evaluation is not provided."""	Map concern to comparator scope gate and aligned CellChat/CellPhoneDB/LIANA summaries.	codex_or_authors	open_external_review_item	no	E:/4实验数据/10新算法/SheafSignal/external_ai_review_packet/returned_reviews/reviewer3_statistics_reproducibility.md	NA
P3	comparators	comment	PLOS Computational Biology** — accepts honest methods with descriptive comparator analysis.	Map concern to comparator scope gate and aligned CellChat/CellPhoneDB/LIANA summaries.	codex_or_authors	open_external_review_item	no	E:/4实验数据/10新算法/SheafSignal/external_ai_review_packet/returned_reviews/reviewer3_statistics_reproducibility.md	NA
P3	journal_fit	comment	Genome Biology** (~12 IF) — strong on reproducibility; will accept descriptive comparators if statistics are tight.	Update IF20-50 distance report and journal routing table with the reviewer-specific risk.	codex_or_authors	open_external_review_item	no	E:/4实验数据/10新算法/SheafSignal/external_ai_review_packet/returned_reviews/reviewer3_statistics_reproducibility.md	NA
P3	journal_fit	comment	Cell Reports Methods** (~5 IF) — accepts a methods paper with cancer-context replication once stats are pre-registered.	Update IF20-50 distance report and journal routing table with the reviewer-specific risk.	codex_or_authors	open_external_review_item	no	E:/4实验数据/10新算法/SheafSignal/external_ai_review_packet/returned_reviews/reviewer3_statistics_reproducibility.md	NA
P3	comparators	comment	Nucleic Acids Research** (general track) — possible if the comparator section adds a recovery task.	Map concern to comparator scope gate and aligned CellChat/CellPhoneDB/LIANA summaries.	codex_or_authors	open_external_review_item	no	E:/4实验数据/10新算法/SheafSignal/external_ai_review_packet/returned_reviews/reviewer3_statistics_reproducibility.md	NA
P0	code_quality	fatal	Nature Methods (32.1 IF)** — *not appropriate*. The reproducibility chain is not externally verifiable from this bundle. The confirmatory permutation framing is post-hoc. Nature Methods will run a clean-clone test from your GitHub URL and check that the manuscript's reported numbers regenerate; if any step fails, it is a desk-reject.	Map concern to source files, tests, packaging, CLI behavior, and add regression coverage.	codex_or_authors	open_external_review_item	yes	E:/4实验数据/10新算法/SheafSignal/external_ai_review_packet/returned_reviews/reviewer3_statistics_reproducibility.md	NA
P3	journal_fit	comment	Nature Biotechnology (41.7 IF)** — *not appropriate*. Same reason, plus no translational utility.	Update IF20-50 distance report and journal routing table with the reviewer-specific risk.	codex_or_authors	open_external_review_item	no	E:/4实验数据/10新算法/SheafSignal/external_ai_review_packet/returned_reviews/reviewer3_statistics_reproducibility.md	NA
P3	journal_fit	comment	Molecular Cancer (33.9 IF)** — same as Reviewer 2's verdict — only viable as a PDAC biology paper, and only after the F1–F2 statistics fixes.	Update IF20-50 distance report and journal routing table with the reviewer-specific risk.	codex_or_authors	open_external_review_item	no	E:/4实验数据/10新算法/SheafSignal/external_ai_review_packet/returned_reviews/reviewer3_statistics_reproducibility.md	NA
P3	statistics	comment	Editor's-eye verdict:** Present-state reproducibility fits **Bioinformatics or PLOS Comp Bio** once GitHub/Zenodo are externally verified. The 20–50 IF route requires F1 (resolution-floor honesty), F3 (FDR family pre-registration), and F5 (verifiable clean-clone reproduction) at minimum.	Map concern to permutation/FDR/bootstrap/sensitivity outputs and rerun if needed.	codex_or_authors	open_external_review_item	no	E:/4实验数据/10新算法/SheafSignal/external_ai_review_packet/returned_reviews/reviewer3_statistics_reproducibility.md	NA
P3	journal_fit	comment	The reproducibility infrastructure investment in this project is unusual in volume — preflight scripts, claim-safety audits, manifest builders, journal-metric audits, multi-round triage. The amount of process is substantial. But process is not evidence: a reviewer at a high-impact venue checks whether **the public-facing claims regenerate from the public-facing artifacts**, not whether the project has a long audit trail. Three concrete changes would convert most of this audit infrastructure into a defensible 20–30 IF reproducibility submission:	Update IF20-50 distance report and journal routing table with the reviewer-specific risk.	codex_or_authors	open_external_review_item	no	E:/4实验数据/10新算法/SheafSignal/external_ai_review_packet/returned_reviews/reviewer3_statistics_reproducibility.md	NA
P3	statistics	comment	2. FDR family pre-registration: a single methods paragraph + an audit table.	Map concern to permutation/FDR/bootstrap/sensitivity outputs and rerun if needed.	codex_or_authors	open_external_review_item	no	E:/4实验数据/10新算法/SheafSignal/external_ai_review_packet/returned_reviews/reviewer3_statistics_reproducibility.md	NA
P3	code_quality	comment	3. External clean-clone verification: clone-from-public-URL → install-locked-env → pytest → demo, with the log committed to the public release.	Map concern to source files, tests, packaging, CLI behavior, and add regression coverage.	codex_or_authors	open_external_review_item	no	E:/4实验数据/10新算法/SheafSignal/external_ai_review_packet/returned_reviews/reviewer3_statistics_reproducibility.md	NA
P3	code_quality	comment	# Reviewer 4 — Source Code Review	Map concern to source files, tests, packaging, CLI behavior, and add regression coverage.	codex_or_authors	open_external_review_item	no	E:/4实验数据/10新算法/SheafSignal/external_ai_review_packet/returned_reviews/reviewer4_code_review.md	NA
P3	reproducibility	comment	external_references_consulted:** None beyond the supplied `sheafsignal_source_code_review_bundle.zip`. The public GitHub repository was not fetched; review uses only the bundled archive contents.	Check release blockers, GitHub/Zenodo identifiers, and public clean-clone evidence.	codex_or_authors	open_external_review_item	no	E:/4实验数据/10新算法/SheafSignal/external_ai_review_packet/returned_reviews/reviewer4_code_review.md	NA
P0	journal_fit	fatal	Review mode:** Aggressive — Nature Methods first-round desk-reject / referee-stage rejection threshold, as requested.	Update IF20-50 distance report and journal routing table with the reviewer-specific risk.	codex_or_authors	open_external_review_item	yes	E:/4实验数据/10新算法/SheafSignal/external_ai_review_packet/returned_reviews/reviewer4_code_review.md	NA
P3	code_quality	comment	Evidence boundary:** every finding below cites concrete file/line references from the bundle. `[direct]` = code I read; `[inferred]` = derivation from code; `[speculation]` = unverified.	Map concern to source files, tests, packaging, CLI behavior, and add regression coverage.	codex_or_authors	open_external_review_item	no	E:/4实验数据/10新算法/SheafSignal/external_ai_review_packet/returned_reviews/reviewer4_code_review.md	NA
P3	code_quality	comment	## 1. Editorial code-readiness decision	Map concern to source files, tests, packaging, CLI behavior, and add regression coverage.	codex_or_authors	open_external_review_item	no	E:/4实验数据/10新算法/SheafSignal/external_ai_review_packet/returned_reviews/reviewer4_code_review.md	NA
P0	methods	fatal	"Major revision.** Not `not ready` — the package is engineered with care, has working CLI/pipeline/permutation infrastructure, atomic writes, deterministic seeds, and a real (if minimal) test suite. But the central methods-novelty question collapses on first contact with the source: the ""rank-one cellular sheaf"" API is a relabeling of `flow_z - pathway_gradient_z`, the synthetic ground-truth benchmark is circular by construction, and Windows-specific absolute paths (`D:\secrets\…`, `D:\BioSoft\…`) appear as **defaults** in five production scripts, breaking clean-clone reproducibility on Linux/Mac. None of these are large lifts to fix, but until they are, the codebase will not survive a Nature Methods code reviewer."	Map concern to formal sheaf API, Hodge target, novelty table, and simulation baselines.	codex_or_authors	open_external_review_item	yes	E:/4实验数据/10新算法/SheafSignal/external_ai_review_packet/returned_reviews/reviewer4_code_review.md	NA
P0	code_quality	fatal	## 2. Top 5 fatal or near-fatal code concerns	Map concern to source files, tests, packaging, CLI behavior, and add regression coverage.	codex_or_authors	open_external_review_item	yes	E:/4实验数据/10新算法/SheafSignal/external_ai_review_packet/returned_reviews/reviewer4_code_review.md	NA
P3	methods	comment	"### F1. The unit test for the ""formal sheaf API"" literally asserts that it is equal to the legacy direct subtraction. **[direct]"	Map concern to formal sheaf API, Hodge target, novelty table, and simulation baselines.	codex_or_authors	open_external_review_item	no	E:/4实验数据/10新算法/SheafSignal/external_ai_review_packet/returned_reviews/reviewer4_code_review.md	NA
P3	methods	comment	"The test is named `test_cellular_sheaf_residual_matches_legacy_mismatch` and explicitly verifies that the Round-2 ""formal cellular sheaf"" residual produces **identical numbers** to the Round-1 direct subtraction `flow_z − pathway_gradient_z`. Cross-referencing with `src/sheafsignal/sheaf.py:64`:"	Map concern to formal sheaf API, Hodge target, novelty table, and simulation baselines.	codex_or_authors	open_external_review_item	no	E:/4实验数据/10新算法/SheafSignal/external_ai_review_packet/returned_reviews/reviewer4_code_review.md	NA
P3	methods	comment	…and `src/sheafsignal/sheaf.py:62`:	Map concern to formal sheaf API, Hodge target, novelty table, and simulation baselines.	codex_or_authors	open_external_review_item	no	E:/4实验数据/10新算法/SheafSignal/external_ai_review_packet/returned_reviews/reviewer4_code_review.md	NA
P3	methods	comment	"The chain confirms `sheaf_residual ≡ flow_z − pathway_gradient_z`. The ""cellular sheaf"" framing adds a `restriction_sender = -1.0`, `restriction_receiver = 1.0` annotation table (`sheaf.py:35-36`) and re-implements the standard graph Laplacian via `B^T diag(W) B` (`sheaf.py:84-91`), but these arithmetic operations produce numbers identical to ordinary graph-gradient operations. The test the authors themselves wrote confirms this."	Map concern to formal sheaf API, Hodge target, novelty table, and simulation baselines.	codex_or_authors	open_external_review_item	no	E:/4实验数据/10新算法/SheafSignal/external_ai_review_packet/returned_reviews/reviewer4_code_review.md	NA
P3	methods	comment	"A Nature Methods code reviewer asked to verify ""this manuscript implements a cellular sheaf framework"" will read the test name, read the assertion, and conclude the framework is a rename. The correct fix is one of:"	Map concern to formal sheaf API, Hodge target, novelty table, and simulation baselines.	codex_or_authors	open_external_review_item	no	E:/4实验数据/10新算法/SheafSignal/external_ai_review_packet/returned_reviews/reviewer4_code_review.md	NA
P3	methods	comment	(a) Implement a non-trivial sheaf — stalk dimension > 1, non-`±1` restriction maps, or per-LR-channel restrictions encoded by receptor expression. Then write a test `test_cellular_sheaf_residual_NOT_equal_to_scalar_legacy_mismatch` that demonstrates the new object is mathematically richer.	Map concern to formal sheaf API, Hodge target, novelty table, and simulation baselines.	codex_or_authors	open_external_review_item	no	E:/4实验数据/10新算法/SheafSignal/external_ai_review_packet/returned_reviews/reviewer4_code_review.md	NA
P3	methods	comment	"(b) Drop ""sheaf"" from the title, abstract, README, and code module names. Rename `sheaf.py` to `coboundary.py`, `sheaf_residual` to `coboundary_residual`, `SheafLaplacian` to `WeightedGraphLaplacian`. The test name `..._matches_legacy_mismatch` becomes harmless because the code no longer claims to be more than a graph operator."	Map concern to formal sheaf API, Hodge target, novelty table, and simulation baselines.	codex_or_authors	open_external_review_item	no	E:/4实验数据/10新算法/SheafSignal/external_ai_review_packet/returned_reviews/reviewer4_code_review.md	NA
P3	methods	comment	(b) is straightforward and honest. (a) is the methods-paper hook. The current state is the worst of both: the test admits triviality while the manuscript claims novelty.	Map concern to formal sheaf API, Hodge target, novelty table, and simulation baselines.	codex_or_authors	open_external_review_item	no	E:/4实验数据/10新算法/SheafSignal/external_ai_review_packet/returned_reviews/reviewer4_code_review.md	NA
P3	methods	comment	`HodgeOnly_non_gradient_flow` (line 215): Hodge of LR flow alone. Pathway-blind.	Map concern to formal sheaf API, Hodge target, novelty table, and simulation baselines.	codex_or_authors	open_external_review_item	no	E:/4实验数据/10新算法/SheafSignal/external_ai_review_packet/returned_reviews/reviewer4_code_review.md	NA
P0	journal_fit	fatal	A Nature Methods methods-reviewer who reads `simulate.py` will reject this benchmark within five minutes.	Update IF20-50 distance report and journal routing table with the reviewer-specific risk.	codex_or_authors	open_external_review_item	yes	E:/4实验数据/10新算法/SheafSignal/external_ai_review_packet/returned_reviews/reviewer4_code_review.md	NA
P1	general	major	Required fix:** Add a real ground-truth construction:	Add to response matrix and assign an owner before submission.	codex_or_authors	open_external_review_item	yes	E:/4实验数据/10新算法/SheafSignal/external_ai_review_packet/returned_reviews/reviewer4_code_review.md	NA
P3	methods	comment	4. Score recovery of those edges by SheafSignal vs (a) `flow_z * pathway_gradient_z`, (b) LIANA, (c) CellChat, (d) Hodge-only.	Map concern to formal sheaf API, Hodge target, novelty table, and simulation baselines.	codex_or_authors	open_external_review_item	no	E:/4实验数据/10新算法/SheafSignal/external_ai_review_packet/returned_reviews/reviewer4_code_review.md	NA
P3	journal_fit	comment	If SheafSignal still wins under that protocol, the methods claim is defensible.	Update IF20-50 distance report and journal routing table with the reviewer-specific risk.	codex_or_authors	open_external_review_item	no	E:/4实验数据/10新算法/SheafSignal/external_ai_review_packet/returned_reviews/reviewer4_code_review.md	NA
P3	code_quality	comment	"DEFAULT_GITHUB_TOKEN_PATH = Path(r""D:\secrets\github_token.txt"")"	Map concern to source files, tests, packaging, CLI behavior, and add regression coverage.	codex_or_authors	open_external_review_item	no	E:/4实验数据/10新算法/SheafSignal/external_ai_review_packet/returned_reviews/reviewer4_code_review.md	NA
P3	code_quality	comment	"DEFAULT_GH_EXE = Path(r""D:\BioSoft\GitHubCLI\gh_2.92.0\bin\gh.exe"")"	Map concern to source files, tests, packaging, CLI behavior, and add regression coverage.	codex_or_authors	open_external_review_item	no	E:/4实验数据/10新算法/SheafSignal/external_ai_review_packet/returned_reviews/reviewer4_code_review.md	NA
P3	code_quality	comment	"GITHUB_TOKEN_PATH = Path(r""D:\secrets\github_token.txt"")"	Map concern to source files, tests, packaging, CLI behavior, and add regression coverage.	codex_or_authors	open_external_review_item	no	E:/4实验数据/10新算法/SheafSignal/external_ai_review_packet/returned_reviews/reviewer4_code_review.md	NA
P3	code_quality	comment	"ZENODO_TOKEN_PATH = Path(r""D:\secrets\zenodo_token.txt"")"	Map concern to source files, tests, packaging, CLI behavior, and add regression coverage.	codex_or_authors	open_external_review_item	no	E:/4实验数据/10新算法/SheafSignal/external_ai_review_packet/returned_reviews/reviewer4_code_review.md	NA
P3	security_privacy	comment	"(Plus user-facing strings in `scripts/build_user_action_now_packet.py`, `scripts/build_submission_unblocker_handoff.py`, `scripts/run_unblock_readiness_check.py` that instruct **all users** to ""save the token to `D:\secrets\github_token.txt`"")"	Check source/review bundles for credentials, raw data, private paths, and unsafe file inclusion.	codex_or_authors	open_external_review_item	no	E:/4实验数据/10新算法/SheafSignal/external_ai_review_packet/returned_reviews/reviewer4_code_review.md	NA
P3	code_quality	comment	1. **Breaks reproducibility on every non-Windows clean clone.** A reviewer running these scripts on Ubuntu will hit `FileNotFoundError: D:\secrets\github_token.txt` unless they pass `--token-path` every time.	Map concern to source files, tests, packaging, CLI behavior, and add regression coverage.	codex_or_authors	open_external_review_item	no	E:/4实验数据/10新算法/SheafSignal/external_ai_review_packet/returned_reviews/reviewer4_code_review.md	NA
P3	code_quality	comment	2. **Leaks the developer's machine layout** — `D:\BioSoft\GitHubCLI\gh_2.92.0\bin\` reveals a specific installation path of a specific GitHub CLI version.	Map concern to source files, tests, packaging, CLI behavior, and add regression coverage.	codex_or_authors	open_external_review_item	no	E:/4实验数据/10新算法/SheafSignal/external_ai_review_packet/returned_reviews/reviewer4_code_review.md	NA
P3	code_quality	comment	"`tests/test_submission_unblocker_handoff.py:61` even has `assert ""D:\\secrets\\github_token.txt"" in report` — the test enforces the Windows path appears in the user-facing handoff. So the path is not just a default; it is a tested invariant."	Map concern to source files, tests, packaging, CLI behavior, and add regression coverage.	codex_or_authors	open_external_review_item	no	E:/4实验数据/10新算法/SheafSignal/external_ai_review_packet/returned_reviews/reviewer4_code_review.md	NA
P1	reproducibility	major	Required fix:** Replace defaults with environment-driven resolution:	Check release blockers, GitHub/Zenodo identifiers, and public clean-clone evidence.	codex_or_authors	fixed_round2	yes	E:/4实验数据/10新算法/SheafSignal/external_ai_review_packet/returned_reviews/reviewer4_code_review.md	Production token and gh executable defaults now resolve from SHEAFSIGNAL_* env vars or user config paths instead of D:\ machine-specific defaults; user-facing handoff strings remain project-specific guidance.
P3	code_quality	comment	DEFAULT_GITHUB_TOKEN_PATH = Path(	Map concern to source files, tests, packaging, CLI behavior, and add regression coverage.	codex_or_authors	open_external_review_item	no	E:/4实验数据/10新算法/SheafSignal/external_ai_review_packet/returned_reviews/reviewer4_code_review.md	NA
P3	code_quality	comment	…with `--token-path` CLI argument falling back to `~/.config/sheafsignal/github_token.txt` on Linux/Mac and `%APPDATA%/sheafsignal/github_token.txt` on Windows. Update tests to assert path *resolution behaviour*, not the literal `D:\` string.	Map concern to source files, tests, packaging, CLI behavior, and add regression coverage.	codex_or_authors	open_external_review_item	no	E:/4实验数据/10新算法/SheafSignal/external_ai_review_packet/returned_reviews/reviewer4_code_review.md	NA
P3	journal_fit	comment	A submission-day journal pre-flight that runs `python scripts/check_author_confirmation_preflight.py` and gets `AUTHOR_CONFIRMATION_READY` will not catch this. A human at Springer Nature manuscript intake will.	Update IF20-50 distance report and journal routing table with the reviewer-specific risk.	codex_or_authors	open_external_review_item	no	E:/4实验数据/10新算法/SheafSignal/external_ai_review_packet/returned_reviews/reviewer4_code_review.md	NA
P1	journal_fit	major	Required fix:** `scripts/check_author_confirmation_preflight.py` should add a check that every author in `pyproject.toml`'s `authors` list has a non-empty `email` field, and emit `BLOCKING` if any is missing. Then re-run; the audit will correctly become `BLOCKED`.	Update IF20-50 distance report and journal routing table with the reviewer-specific risk.	codex_or_authors	fixed_round2	yes	E:/4实验数据/10新算法/SheafSignal/external_ai_review_packet/returned_reviews/reviewer4_code_review.md	check_author_confirmation_preflight.py now reads pyproject.toml and blocks any project author without a non-empty email; pyproject.toml includes Han Yan email.
P3	code_quality	comment	### F5. The permutation test silently skips failed permutations and reports p-values at the floor with no transparency about the count of skipped or floor-hitting permutations. **[direct + inferred]	Map concern to source files, tests, packaging, CLI behavior, and add regression coverage.	codex_or_authors	open_external_review_item	no	E:/4实验数据/10新算法/SheafSignal/external_ai_review_packet/returned_reviews/reviewer4_code_review.md	NA
P3	statistics	comment	1. **Silent ValueError skip.** If a permutation produces no surviving edges (e.g., all permuted `sender_ligand × receiver_receptor` fall below `min_communication`, which is plausible when label-shuffles destroy LR co-expression structure), the permutation is silently dropped. There is no log, no warning, no aggregate count of skipped permutations in the output. The provenance file (`provenance.py`) records `n_permutations` requested but the result tables only carry `n_permutations` = `completed`. A reviewer cannot tell whether 9000 of 10000 perms failed.	Map concern to permutation/FDR/bootstrap/sensitivity outputs and rerun if needed.	codex_or_authors	open_external_review_item	no	E:/4实验数据/10新算法/SheafSignal/external_ai_review_packet/returned_reviews/reviewer4_code_review.md	NA
P3	code_quality	comment	"2. **Resolution-floor p-values.** Under the standard `(ge + 1) / (completed + 1)` formula, a confirmatory test where zero null permutations match or exceed the observed statistic will report `p = 1/(completed + 1)`. With `completed = 10000`, this is exactly `9.999e-05`. The bundle's `CONFIRMATORY_PERMUTATION_STATUS.md` reports four tests all hitting this floor. The output table provides no field like `null_count_at_or_above_observed` to distinguish ""p exactly at floor"" from ""p smaller than floor cannot be measured at this n""."	Map concern to source files, tests, packaging, CLI behavior, and add regression coverage.	codex_or_authors	open_external_review_item	no	E:/4实验数据/10新算法/SheafSignal/external_ai_review_packet/returned_reviews/reviewer4_code_review.md	NA
P3	statistics	comment	"warnings.warn(f""permutation skipped: {exc}"")"	Map concern to permutation/FDR/bootstrap/sensitivity outputs and rerun if needed.	codex_or_authors	open_external_review_item	no	E:/4实验数据/10新算法/SheafSignal/external_ai_review_packet/returned_reviews/reviewer4_code_review.md	NA
P3	methods	comment	## 3. Algorithm implementation review	Map concern to formal sheaf API, Hodge target, novelty table, and simulation baselines.	codex_or_authors	open_external_review_item	no	E:/4实验数据/10新算法/SheafSignal/external_ai_review_packet/returned_reviews/reviewer4_code_review.md	NA
P3	methods	comment	### Formal sheaf API — `src/sheafsignal/sheaf.py`	Map concern to formal sheaf API, Hodge target, novelty table, and simulation baselines.	codex_or_authors	open_external_review_item	no	E:/4实验数据/10新算法/SheafSignal/external_ai_review_packet/returned_reviews/reviewer4_code_review.md	NA
P3	methods	comment	"The `sheaf_laplacian` function (lines 74–94) constructs `B^T diag(W) B` where `B` is the standard incidence matrix with `-1` at sender, `+1` at receiver. This is **mathematically identical to the standard weighted graph Laplacian** (cf. Lim 2020, eq. 2.3; Jiang et al. 2011). The ""restrictions"" returned in `SheafLaplacian.restrictions` are a DataFrame containing only the constants `-1.0` and `+1.0` for every edge — there is no per-channel, per-LR-pair, or per-pathway structure. Cellular-sheaf machinery in the sense of Hansen & Ghrist 2019 requires **non-trivial restriction maps** (non-constant, non-`±1`); this module does not implement them."	Map concern to formal sheaf API, Hodge target, novelty table, and simulation baselines.	codex_or_authors	open_external_review_item	no	E:/4实验数据/10新算法/SheafSignal/external_ai_review_packet/returned_reviews/reviewer4_code_review.md	NA
P3	code_quality	comment	The unit test `test_restriction_table_and_laplacian_are_rank_one_sheaf_contract` (`tests/test_formal_sheaf.py:43-58`) confirms:	Map concern to source files, tests, packaging, CLI behavior, and add regression coverage.	codex_or_authors	open_external_review_item	no	E:/4实验数据/10新算法/SheafSignal/external_ai_review_packet/returned_reviews/reviewer4_code_review.md	NA
P3	methods	comment	"…where `laplacian.matrix.loc[""B"", ""B""] = 3.0` is the standard weighted degree of node B (1 + 2 = 3 from the two test edges). The test enforces standard-graph-Laplacian behaviour and gives it the name ""rank-one sheaf contract""."	Map concern to formal sheaf API, Hodge target, novelty table, and simulation baselines.	codex_or_authors	open_external_review_item	no	E:/4实验数据/10新算法/SheafSignal/external_ai_review_packet/returned_reviews/reviewer4_code_review.md	NA
P1	methods	major	Verdict:** the formal sheaf API exists in name only. See F1 for the required fix.	Map concern to formal sheaf API, Hodge target, novelty table, and simulation baselines.	codex_or_authors	open_external_review_item	yes	E:/4实验数据/10新算法/SheafSignal/external_ai_review_packet/returned_reviews/reviewer4_code_review.md	NA
P3	methods	comment	### Hodge decomposition — `src/sheafsignal/hodge.py`	Map concern to formal sheaf API, Hodge target, novelty table, and simulation baselines.	codex_or_authors	open_external_review_item	no	E:/4实验数据/10新算法/SheafSignal/external_ai_review_packet/returned_reviews/reviewer4_code_review.md	NA
P3	methods	comment	These are correct implementations of the discrete Hodge decomposition. Use of `np.linalg.pinv` (line 110, 116) is appropriate for small graphs.	Map concern to formal sheaf API, Hodge target, novelty table, and simulation baselines.	codex_or_authors	open_external_review_item	no	E:/4实验数据/10新算法/SheafSignal/external_ai_review_packet/returned_reviews/reviewer4_code_review.md	NA
P3	statistics	comment	### Permutation + FDR — `src/sheafsignal/stats.py`	Map concern to permutation/FDR/bootstrap/sensitivity outputs and rerun if needed.	codex_or_authors	open_external_review_item	no	E:/4实验数据/10新算法/SheafSignal/external_ai_review_packet/returned_reviews/reviewer4_code_review.md	NA
P3	statistics	comment	Permutation logic (`_permuted_labels` lines 76–100) correctly handles stratified shuffles: within-stratum label shuffle, single-cell strata are skipped (line 95). Determinism via `np.random.default_rng(seed)` is enforced.	Map concern to permutation/FDR/bootstrap/sensitivity outputs and rerun if needed.	codex_or_authors	open_external_review_item	no	E:/4实验数据/10新算法/SheafSignal/external_ai_review_packet/returned_reviews/reviewer4_code_review.md	NA
P3	statistics	comment	BH-FDR (`benjamini_hochberg` lines 30–48) is correctly implemented (NaN-preserving, monotone non-decreasing via `np.minimum.accumulate`).	Map concern to permutation/FDR/bootstrap/sensitivity outputs and rerun if needed.	codex_or_authors	open_external_review_item	no	E:/4实验数据/10新算法/SheafSignal/external_ai_review_packet/returned_reviews/reviewer4_code_review.md	NA
P3	code_quality	comment	2. `fill_value=0.0` for missing permuted edges (lines 191, 194) biases toward conservative — observed positive vs perm 0 always counts as observed-larger, which is conservative for FDR control. This is documented neither in code nor in the manuscript.	Map concern to source files, tests, packaging, CLI behavior, and add regression coverage.	codex_or_authors	open_external_review_item	no	E:/4实验数据/10新算法/SheafSignal/external_ai_review_packet/returned_reviews/reviewer4_code_review.md	NA
P3	code_quality	comment	"4. The pooled FDR family is constructed in `scripts/build_pooled_fdr_audit.py` (not inspected in detail here, but `tests/test_confirmatory_permutation_subset.py` shows the pooled audit consumes 4 hand-selected tests with hardcoded `family` strings: `global_metrics`, `node_frustration`, `edge_sheaf_energy`, `edge_curl`). The test fixture (lines 25–61 of `test_confirmatory_permutation_subset.py`) hardcodes p=0.001 for all four ""selected"" tests — this is fixture-level evidence that the four tests were chosen because they were the most significant in the 1000-perm pre-screen, not pre-registered. See R3.F1 for the inferential consequence."	Map concern to source files, tests, packaging, CLI behavior, and add regression coverage.	codex_or_authors	open_external_review_item	no	E:/4实验数据/10新算法/SheafSignal/external_ai_review_packet/returned_reviews/reviewer4_code_review.md	NA
P3	code_quality	comment	"1. `write_provenance` does not record the tool version (e.g., `sheafsignal.__version__`). If the user upgrades the package mid-project, two provenance files at the same hash inputs and parameters will produce different code-version-derived results without record. Add `import sheafsignal; payload[""sheafsignal_version""] = sheafsignal.__version__`."	Map concern to source files, tests, packaging, CLI behavior, and add regression coverage.	codex_or_authors	open_external_review_item	no	E:/4实验数据/10新算法/SheafSignal/external_ai_review_packet/returned_reviews/reviewer4_code_review.md	NA
P2	general	minor	2. No record of `git rev-parse HEAD` or `git diff --shortstat` to capture in-flight modifications. Optional but recommended for a methods paper.	Record as optional polishing unless repeated by another reviewer.	codex_or_authors	open_external_review_item	no	E:/4实验数据/10新算法/SheafSignal/external_ai_review_packet/returned_reviews/reviewer4_code_review.md	NA
P3	code_quality	comment	### Source vs test consistency	Map concern to source files, tests, packaging, CLI behavior, and add regression coverage.	codex_or_authors	open_external_review_item	no	E:/4实验数据/10新算法/SheafSignal/external_ai_review_packet/returned_reviews/reviewer4_code_review.md	NA
P3	methods	comment	`sheaf.py` | `test_formal_sheaf.py` | 2 | Tests assert legacy-equivalence (see F1)	Map concern to formal sheaf API, Hodge target, novelty table, and simulation baselines.	codex_or_authors	open_external_review_item	no	E:/4实验数据/10新算法/SheafSignal/external_ai_review_packet/returned_reviews/reviewer4_code_review.md	NA
P3	methods	comment	`hodge.py` | `test_hodge.py` | 2 | Triangle and tree scenarios	Map concern to formal sheaf API, Hodge target, novelty table, and simulation baselines.	codex_or_authors	open_external_review_item	no	E:/4实验数据/10新算法/SheafSignal/external_ai_review_packet/returned_reviews/reviewer4_code_review.md	NA
P3	code_quality	comment	`stats.py` | `test_stats.py` | 4 | BH monotonicity + integration; no test of `(ge+1)/(completed+1)` floor or skipped-permutation handling	Map concern to source files, tests, packaging, CLI behavior, and add regression coverage.	codex_or_authors	open_external_review_item	no	E:/4实验数据/10新算法/SheafSignal/external_ai_review_packet/returned_reviews/reviewer4_code_review.md	NA
P3	code_quality	comment	`simulate.py` | `test_simulate.py` | 2 | Does not test `sheaf_ground_truth_recovery` AP=1.00 issue	Map concern to source files, tests, packaging, CLI behavior, and add regression coverage.	codex_or_authors	open_external_review_item	no	E:/4实验数据/10新算法/SheafSignal/external_ai_review_packet/returned_reviews/reviewer4_code_review.md	NA
P3	code_quality	comment	`core.py` | **MISSING** | 0 | **central science module has no dedicated test file	Map concern to source files, tests, packaging, CLI behavior, and add regression coverage.	codex_or_authors	open_external_review_item	no	E:/4实验数据/10新算法/SheafSignal/external_ai_review_packet/returned_reviews/reviewer4_code_review.md	NA
P3	code_quality	comment	`adapters.py` | **MISSING** | 0 | **38 KB module, biggest in src/, no dedicated test	Map concern to source files, tests, packaging, CLI behavior, and add regression coverage.	codex_or_authors	open_external_review_item	no	E:/4实验数据/10新算法/SheafSignal/external_ai_review_packet/returned_reviews/reviewer4_code_review.md	NA
P3	code_quality	comment	`cli.py` | **MISSING** | 0	Map concern to source files, tests, packaging, CLI behavior, and add regression coverage.	codex_or_authors	open_external_review_item	no	E:/4实验数据/10新算法/SheafSignal/external_ai_review_packet/returned_reviews/reviewer4_code_review.md	NA
P0	code_quality	fatal	Of 80 total test files, **7 cover `src/sheafsignal/` modules** and **72 cover `scripts/` (manuscript-infrastructure tooling)** — a 9:1 ratio of process-machinery tests to science-machinery tests. The Round-1 SingleCell-FATAL finding (annotation-state inconsistency between `metadata.csv` and `lesion_frustration_by_cell_type.csv`) is the kind of bug `test_adapters.py` would catch; the absence of that test file is concerning.	Map concern to source files, tests, packaging, CLI behavior, and add regression coverage.	codex_or_authors	open_external_review_item	yes	E:/4实验数据/10新算法/SheafSignal/external_ai_review_packet/returned_reviews/reviewer4_code_review.md	NA
P3	reproducibility	comment	`envs/environment.yml` | `>=` constraints | `python>=3.9, numpy>=1.23` etc. — not pinned. Does **not** reference the lockfile.	Check release blockers, GitHub/Zenodo identifiers, and public clean-clone evidence.	codex_or_authors	open_external_review_item	no	E:/4实验数据/10新算法/SheafSignal/external_ai_review_packet/returned_reviews/reviewer4_code_review.md	NA
P3	reproducibility	comment	The CI matrix tests Python 3.9, 3.10, 3.11 (`.github/workflows/ci.yml:11`) but only 3.11 has a lockfile. CI installs from `pyproject.toml` `>=` constraints, not from the lockfile. **The advertised environment lock is not the environment CI tests.	Check release blockers, GitHub/Zenodo identifiers, and public clean-clone evidence.	codex_or_authors	open_external_review_item	no	E:/4实验数据/10新算法/SheafSignal/external_ai_review_packet/returned_reviews/reviewer4_code_review.md	NA
P3	code_quality	comment	Pipeline CLI takes `--random-seed` (default 1, plumbed correctly to `permutation_test`). ✓	Map concern to source files, tests, packaging, CLI behavior, and add regression coverage.	codex_or_authors	open_external_review_item	no	E:/4实验数据/10新算法/SheafSignal/external_ai_review_packet/returned_reviews/reviewer4_code_review.md	NA
P3	reproducibility	comment	### Clean-clone reproducibility	Check release blockers, GitHub/Zenodo identifiers, and public clean-clone evidence.	codex_or_authors	open_external_review_item	no	E:/4实验数据/10新算法/SheafSignal/external_ai_review_packet/returned_reviews/reviewer4_code_review.md	NA
P3	code_quality	comment	The CI workflow (`.github/workflows/ci.yml`) runs `pytest -q`, the demo pipeline, and `prepare_public_datasets.py --include-demo` + `run_tme_benchmark.py --include-demo` + `make_publication_figures.py`. ✓ This is a real clean-clone smoke test for demo-scale paths.	Map concern to source files, tests, packaging, CLI behavior, and add regression coverage.	codex_or_authors	open_external_review_item	no	E:/4实验数据/10新算法/SheafSignal/external_ai_review_packet/returned_reviews/reviewer4_code_review.md	NA
P3	single_cell	comment	However, the GSE154778 / GSE72056 / GSE176078 / GSE103322 / Visium adapters require download steps that CI cannot perform (large public files, network bandwidth). **There is no offline regression fixture for any real public dataset.** A reviewer cannot verify that the published numbers regenerate without manually downloading 5–10 GB of data.	Map concern to annotation validation, claim gating, and sample-level robustness outputs.	codex_or_authors	open_external_review_item	no	E:/4实验数据/10新算法/SheafSignal/external_ai_review_packet/returned_reviews/reviewer4_code_review.md	NA
P3	code_quality	comment	`_bootstrap.py` adds `src/` to `sys.path`. ✓	Map concern to source files, tests, packaging, CLI behavior, and add regression coverage.	codex_or_authors	open_external_review_item	no	E:/4实验数据/10新算法/SheafSignal/external_ai_review_packet/returned_reviews/reviewer4_code_review.md	NA
P3	code_quality	comment	Exception:** the five Windows-`D:\`-rooted paths in §F3 above. These are absolute and break clean-clone on non-Windows.	Map concern to source files, tests, packaging, CLI behavior, and add regression coverage.	codex_or_authors	open_external_review_item	no	E:/4实验数据/10新算法/SheafSignal/external_ai_review_packet/returned_reviews/reviewer4_code_review.md	NA
P3	security_privacy	comment	## 5. Security and privacy review	Check source/review bundles for credentials, raw data, private paths, and unsafe file inclusion.	codex_or_authors	open_external_review_item	no	E:/4实验数据/10新算法/SheafSignal/external_ai_review_packet/returned_reviews/reviewer4_code_review.md	NA
P3	security_privacy	comment	✓ Correctly excludes raw data, processed omics objects (`.h5ad`, `.loom`, `.rds`), sequencing data (`.fastq`, `.bam`, `.vcf`), images, and credentials directories. The verified bundle SHA256 confirms only the included file set was packaged.	Check source/review bundles for credentials, raw data, private paths, and unsafe file inclusion.	codex_or_authors	open_external_review_item	no	E:/4实验数据/10新算法/SheafSignal/external_ai_review_packet/returned_reviews/reviewer4_code_review.md	NA
P3	security_privacy	comment	"`publish_github_release_after_auth.py:268`: `env[""GH_TOKEN""] = _read_token(token_path)` — token passed to subprocess via env var, never logged or printed. ✓"	Check source/review bundles for credentials, raw data, private paths, and unsafe file inclusion.	codex_or_authors	open_external_review_item	no	E:/4实验数据/10新算法/SheafSignal/external_ai_review_packet/returned_reviews/reviewer4_code_review.md	NA
P3	security_privacy	comment	Token files are not in the bundle.	Check source/review bundles for credentials, raw data, private paths, and unsafe file inclusion.	codex_or_authors	open_external_review_item	no	E:/4实验数据/10新算法/SheafSignal/external_ai_review_packet/returned_reviews/reviewer4_code_review.md	NA
P2	general	minor	`envs/requirements-py311-lock.txt:4`: `# Executable: D:\BioSoft\python\Python311\python.exe` — leaks dev OS, install layout, and Python distribution. Minor but present.	Record as optional polishing unless repeated by another reviewer.	codex_or_authors	open_external_review_item	no	E:/4实验数据/10新算法/SheafSignal/external_ai_review_packet/returned_reviews/reviewer4_code_review.md	NA
P2	code_quality	minor	`scripts/publish_github_release_after_auth.py:24`: `D:\BioSoft\GitHubCLI\gh_2.92.0\bin\gh.exe` — leaks GitHub CLI install path including version. Minor.	Map concern to source files, tests, packaging, CLI behavior, and add regression coverage.	codex_or_authors	open_external_review_item	no	E:/4实验数据/10新算法/SheafSignal/external_ai_review_packet/returned_reviews/reviewer4_code_review.md	NA
P3	reproducibility	comment	These are not credentials; they are environment fingerprints. Should be removed in a public release for cleanliness, not for security.	Check release blockers, GitHub/Zenodo identifiers, and public clean-clone evidence.	codex_or_authors	open_external_review_item	no	E:/4实验数据/10新算法/SheafSignal/external_ai_review_packet/returned_reviews/reviewer4_code_review.md	NA
P3	security_privacy	comment	### Unsafe network behaviour	Check source/review bundles for credentials, raw data, private paths, and unsafe file inclusion.	codex_or_authors	open_external_review_item	no	E:/4实验数据/10新算法/SheafSignal/external_ai_review_packet/returned_reviews/reviewer4_code_review.md	NA
P2	general	minor	Optional SHA256 verification post-download via `sha256sum` (lines 26-31).	Record as optional polishing unless repeated by another reviewer.	codex_or_authors	open_external_review_item	no	E:/4实验数据/10新算法/SheafSignal/external_ai_review_packet/returned_reviews/reviewer4_code_review.md	NA
P2	general	minor	No security blockers identified.** Minor info-disclosure cleanups noted above.	Record as optional polishing unless repeated by another reviewer.	codex_or_authors	open_external_review_item	no	E:/4实验数据/10新算法/SheafSignal/external_ai_review_packet/returned_reviews/reviewer4_code_review.md	NA
P1	journal_fit	major	## 6. Required fixes before any 20–50 IF submission	Update IF20-50 distance report and journal routing table with the reviewer-specific risk.	codex_or_authors	open_external_review_item	yes	E:/4实验数据/10新算法/SheafSignal/external_ai_review_packet/returned_reviews/reviewer4_code_review.md	NA
P1	general	major	### P0 blockers (must fix before submission)	Add to response matrix and assign an owner before submission.	codex_or_authors	open_external_review_item	yes	E:/4实验数据/10新算法/SheafSignal/external_ai_review_packet/returned_reviews/reviewer4_code_review.md	NA
P3	methods	comment	"P0.1 | Resolve F1 — either implement non-trivial sheaf or rename ""sheaf"" → ""graph coboundary"" in code, manuscript, and tests. Rewrite `test_cellular_sheaf_residual_matches_legacy_mismatch` to either prove non-equivalence (option a) or rename it (option b). | M (option b) — H (option a)"	Map concern to formal sheaf API, Hodge target, novelty table, and simulation baselines.	codex_or_authors	open_external_review_item	no	E:/4实验数据/10新算法/SheafSignal/external_ai_review_packet/returned_reviews/reviewer4_code_review.md	NA
P3	code_quality	comment	P0.3 | Resolve F3 — replace `D:\` defaults with cross-platform path resolution in 5 scripts. Update tests to assert resolution behaviour, not the literal Windows string. | S	Map concern to source files, tests, packaging, CLI behavior, and add regression coverage.	codex_or_authors	open_external_review_item	no	E:/4实验数据/10新算法/SheafSignal/external_ai_review_packet/returned_reviews/reviewer4_code_review.md	NA
P3	statistics	comment	P0.5 | Resolve F5 — add `n_permutations_skipped` and `null_at_or_above_observed` columns to permutation result tables. Update Methods to report `p < 1/(n+1)` when null count is zero. | S	Map concern to permutation/FDR/bootstrap/sensitivity outputs and rerun if needed.	codex_or_authors	open_external_review_item	no	E:/4实验数据/10新算法/SheafSignal/external_ai_review_packet/returned_reviews/reviewer4_code_review.md	NA
P3	statistics	comment	P1.1 Add `test_core.py` with at least 4 tests: `compute_sheaf_energy` symmetry under sender↔receiver swap; `build_directed_lr_edges` `min_communication` filter behaviour; `make_cell_type_profiles` agreement under cell-id permutation; `compute_pathway_scores` handling of missing genes.	Map concern to permutation/FDR/bootstrap/sensitivity outputs and rerun if needed.	codex_or_authors	open_external_review_item	no	E:/4实验数据/10新算法/SheafSignal/external_ai_review_packet/returned_reviews/reviewer4_code_review.md	NA
P3	code_quality	comment	"P1.2 Add `test_adapters.py` covering at least the GSE154778 and GSE72056 adapters with synthetic input fixtures. The Round-1 ""annotation-state inconsistency"" bug class would have been caught here."	Map concern to source files, tests, packaging, CLI behavior, and add regression coverage.	codex_or_authors	open_external_review_item	no	E:/4实验数据/10新算法/SheafSignal/external_ai_review_packet/returned_reviews/reviewer4_code_review.md	NA
P3	single_cell	comment	"P1.6 Add per-cluster resolution-sensitivity output to `reannotate_gse154778_scanpy.py`: instead of hardcoding `primary_cluster_key = ""leiden_0_6""` (line 285), produce annotation tables for each of the 6 resolutions and an ARI-vs-resolution comparison."	Map concern to annotation validation, claim gating, and sample-level robustness outputs.	codex_or_authors	open_external_review_item	no	E:/4实验数据/10新算法/SheafSignal/external_ai_review_packet/returned_reviews/reviewer4_code_review.md	NA
P2	general	minor	### P2 optional improvements	Record as optional polishing unless repeated by another reviewer.	codex_or_authors	open_external_review_item	no	E:/4实验数据/10新算法/SheafSignal/external_ai_review_packet/returned_reviews/reviewer4_code_review.md	NA
P3	code_quality	comment	P2.3 Add a sensitivity test for the `margin >= 0.05` annotation threshold in `_label_clusters_from_marker_scores`.	Map concern to source files, tests, packaging, CLI behavior, and add regression coverage.	codex_or_authors	open_external_review_item	no	E:/4实验数据/10新算法/SheafSignal/external_ai_review_packet/returned_reviews/reviewer4_code_review.md	NA
P3	statistics	comment	P2.4 Document the `fill_value=0.0` and `EPS` choices in `stats.py` permutation logic in the Methods section.	Map concern to permutation/FDR/bootstrap/sensitivity outputs and rerun if needed.	codex_or_authors	open_external_review_item	no	E:/4实验数据/10新算法/SheafSignal/external_ai_review_packet/returned_reviews/reviewer4_code_review.md	NA
P3	methods	comment	P2.5 Replace `np.linalg.pinv` (Hodge module) with a more numerically stable solver for graphs > 100 nodes (`scipy.sparse.linalg.lsqr` or QR-based) — not pressing for current 7–8 cell-type graphs but matters if the framework scales to spot-level Visium with thousands of vertices.	Map concern to formal sheaf API, Hodge target, novelty table, and simulation baselines.	codex_or_authors	open_external_review_item	no	E:/4实验数据/10新算法/SheafSignal/external_ai_review_packet/returned_reviews/reviewer4_code_review.md	NA
P3	code_quality	comment	## 7. Claims that the code does not support	Map concern to source files, tests, packaging, CLI behavior, and add regression coverage.	codex_or_authors	open_external_review_item	no	E:/4实验数据/10新算法/SheafSignal/external_ai_review_packet/returned_reviews/reviewer4_code_review.md	NA
P3	code_quality	comment	Claim location | Claim | Code reality	Map concern to source files, tests, packaging, CLI behavior, and add regression coverage.	codex_or_authors	open_external_review_item	no	E:/4实验数据/10新算法/SheafSignal/external_ai_review_packet/returned_reviews/reviewer4_code_review.md	NA
P3	methods	comment	"`SCI_MANUSCRIPT_V2_POLISHED.md` line 17–19; `README.md` lines 3–8 | ""rank-one cellular sheaf layer"" | `sheaf.py` implements only `±1` restriction maps and `B^T diag(W) B` Laplacian. The unit test `test_formal_sheaf.py` proves this is identical to the legacy direct subtraction. The ""cellular sheaf"" terminology is not justified by the implementation."	Map concern to formal sheaf API, Hodge target, novelty table, and simulation baselines.	codex_or_authors	open_external_review_item	no	E:/4实验数据/10新算法/SheafSignal/external_ai_review_packet/returned_reviews/reviewer4_code_review.md	NA
P3	methods	comment	`SCI_MANUSCRIPT_V2_POLISHED.md` line 67 cite `cellular_sheaves_hansen_2019` | Cellular-sheaf-theoretic framing | Hansen & Ghrist 2019 motivates cellular sheaves by *non-trivial* restriction maps and higher-rank stalks; this codebase implements neither. The citation overreaches the implementation.	Map concern to formal sheaf API, Hodge target, novelty table, and simulation baselines.	codex_or_authors	open_external_review_item	no	E:/4实验数据/10新算法/SheafSignal/external_ai_review_packet/returned_reviews/reviewer4_code_review.md	NA
P1	general	major	"`EXTERNAL_AI_REVIEW_ROUTING_2026-05-04.md` ""Decision: SHAREABLE_REVIEW_BUNDLE_READY"", ""Missing required files: 0"" | The bundle's audit script verifies presence of declared evidence | The previous beta-review bundle was missing 11 of 22 required files per its own evidence index, yet the audit reported `0`. The integrity script is a no-op for filesystem presence."	Add to response matrix and assign an owner before submission.	codex_or_authors	open_external_review_item	yes	E:/4实验数据/10新算法/SheafSignal/external_ai_review_packet/returned_reviews/reviewer4_code_review.md	NA
P3	security_privacy	comment	"`IF20_50_DISTANCE_REPORT.md` ""Submission infrastructure index: 100.0%"", ""Live release blocking gates: 0 of 7"" | Public-release machinery is complete | `pyproject.toml` references `https://github.com/healthgreat/SheafSignal` but the bundle does not contain evidence the repository was successfully published; the dashboard one day earlier reports 7 active blockers including a missing `workflow` token scope."	Check source/review bundles for credentials, raw data, private paths, and unsafe file inclusion.	codex_or_authors	open_external_review_item	no	E:/4实验数据/10新算法/SheafSignal/external_ai_review_packet/returned_reviews/reviewer4_code_review.md	NA
P1	journal_fit	major	### Critical (would catch bugs that journal reviewers will exploit)	Update IF20-50 distance report and journal routing table with the reviewer-specific risk.	codex_or_authors	open_external_review_item	yes	E:/4实验数据/10新算法/SheafSignal/external_ai_review_packet/returned_reviews/reviewer4_code_review.md	NA
P3	methods	comment	Sheaf energy is non-negative.	Map concern to formal sheaf API, Hodge target, novelty table, and simulation baselines.	codex_or_authors	open_external_review_item	no	E:/4实验数据/10新算法/SheafSignal/external_ai_review_packet/returned_reviews/reviewer4_code_review.md	NA
P0	code_quality	fatal	For a synthetic 200-cell fixture, the metadata.csv `cell_type` column matches the `lesion_frustration_by_cell_type.csv` cell-type counts exactly. (This is the Round-1 SingleCell-FATAL bug class.)	Map concern to source files, tests, packaging, CLI behavior, and add regression coverage.	codex_or_authors	open_external_review_item	yes	E:/4实验数据/10新算法/SheafSignal/external_ai_review_packet/returned_reviews/reviewer4_code_review.md	NA
P3	single_cell	comment	After `run_scanpy_reannotation`, an annotation table for every resolution in `RESOLUTIONS` is written, and an ARI-vs-resolution table summarises stability.	Map concern to annotation validation, claim gating, and sample-level robustness outputs.	codex_or_authors	open_external_review_item	no	E:/4实验数据/10新算法/SheafSignal/external_ai_review_packet/returned_reviews/reviewer4_code_review.md	NA
P3	methods	comment	10. `tests/test_formal_sheaf.py::test_cellular_sheaf_residual_matches_legacy_mismatch` should be **renamed** or **inverted**. As-is, it is a tombstone for the methods novelty claim.	Map concern to formal sheaf API, Hodge target, novelty table, and simulation baselines.	codex_or_authors	open_external_review_item	no	E:/4实验数据/10新算法/SheafSignal/external_ai_review_packet/returned_reviews/reviewer4_code_review.md	NA
P3	methods	comment	"The codebase is engineered with discipline: atomic writes, deterministic seeds, provenance hashing, resumable downloads, strict scope gating in CI, and good exclusion lists in the bundle packager. The author team has clearly invested in process. **But the central methods-novelty claim does not survive the code: the ""rank-one cellular sheaf"" is a relabeling (with the test suite candidly admitting this), and the synthetic benchmark is circular by construction.** Combined with hardcoded Windows paths that break clean-clone reproducibility on non-Windows, an author-metadata audit that reports `READY` while the email is missing, and a 9:1 process-tests-to-science-tests ratio, the most likely reviewer criticisms at Nature Methods are:"	Map concern to formal sheaf API, Hodge target, novelty table, and simulation baselines.	codex_or_authors	open_external_review_item	no	E:/4实验数据/10新算法/SheafSignal/external_ai_review_packet/returned_reviews/reviewer4_code_review.md	NA
P3	methods	comment	"1. *""The cellular-sheaf framing is not implemented; the package is a graph-Hodge consistency residual.""* ← Code-grounded."	Map concern to formal sheaf API, Hodge target, novelty table, and simulation baselines.	codex_or_authors	open_external_review_item	no	E:/4实验数据/10新算法/SheafSignal/external_ai_review_packet/returned_reviews/reviewer4_code_review.md	NA
P3	code_quality	comment	"2. *""The synthetic benchmark is a tautology; SheafSignal scores the residual definition, the simulator generates ground truth from the residual definition, and the baselines are pathway-blind by design.""* ← Code-grounded."	Map concern to source files, tests, packaging, CLI behavior, and add regression coverage.	codex_or_authors	open_external_review_item	no	E:/4实验数据/10新算法/SheafSignal/external_ai_review_packet/returned_reviews/reviewer4_code_review.md	NA
P3	code_quality	comment	"3. *""Reproducibility cannot be checked without a Windows machine and `D:\secrets\…`.""* ← Code-grounded."	Map concern to source files, tests, packaging, CLI behavior, and add regression coverage.	codex_or_authors	open_external_review_item	no	E:/4实验数据/10新算法/SheafSignal/external_ai_review_packet/returned_reviews/reviewer4_code_review.md	NA
P3	methods	comment	Each is fixable. Two are fixable in days (P0.3, P0.4, P0.5 are small lifts). One is the strategic decision the author team has been deferring (P0.1 — implement a non-trivial sheaf, or drop the word). Without that decision, the submission target should drop from Nature Methods to **Bioinformatics / Cell Reports Methods / PLOS Comp Bio**, where the present implementation — a careful graph-Hodge consistency analysis with strong claim discipline and disciplined reproducibility process — is genuinely defensible.	Map concern to formal sheaf API, Hodge target, novelty table, and simulation baselines.	codex_or_authors	open_external_review_item	no	E:/4实验数据/10新算法/SheafSignal/external_ai_review_packet/returned_reviews/reviewer4_code_review.md	NA
