bootstrap,cell_type,frustration_score,frustration_rank,is_top_frustration_source,outgoing_sheaf_energy,incoming_sheaf_energy,curl_participation,bootstrap_note
1,Myeloid,0.9040357757899296,1,True,42.43677905358191,1.9387548744840237,0.42698687414193887,"bootstrap over current coarse marker-based annotations; top frustration source is a computational stability result, not an independently validated biological conclusion"
1,Unknown,0.03585422657932066,2,False,1.6830505298910357,3.3271775462131696,0.4455012109185816,"bootstrap over current coarse marker-based annotations; top frustration source is a computational stability result, not an independently validated biological conclusion"
1,Tumor/Epithelial,0.01817622067983776,3,False,0.8532187350057453,8.640312816770262,0.2741315512139932,"bootstrap over current coarse marker-based annotations; top frustration source is a computational stability result, not an independently validated biological conclusion"
1,CAF/Fibroblast,0.013259054536977491,4,False,0.6223996692536362,5.494210409417184,0.14188521457576747,"bootstrap over current coarse marker-based annotations; top frustration source is a computational stability result, not an independently validated biological conclusion"
1,T/NK,0.009743500187564987,5,False,0.4573743382079495,8.452283356383838,0.2168516819986608,"bootstrap over current coarse marker-based annotations; top frustration source is a computational stability result, not an independently validated biological conclusion"
1,B/Plasma,0.00964103596691577,6,False,0.4525645158435758,13.434719024377644,0.3498759420944302,"bootstrap over current coarse marker-based annotations; top frustration source is a computational stability result, not an independently validated biological conclusion"
1,Endothelial,0.009290186259453628,7,False,0.43609511063273104,5.654023924770464,0.14476752505662843,"bootstrap over current coarse marker-based annotations; top frustration source is a computational stability result, not an independently validated biological conclusion"
2,Myeloid,0.9060666098127503,1,True,45.40908287308467,1.920732576880505,0.45562503900093587,"bootstrap over current coarse marker-based annotations; top frustration source is a computational stability result, not an independently validated biological conclusion"
2,Unknown,0.030533677048339227,2,False,1.5302476181023574,12.030096770530786,0.47010998078295047,"bootstrap over current coarse marker-based annotations; top frustration source is a computational stability result, not an independently validated biological conclusion"
2,Tumor/Epithelial,0.02051151544921982,3,False,1.027969792506388,7.292989915126197,0.2617149242435296,"bootstrap over current coarse marker-based annotations; top frustration source is a computational stability result, not an independently validated biological conclusion"
2,T/NK,0.015974609878147236,4,False,0.8005949849226826,7.568498929953619,0.1882711376455001,"bootstrap over current coarse marker-based annotations; top frustration source is a computational stability result, not an independently validated biological conclusion"
2,CAF/Fibroblast,0.014854258260555473,5,False,0.7444466411924874,4.331392056284164,0.16622100458954903,"bootstrap over current coarse marker-based annotations; top frustration source is a computational stability result, not an independently validated biological conclusion"
2,Endothelial,0.00892088246003356,6,False,0.4470853318526195,6.520793458171658,0.13679996752152218,"bootstrap over current coarse marker-based annotations; top frustration source is a computational stability result, not an independently validated biological conclusion"
2,B/Plasma,0.0031384470909541994,7,False,0.15728866123361834,10.452212195947894,0.3212579462160128,"bootstrap over current coarse marker-based annotations; top frustration source is a computational stability result, not an independently validated biological conclusion"
3,Myeloid,0.8296648048007733,1,True,23.46348866743611,1.6258882855211019,0.4621387473442976,"bootstrap over current coarse marker-based annotations; top frustration source is a computational stability result, not an independently validated biological conclusion"
3,Unknown,0.05777323668654728,2,False,1.6338666849938466,2.305083507762509,0.3236916761977479,"bootstrap over current coarse marker-based annotations; top frustration source is a computational stability result, not an independently validated biological conclusion"
3,Tumor/Epithelial,0.036974910027492196,3,False,1.0456757685627744,4.2139109372076184,0.31119824492881565,"bootstrap over current coarse marker-based annotations; top frustration source is a computational stability result, not an independently validated biological conclusion"
3,T/NK,0.03079428796638133,4,False,0.8708835454270665,4.2044488585222854,0.2285498753169549,"bootstrap over current coarse marker-based annotations; top frustration source is a computational stability result, not an independently validated biological conclusion"
3,CAF/Fibroblast,0.025524425568091303,5,False,0.7218482290610583,2.6248625665413803,0.12663447732787486,"bootstrap over current coarse marker-based annotations; top frustration source is a computational stability result, not an independently validated biological conclusion"
3,Endothelial,0.012544943278213613,6,False,0.35477958416311933,3.1971155183519397,0.177210533690399,"bootstrap over current coarse marker-based annotations; top frustration source is a computational stability result, not an independently validated biological conclusion"
3,B/Plasma,0.006723391672500838,7,False,0.19014211932533295,10.109374925062477,0.3705764451939102,"bootstrap over current coarse marker-based annotations; top frustration source is a computational stability result, not an independently validated biological conclusion"
4,Myeloid,0.8633959704169945,1,True,28.0282903081909,1.844567188126006,0.40748428543393056,"bootstrap over current coarse marker-based annotations; top frustration source is a computational stability result, not an independently validated biological conclusion"
4,Unknown,0.04480070591665468,2,False,1.4543584108198047,0.5989397809713857,0.2251265779313775,"bootstrap over current coarse marker-based annotations; top frustration source is a computational stability result, not an independently validated biological conclusion"
4,Tumor/Epithelial,0.029796156047301216,3,False,0.9672680211358538,5.046755932449966,0.41265479642384256,"bootstrap over current coarse marker-based annotations; top frustration source is a computational stability result, not an independently validated biological conclusion"
4,CAF/Fibroblast,0.02335953634496305,4,False,0.7583170278466171,3.18565456678689,0.21386602614716343,"bootstrap over current coarse marker-based annotations; top frustration source is a computational stability result, not an independently validated biological conclusion"
4,T/NK,0.021216932768652774,5,False,0.6887620181988555,5.618571207346626,0.16382891891300358,"bootstrap over current coarse marker-based annotations; top frustration source is a computational stability result, not an independently validated biological conclusion"
4,Endothelial,0.012722901953795038,6,False,0.4130216050827627,5.068894695127535,0.14988281989682986,"bootstrap over current coarse marker-based annotations; top frustration source is a computational stability result, not an independently validated biological conclusion"
4,B/Plasma,0.004707796551638655,7,False,0.1528284738200708,11.099462494286454,0.42715657525385226,"bootstrap over current coarse marker-based annotations; top frustration source is a computational stability result, not an independently validated biological conclusion"
5,Myeloid,0.8911244431704662,1,True,37.2602444734511,1.7776828241866007,0.3119914449458085,"bootstrap over current coarse marker-based annotations; top frustration source is a computational stability result, not an independently validated biological conclusion"
5,Unknown,0.03516153127522923,2,False,1.4701956179259685,0.24479148073176724,0.434745064187819,"bootstrap over current coarse marker-based annotations; top frustration source is a computational stability result, not an independently validated biological conclusion"
5,Tumor/Epithelial,0.02026527429831126,3,False,0.8473441397142546,7.077939181021174,0.2828506637039297,"bootstrap over current coarse marker-based annotations; top frustration source is a computational stability result, not an independently validated biological conclusion"
5,T/NK,0.017209435068809977,4,False,0.7195715063459212,9.94221345911461,0.23781608900334122,"bootstrap over current coarse marker-based annotations; top frustration source is a computational stability result, not an independently validated biological conclusion"
5,CAF/Fibroblast,0.01614409036881128,5,False,0.675026657111151,4.3874442972624825,0.13905724394961735,"bootstrap over current coarse marker-based annotations; top frustration source is a computational stability result, not an independently validated biological conclusion"
5,B/Plasma,0.011365394328320748,6,False,0.4752168728575626,12.905090985535692,0.4139156503599641,"bootstrap over current coarse marker-based annotations; top frustration source is a computational stability result, not an independently validated biological conclusion"
5,Endothelial,0.00872983149005125,7,False,0.365017095001981,5.4774541345556225,0.17962384384951982,"bootstrap over current coarse marker-based annotations; top frustration source is a computational stability result, not an independently validated biological conclusion"
6,Myeloid,0.869695116098801,1,True,33.60729369200932,1.7864997561482783,0.447039382696361,"bootstrap over current coarse marker-based annotations; top frustration source is a computational stability result, not an independently validated biological conclusion"
6,Unknown,0.048949706360882264,2,False,1.8915446658905932,4.493958872245872,0.4427074793086388,"bootstrap over current coarse marker-based annotations; top frustration source is a computational stability result, not an independently validated biological conclusion"
6,Tumor/Epithelial,0.027087887637919913,3,False,1.046746817927748,5.887604571129901,0.28293971010271374,"bootstrap over current coarse marker-based annotations; top frustration source is a computational stability result, not an independently validated biological conclusion"
6,CAF/Fibroblast,0.020013274695617384,4,False,0.7733652724779274,3.7129246554503155,0.15515700950700448,"bootstrap over current coarse marker-based annotations; top frustration source is a computational stability result, not an independently validated biological conclusion"
6,T/NK,0.01750897630330628,5,False,0.6765926334175226,6.0692588750201075,0.18148654050516894,"bootstrap over current coarse marker-based annotations; top frustration source is a computational stability result, not an independently validated biological conclusion"
6,Endothelial,0.011192331977065326,6,False,0.4325009775137914,4.969056345475347,0.14341930415380452,"bootstrap over current coarse marker-based annotations; top frustration source is a computational stability result, not an independently validated biological conclusion"
6,B/Plasma,0.0055527069264078785,7,False,0.21457111694328995,11.72331210071037,0.3472505737263087,"bootstrap over current coarse marker-based annotations; top frustration source is a computational stability result, not an independently validated biological conclusion"
7,Myeloid,0.847255951322739,1,True,25.8188158324053,1.460101585807867,0.35796207349977205,"bootstrap over current coarse marker-based annotations; top frustration source is a computational stability result, not an independently validated biological conclusion"
7,Unknown,0.0486121061296185,2,False,1.4813788128917635,1.1974340354769373,0.3573378278589867,"bootstrap over current coarse marker-based annotations; top frustration source is a computational stability result, not an independently validated biological conclusion"
7,T/NK,0.03892138129206132,3,False,1.1860689487677207,5.450060728758647,0.24241268165961125,"bootstrap over current coarse marker-based annotations; top frustration source is a computational stability result, not an independently validated biological conclusion"
7,Tumor/Epithelial,0.028376933548335086,4,False,0.8647431983558658,4.872287868539972,0.30738625985891727,"bootstrap over current coarse marker-based annotations; top frustration source is a computational stability result, not an independently validated biological conclusion"
7,CAF/Fibroblast,0.022604141134505443,5,False,0.6888262703736169,3.094890638533062,0.21024200440534066,"bootstrap over current coarse marker-based annotations; top frustration source is a computational stability result, not an independently validated biological conclusion"
7,Endothelial,0.011299216479640453,6,False,0.34432616127731197,3.829188945736198,0.11566467536950761,"bootstrap over current coarse marker-based annotations; top frustration source is a computational stability result, not an independently validated biological conclusion"
7,B/Plasma,0.0029302700931002237,7,False,0.08929545287329671,10.56949087409219,0.4089944773478646,"bootstrap over current coarse marker-based annotations; top frustration source is a computational stability result, not an independently validated biological conclusion"
8,Myeloid,0.8952099425400054,1,True,30.30954419961517,1.4423722172161595,0.3674653805261389,"bootstrap over current coarse marker-based annotations; top frustration source is a computational stability result, not an independently validated biological conclusion"
8,Unknown,0.035232064407422284,2,False,1.192868580492484,1.3306217480194107,0.37417432306112525,"bootstrap over current coarse marker-based annotations; top frustration source is a computational stability result, not an independently validated biological conclusion"
8,Tumor/Epithelial,0.022447805078478864,3,False,0.7600258977017516,5.057058893772629,0.3492724694554312,"bootstrap over current coarse marker-based annotations; top frustration source is a computational stability result, not an independently validated biological conclusion"
8,T/NK,0.016418745921128672,4,False,0.5558972052820581,4.746948460466929,0.23882297865528704,"bootstrap over current coarse marker-based annotations; top frustration source is a computational stability result, not an independently validated biological conclusion"
8,CAF/Fibroblast,0.016317452347341953,5,False,0.5524676610981379,3.275101287815456,0.2647068915621272,"bootstrap over current coarse marker-based annotations; top frustration source is a computational stability result, not an independently validated biological conclusion"
8,Endothelial,0.010690531188237944,6,False,0.36195434408145255,4.066112935044214,0.11182223331683205,"bootstrap over current coarse marker-based annotations; top frustration source is a computational stability result, not an independently validated biological conclusion"
8,B/Plasma,0.0036834585173850104,7,False,0.12471258800294298,13.939254933939196,0.29373572342305837,"bootstrap over current coarse marker-based annotations; top frustration source is a computational stability result, not an independently validated biological conclusion"
9,Myeloid,0.7886245770644329,1,True,17.904041126555736,1.2926544310718415,0.37580912292494045,"bootstrap over current coarse marker-based annotations; top frustration source is a computational stability result, not an independently validated biological conclusion"
9,Unknown,0.06447856328968185,2,False,1.463848429904272,0.1215204908171215,0.3499975070595544,"bootstrap over current coarse marker-based annotations; top frustration source is a computational stability result, not an independently validated biological conclusion"
9,Tumor/Epithelial,0.048517991467067825,3,False,1.1014976452265575,3.36530050264621,0.3464829065864815,"bootstrap over current coarse marker-based annotations; top frustration source is a computational stability result, not an independently validated biological conclusion"
9,CAF/Fibroblast,0.03821271851867433,4,False,0.8675383748025712,2.034289610725529,0.19492575570820947,"bootstrap over current coarse marker-based annotations; top frustration source is a computational stability result, not an independently validated biological conclusion"
9,T/NK,0.036742611129101696,5,False,0.8341627180847214,3.8229345631621054,0.14686901757803592,"bootstrap over current coarse marker-based annotations; top frustration source is a computational stability result, not an independently validated biological conclusion"
9,Endothelial,0.02012077217578758,6,False,0.4567992718085506,2.121726936817271,0.15381199613652902,"bootstrap over current coarse marker-based annotations; top frustration source is a computational stability result, not an independently validated biological conclusion"
9,B/Plasma,0.0033027663552536125,7,False,0.07498227467875877,9.944443305821089,0.432103694006249,"bootstrap over current coarse marker-based annotations; top frustration source is a computational stability result, not an independently validated biological conclusion"
10,Myeloid,0.8880610736544284,1,True,32.23898458877452,1.447655357724549,0.3700364652526368,"bootstrap over current coarse marker-based annotations; top frustration source is a computational stability result, not an independently validated biological conclusion"
10,Unknown,0.035982518307448814,2,False,1.3062613457490044,6.544922203021388,0.5073871664192897,"bootstrap over current coarse marker-based annotations; top frustration source is a computational stability result, not an independently validated biological conclusion"
10,Tumor/Epithelial,0.024618750864575493,3,False,0.8937262912018764,4.8536200345981015,0.2866043827436074,"bootstrap over current coarse marker-based annotations; top frustration source is a computational stability result, not an independently validated biological conclusion"
10,CAF/Fibroblast,0.018942172499101847,4,False,0.6876513624941135,3.0922499479790657,0.15395831440270188,"bootstrap over current coarse marker-based annotations; top frustration source is a computational stability result, not an independently validated biological conclusion"
10,T/NK,0.01889468909872276,5,False,0.6859275884672387,5.164379990929618,0.2374495634264016,"bootstrap over current coarse marker-based annotations; top frustration source is a computational stability result, not an independently validated biological conclusion"
10,Endothelial,0.00890359975294796,6,False,0.3232244084730631,3.902297211901052,0.11574739679182312,"bootstrap over current coarse marker-based annotations; top frustration source is a computational stability result, not an independently validated biological conclusion"
10,B/Plasma,0.004597195822774835,7,False,0.16689046472009775,11.297541303726142,0.3288167109635394,"bootstrap over current coarse marker-based annotations; top frustration source is a computational stability result, not an independently validated biological conclusion"
11,Myeloid,0.8787690886731243,1,True,33.5641321625672,1.8332551120855964,0.5137327868649634,"bootstrap over current coarse marker-based annotations; top frustration source is a computational stability result, not an independently validated biological conclusion"
11,Unknown,0.0373925914704736,2,False,1.428190747936856,9.760917828924306,0.42862445097021723,"bootstrap over current coarse marker-based annotations; top frustration source is a computational stability result, not an independently validated biological conclusion"
11,Tumor/Epithelial,0.026233111858910935,3,False,1.0019601790925214,5.096312143013507,0.2842036691568809,"bootstrap over current coarse marker-based annotations; top frustration source is a computational stability result, not an independently validated biological conclusion"
11,T/NK,0.021470302295655695,4,False,0.8200471239944935,4.356630921484017,0.2119145544039789,"bootstrap over current coarse marker-based annotations; top frustration source is a computational stability result, not an independently validated biological conclusion"
11,CAF/Fibroblast,0.01989404286752494,5,False,0.7598427080105893,3.0301634576176224,0.1512346890157284,"bootstrap over current coarse marker-based annotations; top frustration source is a computational stability result, not an independently validated biological conclusion"
11,Endothelial,0.011450634349666974,6,False,0.4373510739183652,3.3757850815760553,0.12947630898947557,"bootstrap over current coarse marker-based annotations; top frustration source is a computational stability result, not an independently validated biological conclusion"
11,B/Plasma,0.00479022848464366,7,False,0.1829603066605806,10.741419757479495,0.2808135405987561,"bootstrap over current coarse marker-based annotations; top frustration source is a computational stability result, not an independently validated biological conclusion"
12,Myeloid,0.8805364303125648,1,True,33.32885615328582,1.5991101401495182,0.3318195781044261,"bootstrap over current coarse marker-based annotations; top frustration source is a computational stability result, not an independently validated biological conclusion"
12,Unknown,0.04953200318600832,2,False,1.8748173866975204,1.5970755182836864,0.39211148329352613,"bootstrap over current coarse marker-based annotations; top frustration source is a computational stability result, not an independently validated biological conclusion"
12,Tumor/Epithelial,0.01949908583486749,3,False,0.7380526285325667,6.67062357498612,0.34430794674814735,"bootstrap over current coarse marker-based annotations; top frustration source is a computational stability result, not an independently validated biological conclusion"
12,T/NK,0.016932197013467674,4,False,0.6408942767088454,7.9477345955202905,0.19705193487883707,"bootstrap over current coarse marker-based annotations; top frustration source is a computational stability result, not an independently validated biological conclusion"
12,CAF/Fibroblast,0.016874867522286723,5,False,0.6387243195110123,3.9698236847765074,0.26210808040752753,"bootstrap over current coarse marker-based annotations; top frustration source is a computational stability result, not an independently validated biological conclusion"
12,Endothelial,0.009240571175587322,6,False,0.34976141461407334,5.11934962347406,0.10673956481612924,"bootstrap over current coarse marker-based annotations; top frustration source is a computational stability result, not an independently validated biological conclusion"
12,B/Plasma,0.007384844955217575,7,False,0.2795210132752788,10.946910055434937,0.3658614117514064,"bootstrap over current coarse marker-based annotations; top frustration source is a computational stability result, not an independently validated biological conclusion"
13,Myeloid,0.8458664752229963,1,True,27.33594049011271,1.5944863614552771,0.323371622536021,"bootstrap over current coarse marker-based annotations; top frustration source is a computational stability result, not an independently validated biological conclusion"
13,Unknown,0.04712343817419136,2,False,1.52289225232576,0.20446744195821992,0.39164343243248956,"bootstrap over current coarse marker-based annotations; top frustration source is a computational stability result, not an independently validated biological conclusion"
13,T/NK,0.03118016416611473,3,False,1.0076520787659238,5.341815680919897,0.21257627811764127,"bootstrap over current coarse marker-based annotations; top frustration source is a computational stability result, not an independently validated biological conclusion"
13,Tumor/Epithelial,0.03027404317514319,4,False,0.9783688878468015,5.209786912805557,0.3571247030746761,"bootstrap over current coarse marker-based annotations; top frustration source is a computational stability result, not an independently validated biological conclusion"
13,CAF/Fibroblast,0.024288516388379387,5,False,0.7849340977969705,3.13789653132844,0.21873172236136912,"bootstrap over current coarse marker-based annotations; top frustration source is a computational stability result, not an independently validated biological conclusion"
13,Endothelial,0.013173844289236802,6,False,0.42574027233039335,3.7875961883200584,0.13039330227680834,"bootstrap over current coarse marker-based annotations; top frustration source is a computational stability result, not an independently validated biological conclusion"
13,B/Plasma,0.008093518583937939,7,False,0.261558944404106,13.041037906795216,0.36615893920099485,"bootstrap over current coarse marker-based annotations; top frustration source is a computational stability result, not an independently validated biological conclusion"
14,Myeloid,0.8558846016309107,1,True,29.92103761452915,1.9301739568713276,0.44046787160052353,"bootstrap over current coarse marker-based annotations; top frustration source is a computational stability result, not an independently validated biological conclusion"
14,Unknown,0.042635701343624904,2,False,1.4905098434923858,1.3235405787762253,0.26965332707299466,"bootstrap over current coarse marker-based annotations; top frustration source is a computational stability result, not an independently validated biological conclusion"
14,Tumor/Epithelial,0.030837133449081885,3,False,1.0780413949451186,5.893530173401085,0.2964898452561023,"bootstrap over current coarse marker-based annotations; top frustration source is a computational stability result, not an independently validated biological conclusion"
14,T/NK,0.0277993704219767,4,False,0.971843641620849,5.53715058171396,0.29905217834481035,"bootstrap over current coarse marker-based annotations; top frustration source is a computational stability result, not an independently validated biological conclusion"
14,CAF/Fibroblast,0.021566056767594592,5,False,0.7539320073181278,3.560986917533794,0.15801031458356926,"bootstrap over current coarse marker-based annotations; top frustration source is a computational stability result, not an independently validated biological conclusion"
14,Endothelial,0.012841545077814494,6,False,0.4489300924094139,4.002746613861264,0.16538784597825862,"bootstrap over current coarse marker-based annotations; top frustration source is a computational stability result, not an independently validated biological conclusion"
14,B/Plasma,0.0084355913089969,7,False,0.29490149066396737,12.711067262821354,0.37093861716374127,"bootstrap over current coarse marker-based annotations; top frustration source is a computational stability result, not an independently validated biological conclusion"
15,Myeloid,0.8794964271233794,1,True,26.215964176794248,0.751769959275936,0.292383019399356,"bootstrap over current coarse marker-based annotations; top frustration source is a computational stability result, not an independently validated biological conclusion"
15,Tumor/Epithelial,0.03272113780687793,2,False,0.9753492454480679,4.660129031745734,0.29062474084678963,"bootstrap over current coarse marker-based annotations; top frustration source is a computational stability result, not an independently validated biological conclusion"
15,T/NK,0.0313170203370543,3,False,0.9334954161956799,3.611623959900562,0.20613320535184892,"bootstrap over current coarse marker-based annotations; top frustration source is a computational stability result, not an independently validated biological conclusion"
15,CAF/Fibroblast,0.024723559345435926,4,False,0.7369580206741072,2.91040924454127,0.20754079590226876,"bootstrap over current coarse marker-based annotations; top frustration source is a computational stability result, not an independently validated biological conclusion"
15,Endothelial,0.014293020537918493,5,False,0.4260452946077636,3.495855126972382,0.11726685428431881,"bootstrap over current coarse marker-based annotations; top frustration source is a computational stability result, not an independently validated biological conclusion"
15,Unknown,0.01367059402647446,6,False,0.4074920513841675,3.9317818668607165,0.5438264131369815,"bootstrap over current coarse marker-based annotations; top frustration source is a computational stability result, not an independently validated biological conclusion"
15,B/Plasma,0.0037782408228595656,7,False,0.1126215218262539,10.44635653763369,0.3422249710784364,"bootstrap over current coarse marker-based annotations; top frustration source is a computational stability result, not an independently validated biological conclusion"
16,Myeloid,0.8468943267322061,1,True,22.18974756108814,1.3542599047679,0.4760887778934493,"bootstrap over current coarse marker-based annotations; top frustration source is a computational stability result, not an independently validated biological conclusion"
16,Unknown,0.04292842503126221,2,False,1.1247813151781985,0.16210188111421822,0.27118650299652086,"bootstrap over current coarse marker-based annotations; top frustration source is a computational stability result, not an independently validated biological conclusion"
16,Tumor/Epithelial,0.035856331193936705,3,False,0.9394831356708492,4.243901669098391,0.3378898723056481,"bootstrap over current coarse marker-based annotations; top frustration source is a computational stability result, not an independently validated biological conclusion"
16,T/NK,0.03033562805401748,4,False,0.7948334371574589,3.963617050571133,0.14947649974569682,"bootstrap over current coarse marker-based annotations; top frustration source is a computational stability result, not an independently validated biological conclusion"
16,CAF/Fibroblast,0.027314810846085336,5,False,0.7156840448940235,2.6629931104369766,0.21540796999537762,"bootstrap over current coarse marker-based annotations; top frustration source is a computational stability result, not an independently validated biological conclusion"
16,Endothelial,0.015396522604821303,6,False,0.40340918475369886,3.1803593821944545,0.13177254771091107,"bootstrap over current coarse marker-based annotations; top frustration source is a computational stability result, not an independently validated biological conclusion"
16,B/Plasma,0.0012739555376708913,7,False,0.033379314151322885,10.634084994710618,0.41817782935239617,"bootstrap over current coarse marker-based annotations; top frustration source is a computational stability result, not an independently validated biological conclusion"
17,Myeloid,0.8468679150016168,1,True,27.547544921660922,1.916082018479794,0.46408400360619023,"bootstrap over current coarse marker-based annotations; top frustration source is a computational stability result, not an independently validated biological conclusion"
17,Unknown,0.047371696408712693,2,False,1.5409415231320989,3.5769229714285316,0.37941327159994265,"bootstrap over current coarse marker-based annotations; top frustration source is a computational stability result, not an independently validated biological conclusion"
17,T/NK,0.0347486348865912,3,False,1.130329256248818,6.072061374174752,0.26340535946859495,"bootstrap over current coarse marker-based annotations; top frustration source is a computational stability result, not an independently validated biological conclusion"
17,Tumor/Epithelial,0.030816346618611403,4,False,1.00241687960991,4.795041400464663,0.26371870497223726,"bootstrap over current coarse marker-based annotations; top frustration source is a computational stability result, not an independently validated biological conclusion"
17,CAF/Fibroblast,0.021359985564148695,5,False,0.6948133840367439,3.060224387975978,0.11740102917847753,"bootstrap over current coarse marker-based annotations; top frustration source is a computational stability result, not an independently validated biological conclusion"
17,Endothelial,0.012579135448873806,6,False,0.4091834071348032,3.3464729060151055,0.1411328786726455,"bootstrap over current coarse marker-based annotations; top frustration source is a computational stability result, not an independently validated biological conclusion"
17,B/Plasma,0.006256286071445406,7,False,0.2035090933815515,9.761933406666024,0.3708447525019115,"bootstrap over current coarse marker-based annotations; top frustration source is a computational stability result, not an independently validated biological conclusion"
18,Myeloid,0.8885315114873903,1,True,38.199904746002865,1.8806379300431333,0.5115501150943604,"bootstrap over current coarse marker-based annotations; top frustration source is a computational stability result, not an independently validated biological conclusion"
18,Unknown,0.03408505853520775,2,False,1.4653908977603503,9.37548339081106,0.4272992236218453,"bootstrap over current coarse marker-based annotations; top frustration source is a computational stability result, not an independently validated biological conclusion"
18,Tumor/Epithelial,0.023521845016786492,3,False,1.0112553437608023,5.875582747852913,0.26556497448179567,"bootstrap over current coarse marker-based annotations; top frustration source is a computational stability result, not an independently validated biological conclusion"
18,T/NK,0.018560640955401348,4,False,0.7979623765219195,5.575656525591827,0.2198235136598991,"bootstrap over current coarse marker-based annotations; top frustration source is a computational stability result, not an independently validated biological conclusion"
18,CAF/Fibroblast,0.01625526498651991,5,False,0.698849242911638,3.813365643781512,0.15211803009749467,"bootstrap over current coarse marker-based annotations; top frustration source is a computational stability result, not an independently validated biological conclusion"
18,Endothelial,0.011674484683629405,6,False,0.5019115215472486,3.1622193817520006,0.1311688869277327,"bootstrap over current coarse marker-based annotations; top frustration source is a computational stability result, not an independently validated biological conclusion"
18,B/Plasma,0.007371194335064772,7,False,0.31690369764420706,13.309232206316583,0.2924752561168721,"bootstrap over current coarse marker-based annotations; top frustration source is a computational stability result, not an independently validated biological conclusion"
19,Myeloid,0.8731307178768196,1,True,37.08025277145861,2.197252218803495,0.41691226764844036,"bootstrap over current coarse marker-based annotations; top frustration source is a computational stability result, not an independently validated biological conclusion"
19,Unknown,0.041159655809104786,2,False,1.747974742085705,2.7861176466528796,0.3720371207114513,"bootstrap over current coarse marker-based annotations; top frustration source is a computational stability result, not an independently validated biological conclusion"
19,Tumor/Epithelial,0.026258478465449646,3,False,1.1151491969729783,7.1550310517005205,0.31552171898237336,"bootstrap over current coarse marker-based annotations; top frustration source is a computational stability result, not an independently validated biological conclusion"
19,CAF/Fibroblast,0.02098263322698807,4,False,0.8910937708840169,4.444303309332052,0.16740596688534393,"bootstrap over current coarse marker-based annotations; top frustration source is a computational stability result, not an independently validated biological conclusion"
19,T/NK,0.01746936105877331,5,False,0.7418915753993396,7.911869618846728,0.21944014541741602,"bootstrap over current coarse marker-based annotations; top frustration source is a computational stability result, not an independently validated biological conclusion"
19,Endothelial,0.011980837588332023,6,False,0.5088040966757267,5.440764885168309,0.12795369014461644,"bootstrap over current coarse marker-based annotations; top frustration source is a computational stability result, not an independently validated biological conclusion"
19,B/Plasma,0.009018315974532511,7,False,0.3829912624328556,12.532818685405244,0.38072909021035833,"bootstrap over current coarse marker-based annotations; top frustration source is a computational stability result, not an independently validated biological conclusion"
20,Myeloid,0.9010871632791901,1,True,31.658338121864613,1.467416172065715,0.4655066223296831,"bootstrap over current coarse marker-based annotations; top frustration source is a computational stability result, not an independently validated biological conclusion"
20,Unknown,0.03321081409153145,2,False,1.166811852014283,0.013451980427232935,0.4650718043296518,"bootstrap over current coarse marker-based annotations; top frustration source is a computational stability result, not an independently validated biological conclusion"
20,T/NK,0.01958504661284162,3,False,0.6880910671787154,5.250598151549278,0.17998347576139076,"bootstrap over current coarse marker-based annotations; top frustration source is a computational stability result, not an independently validated biological conclusion"
20,Tumor/Epithelial,0.01592761973709428,4,False,0.5595928914117515,5.480242981747785,0.21799067006193554,"bootstrap over current coarse marker-based annotations; top frustration source is a computational stability result, not an independently validated biological conclusion"
20,CAF/Fibroblast,0.012539380895527578,5,False,0.44055223113467407,3.3667101420092043,0.14953890724184665,"bootstrap over current coarse marker-based annotations; top frustration source is a computational stability result, not an independently validated biological conclusion"
20,B/Plasma,0.010989698878649803,6,False,0.3861064912873192,15.08826197275796,0.3367597087221911,"bootstrap over current coarse marker-based annotations; top frustration source is a computational stability result, not an independently validated biological conclusion"
20,Endothelial,0.006660276505165385,7,False,0.23399876746474788,4.466810021798922,0.18514881155330049,"bootstrap over current coarse marker-based annotations; top frustration source is a computational stability result, not an independently validated biological conclusion"
21,Myeloid,0.8313754399719515,1,True,23.488283280136336,1.6629624089932378,0.4438899820626887,"bootstrap over current coarse marker-based annotations; top frustration source is a computational stability result, not an independently validated biological conclusion"
21,Unknown,0.05255403538538529,2,False,1.484773318162832,0.15282657981331804,0.2896543068252403,"bootstrap over current coarse marker-based annotations; top frustration source is a computational stability result, not an independently validated biological conclusion"
21,T/NK,0.0406846533083224,3,False,1.1494357616484947,4.5188924406849615,0.18451825454727802,"bootstrap over current coarse marker-based annotations; top frustration source is a computational stability result, not an independently validated biological conclusion"
21,Tumor/Epithelial,0.033800834674344596,4,False,0.954951928773414,4.3808089359552635,0.33031779305382303,"bootstrap over current coarse marker-based annotations; top frustration source is a computational stability result, not an independently validated biological conclusion"
21,CAF/Fibroblast,0.0248988135821693,5,False,0.7034491983273278,2.7564463729171416,0.1981815404123955,"bootstrap over current coarse marker-based annotations; top frustration source is a computational stability result, not an independently validated biological conclusion"
21,Endothelial,0.012147149119633233,6,False,0.34318511932181917,3.7403205633339573,0.19640649606672472,"bootstrap over current coarse marker-based annotations; top frustration source is a computational stability result, not an independently validated biological conclusion"
21,B/Plasma,0.004539073958193819,7,False,0.12823936074313558,11.040060665415481,0.3570316270318498,"bootstrap over current coarse marker-based annotations; top frustration source is a computational stability result, not an independently validated biological conclusion"
22,Myeloid,0.858683891275172,1,True,25.601167792619254,1.5615271838926887,0.3963899580894253,"bootstrap over current coarse marker-based annotations; top frustration source is a computational stability result, not an independently validated biological conclusion"
22,Unknown,0.03996308899031682,2,False,1.1914765807859031,0.1809207647884439,0.3435518549233188,"bootstrap over current coarse marker-based annotations; top frustration source is a computational stability result, not an independently validated biological conclusion"
22,Tumor/Epithelial,0.03148831269647807,3,False,0.9388059855785337,4.563423067510079,0.3231144901388172,"bootstrap over current coarse marker-based annotations; top frustration source is a computational stability result, not an independently validated biological conclusion"
22,T/NK,0.028786664012190027,4,False,0.8582578793593119,5.8669149526301405,0.18392933776838855,"bootstrap over current coarse marker-based annotations; top frustration source is a computational stability result, not an independently validated biological conclusion"
22,CAF/Fibroblast,0.02411495515409897,5,False,0.7189735588200697,2.805156777033719,0.16663793780045258,"bootstrap over current coarse marker-based annotations; top frustration source is a computational stability result, not an independently validated biological conclusion"
22,Endothelial,0.01246333804232596,6,False,0.3715872764352013,3.3544117643166844,0.15638097984635035,"bootstrap over current coarse marker-based annotations; top frustration source is a computational stability result, not an independently validated biological conclusion"
22,B/Plasma,0.0044997498294180255,7,False,0.13415746071195875,11.482072024138478,0.4299954414332472,"bootstrap over current coarse marker-based annotations; top frustration source is a computational stability result, not an independently validated biological conclusion"
23,Myeloid,0.8669344877615404,1,True,30.178506015640036,1.839951778923391,0.45499713380136514,"bootstrap over current coarse marker-based annotations; top frustration source is a computational stability result, not an independently validated biological conclusion"
23,Unknown,0.040543026973613776,2,False,1.4113269234156989,3.0522223667624893,0.3535164401862867,"bootstrap over current coarse marker-based annotations; top frustration source is a computational stability result, not an independently validated biological conclusion"
23,Tumor/Epithelial,0.02926612135597852,3,False,1.018771120383418,5.08716648598648,0.33340030271444665,"bootstrap over current coarse marker-based annotations; top frustration source is a computational stability result, not an independently validated biological conclusion"
23,T/NK,0.023935023437392518,4,False,0.8331924257101629,7.264384726828235,0.19132148975640054,"bootstrap over current coarse marker-based annotations; top frustration source is a computational stability result, not an independently validated biological conclusion"
23,CAF/Fibroblast,0.021206393421324004,5,False,0.7382071892051529,3.2197130298118912,0.1480216542695542,"bootstrap over current coarse marker-based annotations; top frustration source is a computational stability result, not an independently validated biological conclusion"
23,Endothelial,0.012542992642075318,6,False,0.4366290466542347,3.5733948087576954,0.12250583641331267,"bootstrap over current coarse marker-based annotations; top frustration source is a computational stability result, not an independently validated biological conclusion"
23,B/Plasma,0.005571954408075524,7,False,0.1939630525683177,10.773762576506838,0.39623714285863376,"bootstrap over current coarse marker-based annotations; top frustration source is a computational stability result, not an independently validated biological conclusion"
24,Myeloid,0.8547303020986039,1,True,27.237164952259633,1.457135091343195,0.29275075485402435,"bootstrap over current coarse marker-based annotations; top frustration source is a computational stability result, not an independently validated biological conclusion"
24,Unknown,0.05304011049875744,2,False,1.6901965862140151,0.1956193154384145,0.37684318902044756,"bootstrap over current coarse marker-based annotations; top frustration source is a computational stability result, not an independently validated biological conclusion"
24,Tumor/Epithelial,0.02880664839492685,3,False,0.9179637508204932,5.001124658669309,0.3366237062040552,"bootstrap over current coarse marker-based annotations; top frustration source is a computational stability result, not an independently validated biological conclusion"
24,T/NK,0.02430863379820469,4,False,0.7746282855540944,5.93624895253602,0.19945855891839673,"bootstrap over current coarse marker-based annotations; top frustration source is a computational stability result, not an independently validated biological conclusion"
24,CAF/Fibroblast,0.022874101240211154,5,False,0.7289149186411364,2.9753197600744623,0.23665952712504865,"bootstrap over current coarse marker-based annotations; top frustration source is a computational stability result, not an independently validated biological conclusion"
24,Endothelial,0.012684608249519799,6,False,0.40421261115779084,5.2198119062050425,0.1837171991450148,"bootstrap over current coarse marker-based annotations; top frustration source is a computational stability result, not an independently validated biological conclusion"
24,B/Plasma,0.0035555957197764268,7,False,0.11330398242032448,11.08112540280104,0.37394706473301287,"bootstrap over current coarse marker-based annotations; top frustration source is a computational stability result, not an independently validated biological conclusion"
25,Myeloid,0.8789729760039157,1,True,26.807440202427205,1.4865482417865414,0.3762541066454805,"bootstrap over current coarse marker-based annotations; top frustration source is a computational stability result, not an independently validated biological conclusion"
25,Unknown,0.038100821933601904,2,False,1.1620215109364294,0.1604054626820735,0.4331691040133016,"bootstrap over current coarse marker-based annotations; top frustration source is a computational stability result, not an independently validated biological conclusion"
25,Tumor/Epithelial,0.02648668552444589,3,False,0.8078066763612473,4.469072242647941,0.32273010568667687,"bootstrap over current coarse marker-based annotations; top frustration source is a computational stability result, not an independently validated biological conclusion"
25,CAF/Fibroblast,0.02140510747546994,4,False,0.6528256890034714,2.7114435739607923,0.17143103481929345,"bootstrap over current coarse marker-based annotations; top frustration source is a computational stability result, not an independently validated biological conclusion"
25,T/NK,0.016980090341502527,5,False,0.5178688866307227,4.399855190973436,0.1446686555418275,"bootstrap over current coarse marker-based annotations; top frustration source is a computational stability result, not an independently validated biological conclusion"
25,Endothelial,0.01036106720081991,6,False,0.3159979851508793,3.843776553104624,0.18902542890649612,"bootstrap over current coarse marker-based annotations; top frustration source is a computational stability result, not an independently validated biological conclusion"
25,B/Plasma,0.007693251520243964,7,False,0.23463335702172203,13.427493042376268,0.36272156438692393,"bootstrap over current coarse marker-based annotations; top frustration source is a computational stability result, not an independently validated biological conclusion"
26,Myeloid,0.8287605477793495,1,True,24.84171340204028,1.5059796936323013,0.38038052707171904,"bootstrap over current coarse marker-based annotations; top frustration source is a computational stability result, not an independently validated biological conclusion"
26,Unknown,0.05711713526926361,2,False,1.7120596636827121,1.0862284229983352,0.32813993275085906,"bootstrap over current coarse marker-based annotations; top frustration source is a computational stability result, not an independently validated biological conclusion"
26,T/NK,0.039593591491297514,3,False,1.1867995587142033,5.149609617902387,0.19175938167081205,"bootstrap over current coarse marker-based annotations; top frustration source is a computational stability result, not an independently validated biological conclusion"
26,Tumor/Epithelial,0.03289579620967256,4,False,0.9860362486634416,4.758678027452815,0.3328454592125813,"bootstrap over current coarse marker-based annotations; top frustration source is a computational stability result, not an independently validated biological conclusion"
26,CAF/Fibroblast,0.026404452903285948,5,False,0.7914612409080749,2.9039872824968715,0.23089031002622626,"bootstrap over current coarse marker-based annotations; top frustration source is a computational stability result, not an independently validated biological conclusion"
26,Endothelial,0.012280027983125304,6,False,0.36808814867361705,3.4540185403741797,0.14047380710386537,"bootstrap over current coarse marker-based annotations; top frustration source is a computational stability result, not an independently validated biological conclusion"
26,B/Plasma,0.002948448364005512,7,False,0.08837837350679512,11.116035051332236,0.39551058216393686,"bootstrap over current coarse marker-based annotations; top frustration source is a computational stability result, not an independently validated biological conclusion"
27,Myeloid,0.8670042048065898,1,True,25.64345386321475,1.2373299719698645,0.3069203399110369,"bootstrap over current coarse marker-based annotations; top frustration source is a computational stability result, not an independently validated biological conclusion"
27,Unknown,0.04370445386497614,2,False,1.292650185651089,1.1495161109355752,0.4474308864361779,"bootstrap over current coarse marker-based annotations; top frustration source is a computational stability result, not an independently validated biological conclusion"
27,Tumor/Epithelial,0.03076709503666863,3,False,0.9100008716266365,4.559197750223984,0.30317763473139336,"bootstrap over current coarse marker-based annotations; top frustration source is a computational stability result, not an independently validated biological conclusion"
27,CAF/Fibroblast,0.02465253819966118,4,False,0.7291501268730015,2.8325480709687074,0.20515110326398134,"bootstrap over current coarse marker-based annotations; top frustration source is a computational stability result, not an independently validated biological conclusion"
27,T/NK,0.01984432678204209,5,False,0.5869372668098799,5.393338422409801,0.15719189167418882,"bootstrap over current coarse marker-based annotations; top frustration source is a computational stability result, not an independently validated biological conclusion"
27,Endothelial,0.012061099456904461,6,False,0.3567321193462604,3.826065264641983,0.1358467147500683,"bootstrap over current coarse marker-based annotations; top frustration source is a computational stability result, not an independently validated biological conclusion"
27,B/Plasma,0.001966281853157738,7,False,0.05815687825271273,10.579085720624413,0.44428142923315317,"bootstrap over current coarse marker-based annotations; top frustration source is a computational stability result, not an independently validated biological conclusion"
28,Myeloid,0.8528722142297973,1,True,27.294464579351214,1.5955797258467654,0.2866036239284779,"bootstrap over current coarse marker-based annotations; top frustration source is a computational stability result, not an independently validated biological conclusion"
28,Unknown,0.04462592860711076,2,False,1.428163337209216,0.6095578669012943,0.31561825005961847,"bootstrap over current coarse marker-based annotations; top frustration source is a computational stability result, not an independently validated biological conclusion"
28,Tumor/Epithelial,0.03290045595079539,3,False,1.0529131030543024,5.0124627410347395,0.3844438655760454,"bootstrap over current coarse marker-based annotations; top frustration source is a computational stability result, not an independently validated biological conclusion"
28,T/NK,0.027676677071826285,4,False,0.8857365375577408,5.815409887647079,0.2120341159492169,"bootstrap over current coarse marker-based annotations; top frustration source is a computational stability result, not an independently validated biological conclusion"
28,CAF/Fibroblast,0.02469873221499788,5,False,0.7904333853881432,2.992116712921467,0.18994656009018182,"bootstrap over current coarse marker-based annotations; top frustration source is a computational stability result, not an independently validated biological conclusion"
28,Endothelial,0.012049335608232323,6,False,0.3856148183472175,3.5008357134633963,0.15786703472157826,"bootstrap over current coarse marker-based annotations; top frustration source is a computational stability result, not an independently validated biological conclusion"
28,B/Plasma,0.005176656317239984,7,False,0.16566850242387107,12.477031615516962,0.45348654967488145,"bootstrap over current coarse marker-based annotations; top frustration source is a computational stability result, not an independently validated biological conclusion"
29,Myeloid,0.9162527097855018,1,True,40.24197911673448,1.9454440876172445,0.4279316082952369,"bootstrap over current coarse marker-based annotations; top frustration source is a computational stability result, not an independently validated biological conclusion"
29,Unknown,0.029294965323122278,2,False,1.2866399958964698,1.984271264995729,0.31177401656182924,"bootstrap over current coarse marker-based annotations; top frustration source is a computational stability result, not an independently validated biological conclusion"
29,Tumor/Epithelial,0.015830078443050538,3,False,0.6952598113141083,7.8308822185235964,0.36764078030908,"bootstrap over current coarse marker-based annotations; top frustration source is a computational stability result, not an independently validated biological conclusion"
29,CAF/Fibroblast,0.011657393300945583,4,False,0.5119947507517162,4.905074700217336,0.13745460585132682,"bootstrap over current coarse marker-based annotations; top frustration source is a computational stability result, not an independently validated biological conclusion"
29,B/Plasma,0.009301926368280724,5,False,0.40854223148260727,14.307603052817695,0.304048853051156,"bootstrap over current coarse marker-based annotations; top frustration source is a computational stability result, not an independently validated biological conclusion"
29,T/NK,0.00896634403280905,6,False,0.3938033966701487,8.523185662161087,0.2615758258338965,"bootstrap over current coarse marker-based annotations; top frustration source is a computational stability result, not an independently validated biological conclusion"
29,Endothelial,0.008696582746289826,7,False,0.3819554338290332,4.423713750345869,0.1895743100974747,"bootstrap over current coarse marker-based annotations; top frustration source is a computational stability result, not an independently validated biological conclusion"
30,Myeloid,0.9022955795691797,1,True,38.97480738239104,1.9761958781440394,0.33308080990302846,"bootstrap over current coarse marker-based annotations; top frustration source is a computational stability result, not an independently validated biological conclusion"
30,Unknown,0.03829237467255182,2,False,1.6540454822904627,0.942227710733689,0.30236706020546,"bootstrap over current coarse marker-based annotations; top frustration source is a computational stability result, not an independently validated biological conclusion"
30,Tumor/Epithelial,0.017077987260317812,3,False,0.7376864954471185,7.489431186755748,0.37108993140469415,"bootstrap over current coarse marker-based annotations; top frustration source is a computational stability result, not an independently validated biological conclusion"
30,CAF/Fibroblast,0.012349893880379003,4,False,0.5334557168179468,4.759572751371424,0.1911782573235957,"bootstrap over current coarse marker-based annotations; top frustration source is a computational stability result, not an independently validated biological conclusion"
30,B/Plasma,0.012141868567950053,5,False,0.5244700289057316,12.98338889238881,0.36049234837264466,"bootstrap over current coarse marker-based annotations; top frustration source is a computational stability result, not an independently validated biological conclusion"
30,T/NK,0.009554355718877222,6,False,0.41270198174293,8.743493729002267,0.2437349406766368,"bootstrap over current coarse marker-based annotations; top frustration source is a computational stability result, not an independently validated biological conclusion"
30,Endothelial,0.008287940330744413,7,False,0.3579989587688627,6.300855897968122,0.1980566521139402,"bootstrap over current coarse marker-based annotations; top frustration source is a computational stability result, not an independently validated biological conclusion"
31,Myeloid,0.846621328009638,1,True,23.176838425318905,1.312604128644804,0.3151006825310941,"bootstrap over current coarse marker-based annotations; top frustration source is a computational stability result, not an independently validated biological conclusion"
31,Unknown,0.051074361817601985,2,False,1.3981956187021107,0.15747134500954832,0.35963824042344317,"bootstrap over current coarse marker-based annotations; top frustration source is a computational stability result, not an independently validated biological conclusion"
31,Tumor/Epithelial,0.03099861693729306,3,False,0.8486083593630143,4.476899454059225,0.3739545583631966,"bootstrap over current coarse marker-based annotations; top frustration source is a computational stability result, not an independently validated biological conclusion"
31,T/NK,0.029434928730657665,4,False,0.805801324253272,4.46443886646673,0.16908041480714794,"bootstrap over current coarse marker-based annotations; top frustration source is a computational stability result, not an independently validated biological conclusion"
31,CAF/Fibroblast,0.0248197547235352,5,False,0.6794577764013907,2.4532716290766143,0.23480526490178602,"bootstrap over current coarse marker-based annotations; top frustration source is a computational stability result, not an independently validated biological conclusion"
31,Endothelial,0.014234560417063507,6,False,0.3896808359616063,3.666092277590228,0.16266457303292894,"bootstrap over current coarse marker-based annotations; top frustration source is a computational stability result, not an independently validated biological conclusion"
31,B/Plasma,0.002816449364210429,7,False,0.07710222940031362,10.844906868553466,0.38475626594040324,"bootstrap over current coarse marker-based annotations; top frustration source is a computational stability result, not an independently validated biological conclusion"
32,Myeloid,0.8662830177316683,1,True,24.784366512875415,1.4328181290415323,0.41897343243981966,"bootstrap over current coarse marker-based annotations; top frustration source is a computational stability result, not an independently validated biological conclusion"
32,Unknown,0.04551210106359803,2,False,1.302101703996044,1.8407267955390467,0.32405715494512793,"bootstrap over current coarse marker-based annotations; top frustration source is a computational stability result, not an independently validated biological conclusion"
32,Tumor/Epithelial,0.02930349836566808,3,False,0.8383734053864664,4.22136127282418,0.3374137839638916,"bootstrap over current coarse marker-based annotations; top frustration source is a computational stability result, not an independently validated biological conclusion"
32,T/NK,0.023177917292560832,4,False,0.66312046458918,4.239869358485205,0.1606162527263722,"bootstrap over current coarse marker-based annotations; top frustration source is a computational stability result, not an independently validated biological conclusion"
32,CAF/Fibroblast,0.022516021410331526,5,False,0.6441836162350599,2.612494462343611,0.21927978400462825,"bootstrap over current coarse marker-based annotations; top frustration source is a computational stability result, not an independently validated biological conclusion"
32,Endothelial,0.010561666183172586,6,False,0.30216938380693614,3.3942182005287727,0.1623812234538938,"bootstrap over current coarse marker-based annotations; top frustration source is a computational stability result, not an independently validated biological conclusion"
32,B/Plasma,0.00264577795300057,7,False,0.07569573586996364,10.868522603996722,0.37727836846626606,"bootstrap over current coarse marker-based annotations; top frustration source is a computational stability result, not an independently validated biological conclusion"
33,Myeloid,0.8998568472641372,1,True,31.546120494946607,1.2522170054200512,0.4353035072445787,"bootstrap over current coarse marker-based annotations; top frustration source is a computational stability result, not an independently validated biological conclusion"
33,Unknown,0.02674224327704279,2,False,0.9374980379241805,7.370978409505917,0.5016344929371289,"bootstrap over current coarse marker-based annotations; top frustration source is a computational stability result, not an independently validated biological conclusion"
33,T/NK,0.023685422207341825,3,False,0.8303356086006055,4.6262240416184115,0.24590218420677937,"bootstrap over current coarse marker-based annotations; top frustration source is a computational stability result, not an independently validated biological conclusion"
33,Tumor/Epithelial,0.02200242427666996,4,False,0.7713350512618045,4.4767192216524725,0.2494927039149647,"bootstrap over current coarse marker-based annotations; top frustration source is a computational stability result, not an independently validated biological conclusion"
33,CAF/Fibroblast,0.01591000332764584,5,False,0.5577541400888997,2.8661405121387715,0.1521708324231368,"bootstrap over current coarse marker-based annotations; top frustration source is a computational stability result, not an independently validated biological conclusion"
33,Endothelial,0.010130812596625407,6,False,0.3551540846263723,3.0821162831368945,0.0856380090732948,"bootstrap over current coarse marker-based annotations; top frustration source is a computational stability result, not an independently validated biological conclusion"
33,B/Plasma,0.001672247050536911,7,False,0.05862366565742403,11.382425609633371,0.3298582702001169,"bootstrap over current coarse marker-based annotations; top frustration source is a computational stability result, not an independently validated biological conclusion"
34,Myeloid,0.8650614460160795,1,True,30.16455999758814,1.9373749161746414,0.46518316755201683,"bootstrap over current coarse marker-based annotations; top frustration source is a computational stability result, not an independently validated biological conclusion"
34,Unknown,0.038989995230972956,2,False,1.359575156038682,1.5081077587732286,0.20309330989099553,"bootstrap over current coarse marker-based annotations; top frustration source is a computational stability result, not an independently validated biological conclusion"
34,Tumor/Epithelial,0.030187705739422786,3,False,1.0526406709719769,5.820352297593452,0.36105377243466924,"bootstrap over current coarse marker-based annotations; top frustration source is a computational stability result, not an independently validated biological conclusion"
34,T/NK,0.024391137160949136,4,False,0.8505152133287606,6.6964674070569945,0.1615931577285447,"bootstrap over current coarse marker-based annotations; top frustration source is a computational stability result, not an independently validated biological conclusion"
34,CAF/Fibroblast,0.02200457117766792,5,False,0.767296023382858,3.8819201050926777,0.20678408526937392,"bootstrap over current coarse marker-based annotations; top frustration source is a computational stability result, not an independently validated biological conclusion"
34,Endothelial,0.013666107408200543,6,False,0.47653507013475965,3.755878402888693,0.1485335329981975,"bootstrap over current coarse marker-based annotations; top frustration source is a computational stability result, not an independently validated biological conclusion"
34,B/Plasma,0.005699037266707171,7,False,0.19872455575471779,11.269745799620207,0.4537589741262024,"bootstrap over current coarse marker-based annotations; top frustration source is a computational stability result, not an independently validated biological conclusion"
35,Myeloid,0.871825502938597,1,True,29.831221676184764,1.350319100751012,0.35206478055629364,"bootstrap over current coarse marker-based annotations; top frustration source is a computational stability result, not an independently validated biological conclusion"
35,Unknown,0.037260686248251504,2,False,1.2749475526143739,3.1154009753392495,0.4569086384081519,"bootstrap over current coarse marker-based annotations; top frustration source is a computational stability result, not an independently validated biological conclusion"
35,Tumor/Epithelial,0.027110718486013655,3,False,0.9276464730968921,5.240878720347408,0.3339567127656773,"bootstrap over current coarse marker-based annotations; top frustration source is a computational stability result, not an independently validated biological conclusion"
35,T/NK,0.026864435158366038,4,False,0.9192194053896035,5.244232690516991,0.20139546702176672,"bootstrap over current coarse marker-based annotations; top frustration source is a computational stability result, not an independently validated biological conclusion"
35,CAF/Fibroblast,0.021793500462065758,5,False,0.7457074164412318,3.1530290315580585,0.20359142902239036,"bootstrap over current coarse marker-based annotations; top frustration source is a computational stability result, not an independently validated biological conclusion"
35,Endothelial,0.011057921063889408,6,False,0.37836848477449364,4.048557272161571,0.06370474935371433,"bootstrap over current coarse marker-based annotations; top frustration source is a computational stability result, not an independently validated biological conclusion"
35,B/Plasma,0.004087235642816524,7,False,0.139852794042721,12.064546011869792,0.3883782228720056,"bootstrap over current coarse marker-based annotations; top frustration source is a computational stability result, not an independently validated biological conclusion"
36,Myeloid,0.8686843692658547,1,True,26.34934757463202,1.343502952752882,0.44325274754022936,"bootstrap over current coarse marker-based annotations; top frustration source is a computational stability result, not an independently validated biological conclusion"
36,Unknown,0.04121596556154471,2,False,1.2501822763577757,3.7212900092561716,0.4419976808574393,"bootstrap over current coarse marker-based annotations; top frustration source is a computational stability result, not an independently validated biological conclusion"
36,Tumor/Epithelial,0.02978736794073108,3,False,0.9035246160433305,4.328028502908781,0.2900609376777657,"bootstrap over current coarse marker-based annotations; top frustration source is a computational stability result, not an independently validated biological conclusion"
36,CAF/Fibroblast,0.022661148736218474,4,False,0.687368744755569,2.56115417543325,0.16973695329544214,"bootstrap over current coarse marker-based annotations; top frustration source is a computational stability result, not an independently validated biological conclusion"
36,T/NK,0.020107738774655978,5,False,0.6099174989888259,3.8978023256130268,0.196908060311402,"bootstrap over current coarse marker-based annotations; top frustration source is a computational stability result, not an independently validated biological conclusion"
36,Endothelial,0.013925825964788212,6,False,0.4224047785274948,2.7416523671364756,0.13963871065714972,"bootstrap over current coarse marker-based annotations; top frustration source is a computational stability result, not an independently validated biological conclusion"
36,B/Plasma,0.0036175837562069948,7,False,0.10973027159818581,11.739045427802607,0.31840490966057156,"bootstrap over current coarse marker-based annotations; top frustration source is a computational stability result, not an independently validated biological conclusion"
37,Myeloid,0.8842044439976873,1,True,32.62977376651466,1.5358050458941215,0.3336341457722325,"bootstrap over current coarse marker-based annotations; top frustration source is a computational stability result, not an independently validated biological conclusion"
37,Unknown,0.04036712948024726,2,False,1.489667136922372,2.2058969261422896,0.4669638960353393,"bootstrap over current coarse marker-based annotations; top frustration source is a computational stability result, not an independently validated biological conclusion"
37,Tumor/Epithelial,0.021622957082618445,3,False,0.7979514269108798,5.678666331719375,0.29475723754247624,"bootstrap over current coarse marker-based annotations; top frustration source is a computational stability result, not an independently validated biological conclusion"
37,T/NK,0.018470527260411818,4,False,0.6816173905783444,6.085892204728288,0.2515485024694954,"bootstrap over current coarse marker-based annotations; top frustration source is a computational stability result, not an independently validated biological conclusion"
37,CAF/Fibroblast,0.01710637784095786,5,False,0.6312762197748403,3.5567953460760147,0.1652564740497903,"bootstrap over current coarse marker-based annotations; top frustration source is a computational stability result, not an independently validated biological conclusion"
37,Endothelial,0.0097637949219237,6,False,0.3603130719006523,4.406988671623157,0.14726968071571442,"bootstrap over current coarse marker-based annotations; top frustration source is a computational stability result, not an independently validated biological conclusion"
37,B/Plasma,0.008464769416153593,7,False,0.3123751672023111,13.432929653620816,0.3405700634149518,"bootstrap over current coarse marker-based annotations; top frustration source is a computational stability result, not an independently validated biological conclusion"
38,Myeloid,0.9060957087356936,1,True,41.005059701663406,1.9289214050910655,0.4216398512942924,"bootstrap over current coarse marker-based annotations; top frustration source is a computational stability result, not an independently validated biological conclusion"
38,Unknown,0.033290966801765375,2,False,1.5065716215975151,7.343459718056384,0.4606625018848741,"bootstrap over current coarse marker-based annotations; top frustration source is a computational stability result, not an independently validated biological conclusion"
38,Tumor/Epithelial,0.0209903779537082,3,False,0.9499125675733138,6.903397619413317,0.3237696812358564,"bootstrap over current coarse marker-based annotations; top frustration source is a computational stability result, not an independently validated biological conclusion"
38,CAF/Fibroblast,0.016094658658629177,4,False,0.7283584204320441,3.9968187373668,0.1670843619138349,"bootstrap over current coarse marker-based annotations; top frustration source is a computational stability result, not an independently validated biological conclusion"
38,Endothelial,0.0088572894062274,5,False,0.40083368389862695,5.142461493057173,0.14905994557745222,"bootstrap over current coarse marker-based annotations; top frustration source is a computational stability result, not an independently validated biological conclusion"
38,T/NK,0.008390777881343327,6,False,0.3797218601200139,7.94690958271028,0.15158120640569459,"bootstrap over current coarse marker-based annotations; top frustration source is a computational stability result, not an independently validated biological conclusion"
38,B/Plasma,0.006280220562632604,7,False,0.28420929116824944,11.992698590758154,0.3262024516879958,"bootstrap over current coarse marker-based annotations; top frustration source is a computational stability result, not an independently validated biological conclusion"
39,Myeloid,0.8632800658615155,1,True,24.095631218047426,1.3093557724369507,0.3033031403499086,"bootstrap over current coarse marker-based annotations; top frustration source is a computational stability result, not an independently validated biological conclusion"
39,Unknown,0.03888377101202155,2,False,1.0853129172369573,0.990494159468788,0.40337326842453675,"bootstrap over current coarse marker-based annotations; top frustration source is a computational stability result, not an independently validated biological conclusion"
39,T/NK,0.029923242285266126,3,False,0.8352091510818215,4.771148578057934,0.24701679932187234,"bootstrap over current coarse marker-based annotations; top frustration source is a computational stability result, not an independently validated biological conclusion"
39,Tumor/Epithelial,0.029561777949853242,4,False,0.8251200598714348,3.917068281195416,0.3035331617821703,"bootstrap over current coarse marker-based annotations; top frustration source is a computational stability result, not an independently validated biological conclusion"
39,CAF/Fibroblast,0.02315644279766541,5,False,0.6463361405403558,2.525279318565564,0.17272519851581583,"bootstrap over current coarse marker-based annotations; top frustration source is a computational stability result, not an independently validated biological conclusion"
39,Endothelial,0.011919756944517558,6,False,0.33270091468778196,3.135749881768056,0.145600951109932,"bootstrap over current coarse marker-based annotations; top frustration source is a computational stability result, not an independently validated biological conclusion"
39,B/Plasma,0.0032749431491608575,7,False,0.09140929520189996,11.262623705174965,0.4244474804957644,"bootstrap over current coarse marker-based annotations; top frustration source is a computational stability result, not an independently validated biological conclusion"
40,Myeloid,0.8551708793164103,1,True,26.067709933899533,1.6065338843932393,0.3951987586741082,"bootstrap over current coarse marker-based annotations; top frustration source is a computational stability result, not an independently validated biological conclusion"
40,Unknown,0.04906444476164186,2,False,1.495604849333383,1.1986249480816564,0.3037589005477093,"bootstrap over current coarse marker-based annotations; top frustration source is a computational stability result, not an independently validated biological conclusion"
40,Tumor/Epithelial,0.029766094501842446,3,False,0.9073437088495359,4.780022744000596,0.33394850977731594,"bootstrap over current coarse marker-based annotations; top frustration source is a computational stability result, not an independently validated biological conclusion"
40,T/NK,0.02460690698713349,4,False,0.7500789950001429,6.15157855390371,0.1440364919173713,"bootstrap over current coarse marker-based annotations; top frustration source is a computational stability result, not an independently validated biological conclusion"
40,CAF/Fibroblast,0.023513983631863102,5,False,0.7167640053363853,2.8174045830684893,0.19926603858044464,"bootstrap over current coarse marker-based annotations; top frustration source is a computational stability result, not an independently validated biological conclusion"
40,Endothelial,0.014114206507091692,6,False,0.43023569917175875,3.446709527112568,0.2443361705145695,"bootstrap over current coarse marker-based annotations; top frustration source is a computational stability result, not an independently validated biological conclusion"
40,B/Plasma,0.003763484294017099,7,False,0.11472024982380828,10.481583200854287,0.3794551299884811,"bootstrap over current coarse marker-based annotations; top frustration source is a computational stability result, not an independently validated biological conclusion"
41,Myeloid,0.8407108331966321,1,True,25.547117943793822,1.7436731727782053,0.36833732576412426,"bootstrap over current coarse marker-based annotations; top frustration source is a computational stability result, not an independently validated biological conclusion"
41,Unknown,0.04651415754544821,2,False,1.413449930639639,1.021746096967691,0.20965821521333192,"bootstrap over current coarse marker-based annotations; top frustration source is a computational stability result, not an independently validated biological conclusion"
41,Tumor/Epithelial,0.03526987592726447,3,False,1.0717640889088635,4.555764857303972,0.3784670156565929,"bootstrap over current coarse marker-based annotations; top frustration source is a computational stability result, not an independently validated biological conclusion"
41,T/NK,0.0273305841176543,4,False,0.8305086937819772,4.990464231019236,0.20702422664293346,"bootstrap over current coarse marker-based annotations; top frustration source is a computational stability result, not an independently validated biological conclusion"
41,CAF/Fibroblast,0.026244562997193542,5,False,0.7975072043776258,2.959600005368199,0.20763822826979206,"bootstrap over current coarse marker-based annotations; top frustration source is a computational stability result, not an independently validated biological conclusion"
41,Endothelial,0.014041247240217374,6,False,0.4266786927912752,3.449582679242386,0.18768520593375568,"bootstrap over current coarse marker-based annotations; top frustration source is a computational stability result, not an independently validated biological conclusion"
41,B/Plasma,0.009888738975589997,7,False,0.30049426146231395,11.666689773075827,0.44118978251947,"bootstrap over current coarse marker-based annotations; top frustration source is a computational stability result, not an independently validated biological conclusion"
42,Myeloid,0.8817230156426615,1,True,39.00710953167921,1.814037355107797,0.303732732514761,"bootstrap over current coarse marker-based annotations; top frustration source is a computational stability result, not an independently validated biological conclusion"
42,Unknown,0.04130863454283961,2,False,1.8274791557325987,0.3271719188331732,0.3860836016594075,"bootstrap over current coarse marker-based annotations; top frustration source is a computational stability result, not an independently validated biological conclusion"
42,T/NK,0.025445353227119726,3,False,1.1256932877941113,8.168454859193718,0.20996829312688087,"bootstrap over current coarse marker-based annotations; top frustration source is a computational stability result, not an independently validated biological conclusion"
42,Tumor/Epithelial,0.017708038944207697,4,False,0.783397282858145,8.373508840965076,0.30993394775715094,"bootstrap over current coarse marker-based annotations; top frustration source is a computational stability result, not an independently validated biological conclusion"
42,CAF/Fibroblast,0.014517909996335438,5,False,0.6422671239735719,5.158262384893943,0.21029709743744116,"bootstrap over current coarse marker-based annotations; top frustration source is a computational stability result, not an independently validated biological conclusion"
42,B/Plasma,0.011827025184310062,6,False,0.5232233463499368,12.485779909414049,0.39941455038910817,"bootstrap over current coarse marker-based annotations; top frustration source is a computational stability result, not an independently validated biological conclusion"
42,Endothelial,0.0074700224625259305,7,False,0.33047111080283187,7.912425570782649,0.18056977711525046,"bootstrap over current coarse marker-based annotations; top frustration source is a computational stability result, not an independently validated biological conclusion"
43,Myeloid,0.9023088031915855,1,True,36.69345901019478,1.9874791716588627,0.384289423806535,"bootstrap over current coarse marker-based annotations; top frustration source is a computational stability result, not an independently validated biological conclusion"
43,Unknown,0.031806111129494344,2,False,1.2934332801316997,3.366370249491789,0.36033937253313847,"bootstrap over current coarse marker-based annotations; top frustration source is a computational stability result, not an independently validated biological conclusion"
43,Tumor/Epithelial,0.020884920841231332,3,False,0.8493101077017522,5.9449487458622805,0.3228116026814651,"bootstrap over current coarse marker-based annotations; top frustration source is a computational stability result, not an independently validated biological conclusion"
43,CAF/Fibroblast,0.013880992865127737,4,False,0.5644870591041139,3.6421494932173992,0.13929752551460595,"bootstrap over current coarse marker-based annotations; top frustration source is a computational stability result, not an independently validated biological conclusion"
43,T/NK,0.010791627652496374,5,False,0.43885435398559675,6.845919298713965,0.17384690568731637,"bootstrap over current coarse marker-based annotations; top frustration source is a computational stability result, not an independently validated biological conclusion"
43,B/Plasma,0.010592238337485836,6,False,0.43074595070777066,13.195995576299257,0.4092626183785551,"bootstrap over current coarse marker-based annotations; top frustration source is a computational stability result, not an independently validated biological conclusion"
43,Endothelial,0.009735305982578851,7,False,0.3958977788534474,5.683325005435603,0.21015255139838385,"bootstrap over current coarse marker-based annotations; top frustration source is a computational stability result, not an independently validated biological conclusion"
44,Myeloid,0.8848091705725161,1,True,27.688743112958186,1.32569116498922,0.2903362858716014,"bootstrap over current coarse marker-based annotations; top frustration source is a computational stability result, not an independently validated biological conclusion"
44,Unknown,0.03863152672904239,2,False,1.2089142554543255,0.1745808568825729,0.4083894939868904,"bootstrap over current coarse marker-based annotations; top frustration source is a computational stability result, not an independently validated biological conclusion"
44,T/NK,0.02556667463718563,3,False,0.8000697888603071,5.3847681625337955,0.2568002372265374,"bootstrap over current coarse marker-based annotations; top frustration source is a computational stability result, not an independently validated biological conclusion"
44,Tumor/Epithelial,0.021171796307003735,4,False,0.6625388260896856,4.844554213722162,0.3090852774877758,"bootstrap over current coarse marker-based annotations; top frustration source is a computational stability result, not an independently validated biological conclusion"
44,CAF/Fibroblast,0.015422394399226248,5,False,0.4826201297513597,2.839593163091037,0.15202032596010367,"bootstrap over current coarse marker-based annotations; top frustration source is a computational stability result, not an independently validated biological conclusion"
44,Endothelial,0.009556597861427332,6,False,0.29905904235564246,3.0752503928471224,0.21062062317863414,"bootstrap over current coarse marker-based annotations; top frustration source is a computational stability result, not an independently validated biological conclusion"
44,B/Plasma,0.004841839493598764,7,False,0.15151792543660605,13.649025126840202,0.372747756288457,"bootstrap over current coarse marker-based annotations; top frustration source is a computational stability result, not an independently validated biological conclusion"
45,Myeloid,0.8795050579071138,1,True,30.088627859395388,1.3946223548635797,0.2774980531214615,"bootstrap over current coarse marker-based annotations; top frustration source is a computational stability result, not an independently validated biological conclusion"
45,Unknown,0.03603958330491204,2,False,1.232945280439423,0.23352994860953893,0.3887221311569371,"bootstrap over current coarse marker-based annotations; top frustration source is a computational stability result, not an independently validated biological conclusion"
45,Tumor/Epithelial,0.028093385363977735,3,False,0.9610989839430623,5.587258498020962,0.3517608815916979,"bootstrap over current coarse marker-based annotations; top frustration source is a computational stability result, not an independently validated biological conclusion"
45,CAF/Fibroblast,0.021013931611440866,4,False,0.7189047549357078,3.6677177696831698,0.24995924708805123,"bootstrap over current coarse marker-based annotations; top frustration source is a computational stability result, not an independently validated biological conclusion"
45,T/NK,0.020713910555268,5,False,0.7086407754076657,5.607126390708864,0.18591582079026484,"bootstrap over current coarse marker-based annotations; top frustration source is a computational stability result, not an independently validated biological conclusion"
45,Endothelial,0.010220635819016855,6,False,0.3496567812544442,4.352450861719735,0.14369962491089588,"bootstrap over current coarse marker-based annotations; top frustration source is a computational stability result, not an independently validated biological conclusion"
45,B/Plasma,0.004413495438270508,7,False,0.15098949188224603,13.368158103652087,0.40244424134069207,"bootstrap over current coarse marker-based annotations; top frustration source is a computational stability result, not an independently validated biological conclusion"
46,Myeloid,0.8761367194685225,1,True,28.7164355138864,1.492169066371152,0.4161082632417288,"bootstrap over current coarse marker-based annotations; top frustration source is a computational stability result, not an independently validated biological conclusion"
46,Unknown,0.04198962148314967,2,False,1.3762603835447258,0.019594744924792233,0.44236160113221484,"bootstrap over current coarse marker-based annotations; top frustration source is a computational stability result, not an independently validated biological conclusion"
46,Tumor/Epithelial,0.026051511851336813,3,False,0.8538696569777071,4.9577363620980694,0.24637780442857124,"bootstrap over current coarse marker-based annotations; top frustration source is a computational stability result, not an independently validated biological conclusion"
46,CAF/Fibroblast,0.019676704404974082,4,False,0.644927670094694,3.1021306541698515,0.17993499416559267,"bootstrap over current coarse marker-based annotations; top frustration source is a computational stability result, not an independently validated biological conclusion"
46,T/NK,0.019298005059230284,5,False,0.63251534322886,6.678535037351582,0.19849707400829628,"bootstrap over current coarse marker-based annotations; top frustration source is a computational stability result, not an independently validated biological conclusion"
46,Endothelial,0.01176340861468022,6,False,0.3855598759881639,4.522074128937436,0.18711734471553498,"bootstrap over current coarse marker-based annotations; top frustration source is a computational stability result, not an independently validated biological conclusion"
46,B/Plasma,0.0050840291181066515,7,False,0.1666351735713043,12.003963623438969,0.3296029183080613,"bootstrap over current coarse marker-based annotations; top frustration source is a computational stability result, not an independently validated biological conclusion"
47,Myeloid,0.8623594716264155,1,True,29.20692201985277,1.4728973390878062,0.36544152879624947,"bootstrap over current coarse marker-based annotations; top frustration source is a computational stability result, not an independently validated biological conclusion"
47,Unknown,0.03311196376605662,2,False,1.1214563942986007,2.2185376832717414,0.41788076396011287,"bootstrap over current coarse marker-based annotations; top frustration source is a computational stability result, not an independently validated biological conclusion"
47,Tumor/Epithelial,0.030163352366468,3,False,1.021591006315778,5.247015244738975,0.2931707868174533,"bootstrap over current coarse marker-based annotations; top frustration source is a computational stability result, not an independently validated biological conclusion"
47,T/NK,0.02933161411675759,4,False,0.9934211827103099,5.845120411540203,0.2003753532767865,"bootstrap over current coarse marker-based annotations; top frustration source is a computational stability result, not an independently validated biological conclusion"
47,CAF/Fibroblast,0.023301857812301374,5,False,0.7892016803132149,3.166426464057089,0.18893344814815333,"bootstrap over current coarse marker-based annotations; top frustration source is a computational stability result, not an independently validated biological conclusion"
47,Endothelial,0.01655814461548486,6,False,0.5608014459049371,2.9629127541144005,0.12070645518086007,"bootstrap over current coarse marker-based annotations; top frustration source is a computational stability result, not an independently validated biological conclusion"
47,B/Plasma,0.005173595696516197,7,False,0.1752225273126644,12.955706359898059,0.41349166382038466,"bootstrap over current coarse marker-based annotations; top frustration source is a computational stability result, not an independently validated biological conclusion"
48,Myeloid,0.875343615501479,1,True,27.306705080557702,1.6109717167207174,0.4504145570370329,"bootstrap over current coarse marker-based annotations; top frustration source is a computational stability result, not an independently validated biological conclusion"
48,Unknown,0.04042794083901064,2,False,1.2611662871073204,0.1697829615044531,0.3368558207369835,"bootstrap over current coarse marker-based annotations; top frustration source is a computational stability result, not an independently validated biological conclusion"
48,Tumor/Epithelial,0.025047793946651086,3,False,0.7813762619699189,4.948764186968409,0.3196389059029799,"bootstrap over current coarse marker-based annotations; top frustration source is a computational stability result, not an independently validated biological conclusion"
48,T/NK,0.020338726370987992,4,False,0.6344749569099842,5.528345397178697,0.23305334631380548,"bootstrap over current coarse marker-based annotations; top frustration source is a computational stability result, not an independently validated biological conclusion"
48,CAF/Fibroblast,0.018294796477214242,5,False,0.5707137209493605,2.833882121227004,0.19225546892716736,"bootstrap over current coarse marker-based annotations; top frustration source is a computational stability result, not an independently validated biological conclusion"
48,Endothelial,0.01238817094901759,6,False,0.3864541016827516,3.5071811416153778,0.17321226223649833,"bootstrap over current coarse marker-based annotations; top frustration source is a computational stability result, not an independently validated biological conclusion"
48,B/Plasma,0.008158955915639603,7,False,0.2545219945723884,12.596484878534767,0.2945696388455328,"bootstrap over current coarse marker-based annotations; top frustration source is a computational stability result, not an independently validated biological conclusion"
49,Myeloid,0.8736808334021908,1,True,30.54730728431985,1.7253551643303615,0.42786210230828725,"bootstrap over current coarse marker-based annotations; top frustration source is a computational stability result, not an independently validated biological conclusion"
49,Unknown,0.040676885840234975,2,False,1.4222234065639066,4.025228812201952,0.4067592417323692,"bootstrap over current coarse marker-based annotations; top frustration source is a computational stability result, not an independently validated biological conclusion"
49,Tumor/Epithelial,0.026419093759141483,3,False,0.9237150963826192,4.99793739676443,0.2586922790761361,"bootstrap over current coarse marker-based annotations; top frustration source is a computational stability result, not an independently validated biological conclusion"
49,T/NK,0.023920514355179705,4,False,0.8363549645025625,5.767520619189505,0.20633183238558092,"bootstrap over current coarse marker-based annotations; top frustration source is a computational stability result, not an independently validated biological conclusion"
49,CAF/Fibroblast,0.01846823472229744,5,False,0.6457218923575286,3.2275704757061106,0.16085401563366494,"bootstrap over current coarse marker-based annotations; top frustration source is a computational stability result, not an independently validated biological conclusion"
49,Endothelial,0.011763180287486952,6,False,0.41128690151464276,3.694235386747237,0.1239954950688364,"bootstrap over current coarse marker-based annotations; top frustration source is a computational stability result, not an independently validated biological conclusion"
49,B/Plasma,0.005071257633468671,7,False,0.17731104921264457,11.526072739914156,0.4155050337951252,"bootstrap over current coarse marker-based annotations; top frustration source is a computational stability result, not an independently validated biological conclusion"
50,Myeloid,0.8260729639241903,1,True,26.33573711588358,1.594267141618011,0.28308004174563495,"bootstrap over current coarse marker-based annotations; top frustration source is a computational stability result, not an independently validated biological conclusion"
50,Unknown,0.05691786597876037,2,False,1.8145781560178131,0.1769140762611147,0.40075533243037015,"bootstrap over current coarse marker-based annotations; top frustration source is a computational stability result, not an independently validated biological conclusion"
50,T/NK,0.05001100044800814,3,False,1.5943828429445464,5.606554057596709,0.2933016435994776,"bootstrap over current coarse marker-based annotations; top frustration source is a computational stability result, not an independently validated biological conclusion"
50,Tumor/Epithelial,0.024950808366704828,4,False,0.7954478099039076,5.209179871829475,0.32064643031960655,"bootstrap over current coarse marker-based annotations; top frustration source is a computational stability result, not an independently validated biological conclusion"
50,CAF/Fibroblast,0.019416424757798395,5,False,0.619008102774126,3.363975700491734,0.18012867768388663,"bootstrap over current coarse marker-based annotations; top frustration source is a computational stability result, not an independently validated biological conclusion"
50,Endothelial,0.011406748601069685,6,False,0.3636544780229759,3.819334648577036,0.17144314544815586,"bootstrap over current coarse marker-based annotations; top frustration source is a computational stability result, not an independently validated biological conclusion"
50,B/Plasma,0.011224187923468392,7,False,0.3578343262652354,12.110417335438104,0.3506447287728679,"bootstrap over current coarse marker-based annotations; top frustration source is a computational stability result, not an independently validated biological conclusion"
51,Myeloid,0.8847772206899582,1,True,29.742819171680985,1.6233742634301238,0.4415895396780531,"bootstrap over current coarse marker-based annotations; top frustration source is a computational stability result, not an independently validated biological conclusion"
51,Unknown,0.036756116104571426,2,False,1.2355997523298203,4.843778145380628,0.4063286833255031,"bootstrap over current coarse marker-based annotations; top frustration source is a computational stability result, not an independently validated biological conclusion"
51,Tumor/Epithelial,0.025062909168697772,3,False,0.8425189504082625,4.52787179455219,0.2606491027036336,"bootstrap over current coarse marker-based annotations; top frustration source is a computational stability result, not an independently validated biological conclusion"
51,T/NK,0.02063001594553482,4,False,0.6935020697056937,4.835400597824113,0.22849746824091516,"bootstrap over current coarse marker-based annotations; top frustration source is a computational stability result, not an independently validated biological conclusion"
51,CAF/Fibroblast,0.01838808643566027,5,False,0.6181369919792856,2.825491217796771,0.15072357587010762,"bootstrap over current coarse marker-based annotations; top frustration source is a computational stability result, not an independently validated biological conclusion"
51,Endothelial,0.010770722335779167,6,False,0.36207040517120426,3.9633692733991364,0.1228154079505197,"bootstrap over current coarse marker-based annotations; top frustration source is a computational stability result, not an independently validated biological conclusion"
51,B/Plasma,0.0036149293197980906,7,False,0.12152006919133675,10.996882118083624,0.3893962222312675,"bootstrap over current coarse marker-based annotations; top frustration source is a computational stability result, not an independently validated biological conclusion"
52,Myeloid,0.9144724481646184,1,True,38.57613053451812,1.75436511637341,0.3909990676670853,"bootstrap over current coarse marker-based annotations; top frustration source is a computational stability result, not an independently validated biological conclusion"
52,Unknown,0.02844031243870092,2,False,1.1997269106136144,0.25628264602232015,0.43622502408960245,"bootstrap over current coarse marker-based annotations; top frustration source is a computational stability result, not an independently validated biological conclusion"
52,Tumor/Epithelial,0.014730263249794736,3,False,0.6213818241023769,7.447461070432611,0.29107391912025293,"bootstrap over current coarse marker-based annotations; top frustration source is a computational stability result, not an independently validated biological conclusion"
52,B/Plasma,0.012678152621524158,4,False,0.5348155337495948,16.026151104490996,0.3184991020797951,"bootstrap over current coarse marker-based annotations; top frustration source is a computational stability result, not an independently validated biological conclusion"
52,CAF/Fibroblast,0.011122624769167904,5,False,0.4691971046727994,4.697587063316445,0.17345620104517798,"bootstrap over current coarse marker-based annotations; top frustration source is a computational stability result, not an independently validated biological conclusion"
52,T/NK,0.01049304101804039,6,False,0.44263872665424747,7.500464732992293,0.19067922804463147,"bootstrap over current coarse marker-based annotations; top frustration source is a computational stability result, not an independently validated biological conclusion"
52,Endothelial,0.008063157738153342,7,False,0.34013646452847585,4.501715365211162,0.1990674579534549,"bootstrap over current coarse marker-based annotations; top frustration source is a computational stability result, not an independently validated biological conclusion"
53,Myeloid,0.8736390047468318,1,True,32.366369068028106,1.6129862416889489,0.33595960935730157,"bootstrap over current coarse marker-based annotations; top frustration source is a computational stability result, not an independently validated biological conclusion"
53,Unknown,0.048083206885642014,2,False,1.7813751579075012,0.24583904415505367,0.3258119699573862,"bootstrap over current coarse marker-based annotations; top frustration source is a computational stability result, not an independently validated biological conclusion"
53,Tumor/Epithelial,0.021575106837361448,3,False,0.7993094021512204,7.016377462309431,0.3467403232282199,"bootstrap over current coarse marker-based annotations; top frustration source is a computational stability result, not an independently validated biological conclusion"
53,T/NK,0.020940621466112027,4,False,0.7758031397447306,6.473948051899894,0.17951307578695888,"bootstrap over current coarse marker-based annotations; top frustration source is a computational stability result, not an independently validated biological conclusion"
53,CAF/Fibroblast,0.017073857881745338,5,False,0.6325482065395779,4.196574619369432,0.2190617861474242,"bootstrap over current coarse marker-based annotations; top frustration source is a computational stability result, not an independently validated biological conclusion"
53,Endothelial,0.01064780658055377,6,False,0.39447739361299555,4.068050444602577,0.2083111721076412,"bootstrap over current coarse marker-based annotations; top frustration source is a computational stability result, not an independently validated biological conclusion"
53,B/Plasma,0.00804039560175355,7,False,0.2978786547822676,13.433985158741063,0.38460206341506836,"bootstrap over current coarse marker-based annotations; top frustration source is a computational stability result, not an independently validated biological conclusion"
54,Myeloid,0.8430667706699356,1,True,19.740259324196217,1.26482443528072,0.32150982119332006,"bootstrap over current coarse marker-based annotations; top frustration source is a computational stability result, not an independently validated biological conclusion"
54,Unknown,0.0550089272564553,2,False,1.28802430242314,0.13324494106176582,0.37468940515415666,"bootstrap over current coarse marker-based annotations; top frustration source is a computational stability result, not an independently validated biological conclusion"
54,Tumor/Epithelial,0.033463404355547025,3,False,0.783539694399311,3.454781850296553,0.3325028051954121,"bootstrap over current coarse marker-based annotations; top frustration source is a computational stability result, not an independently validated biological conclusion"
54,T/NK,0.029323526104708956,4,False,0.686605177365502,3.7313072373814693,0.16879648504911368,"bootstrap over current coarse marker-based annotations; top frustration source is a computational stability result, not an independently validated biological conclusion"
54,CAF/Fibroblast,0.026043052779658744,5,False,0.6097934746682879,2.049597705671991,0.17741882120163693,"bootstrap over current coarse marker-based annotations; top frustration source is a computational stability result, not an independently validated biological conclusion"
54,Endothelial,0.010081654704261376,6,False,0.23606016178407452,3.0749199543607615,0.21479297244831355,"bootstrap over current coarse marker-based annotations; top frustration source is a computational stability result, not an independently validated biological conclusion"
54,B/Plasma,0.0030126641294330497,7,False,0.07054099774855829,9.706147008531829,0.4102896897580469,"bootstrap over current coarse marker-based annotations; top frustration source is a computational stability result, not an independently validated biological conclusion"
55,Myeloid,0.8668584467739512,1,True,31.79359252610057,1.7609345906268317,0.44392842450962294,"bootstrap over current coarse marker-based annotations; top frustration source is a computational stability result, not an independently validated biological conclusion"
55,Unknown,0.05102420295573744,2,False,1.8714044072374383,6.103318019224566,0.46185625949840703,"bootstrap over current coarse marker-based annotations; top frustration source is a computational stability result, not an independently validated biological conclusion"
55,T/NK,0.030408720551871382,3,False,1.1152945144207262,5.3723828203461705,0.27121479633889917,"bootstrap over current coarse marker-based annotations; top frustration source is a computational stability result, not an independently validated biological conclusion"
55,Tumor/Epithelial,0.024243225521251608,4,False,0.8891638959157887,4.672282398730163,0.2616260278578562,"bootstrap over current coarse marker-based annotations; top frustration source is a computational stability result, not an independently validated biological conclusion"
55,CAF/Fibroblast,0.015048008806909858,5,False,0.5519127858955086,2.8495030838994935,0.10498892141395426,"bootstrap over current coarse marker-based annotations; top frustration source is a computational stability result, not an independently validated biological conclusion"
55,Endothelial,0.008898836492013593,6,False,0.32638083234511345,4.37641539764375,0.1604079113255,"bootstrap over current coarse marker-based annotations; top frustration source is a computational stability result, not an independently validated biological conclusion"
55,B/Plasma,0.0035185588982650272,7,False,0.1290494755018464,11.541962126946018,0.2959776590557608,"bootstrap over current coarse marker-based annotations; top frustration source is a computational stability result, not an independently validated biological conclusion"
56,Myeloid,0.887866043191719,1,True,28.864497746029173,1.6532281317289435,0.37743863470717604,"bootstrap over current coarse marker-based annotations; top frustration source is a computational stability result, not an independently validated biological conclusion"
56,Unknown,0.0355692876617518,2,False,1.1563564474768437,0.5970162188062613,0.2513561784784011,"bootstrap over current coarse marker-based annotations; top frustration source is a computational stability result, not an independently validated biological conclusion"
56,Tumor/Epithelial,0.027393409934599072,3,False,0.8905589141250118,4.998499160702446,0.41371552181921273,"bootstrap over current coarse marker-based annotations; top frustration source is a computational stability result, not an independently validated biological conclusion"
56,CAF/Fibroblast,0.019964896596274675,4,False,0.649058174058853,3.322515168861691,0.19251693904171252,"bootstrap over current coarse marker-based annotations; top frustration source is a computational stability result, not an independently validated biological conclusion"
56,T/NK,0.01203679991007905,5,False,0.39131599472473366,5.248522749641171,0.08561711239052906,"bootstrap over current coarse marker-based annotations; top frustration source is a computational stability result, not an independently validated biological conclusion"
56,Endothelial,0.011281967614889693,6,False,0.36677642003303834,3.2216362039212205,0.29875888575822523,"bootstrap over current coarse marker-based annotations; top frustration source is a computational stability result, not an independently validated biological conclusion"
56,B/Plasma,0.005887595090686714,7,False,0.191405535246901,13.468551598032825,0.38059672780474346,"bootstrap over current coarse marker-based annotations; top frustration source is a computational stability result, not an independently validated biological conclusion"
57,Myeloid,0.9105927059493036,1,True,41.31779029727005,1.7888101877825084,0.28175680016597426,"bootstrap over current coarse marker-based annotations; top frustration source is a computational stability result, not an independently validated biological conclusion"
57,Unknown,0.0318934203702828,2,False,1.4471515597615505,2.164576102129702,0.4073028758523661,"bootstrap over current coarse marker-based annotations; top frustration source is a computational stability result, not an independently validated biological conclusion"
57,B/Plasma,0.014161208135256929,3,False,0.6425593179758194,10.917161313933194,0.401157952549204,"bootstrap over current coarse marker-based annotations; top frustration source is a computational stability result, not an independently validated biological conclusion"
57,Tumor/Epithelial,0.01360414338270826,4,False,0.6172827212301741,8.492654165371391,0.31894033806064415,"bootstrap over current coarse marker-based annotations; top frustration source is a computational stability result, not an independently validated biological conclusion"
57,T/NK,0.011435469986985565,5,False,0.5188800083572165,10.239491222674632,0.2542483434533309,"bootstrap over current coarse marker-based annotations; top frustration source is a computational stability result, not an independently validated biological conclusion"
57,CAF/Fibroblast,0.011188642033648078,6,False,0.5076802858590325,5.421438850037759,0.2275961317888896,"bootstrap over current coarse marker-based annotations; top frustration source is a computational stability result, not an independently validated biological conclusion"
57,Endothelial,0.007124410141814563,7,False,0.3232673425868915,6.350479691111556,0.10899755812959072,"bootstrap over current coarse marker-based annotations; top frustration source is a computational stability result, not an independently validated biological conclusion"
58,Myeloid,0.8481789460686104,1,True,26.514413414702904,1.440247911572825,0.42856964563809236,"bootstrap over current coarse marker-based annotations; top frustration source is a computational stability result, not an independently validated biological conclusion"
58,Unknown,0.039901841157592155,2,False,1.247347528919475,4.563546469322185,0.4311293621984443,"bootstrap over current coarse marker-based annotations; top frustration source is a computational stability result, not an independently validated biological conclusion"
58,Tumor/Epithelial,0.03740196399622136,3,False,1.1692003680523182,4.227235372446636,0.2833210225800982,"bootstrap over current coarse marker-based annotations; top frustration source is a computational stability result, not an independently validated biological conclusion"
58,T/NK,0.03264560448537582,4,False,1.0205146655787374,4.356041648519729,0.19577527342883413,"bootstrap over current coarse marker-based annotations; top frustration source is a computational stability result, not an independently validated biological conclusion"
58,CAF/Fibroblast,0.027939859489788117,5,False,0.8734111931151698,2.6639324733308207,0.17514938376884087,"bootstrap over current coarse marker-based annotations; top frustration source is a computational stability result, not an independently validated biological conclusion"
58,Endothelial,0.012174052288007402,6,False,0.3805657482923742,3.2830239601938134,0.10037726662256194,"bootstrap over current coarse marker-based annotations; top frustration source is a computational stability result, not an independently validated biological conclusion"
58,B/Plasma,0.001757732514404651,7,False,0.05494742209224818,10.726372505367218,0.38567804576312814,"bootstrap over current coarse marker-based annotations; top frustration source is a computational stability result, not an independently validated biological conclusion"
59,Myeloid,0.8770414794462221,1,True,34.79685110644386,1.9740881974117819,0.4293320448246407,"bootstrap over current coarse marker-based annotations; top frustration source is a computational stability result, not an independently validated biological conclusion"
59,Unknown,0.038731756850638975,2,False,1.5366926283505515,2.6999174130109505,0.30992134917169745,"bootstrap over current coarse marker-based annotations; top frustration source is a computational stability result, not an independently validated biological conclusion"
59,Tumor/Epithelial,0.027203084569997635,3,False,1.0792895268943206,6.381166689781681,0.34349714729179176,"bootstrap over current coarse marker-based annotations; top frustration source is a computational stability result, not an independently validated biological conclusion"
59,CAF/Fibroblast,0.02036327192782293,4,False,0.8079181634144483,4.030636760098503,0.2123553999508616,"bootstrap over current coarse marker-based annotations; top frustration source is a computational stability result, not an independently validated biological conclusion"
59,T/NK,0.017966270954863327,5,False,0.7128165200911001,7.780209429059053,0.13546382254133,"bootstrap over current coarse marker-based annotations; top frustration source is a computational stability result, not an independently validated biological conclusion"
59,Endothelial,0.012163692385324817,6,False,0.48259769093701765,4.232049144204948,0.2095026394483805,"bootstrap over current coarse marker-based annotations; top frustration source is a computational stability result, not an independently validated biological conclusion"
59,B/Plasma,0.0065304438651302196,7,False,0.25909707597570897,12.57719507854009,0.3599275967712982,"bootstrap over current coarse marker-based annotations; top frustration source is a computational stability result, not an independently validated biological conclusion"
60,Myeloid,0.8767445834690694,1,True,27.72671815049263,1.3929682929414904,0.29817428526532336,"bootstrap over current coarse marker-based annotations; top frustration source is a computational stability result, not an independently validated biological conclusion"
60,Unknown,0.047202702906718276,2,False,1.4927677502808194,1.0816465074593793,0.3941843332049359,"bootstrap over current coarse marker-based annotations; top frustration source is a computational stability result, not an independently validated biological conclusion"
60,Tumor/Epithelial,0.023862685877795598,3,False,0.7546484781570608,4.799736276041214,0.3622180238938856,"bootstrap over current coarse marker-based annotations; top frustration source is a computational stability result, not an independently validated biological conclusion"
60,CAF/Fibroblast,0.01944338050362987,4,False,0.6148896055722799,2.8365526679791064,0.23467845585781083,"bootstrap over current coarse marker-based annotations; top frustration source is a computational stability result, not an independently validated biological conclusion"
60,T/NK,0.017719757979766767,5,False,0.5603806906407524,5.670533925234913,0.18217358433673939,"bootstrap over current coarse marker-based annotations; top frustration source is a computational stability result, not an independently validated biological conclusion"
60,Endothelial,0.009844760175575317,6,False,0.3113368429004968,3.810045843430937,0.14035217334067687,"bootstrap over current coarse marker-based annotations; top frustration source is a computational stability result, not an independently validated biological conclusion"
60,B/Plasma,0.005182129087444846,7,False,0.1638828860037341,12.033140890960734,0.38821914410062813,"bootstrap over current coarse marker-based annotations; top frustration source is a computational stability result, not an independently validated biological conclusion"
61,Myeloid,0.8485109379244026,1,True,33.82350306966791,2.357028623974554,0.39181259125254747,"bootstrap over current coarse marker-based annotations; top frustration source is a computational stability result, not an independently validated biological conclusion"
61,Unknown,0.04392678014885812,2,False,1.7510175965909613,0.7829572560427711,0.22384935594962624,"bootstrap over current coarse marker-based annotations; top frustration source is a computational stability result, not an independently validated biological conclusion"
61,Tumor/Epithelial,0.03100988645752408,3,False,1.2361219436390656,6.761013898857261,0.3494960765240957,"bootstrap over current coarse marker-based annotations; top frustration source is a computational stability result, not an independently validated biological conclusion"
61,T/NK,0.02984340646910291,4,False,1.1896234982971803,7.4839461582640485,0.20475090923283817,"bootstrap over current coarse marker-based annotations; top frustration source is a computational stability result, not an independently validated biological conclusion"
61,CAF/Fibroblast,0.023395693793097132,5,False,0.9326035593171501,4.2118846412545725,0.1994573874698883,"bootstrap over current coarse marker-based annotations; top frustration source is a computational stability result, not an independently validated biological conclusion"
61,Endothelial,0.01261753422206238,6,False,0.5029625293169638,6.155616756386472,0.17872688504442757,"bootstrap over current coarse marker-based annotations; top frustration source is a computational stability result, not an independently validated biological conclusion"
61,B/Plasma,0.010695760984952899,7,False,0.42635644201821715,12.109741304067764,0.45190679452657684,"bootstrap over current coarse marker-based annotations; top frustration source is a computational stability result, not an independently validated biological conclusion"
62,Myeloid,0.8960426705325225,1,True,38.620765267184176,2.128218206967826,0.4603635078045437,"bootstrap over current coarse marker-based annotations; top frustration source is a computational stability result, not an independently validated biological conclusion"
62,Unknown,0.029798352068294995,2,False,1.2843530765053701,5.01873359933433,0.37812694589381163,"bootstrap over current coarse marker-based annotations; top frustration source is a computational stability result, not an independently validated biological conclusion"
62,Tumor/Epithelial,0.022003763321318873,3,False,0.9483947653098836,6.41852274500426,0.2640628042207269,"bootstrap over current coarse marker-based annotations; top frustration source is a computational stability result, not an independently validated biological conclusion"
62,T/NK,0.01755920457458497,4,False,0.7568277052592649,9.826702537105662,0.208517118642193,"bootstrap over current coarse marker-based annotations; top frustration source is a computational stability result, not an independently validated biological conclusion"
62,CAF/Fibroblast,0.015787076335795288,5,False,0.6804463553700125,3.9230294544833004,0.13644809035691147,"bootstrap over current coarse marker-based annotations; top frustration source is a computational stability result, not an independently validated biological conclusion"
62,Endothelial,0.009544995316267768,6,False,0.4114034249807191,5.430095692980424,0.1332821087610594,"bootstrap over current coarse marker-based annotations; top frustration source is a computational stability result, not an independently validated biological conclusion"
62,B/Plasma,0.00926393785121561,7,False,0.39928943226436975,10.356177790997988,0.4191994243207542,"bootstrap over current coarse marker-based annotations; top frustration source is a computational stability result, not an independently validated biological conclusion"
63,Myeloid,0.8663379396354536,1,True,30.163307580268704,1.8525557573247073,0.48193618393612403,"bootstrap over current coarse marker-based annotations; top frustration source is a computational stability result, not an independently validated biological conclusion"
63,Unknown,0.040370366792965295,2,False,1.4055759709852667,2.2886344237243743,0.28837167759830634,"bootstrap over current coarse marker-based annotations; top frustration source is a computational stability result, not an independently validated biological conclusion"
63,Tumor/Epithelial,0.02988184052541239,3,False,1.0403967154108764,5.32644383447529,0.35023072624012186,"bootstrap over current coarse marker-based annotations; top frustration source is a computational stability result, not an independently validated biological conclusion"
63,CAF/Fibroblast,0.021800950177978142,4,False,0.7590441739596159,3.238640681603499,0.18389968386153405,"bootstrap over current coarse marker-based annotations; top frustration source is a computational stability result, not an independently validated biological conclusion"
63,T/NK,0.021212881920533378,5,False,0.7385693881791812,5.612409627423225,0.12734998404897854,"bootstrap over current coarse marker-based annotations; top frustration source is a computational stability result, not an independently validated biological conclusion"
63,Endothelial,0.014414470334808853,6,False,0.5018689386943538,3.9930204516447723,0.17764383641078973,"bootstrap over current coarse marker-based annotations; top frustration source is a computational stability result, not an independently validated biological conclusion"
63,B/Plasma,0.005981550612848229,7,False,0.20825978257192135,12.505317773874054,0.3905679079041455,"bootstrap over current coarse marker-based annotations; top frustration source is a computational stability result, not an independently validated biological conclusion"
64,Myeloid,0.8782375800837403,1,True,39.23071552044442,2.2098444520137477,0.3321354002838831,"bootstrap over current coarse marker-based annotations; top frustration source is a computational stability result, not an independently validated biological conclusion"
64,Unknown,0.037039403645118846,2,False,1.654543531728644,1.021831294510573,0.30189326413284684,"bootstrap over current coarse marker-based annotations; top frustration source is a computational stability result, not an independently validated biological conclusion"
64,Tumor/Epithelial,0.024313223730644044,3,False,1.086067352607329,8.221823053253232,0.3607735733793676,"bootstrap over current coarse marker-based annotations; top frustration source is a computational stability result, not an independently validated biological conclusion"
64,CAF/Fibroblast,0.020928549574317345,4,False,0.9348745638136724,5.21489909998629,0.20485847698640047,"bootstrap over current coarse marker-based annotations; top frustration source is a computational stability result, not an independently validated biological conclusion"
64,T/NK,0.018051743434092105,5,False,0.80636814840398,9.56846701800705,0.20943031819075594,"bootstrap over current coarse marker-based annotations; top frustration source is a computational stability result, not an independently validated biological conclusion"
64,B/Plasma,0.01077726609300405,6,False,0.4814185475215707,12.287079732234345,0.47148515156808607,"bootstrap over current coarse marker-based annotations; top frustration source is a computational stability result, not an independently validated biological conclusion"
64,Endothelial,0.010652233439083439,7,False,0.4758333612485602,6.145876375762932,0.11942381545865993,"bootstrap over current coarse marker-based annotations; top frustration source is a computational stability result, not an independently validated biological conclusion"
65,Myeloid,0.8857651271150364,1,True,38.40266116918851,2.1866308463751345,0.4226083658333116,"bootstrap over current coarse marker-based annotations; top frustration source is a computational stability result, not an independently validated biological conclusion"
65,Unknown,0.038679082186738434,2,False,1.6769453234069367,1.9773977401539644,0.28086921971122597,"bootstrap over current coarse marker-based annotations; top frustration source is a computational stability result, not an independently validated biological conclusion"
65,Tumor/Epithelial,0.02392481027449494,3,False,1.0372686329400111,7.595548816770139,0.3650595563364219,"bootstrap over current coarse marker-based annotations; top frustration source is a computational stability result, not an independently validated biological conclusion"
65,CAF/Fibroblast,0.01854458307306255,4,False,0.8040069748492137,4.827573300466689,0.24963766687094519,"bootstrap over current coarse marker-based annotations; top frustration source is a computational stability result, not an independently validated biological conclusion"
65,T/NK,0.014360223927208355,5,False,0.6225926003504033,8.159048505665028,0.16260202701281226,"bootstrap over current coarse marker-based annotations; top frustration source is a computational stability result, not an independently validated biological conclusion"
65,Endothelial,0.010819965465601334,6,False,0.46910343940854315,6.451198957468634,0.1527807342755813,"bootstrap over current coarse marker-based annotations; top frustration source is a computational stability result, not an independently validated biological conclusion"
65,B/Plasma,0.007906207957857582,7,False,0.3427764494721576,12.157956422716191,0.36644242995970205,"bootstrap over current coarse marker-based annotations; top frustration source is a computational stability result, not an independently validated biological conclusion"
66,Myeloid,0.8556175247725166,1,True,24.700940703925443,1.5377285907904878,0.4767928628805622,"bootstrap over current coarse marker-based annotations; top frustration source is a computational stability result, not an independently validated biological conclusion"
66,Unknown,0.05010620142305132,2,False,1.4465228614605516,4.009522416358267,0.41383406130559824,"bootstrap over current coarse marker-based annotations; top frustration source is a computational stability result, not an independently validated biological conclusion"
66,Tumor/Epithelial,0.029991179529335627,3,False,0.8658195113428298,3.8039870310576593,0.29495333783615335,"bootstrap over current coarse marker-based annotations; top frustration source is a computational stability result, not an independently validated biological conclusion"
66,T/NK,0.02751873000031634,4,False,0.7944420238071566,4.108135787757392,0.21104281753140264,"bootstrap over current coarse marker-based annotations; top frustration source is a computational stability result, not an independently validated biological conclusion"
66,CAF/Fibroblast,0.021170633745178035,5,False,0.6111779547096099,2.1273546237537424,0.1360465278587561,"bootstrap over current coarse marker-based annotations; top frustration source is a computational stability result, not an independently validated biological conclusion"
66,Endothelial,0.012729025076316213,6,False,0.367475986086729,3.3651947264823643,0.15397080977483069,"bootstrap over current coarse marker-based annotations; top frustration source is a computational stability result, not an independently validated biological conclusion"
66,B/Plasma,0.0028667054532857564,7,False,0.08275931636166235,9.917215181494068,0.31335958281269677,"bootstrap over current coarse marker-based annotations; top frustration source is a computational stability result, not an independently validated biological conclusion"
67,Myeloid,0.9056864835704804,1,True,37.58093309521612,1.9524797560294698,0.5457428682138867,"bootstrap over current coarse marker-based annotations; top frustration source is a computational stability result, not an independently validated biological conclusion"
67,Unknown,0.027558778748860674,2,False,1.1435354718597828,0.2952438056989537,0.34769452397771045,"bootstrap over current coarse marker-based annotations; top frustration source is a computational stability result, not an independently validated biological conclusion"
67,Tumor/Epithelial,0.020225666237085944,3,False,0.8392522395449303,7.674711388036226,0.2923749247903817,"bootstrap over current coarse marker-based annotations; top frustration source is a computational stability result, not an independently validated biological conclusion"
67,CAF/Fibroblast,0.014315471882606737,4,False,0.5940121673515348,4.644160564780708,0.20953682614525843,"bootstrap over current coarse marker-based annotations; top frustration source is a computational stability result, not an independently validated biological conclusion"
67,B/Plasma,0.012279618768999629,5,False,0.509535628237763,11.440995686366977,0.29560163070481005,"bootstrap over current coarse marker-based annotations; top frustration source is a computational stability result, not an independently validated biological conclusion"
67,Endothelial,0.010234279545975403,6,False,0.4246654685391579,5.558458885188206,0.18121453909913388,"bootstrap over current coarse marker-based annotations; top frustration source is a computational stability result, not an independently validated biological conclusion"
67,T/NK,0.009699701245990996,7,False,0.40248345336027624,9.928367438009026,0.12783468706881862,"bootstrap over current coarse marker-based annotations; top frustration source is a computational stability result, not an independently validated biological conclusion"
68,Myeloid,0.8668038735117732,1,True,31.450476585393396,1.8654246718900493,0.47908086006620965,"bootstrap over current coarse marker-based annotations; top frustration source is a computational stability result, not an independently validated biological conclusion"
68,Unknown,0.03523618608430718,2,False,1.2784839561379924,5.2905923054552115,0.393707447957873,"bootstrap over current coarse marker-based annotations; top frustration source is a computational stability result, not an independently validated biological conclusion"
68,Tumor/Epithelial,0.030766181784404167,3,False,1.1162975955704675,5.036388077070544,0.2707163995672307,"bootstrap over current coarse marker-based annotations; top frustration source is a computational stability result, not an independently validated biological conclusion"
68,T/NK,0.026094876877204114,4,False,0.9468073912732516,5.95698727095047,0.22744453289507066,"bootstrap over current coarse marker-based annotations; top frustration source is a computational stability result, not an independently validated biological conclusion"
68,CAF/Fibroblast,0.022201126213138977,5,False,0.8055293953715901,3.3520078613569715,0.15190192775425848,"bootstrap over current coarse marker-based annotations; top frustration source is a computational stability result, not an independently validated biological conclusion"
68,Endothelial,0.013686882476173019,6,False,0.4966048145354349,3.4216405422589222,0.07803543945626572,"bootstrap over current coarse marker-based annotations; top frustration source is a computational stability result, not an independently validated biological conclusion"
68,B/Plasma,0.005210873052999386,7,False,0.18906749952426077,11.360226508824223,0.399113392303092,"bootstrap over current coarse marker-based annotations; top frustration source is a computational stability result, not an independently validated biological conclusion"
69,Myeloid,0.9133071143748857,1,True,42.1465227188521,1.8312632475036932,0.3646977144045041,"bootstrap over current coarse marker-based annotations; top frustration source is a computational stability result, not an independently validated biological conclusion"
69,Unknown,0.02819290708764218,2,False,1.301022383793742,3.339490509327527,0.42483715438004405,"bootstrap over current coarse marker-based annotations; top frustration source is a computational stability result, not an independently validated biological conclusion"
69,Tumor/Epithelial,0.01653744527825896,3,False,0.7631560098039687,7.678943756485728,0.2770505770551442,"bootstrap over current coarse marker-based annotations; top frustration source is a computational stability result, not an independently validated biological conclusion"
69,T/NK,0.013206735570319506,4,False,0.6094532408600815,9.91674484143923,0.21382486187418523,"bootstrap over current coarse marker-based annotations; top frustration source is a computational stability result, not an independently validated biological conclusion"
69,CAF/Fibroblast,0.013176125121160705,5,False,0.6080406557935689,5.209163012262235,0.1854979821141811,"bootstrap over current coarse marker-based annotations; top frustration source is a computational stability result, not an independently validated biological conclusion"
69,Endothelial,0.008626879023659367,6,False,0.3981059022104627,5.467633406840735,0.14677945262915637,"bootstrap over current coarse marker-based annotations; top frustration source is a computational stability result, not an independently validated biological conclusion"
69,B/Plasma,0.006952793544073436,7,False,0.32085162422647745,12.703913761681253,0.387312257542785,"bootstrap over current coarse marker-based annotations; top frustration source is a computational stability result, not an independently validated biological conclusion"
70,Myeloid,0.9086309810896939,1,True,38.57646133851662,1.6841556996337648,0.35356536716619813,"bootstrap over current coarse marker-based annotations; top frustration source is a computational stability result, not an independently validated biological conclusion"
70,Unknown,0.035004323785060264,2,False,1.4861291011185525,0.33705688815386353,0.3286395313066752,"bootstrap over current coarse marker-based annotations; top frustration source is a computational stability result, not an independently validated biological conclusion"
70,Tumor/Epithelial,0.015159854041735627,3,False,0.6436204966698583,8.876435112841875,0.3560183690572146,"bootstrap over current coarse marker-based annotations; top frustration source is a computational stability result, not an independently validated biological conclusion"
70,T/NK,0.012530672638627125,4,False,0.5319970578263724,10.270040347993037,0.14202675419419813,"bootstrap over current coarse marker-based annotations; top frustration source is a computational stability result, not an independently validated biological conclusion"
70,CAF/Fibroblast,0.012466408255238709,5,False,0.5292686757297662,5.527902458275641,0.25437770433117035,"bootstrap over current coarse marker-based annotations; top frustration source is a computational stability result, not an independently validated biological conclusion"
70,B/Plasma,0.008705756150003288,6,False,0.36960798446515175,9.723646172726003,0.41106949445598734,"bootstrap over current coarse marker-based annotations; top frustration source is a computational stability result, not an independently validated biological conclusion"
70,Endothelial,0.0075020040396410305,7,False,0.3185019824544592,6.0363499571566095,0.15430277948855664,"bootstrap over current coarse marker-based annotations; top frustration source is a computational stability result, not an independently validated biological conclusion"
71,Myeloid,0.8836735419210284,1,True,32.553164268283446,2.0363659468667956,0.4660182461460511,"bootstrap over current coarse marker-based annotations; top frustration source is a computational stability result, not an independently validated biological conclusion"
71,Unknown,0.03306857257673006,2,False,1.2181949828075191,2.148101782627484,0.29280874794974976,"bootstrap over current coarse marker-based annotations; top frustration source is a computational stability result, not an independently validated biological conclusion"
71,Tumor/Epithelial,0.027294851144181398,3,False,1.005500030071385,5.8654247169996685,0.3267513962792315,"bootstrap over current coarse marker-based annotations; top frustration source is a computational stability result, not an independently validated biological conclusion"
71,CAF/Fibroblast,0.018585159558406745,4,False,0.684648485391838,3.539997334251271,0.1320147225371801,"bootstrap over current coarse marker-based annotations; top frustration source is a computational stability result, not an independently validated biological conclusion"
71,T/NK,0.016295962618618223,5,False,0.6003180166291474,5.874093338811898,0.1947915708040372,"bootstrap over current coarse marker-based annotations; top frustration source is a computational stability result, not an independently validated biological conclusion"
71,Endothelial,0.011612030832492733,6,False,0.4277692261293139,4.1794309098584845,0.21772098221941882,"bootstrap over current coarse marker-based annotations; top frustration source is a computational stability result, not an independently validated biological conclusion"
71,B/Plasma,0.0094698813485426,7,False,0.3488557578289591,13.195036737726003,0.3698943340643316,"bootstrap over current coarse marker-based annotations; top frustration source is a computational stability result, not an independently validated biological conclusion"
72,Myeloid,0.8655511302392109,1,True,23.73120766694162,1.780702603343598,0.4791107999807897,"bootstrap over current coarse marker-based annotations; top frustration source is a computational stability result, not an independently validated biological conclusion"
72,Unknown,0.04022095045576681,2,False,1.1027560296337215,1.5447424903432685,0.27035391239802736,"bootstrap over current coarse marker-based annotations; top frustration source is a computational stability result, not an independently validated biological conclusion"
72,Tumor/Epithelial,0.03209244867342677,3,False,0.8798932118536725,4.0368632958843005,0.3297407275849367,"bootstrap over current coarse marker-based annotations; top frustration source is a computational stability result, not an independently validated biological conclusion"
72,CAF/Fibroblast,0.023566690515647037,4,False,0.6461386359634236,2.46381617780165,0.1641243073621433,"bootstrap over current coarse marker-based annotations; top frustration source is a computational stability result, not an independently validated biological conclusion"
72,T/NK,0.020579990425390278,5,False,0.5642509258045009,4.041655103145862,0.17421276475396968,"bootstrap over current coarse marker-based annotations; top frustration source is a computational stability result, not an independently validated biological conclusion"
72,Endothelial,0.01302417737989768,6,False,0.35708977470575964,3.3113122421358363,0.18539346172716314,"bootstrap over current coarse marker-based annotations; top frustration source is a computational stability result, not an independently validated biological conclusion"
72,B/Plasma,0.004964612310660461,7,False,0.13611702603585948,10.238361358284045,0.39706402619297043,"bootstrap over current coarse marker-based annotations; top frustration source is a computational stability result, not an independently validated biological conclusion"
73,Myeloid,0.8382395873467535,1,True,19.61898528454792,1.0598051075555222,0.39333616811667355,"bootstrap over current coarse marker-based annotations; top frustration source is a computational stability result, not an independently validated biological conclusion"
73,Unknown,0.04489805755828211,2,False,1.0508383806220076,0.00866287846464742,0.4490194238154687,"bootstrap over current coarse marker-based annotations; top frustration source is a computational stability result, not an independently validated biological conclusion"
73,T/NK,0.03790820335881846,3,False,0.8872409452939086,3.2199924530972464,0.2014324566927301,"bootstrap over current coarse marker-based annotations; top frustration source is a computational stability result, not an independently validated biological conclusion"
73,Tumor/Epithelial,0.034674054775473494,4,False,0.8115457449926148,3.871949205648754,0.2638322061530968,"bootstrap over current coarse marker-based annotations; top frustration source is a computational stability result, not an independently validated biological conclusion"
73,CAF/Fibroblast,0.029333120118440564,5,False,0.6865412474434966,2.351818741926628,0.21598556299276825,"bootstrap over current coarse marker-based annotations; top frustration source is a computational stability result, not an independently validated biological conclusion"
73,Endothelial,0.013066344360776833,6,False,0.30581759869910924,2.690121807990928,0.1382475818572845,"bootstrap over current coarse marker-based annotations; top frustration source is a computational stability result, not an independently validated biological conclusion"
73,B/Plasma,0.0018806324814549082,7,False,0.04401617572857952,10.202635182643913,0.33814660037197836,"bootstrap over current coarse marker-based annotations; top frustration source is a computational stability result, not an independently validated biological conclusion"
74,Myeloid,0.8521266526079563,1,True,24.887311875101265,1.333668112342847,0.4333226198921761,"bootstrap over current coarse marker-based annotations; top frustration source is a computational stability result, not an independently validated biological conclusion"
74,Unknown,0.03694753394344752,2,False,1.0790940495197967,5.196686537668942,0.4352485999003776,"bootstrap over current coarse marker-based annotations; top frustration source is a computational stability result, not an independently validated biological conclusion"
74,T/NK,0.034735914785325256,3,False,1.0145012386170014,3.6588813139422305,0.23546453975383588,"bootstrap over current coarse marker-based annotations; top frustration source is a computational stability result, not an independently validated biological conclusion"
74,Tumor/Epithelial,0.03252968822099623,4,False,0.9500659244468072,3.876533298049534,0.2773854785513834,"bootstrap over current coarse marker-based annotations; top frustration source is a computational stability result, not an independently validated biological conclusion"
74,CAF/Fibroblast,0.024717277149050598,5,False,0.7218957219904619,2.336127952659995,0.14980244158073816,"bootstrap over current coarse marker-based annotations; top frustration source is a computational stability result, not an independently validated biological conclusion"
74,Endothelial,0.015844245045347833,6,False,0.46274889614386616,2.451198278407474,0.1253075776215109,"bootstrap over current coarse marker-based annotations; top frustration source is a computational stability result, not an independently validated biological conclusion"
74,B/Plasma,0.0030986882478762873,7,False,0.09050065573302572,10.353022868481203,0.34346874269997807,"bootstrap over current coarse marker-based annotations; top frustration source is a computational stability result, not an independently validated biological conclusion"
75,Myeloid,0.8536025332438869,1,True,33.180846862125605,2.2440975675129597,0.39866380641478255,"bootstrap over current coarse marker-based annotations; top frustration source is a computational stability result, not an independently validated biological conclusion"
75,Unknown,0.04775852614643006,2,False,1.8564475627824248,3.346670318629314,0.41086345194467533,"bootstrap over current coarse marker-based annotations; top frustration source is a computational stability result, not an independently validated biological conclusion"
75,Tumor/Epithelial,0.025669675406633265,3,False,0.9978198699002865,5.969622127602845,0.2995228276075227,"bootstrap over current coarse marker-based annotations; top frustration source is a computational stability result, not an independently validated biological conclusion"
75,T/NK,0.02335349474580867,4,False,0.9077863556840398,6.08873843359932,0.33032365303777966,"bootstrap over current coarse marker-based annotations; top frustration source is a computational stability result, not an independently validated biological conclusion"
75,CAF/Fibroblast,0.019312893951039863,5,False,0.7507219715230559,3.7036423281477706,0.11211065501697041,"bootstrap over current coarse marker-based annotations; top frustration source is a computational stability result, not an independently validated biological conclusion"
75,B/Plasma,0.016810322438592637,6,False,0.6534431574590114,11.92570960511239,0.2773100542121679,"bootstrap over current coarse marker-based annotations; top frustration source is a computational stability result, not an independently validated biological conclusion"
75,Endothelial,0.013492554067608633,7,False,0.5244763843365482,5.593061783206374,0.17120555176610122,"bootstrap over current coarse marker-based annotations; top frustration source is a computational stability result, not an independently validated biological conclusion"
76,Myeloid,0.8440645760577732,1,True,23.700760813183454,1.6717076805613063,0.45282272229753634,"bootstrap over current coarse marker-based annotations; top frustration source is a computational stability result, not an independently validated biological conclusion"
76,Unknown,0.04258108628254484,2,False,1.1956480224079986,0.19024247955535975,0.3246616267679741,"bootstrap over current coarse marker-based annotations; top frustration source is a computational stability result, not an independently validated biological conclusion"
76,Tumor/Epithelial,0.03627303057805081,3,False,1.0185220966326025,4.584294742031495,0.3323898307112874,"bootstrap over current coarse marker-based annotations; top frustration source is a computational stability result, not an independently validated biological conclusion"
76,T/NK,0.030948776384550184,4,False,0.8690206500275145,5.215560411617016,0.23394095543750235,"bootstrap over current coarse marker-based annotations; top frustration source is a computational stability result, not an independently validated biological conclusion"
76,CAF/Fibroblast,0.02607011780605184,5,False,0.7320312260687243,2.756031402874981,0.19317151280104403,"bootstrap over current coarse marker-based annotations; top frustration source is a computational stability result, not an independently validated biological conclusion"
76,Endothelial,0.013999785976691098,6,False,0.39310449494163435,2.787271556701655,0.12766524924476552,"bootstrap over current coarse marker-based annotations; top frustration source is a computational stability result, not an independently validated biological conclusion"
76,B/Plasma,0.00606262691433809,7,False,0.17023445180864993,10.87421348172877,0.3353481027398902,"bootstrap over current coarse marker-based annotations; top frustration source is a computational stability result, not an independently validated biological conclusion"
77,Myeloid,0.8895364893632257,1,True,20.224358131465475,1.562836837143751,0.28571942864678057,"bootstrap over current coarse marker-based annotations; top frustration source is a computational stability result, not an independently validated biological conclusion"
77,Tumor/Epithelial,0.04459549224800711,2,False,1.0139159180736068,3.2240601943336498,0.3159065282395168,"bootstrap over current coarse marker-based annotations; top frustration source is a computational stability result, not an independently validated biological conclusion"
77,CAF/Fibroblast,0.02662731229812206,3,False,0.6053942771713559,2.149681859362757,0.2456242626399269,"bootstrap over current coarse marker-based annotations; top frustration source is a computational stability result, not an independently validated biological conclusion"
77,Endothelial,0.01714154231192355,4,False,0.38972734091007205,2.250492865838282,0.13281370962383443,"bootstrap over current coarse marker-based annotations; top frustration source is a computational stability result, not an independently validated biological conclusion"
77,T/NK,0.016330944348741615,5,False,0.3712977163763293,3.431529824894004,0.1932965686996856,"bootstrap over current coarse marker-based annotations; top frustration source is a computational stability result, not an independently validated biological conclusion"
77,B/Plasma,0.005768219429979756,6,False,0.13114530649135955,7.20427364052228,0.45463271662602217,"bootstrap over current coarse marker-based annotations; top frustration source is a computational stability result, not an independently validated biological conclusion"
77,Unknown,0.0,7,False,0.0,2.912963468393476,0.3720067855242334,"bootstrap over current coarse marker-based annotations; top frustration source is a computational stability result, not an independently validated biological conclusion"
78,Myeloid,0.8481016581197064,1,True,23.82554417144782,1.3291961849047662,0.33095034786539074,"bootstrap over current coarse marker-based annotations; top frustration source is a computational stability result, not an independently validated biological conclusion"
78,Unknown,0.043256166023530086,2,False,1.2151865102657669,1.5307597155536945,0.402262475881338,"bootstrap over current coarse marker-based annotations; top frustration source is a computational stability result, not an independently validated biological conclusion"
78,T/NK,0.03219045029894052,3,False,0.9043196510151738,3.916816671650849,0.3052753111904803,"bootstrap over current coarse marker-based annotations; top frustration source is a computational stability result, not an independently validated biological conclusion"
78,Tumor/Epithelial,0.03208214039736464,4,False,0.9012769233899001,3.7785458474702254,0.3001499219070591,"bootstrap over current coarse marker-based annotations; top frustration source is a computational stability result, not an independently validated biological conclusion"
78,CAF/Fibroblast,0.024097566350604366,5,False,0.6769679389421517,2.389666706590347,0.17801137540344691,"bootstrap over current coarse marker-based annotations; top frustration source is a computational stability result, not an independently validated biological conclusion"
78,Endothelial,0.014305334521449595,6,False,0.4018767989250028,2.6035059807858127,0.10040926604107682,"bootstrap over current coarse marker-based annotations; top frustration source is a computational stability result, not an independently validated biological conclusion"
78,B/Plasma,0.005966684288404348,7,False,0.16762082553362515,12.544301712563747,0.38294130171120827,"bootstrap over current coarse marker-based annotations; top frustration source is a computational stability result, not an independently validated biological conclusion"
79,Myeloid,0.8231809946144644,1,True,25.069638397815304,1.6367637821360237,0.4482440999868591,"bootstrap over current coarse marker-based annotations; top frustration source is a computational stability result, not an independently validated biological conclusion"
79,Unknown,0.052033518415952495,2,False,1.5846593881397069,4.970156288254137,0.41997052209772595,"bootstrap over current coarse marker-based annotations; top frustration source is a computational stability result, not an independently validated biological conclusion"
79,T/NK,0.04457239316711231,3,False,1.3574338894304752,4.303120701434538,0.3064446186593261,"bootstrap over current coarse marker-based annotations; top frustration source is a computational stability result, not an independently validated biological conclusion"
79,Tumor/Epithelial,0.033709239086995045,4,False,1.0266010028235149,3.8431910045500732,0.25212805908225966,"bootstrap over current coarse marker-based annotations; top frustration source is a computational stability result, not an independently validated biological conclusion"
79,CAF/Fibroblast,0.02514384922180927,5,False,0.76574557970106,2.350018971940667,0.10709165234876616,"bootstrap over current coarse marker-based annotations; top frustration source is a computational stability result, not an independently validated biological conclusion"
79,Endothelial,0.0149355229459114,6,False,0.45485520436685356,2.646832226236868,0.15232249091765193,"bootstrap over current coarse marker-based annotations; top frustration source is a computational stability result, not an independently validated biological conclusion"
79,B/Plasma,0.006424482547755007,7,False,0.19565497189439507,10.704505459618998,0.31379855690741076,"bootstrap over current coarse marker-based annotations; top frustration source is a computational stability result, not an independently validated biological conclusion"
80,Myeloid,0.9403543023843448,1,True,43.78932984268499,1.4783330995141186,0.3482203042470628,"bootstrap over current coarse marker-based annotations; top frustration source is a computational stability result, not an independently validated biological conclusion"
80,Unknown,0.026622678627479482,2,False,1.2397340584910876,2.1248233934218868,0.4673089126184219,"bootstrap over current coarse marker-based annotations; top frustration source is a computational stability result, not an independently validated biological conclusion"
80,B/Plasma,0.011293299784751422,3,False,0.5258933021658884,11.478070655311477,0.2753220746278159,"bootstrap over current coarse marker-based annotations; top frustration source is a computational stability result, not an independently validated biological conclusion"
80,Tumor/Epithelial,0.00800721175317157,4,False,0.3728705613307685,8.940079939301768,0.28414633857847155,"bootstrap over current coarse marker-based annotations; top frustration source is a computational stability result, not an independently validated biological conclusion"
80,CAF/Fibroblast,0.005769364410806947,5,False,0.2686610786241874,5.339291916473463,0.17326380888910922,"bootstrap over current coarse marker-based annotations; top frustration source is a computational stability result, not an independently validated biological conclusion"
80,Endothelial,0.004548941855008429,6,False,0.21182985478886418,6.692361668634579,0.22435393714511143,"bootstrap over current coarse marker-based annotations; top frustration source is a computational stability result, not an independently validated biological conclusion"
80,T/NK,0.003404201184437242,7,False,0.15852289731456332,10.513880922743057,0.22738462389400713,"bootstrap over current coarse marker-based annotations; top frustration source is a computational stability result, not an independently validated biological conclusion"
81,Myeloid,0.8781504382967757,1,True,34.95951291534423,1.8247108540084052,0.3666524271144253,"bootstrap over current coarse marker-based annotations; top frustration source is a computational stability result, not an independently validated biological conclusion"
81,Unknown,0.04779064048032307,2,False,1.9025641168555587,2.7130392465265047,0.36745414342508875,"bootstrap over current coarse marker-based annotations; top frustration source is a computational stability result, not an independently validated biological conclusion"
81,Tumor/Epithelial,0.020604322688123292,3,False,0.8202661568152987,6.913343431899521,0.3572018225797048,"bootstrap over current coarse marker-based annotations; top frustration source is a computational stability result, not an independently validated biological conclusion"
81,CAF/Fibroblast,0.01631328878049773,4,False,0.6494384161780865,4.12994388127262,0.21308626740876513,"bootstrap over current coarse marker-based annotations; top frustration source is a computational stability result, not an independently validated biological conclusion"
81,B/Plasma,0.01390735475186769,5,False,0.5536572401070536,10.961679819829799,0.34058279378733375,"bootstrap over current coarse marker-based annotations; top frustration source is a computational stability result, not an independently validated biological conclusion"
81,T/NK,0.013266261475821625,6,False,0.5281350656749111,8.663160280681193,0.18927902505903754,"bootstrap over current coarse marker-based annotations; top frustration source is a computational stability result, not an independently validated biological conclusion"
81,Endothelial,0.009967693526590774,7,False,0.39681778358490927,4.604514180342004,0.16574352062564487,"bootstrap over current coarse marker-based annotations; top frustration source is a computational stability result, not an independently validated biological conclusion"
82,Myeloid,0.8715647824882804,1,True,24.525313961943674,1.2293210788250066,0.3096024752785319,"bootstrap over current coarse marker-based annotations; top frustration source is a computational stability result, not an independently validated biological conclusion"
82,Unknown,0.04090490923220139,2,False,1.1510397868996471,1.0448315653592342,0.4441757818520299,"bootstrap over current coarse marker-based annotations; top frustration source is a computational stability result, not an independently validated biological conclusion"
82,Tumor/Epithelial,0.029202332261556514,3,False,0.8217362398363091,4.154482280597278,0.31399008399999034,"bootstrap over current coarse marker-based annotations; top frustration source is a computational stability result, not an independently validated biological conclusion"
82,CAF/Fibroblast,0.023902198513951957,4,False,0.6725936324110914,2.4248637755832485,0.19749659362257838,"bootstrap over current coarse marker-based annotations; top frustration source is a computational stability result, not an independently validated biological conclusion"
82,T/NK,0.02080305426301083,5,False,0.5853855587316045,4.271561992727621,0.18238541967007504,"bootstrap over current coarse marker-based annotations; top frustration source is a computational stability result, not an independently validated biological conclusion"
82,Endothelial,0.011403895170718877,6,False,0.32089881907858586,3.300754452811032,0.16978862912755072,"bootstrap over current coarse marker-based annotations; top frustration source is a computational stability result, not an independently validated biological conclusion"
82,B/Plasma,0.002218828070280014,7,False,0.06243650058442179,11.713589353581915,0.382561016449244,"bootstrap over current coarse marker-based annotations; top frustration source is a computational stability result, not an independently validated biological conclusion"
83,Myeloid,0.9217623090741717,1,True,45.992819388548554,1.8251152665665829,0.47181429843955713,"bootstrap over current coarse marker-based annotations; top frustration source is a computational stability result, not an independently validated biological conclusion"
83,Unknown,0.04132363773481863,2,False,2.061909657300153,9.532840055942998,0.48539745950146407,"bootstrap over current coarse marker-based annotations; top frustration source is a computational stability result, not an independently validated biological conclusion"
83,B/Plasma,0.01068219407893146,3,False,0.5330053291495384,12.98445998498502,0.17867800336594297,"bootstrap over current coarse marker-based annotations; top frustration source is a computational stability result, not an independently validated biological conclusion"
83,Tumor/Epithelial,0.010483651861792934,4,False,0.5230987445084002,7.3150000546783085,0.3202826944928748,"bootstrap over current coarse marker-based annotations; top frustration source is a computational stability result, not an independently validated biological conclusion"
83,CAF/Fibroblast,0.006773546331669533,5,False,0.3379770359295241,4.414606409802902,0.14815140221670675,"bootstrap over current coarse marker-based annotations; top frustration source is a computational stability result, not an independently validated biological conclusion"
83,Endothelial,0.004579474607173586,6,False,0.2285002830216947,5.471837127717664,0.18862805523893533,"bootstrap over current coarse marker-based annotations; top frustration source is a computational stability result, not an independently validated biological conclusion"
83,T/NK,0.0043951863114422346,7,False,0.21930492081437167,8.352756459578758,0.2070480867445191,"bootstrap over current coarse marker-based annotations; top frustration source is a computational stability result, not an independently validated biological conclusion"
84,Myeloid,0.8693032504039577,1,True,26.815653077959865,1.8256615768799849,0.5380877455492497,"bootstrap over current coarse marker-based annotations; top frustration source is a computational stability result, not an independently validated biological conclusion"
84,Unknown,0.036705927123049195,2,False,1.1322785313170887,2.8077047194323286,0.3161399324438435,"bootstrap over current coarse marker-based annotations; top frustration source is a computational stability result, not an independently validated biological conclusion"
84,Tumor/Epithelial,0.033990842780416586,3,False,1.04852552593536,4.818795435702609,0.3368934417085951,"bootstrap over current coarse marker-based annotations; top frustration source is a computational stability result, not an independently validated biological conclusion"
84,CAF/Fibroblast,0.024417485461271045,4,False,0.7532133566293544,3.10229412602282,0.1384164441127076,"bootstrap over current coarse marker-based annotations; top frustration source is a computational stability result, not an independently validated biological conclusion"
84,T/NK,0.016961356973261264,5,False,0.5232119678777848,4.739131154603996,0.10483803321156734,"bootstrap over current coarse marker-based annotations; top frustration source is a computational stability result, not an independently validated biological conclusion"
84,Endothelial,0.015300633732917908,6,False,0.47198314956742127,3.239175018285685,0.12661921612619367,"bootstrap over current coarse marker-based annotations; top frustration source is a computational stability result, not an independently validated biological conclusion"
84,B/Plasma,0.003320503525126012,7,False,0.10242854899316794,10.314532127352619,0.439005186847843,"bootstrap over current coarse marker-based annotations; top frustration source is a computational stability result, not an independently validated biological conclusion"
85,Myeloid,0.8792013542103169,1,True,29.09461421586306,1.4673573844837393,0.46437080099276046,"bootstrap over current coarse marker-based annotations; top frustration source is a computational stability result, not an independently validated biological conclusion"
85,Unknown,0.03573021668596738,2,False,1.1823877037372466,4.7656896008850405,0.4261938992125992,"bootstrap over current coarse marker-based annotations; top frustration source is a computational stability result, not an independently validated biological conclusion"
85,Tumor/Epithelial,0.029868998164577908,3,False,0.9884277070902158,4.513556452534171,0.31572576001690966,"bootstrap over current coarse marker-based annotations; top frustration source is a computational stability result, not an independently validated biological conclusion"
85,CAF/Fibroblast,0.020594767278995015,4,False,0.6815239830766955,2.82192561444323,0.16484265367168643,"bootstrap over current coarse marker-based annotations; top frustration source is a computational stability result, not an independently validated biological conclusion"
85,T/NK,0.019865115381051384,5,False,0.6573782735860525,4.82020972192581,0.16895852125095842,"bootstrap over current coarse marker-based annotations; top frustration source is a computational stability result, not an independently validated biological conclusion"
85,Endothelial,0.012353126707184995,6,False,0.40879083520979953,3.0136259404932444,0.12087766553028977,"bootstrap over current coarse marker-based annotations; top frustration source is a computational stability result, not an independently validated biological conclusion"
85,B/Plasma,0.0023864215719065027,7,False,0.07897168795127234,11.68972969174911,0.3390306993247963,"bootstrap over current coarse marker-based annotations; top frustration source is a computational stability result, not an independently validated biological conclusion"
86,Myeloid,0.8555218391185143,1,True,26.002551667253424,1.6580006630368422,0.5540129443610161,"bootstrap over current coarse marker-based annotations; top frustration source is a computational stability result, not an independently validated biological conclusion"
86,Unknown,0.049038857205803525,2,False,1.4904767592032517,0.020153804314428887,0.37265838713621335,"bootstrap over current coarse marker-based annotations; top frustration source is a computational stability result, not an independently validated biological conclusion"
86,Tumor/Epithelial,0.030408071903688508,3,False,0.9242165712472066,5.166265740937218,0.23006076173310094,"bootstrap over current coarse marker-based annotations; top frustration source is a computational stability result, not an independently validated biological conclusion"
86,T/NK,0.026292145334102967,4,False,0.7991179607961375,5.903986687201957,0.1259829847756491,"bootstrap over current coarse marker-based annotations; top frustration source is a computational stability result, not an independently validated biological conclusion"
86,CAF/Fibroblast,0.02374628490021772,5,False,0.7217396117665846,3.276021786091812,0.2061884589732336,"bootstrap over current coarse marker-based annotations; top frustration source is a computational stability result, not an independently validated biological conclusion"
86,Endothelial,0.013018540113754869,6,False,0.39568278267321727,3.787692926960479,0.19892476631521297,"bootstrap over current coarse marker-based annotations; top frustration source is a computational stability result, not an independently validated biological conclusion"
86,B/Plasma,0.0019742614239178623,7,False,0.06000528838981286,10.581669032786898,0.3121716967055738,"bootstrap over current coarse marker-based annotations; top frustration source is a computational stability result, not an independently validated biological conclusion"
87,Myeloid,0.8796782425655708,1,True,33.03699104054318,1.7591324849489904,0.468336682492988,"bootstrap over current coarse marker-based annotations; top frustration source is a computational stability result, not an independently validated biological conclusion"
87,Unknown,0.04006645217649963,2,False,1.5047263391679304,6.652341533419346,0.42487596160651186,"bootstrap over current coarse marker-based annotations; top frustration source is a computational stability result, not an independently validated biological conclusion"
87,Tumor/Epithelial,0.027504072618443055,3,False,1.0329365405513273,5.231621906957061,0.2708763579022885,"bootstrap over current coarse marker-based annotations; top frustration source is a computational stability result, not an independently validated biological conclusion"
87,T/NK,0.020841718657544576,4,False,0.7827267280712558,5.738417449960374,0.184797598336729,"bootstrap over current coarse marker-based annotations; top frustration source is a computational stability result, not an independently validated biological conclusion"
87,CAF/Fibroblast,0.019082001337040244,5,False,0.7166391945409981,3.29872408222259,0.13305666979775235,"bootstrap over current coarse marker-based annotations; top frustration source is a computational stability result, not an independently validated biological conclusion"
87,Endothelial,0.010566010820272724,6,False,0.39681463961820423,3.1973889850718207,0.15982711037812478,"bootstrap over current coarse marker-based annotations; top frustration source is a computational stability result, not an independently validated biological conclusion"
87,B/Plasma,0.0022615018246288014,7,False,0.08493243541017177,11.678140475322879,0.358229619485606,"bootstrap over current coarse marker-based annotations; top frustration source is a computational stability result, not an independently validated biological conclusion"
88,Myeloid,0.8745241136854712,1,True,27.257222576677066,1.6174009794510924,0.5019043626751364,"bootstrap over current coarse marker-based annotations; top frustration source is a computational stability result, not an independently validated biological conclusion"
88,Unknown,0.044628341652743264,2,False,1.3909789594370339,0.006479771549964661,0.4513778318572206,"bootstrap over current coarse marker-based annotations; top frustration source is a computational stability result, not an independently validated biological conclusion"
88,Tumor/Epithelial,0.026518826122290777,3,False,0.8265404404245489,5.14133311096971,0.2725849141279817,"bootstrap over current coarse marker-based annotations; top frustration source is a computational stability result, not an independently validated biological conclusion"
88,CAF/Fibroblast,0.019766501789341813,4,False,0.616083570942163,3.122620308964883,0.19706972420385613,"bootstrap over current coarse marker-based annotations; top frustration source is a computational stability result, not an independently validated biological conclusion"
88,T/NK,0.01612387881454624,5,False,0.5025500689687343,4.664322201353843,0.19511772331516258,"bootstrap over current coarse marker-based annotations; top frustration source is a computational stability result, not an independently validated biological conclusion"
88,Endothelial,0.011758932273225402,6,False,0.3665031406448465,4.207139658456913,0.1614742788612205,"bootstrap over current coarse marker-based annotations; top frustration source is a computational stability result, not an independently validated biological conclusion"
88,B/Plasma,0.006679405662381336,7,False,0.20818413577206982,12.408766862120052,0.22047116495942182,"bootstrap over current coarse marker-based annotations; top frustration source is a computational stability result, not an independently validated biological conclusion"
89,Myeloid,0.8807457305607419,1,True,35.382652095311585,1.8501628573146915,0.4082848094107103,"bootstrap over current coarse marker-based annotations; top frustration source is a computational stability result, not an independently validated biological conclusion"
89,Unknown,0.03501654985545916,2,False,1.4067379018970978,5.093491017826001,0.432380448176588,"bootstrap over current coarse marker-based annotations; top frustration source is a computational stability result, not an independently validated biological conclusion"
89,Tumor/Epithelial,0.02796972200457791,3,False,1.1236420553074813,6.384522731537786,0.24259600794948238,"bootstrap over current coarse marker-based annotations; top frustration source is a computational stability result, not an independently validated biological conclusion"
89,T/NK,0.020741231346977602,4,False,0.833248175169969,6.4827387150316245,0.22168117467074946,"bootstrap over current coarse marker-based annotations; top frustration source is a computational stability result, not an independently validated biological conclusion"
89,CAF/Fibroblast,0.020722158532660455,5,False,0.8324819531718988,3.7598882148655877,0.15371165447116839,"bootstrap over current coarse marker-based annotations; top frustration source is a computational stability result, not an independently validated biological conclusion"
89,Endothelial,0.011592386330134511,6,False,0.46570690977117074,3.829479643526763,0.13906086946339888,"bootstrap over current coarse marker-based annotations; top frustration source is a computational stability result, not an independently validated biological conclusion"
89,B/Plasma,0.003212221369448699,7,False,0.12904622438074953,12.773232134907493,0.402285035857903,"bootstrap over current coarse marker-based annotations; top frustration source is a computational stability result, not an independently validated biological conclusion"
90,Myeloid,0.8946401200572058,1,True,33.93877379433225,1.2892468760406295,0.3102080960679002,"bootstrap over current coarse marker-based annotations; top frustration source is a computational stability result, not an independently validated biological conclusion"
90,Unknown,0.03249635552068091,2,False,1.232771071216958,0.021693334253252337,0.5029862578196529,"bootstrap over current coarse marker-based annotations; top frustration source is a computational stability result, not an independently validated biological conclusion"
90,Tumor/Epithelial,0.020235790858418878,3,False,0.7676583165635139,6.959570647136205,0.2702847977098503,"bootstrap over current coarse marker-based annotations; top frustration source is a computational stability result, not an independently validated biological conclusion"
90,CAF/Fibroblast,0.01956639186511796,4,False,0.742264216184536,4.208658064160043,0.24120064437589098,"bootstrap over current coarse marker-based annotations; top frustration source is a computational stability result, not an independently validated biological conclusion"
90,T/NK,0.017926046528757317,5,False,0.6800366141943951,7.361645174074757,0.2217660719834225,"bootstrap over current coarse marker-based annotations; top frustration source is a computational stability result, not an independently validated biological conclusion"
90,Endothelial,0.008741429485681964,6,False,0.3316119982800415,5.485165310035594,0.14448444216605716,"bootstrap over current coarse marker-based annotations; top frustration source is a computational stability result, not an independently validated biological conclusion"
90,B/Plasma,0.006393865684137001,7,False,0.2425555888454829,12.609692193916702,0.30906968987722605,"bootstrap over current coarse marker-based annotations; top frustration source is a computational stability result, not an independently validated biological conclusion"
91,Myeloid,0.8913567638944544,1,True,40.20747228213798,2.0543881906283072,0.3285008753630364,"bootstrap over current coarse marker-based annotations; top frustration source is a computational stability result, not an independently validated biological conclusion"
91,Unknown,0.0414438068333148,2,False,1.8694542769118403,2.9467871143931545,0.30660693318233395,"bootstrap over current coarse marker-based annotations; top frustration source is a computational stability result, not an independently validated biological conclusion"
91,B/Plasma,0.019940816349458306,3,False,0.8994937303790812,11.94231543806706,0.3098154546620797,"bootstrap over current coarse marker-based annotations; top frustration source is a computational stability result, not an independently validated biological conclusion"
91,Tumor/Epithelial,0.015635403959523488,4,False,0.7052844571189125,8.011956139120565,0.30499221524544473,"bootstrap over current coarse marker-based annotations; top frustration source is a computational stability result, not an independently validated biological conclusion"
91,T/NK,0.013423746903183395,5,False,0.6055206550225852,8.347201972970025,0.3542528790287628,"bootstrap over current coarse marker-based annotations; top frustration source is a computational stability result, not an independently validated biological conclusion"
91,CAF/Fibroblast,0.011274622611733011,6,False,0.5085775915046507,5.233658099204355,0.19696126445082898,"bootstrap over current coarse marker-based annotations; top frustration source is a computational stability result, not an independently validated biological conclusion"
91,Endothelial,0.006924839448332338,7,False,0.3123668338596318,6.57186287255122,0.19887037806751354,"bootstrap over current coarse marker-based annotations; top frustration source is a computational stability result, not an independently validated biological conclusion"
92,Myeloid,0.8565295394768901,1,True,33.2218724650057,2.086745564338831,0.48331325784127593,"bootstrap over current coarse marker-based annotations; top frustration source is a computational stability result, not an independently validated biological conclusion"
92,Unknown,0.048160201138328425,2,False,1.867970672772971,3.6847247116158197,0.32475384168909155,"bootstrap over current coarse marker-based annotations; top frustration source is a computational stability result, not an independently validated biological conclusion"
92,Tumor/Epithelial,0.02994421585628342,3,False,1.1614344565975006,6.200877960867893,0.32976612539520106,"bootstrap over current coarse marker-based annotations; top frustration source is a computational stability result, not an independently validated biological conclusion"
92,T/NK,0.024787123072443715,4,False,0.9614083385729436,6.233639834086647,0.16271900243963414,"bootstrap over current coarse marker-based annotations; top frustration source is a computational stability result, not an independently validated biological conclusion"
92,CAF/Fibroblast,0.021814085168511264,5,False,0.8460942933172555,3.7493187295592643,0.17075169354015202,"bootstrap over current coarse marker-based annotations; top frustration source is a computational stability result, not an independently validated biological conclusion"
92,Endothelial,0.013022852921413699,6,False,0.5051122453406126,4.686708235069132,0.13740358034783726,"bootstrap over current coarse marker-based annotations; top frustration source is a computational stability result, not an independently validated biological conclusion"
92,B/Plasma,0.005741982366129503,7,False,0.22271199891175836,12.144589434981155,0.3912924987468083,"bootstrap over current coarse marker-based annotations; top frustration source is a computational stability result, not an independently validated biological conclusion"
93,Myeloid,0.8833910046526263,1,True,26.73362074321753,1.6163323471752913,0.4934217316872845,"bootstrap over current coarse marker-based annotations; top frustration source is a computational stability result, not an independently validated biological conclusion"
93,Unknown,0.03855445233341143,2,False,1.1667541340305803,6.2832007896151065,0.44405944552531124,"bootstrap over current coarse marker-based annotations; top frustration source is a computational stability result, not an independently validated biological conclusion"
93,Tumor/Epithelial,0.02776666701416123,3,False,0.8402887751292971,3.897930718154337,0.22481382278239812,"bootstrap over current coarse marker-based annotations; top frustration source is a computational stability result, not an independently validated biological conclusion"
93,CAF/Fibroblast,0.019021463323693866,4,False,0.5756370438440392,2.4765080294165767,0.11591923318776529,"bootstrap over current coarse marker-based annotations; top frustration source is a computational stability result, not an independently validated biological conclusion"
93,T/NK,0.017528662883160847,5,False,0.5304611697267669,4.146628587215073,0.2111058324198223,"bootstrap over current coarse marker-based annotations; top frustration source is a computational stability result, not an independently validated biological conclusion"
93,Endothelial,0.011678038136121456,6,False,0.35340663524037813,2.972182230414091,0.12717156814415786,"bootstrap over current coarse marker-based annotations; top frustration source is a computational stability result, not an independently validated biological conclusion"
93,B/Plasma,0.0020597116568245523,7,False,0.062332025098653,8.869717824296771,0.38350836625326057,"bootstrap over current coarse marker-based annotations; top frustration source is a computational stability result, not an independently validated biological conclusion"
94,Myeloid,0.8761529951167016,1,True,35.59940597346459,1.9581527399314083,0.4709685670028305,"bootstrap over current coarse marker-based annotations; top frustration source is a computational stability result, not an independently validated biological conclusion"
94,Unknown,0.05216424135707739,2,False,2.1195111078985,3.581402096643475,0.34174995303516875,"bootstrap over current coarse marker-based annotations; top frustration source is a computational stability result, not an independently validated biological conclusion"
94,Tumor/Epithelial,0.022414917492950003,3,False,0.9107516063298443,6.4543898600302105,0.3510177129081885,"bootstrap over current coarse marker-based annotations; top frustration source is a computational stability result, not an independently validated biological conclusion"
94,CAF/Fibroblast,0.015048980159899049,4,False,0.6114625609737276,3.8898323111108306,0.14879725501320035,"bootstrap over current coarse marker-based annotations; top frustration source is a computational stability result, not an independently validated biological conclusion"
94,T/NK,0.013885128821205208,5,False,0.564173541213653,6.884418136135531,0.15897313774421162,"bootstrap over current coarse marker-based annotations; top frustration source is a computational stability result, not an independently validated biological conclusion"
94,Endothelial,0.010296497712496678,6,False,0.4183620945371478,5.720736623308184,0.19923007297408823,"bootstrap over current coarse marker-based annotations; top frustration source is a computational stability result, not an independently validated biological conclusion"
94,B/Plasma,0.010037239339670085,7,False,0.40782803927771866,12.142563156535541,0.32926330132231163,"bootstrap over current coarse marker-based annotations; top frustration source is a computational stability result, not an independently validated biological conclusion"
95,Myeloid,0.833788659393512,1,True,27.597644817372473,1.9655159865293397,0.486770437798399,"bootstrap over current coarse marker-based annotations; top frustration source is a computational stability result, not an independently validated biological conclusion"
95,Unknown,0.05592145703754161,2,False,1.8509492682649415,2.896566762377727,0.3394902943883706,"bootstrap over current coarse marker-based annotations; top frustration source is a computational stability result, not an independently validated biological conclusion"
95,Tumor/Epithelial,0.03832132648514287,3,False,1.2684009854929086,5.278098109480882,0.3203223091080544,"bootstrap over current coarse marker-based annotations; top frustration source is a computational stability result, not an independently validated biological conclusion"
95,T/NK,0.027242674588375346,4,False,0.9017077033790751,4.935782278538337,0.13309782694630387,"bootstrap over current coarse marker-based annotations; top frustration source is a computational stability result, not an independently validated biological conclusion"
95,CAF/Fibroblast,0.027092247127291132,5,False,0.896728691497574,3.1566200241249427,0.14301562282731684,"bootstrap over current coarse marker-based annotations; top frustration source is a computational stability result, not an independently validated biological conclusion"
95,Endothelial,0.014479438913249867,6,False,0.4792562333162155,3.8433234811942456,0.16418102746688584,"bootstrap over current coarse marker-based annotations; top frustration source is a computational stability result, not an independently validated biological conclusion"
95,B/Plasma,0.0031541964548871928,7,False,0.10440102832474375,11.02318208540246,0.41312248146466957,"bootstrap over current coarse marker-based annotations; top frustration source is a computational stability result, not an independently validated biological conclusion"
96,Myeloid,0.9017308006788854,1,True,40.625379647103706,1.9103020635478778,0.42574304553718695,"bootstrap over current coarse marker-based annotations; top frustration source is a computational stability result, not an independently validated biological conclusion"
96,Unknown,0.040992287604977785,2,False,1.8468119812495174,3.3706621515736983,0.33094887832148656,"bootstrap over current coarse marker-based annotations; top frustration source is a computational stability result, not an independently validated biological conclusion"
96,Tumor/Epithelial,0.016208769597706216,3,False,0.730248338000091,8.60167001584226,0.31931069346371244,"bootstrap over current coarse marker-based annotations; top frustration source is a computational stability result, not an independently validated biological conclusion"
96,B/Plasma,0.011246375834024895,4,False,0.5066792523525833,11.217037261231198,0.3830325841099763,"bootstrap over current coarse marker-based annotations; top frustration source is a computational stability result, not an independently validated biological conclusion"
96,T/NK,0.0111121093870378,5,False,0.5006301905055088,8.651889271552845,0.19974514252554115,"bootstrap over current coarse marker-based annotations; top frustration source is a computational stability result, not an independently validated biological conclusion"
96,CAF/Fibroblast,0.010902187338176486,6,False,0.491172641839246,5.194130656760389,0.19408940464407493,"bootstrap over current coarse marker-based annotations; top frustration source is a computational stability result, not an independently validated biological conclusion"
96,Endothelial,0.007807469559191431,7,False,0.35174734486895776,6.106977975411345,0.14713025139802166,"bootstrap over current coarse marker-based annotations; top frustration source is a computational stability result, not an independently validated biological conclusion"
97,Myeloid,0.8844197971435873,1,True,34.07231125852972,1.6918534187042609,0.3989218673198009,"bootstrap over current coarse marker-based annotations; top frustration source is a computational stability result, not an independently validated biological conclusion"
97,Unknown,0.036579471754364386,2,False,1.4092257447341523,2.3908258093899515,0.43569461129500253,"bootstrap over current coarse marker-based annotations; top frustration source is a computational stability result, not an independently validated biological conclusion"
97,T/NK,0.023316343613376155,3,False,0.8982631546371919,5.850269812179114,0.31631062024247136,"bootstrap over current coarse marker-based annotations; top frustration source is a computational stability result, not an independently validated biological conclusion"
97,Tumor/Epithelial,0.02257228873504478,4,False,0.8695984079978556,6.214877391046602,0.25287602666705056,"bootstrap over current coarse marker-based annotations; top frustration source is a computational stability result, not an independently validated biological conclusion"
97,CAF/Fibroblast,0.015579045142660558,5,False,0.6001833935940688,4.048973351862788,0.11307340419567594,"bootstrap over current coarse marker-based annotations; top frustration source is a computational stability result, not an independently validated biological conclusion"
97,Endothelial,0.010676529846968527,6,False,0.41131377800652613,4.305329997005928,0.1545188855916276,"bootstrap over current coarse marker-based annotations; top frustration source is a computational stability result, not an independently validated biological conclusion"
97,B/Plasma,0.0068565237639986246,7,False,0.2641478770522576,14.022913834363125,0.3286045846883713,"bootstrap over current coarse marker-based annotations; top frustration source is a computational stability result, not an independently validated biological conclusion"
98,Myeloid,0.8483903133486428,1,True,30.148015823509443,1.8138438473182577,0.3372649489444477,"bootstrap over current coarse marker-based annotations; top frustration source is a computational stability result, not an independently validated biological conclusion"
98,Unknown,0.05139361094593236,2,False,1.8263001965565,1.2595491595263042,0.3110626993972555,"bootstrap over current coarse marker-based annotations; top frustration source is a computational stability result, not an independently validated biological conclusion"
98,Tumor/Epithelial,0.027885229826981366,3,False,0.9909169598457634,5.657311521813765,0.37625799699765655,"bootstrap over current coarse marker-based annotations; top frustration source is a computational stability result, not an independently validated biological conclusion"
98,T/NK,0.022179613410762473,4,False,0.7881647462801727,6.1253396046128055,0.22638169466764166,"bootstrap over current coarse marker-based annotations; top frustration source is a computational stability result, not an independently validated biological conclusion"
98,CAF/Fibroblast,0.020740929818591772,5,False,0.7370403345331924,3.6458582773729167,0.21531121541131337,"bootstrap over current coarse marker-based annotations; top frustration source is a computational stability result, not an independently validated biological conclusion"
98,B/Plasma,0.015966356616365914,6,False,0.5673732530184886,13.434502394475397,0.31245903593410773,"bootstrap over current coarse marker-based annotations; top frustration source is a computational stability result, not an independently validated biological conclusion"
98,Endothelial,0.01344394603272334,7,False,0.4777380073154965,3.5991445159396065,0.22126240864757785,"bootstrap over current coarse marker-based annotations; top frustration source is a computational stability result, not an independently validated biological conclusion"
99,Myeloid,0.8794178537324376,1,True,25.940145644862817,1.4344883091728906,0.46822014143561547,"bootstrap over current coarse marker-based annotations; top frustration source is a computational stability result, not an independently validated biological conclusion"
99,Unknown,0.03240278350068634,2,False,0.9557833284136315,0.010313484753163288,0.45775559953313644,"bootstrap over current coarse marker-based annotations; top frustration source is a computational stability result, not an independently validated biological conclusion"
99,Tumor/Epithelial,0.026572700679378503,3,False,0.7838136590869607,4.765983803746486,0.24651903644440987,"bootstrap over current coarse marker-based annotations; top frustration source is a computational stability result, not an independently validated biological conclusion"
99,T/NK,0.0236399386165841,4,False,0.6973061192096075,4.6014784880163715,0.18242498380521963,"bootstrap over current coarse marker-based annotations; top frustration source is a computational stability result, not an independently validated biological conclusion"
99,CAF/Fibroblast,0.02143559036417833,5,False,0.6322845660574676,2.934832392757986,0.1665970154191736,"bootstrap over current coarse marker-based annotations; top frustration source is a computational stability result, not an independently validated biological conclusion"
99,Endothelial,0.01163131679405712,6,False,0.34308838557100535,3.716169969396072,0.17787986847117612,"bootstrap over current coarse marker-based annotations; top frustration source is a computational stability result, not an independently validated biological conclusion"
99,B/Plasma,0.0048998163126780115,7,False,0.14452964338226068,12.033684898740779,0.3006033548912689,"bootstrap over current coarse marker-based annotations; top frustration source is a computational stability result, not an independently validated biological conclusion"
100,Myeloid,0.8477397795061078,1,True,25.68148179826731,1.5359182642773095,0.3350321027756493,"bootstrap over current coarse marker-based annotations; top frustration source is a computational stability result, not an independently validated biological conclusion"
100,Unknown,0.05438557742057959,2,False,1.6475600772545904,0.5768183084593832,0.2796516256702561,"bootstrap over current coarse marker-based annotations; top frustration source is a computational stability result, not an independently validated biological conclusion"
100,Tumor/Epithelial,0.03463253176644004,3,False,1.049160079176556,4.6206006248770874,0.3829788574474776,"bootstrap over current coarse marker-based annotations; top frustration source is a computational stability result, not an independently validated biological conclusion"
100,CAF/Fibroblast,0.026750546036171698,4,False,0.8103827114517346,2.918274486737251,0.21503525058898,"bootstrap over current coarse marker-based annotations; top frustration source is a computational stability result, not an independently validated biological conclusion"
100,T/NK,0.020629647796784983,5,False,0.6249558381069008,4.747215765384299,0.13694693941911446,"bootstrap over current coarse marker-based annotations; top frustration source is a computational stability result, not an independently validated biological conclusion"
100,Endothelial,0.013600001085459522,6,False,0.4119992818269394,4.470994668723552,0.17782631113577327,"bootstrap over current coarse marker-based annotations; top frustration source is a computational stability result, not an independently validated biological conclusion"
100,B/Plasma,0.002261916388456428,7,False,0.06852263626603565,11.424240303891184,0.472528912962749,"bootstrap over current coarse marker-based annotations; top frustration source is a computational stability result, not an independently validated biological conclusion"
